date,ticker,event,yes_team,winner,close_bid,close_ask,close_mid,volume,open_interest,result,settled_ts
2025-04-16,KXMLBGAME-25APR16AZMIA-MIA,KXMLBGAME-25APR16AZMIA,Miami,Arizona,42,44,0.43,20.00,41.00,no,1744840697
2025-04-16,KXMLBGAME-25APR16LAATEX-LAA,KXMLBGAME-25APR16LAATEX,Los Angeles A,Texas,53,54,0.535,122.00,318.00,no,1744845134
2025-04-16,KXMLBGAME-25APR16KCNYY-NYY,KXMLBGAME-25APR16KCNYY,New York Y,New York Y,58,59,0.585,179.00,650.00,yes,1744841655
2025-04-16,KXMLBGAME-25APR16SEACIN-SEA,KXMLBGAME-25APR16SEACIN,Seattle,Seattle,49,52,0.505,185.00,448.00,yes,1744841174
2025-04-16,KXMLBGAME-25APR16DETMIL-MIL,KXMLBGAME-25APR16DETMIL,Milwaukee,Milwaukee,56,59,0.575,0.00,0.00,yes,1744822936
2025-04-16,KXMLBGAME-25APR16WSHPIT-WSH,KXMLBGAME-25APR16WSHPIT,Washington,Pittsburgh,47,49,0.48,9.00,37.00,no,1744839625
2025-04-16,KXMLBGAME-25APR16BOSTB-TB,KXMLBGAME-25APR16BOSTB,Tampa Bay,Boston,53,55,0.54,28.00,66.00,no,1744841467
2025-04-16,KXMLBGAME-25APR16CHCSD-SD,KXMLBGAME-25APR16CHCSD,San Diego,San Diego,50,54,0.52,782.00,1590.00,yes,1744831693
2025-04-16,KXMLBGAME-25APR16ATLTOR-ATL,KXMLBGAME-25APR16ATLTOR,Atlanta,Toronto,53,57,0.55,625.00,625.00,no,1744821246
2025-04-16,KXMLBGAME-25APR16HOUSTL-STL,KXMLBGAME-25APR16HOUSTL,St. Louis,St. Louis,48,52,0.5,0.00,0.00,yes,1744822935
2025-04-16,KXMLBGAME-25APR16SFPHI-SF,KXMLBGAME-25APR16SFPHI,San Francisco,San Francisco,40,44,0.42,14.00,316.00,yes,1744842789
2025-04-16,KXMLBGAME-25APR16CLEBAL-CLE,KXMLBGAME-25APR16CLEBAL,Cleveland,Baltimore,45,47,0.46,40.00,661.00,no,1744841175
2025-04-16,KXMLBGAME-25APR16ATHCWS-CWS,KXMLBGAME-25APR16ATHCWS,Chicago WS,A's,40,41,0.405,100.00,135.00,no,1744844654
2025-04-16,KXMLBGAME-25APR16NYMMIN-NYM,KXMLBGAME-25APR16NYMMIN,New York M,Minnesota,46,48,0.47,272.00,272.00,no,1744822936
2025-04-17,KXMLBGAME-25APR17LAATEX-LAA,KXMLBGAME-25APR17LAATEX,Los Angeles A,Texas,34,38,0.36,100.00,177.00,no,1744931052
2025-04-17,KXMLBGAME-25APR17SEACIN-SEA,KXMLBGAME-25APR17SEACIN,Seattle,Seattle,45,46,0.455,255.00,181.00,yes,1744908499
2025-04-17,KXMLBGAME-25APR17KCDET-KC,KXMLBGAME-25APR17KCDET,Kansas City,Detroit,42,43,0.425,434.00,1101.00,no,1744927578
2025-04-17,KXMLBGAME-25APR17CLEBAL-CLE,KXMLBGAME-25APR17CLEBAL,Cleveland,Baltimore,45,46,0.455,66.00,1482.00,no,1744926022
2025-04-17,KXMLBGAME-25APR17STLNYM-STL,KXMLBGAME-25APR17STLNYM,St. Louis,New York M,43,44,0.435,15.00,499.00,no,1744928534
2025-04-17,KXMLBGAME-25APR17NYYTB-TB,KXMLBGAME-25APR17NYYTB,Tampa Bay,New York Y,49,50,0.495,724.00,1278.00,no,1744929197
2025-04-17,KXMLBGAME-25APR17WSHPIT-WSH,KXMLBGAME-25APR17WSHPIT,Washington,Pittsburgh,43,45,0.44,3.00,4.00,no,1744904146
2025-04-17,KXMLBGAME-25APR17ATHCWS-CWS,KXMLBGAME-25APR17ATHCWS,Chicago WS,A's,44,45,0.445,0.00,298.00,no,1744911317
2025-04-17,KXMLBGAME-25APR17SFPHI-SF,KXMLBGAME-25APR17SFPHI,San Francisco,Philadelphia,34,36,0.35,2798.00,3040.00,no,1744919591
2025-04-17,KXMLBGAME-25APR17AZMIA-MIA,KXMLBGAME-25APR17AZMIA,Miami,Arizona,42,43,0.425,428.00,3014.00,no,1744906454
2025-04-17,KXMLBGAME-25APR16COLLAD-COL,KXMLBGAME-25APR16COLLAD,Colorado,Los Angeles D,26,28,0.27,3.00,11.00,no,1744854254
2025-04-18,KXMLBGAME-25APR18MINATL2-MIN,KXMLBGAME-25APR18MINATL2,Minnesota,Atlanta,42,43,0.425,0.00,42.00,no,1745018472
2025-04-18,KXMLBGAME-25APR18MIAPHI2-PHI,KXMLBGAME-25APR18MIAPHI2,Philadelphia,Philadelphia,83,87,0.85,648.00,6869.00,yes,1745018471
2025-04-18,KXMLBGAME-25APR18SEATOR2-TOR,KXMLBGAME-25APR18SEATOR2,Toronto,Toronto,52,53,0.525,3802.00,4100.00,yes,1745018477
2025-04-18,KXMLBGAME-25APR18CLEPIT2-PIT,KXMLBGAME-25APR18CLEPIT2,Pittsburgh,Cleveland,54,61,0.575,268.00,536.00,no,1745018479
2025-04-18,KXMLBGAME-25APR18CINBAL2-CIN,KXMLBGAME-25APR18CINBAL2,Cincinnati,Cincinnati,38,43,0.405,408.00,1067.00,yes,1745018473
2025-04-18,KXMLBGAME-25APR18KCDET2-KC,KXMLBGAME-25APR18KCDET2,Kansas City,Detroit,65,69,0.67,1855.00,4646.00,no,1745018473
2025-04-18,KXMLBGAME-25APR18ATHMIL2-ATH,KXMLBGAME-25APR18ATHMIL2,A's,Milwaukee,39,40,0.395,11.00,54.00,no,1745020228
2025-04-18,KXMLBGAME-25APR18CWSBOS2-CWS,KXMLBGAME-25APR18CWSBOS2,Chicago WS,Boston,33,34,0.335,0.00,139.00,no,1745014221
2025-04-18,KXMLBGAME-25APR18AZCHC2-CHC,KXMLBGAME-25APR18AZCHC2,Chicago C,Chicago C,50,52,0.51,2471.00,5501.00,yes,1744999939
2025-04-18,KXMLBGAME-25APR18NYYTB2-NYY,KXMLBGAME-25APR18NYYTB2,New York Y,New York Y,52,54,0.53,672.00,1518.00,yes,1745018475
2025-04-18,KXMLBGAME-25APR18LADTEX2-TEX,KXMLBGAME-25APR18LADTEX2,Texas,Los Angeles D,46,50,0.48,4913.00,5128.00,no,1745018476
2025-04-18,KXMLBGAME-25APR18SDHOU2-SD,KXMLBGAME-25APR18SDHOU2,San Diego,Houston,39,40,0.395,320.00,1667.00,no,1745018474
2025-04-18,KXMLBGAME-25APR18STLNYM2-STL,KXMLBGAME-25APR18STLNYM2,St. Louis,New York M,35,36,0.355,0.00,39.00,no,1745018478
2025-04-19,KXMLBGAME-25APR19LADTEX-LAD,KXMLBGAME-25APR19LADTEX,Los Angeles D,Texas,46,50,0.48,508.00,2007.00,no,1745090060
2025-04-19,KXMLBGAME-25APR19SEATOR-TOR,KXMLBGAME-25APR19SEATOR,Toronto,Seattle,46,49,0.475,614.00,972.00,no,1745091626
2025-04-19,KXMLBGAME-25APR19CINBAL-CIN,KXMLBGAME-25APR19CINBAL,Cincinnati,Baltimore,44,46,0.45,90.00,2671.00,no,1745093543
2025-04-19,KXMLBGAME-25APR19CWSBOS-CWS,KXMLBGAME-25APR19CWSBOS,Chicago WS,Boston,23,24,0.235,23.00,113.00,no,1745092585
2025-04-19,KXMLBGAME-25APR19STLNYM-STL,KXMLBGAME-25APR19STLNYM,St. Louis,New York M,35,37,0.36,0.00,522.00,no,1745090059
2025-04-19,KXMLBGAME-25APR19CLEPIT-PIT,KXMLBGAME-25APR19CLEPIT,Pittsburgh,Cleveland,62,63,0.625,332.00,960.00,no,1745091213
2025-04-19,KXMLBGAME-25APR19MIAPHI-PHI,KXMLBGAME-25APR19MIAPHI,Philadelphia,Philadelphia,67,69,0.68,2140.00,7197.00,yes,1745082026
2025-04-19,KXMLBGAME-25APR19AZCHC-CHC,KXMLBGAME-25APR19AZCHC,Chicago C,Chicago C,52,54,0.53,378.00,738.00,yes,1745084060
2025-04-19,KXMLBGAME-25APR19KCDET-KC,KXMLBGAME-25APR19KCDET,Kansas City,Detroit,46,47,0.465,0.00,1082.00,no,1745078657
2025-04-19,KXMLBGAME-25APR19WSHCOL-WSH,KXMLBGAME-25APR19WSHCOL,Washington,Washington,56,57,0.565,182.00,690.00,yes,1745092584
2025-04-19,KXMLBGAME-25APR19NYYTB-TB,KXMLBGAME-25APR19NYYTB,Tampa Bay,Tampa Bay,52,54,0.53,1048.00,1330.00,yes,1745093542
2025-04-20,KXMLBGAME-25APR20CWSBOS-CWS,KXMLBGAME-25APR20CWSBOS,Chicago WS,Chicago WS,22,24,0.23,0.00,133.00,yes,1745170700
2025-04-20,KXMLBGAME-25APR20AZCHC-CHC,KXMLBGAME-25APR20AZCHC,Chicago C,Arizona,25,73,0.49,67.00,1864.00,no,1745179344
2025-04-20,KXMLBGAME-25APR20SEATOR-SEA,KXMLBGAME-25APR20SEATOR,Seattle,Seattle,50,53,0.515,122.00,246.00,yes,1745170700
2025-04-20,KXMLBGAME-25APR20MIAPHI-PHI,KXMLBGAME-25APR20MIAPHI,Philadelphia,Miami,73,77,0.75,1686.00,4510.00,no,1745170698
2025-04-20,KXMLBGAME-25APR20STLNYM-STL,KXMLBGAME-25APR20STLNYM,St. Louis,New York M,42,43,0.425,0.00,173.00,no,1745170696
2025-04-20,KXMLBGAME-25APR20LADTEX-LAD,KXMLBGAME-25APR20LADTEX,Los Angeles D,Los Angeles D,56,62,0.59,358.00,790.00,yes,1745171791
2025-04-20,KXMLBGAME-25APR20CINBAL-CIN,KXMLBGAME-25APR20CINBAL,Cincinnati,Cincinnati,36,38,0.37,9.00,241.00,yes,1745169744
2025-04-20,KXMLBGAME-25APR20SFLAA-SF,KXMLBGAME-25APR20SFLAA,San Francisco,Los Angeles A,43,46,0.445,53.00,330.00,no,1745178383
2025-04-20,KXMLBGAME-25APR20WSHCOL-WSH,KXMLBGAME-25APR20WSHCOL,Washington,Washington,46,50,0.48,445.00,773.00,yes,1745172858
2025-04-20,KXMLBGAME-25APR20KCDET-KC,KXMLBGAME-25APR20KCDET,Kansas City,Kansas City,31,33,0.32,1186.00,1521.00,yes,1745170699
2025-04-20,KXMLBGAME-25APR20NYYTB-TB,KXMLBGAME-25APR20NYYTB,Tampa Bay,New York Y,39,41,0.4,15.00,15.00,no,1745168303
2025-04-20,KXMLBGAME-25APR20CLEPIT-PIT,KXMLBGAME-25APR20CLEPIT,Pittsburgh,Cleveland,49,53,0.51,879.00,976.00,no,1745170697
2025-04-20,KXMLBGAME-25APR20MINATL-MIN,KXMLBGAME-25APR20MINATL,Minnesota,Atlanta,46,52,0.49,502.00,494.00,no,1745167221
2025-04-20,KXMLBGAME-25APR20SDHOU-SD,KXMLBGAME-25APR20SDHOU,San Diego,San Diego,49,55,0.52,3770.00,7156.00,yes,1745190492
2025-04-20,KXMLBGAME-25APR20ATHMIL-MIL,KXMLBGAME-25APR20ATHMIL,Milwaukee,Milwaukee,92,97,0.945,1971.00,2427.00,yes,1745176818
2025-04-21,KXMLBGAME-25APR21STLATL-STL,KXMLBGAME-25APR21STLATL,St. Louis,Atlanta,35,36,0.355,0.00,532.00,no,1745273303
2025-04-21,KXMLBGAME-25APR21CWSBOS-CWS,KXMLBGAME-25APR21CWSBOS,Chicago WS,Boston,25,27,0.26,191.00,265.00,no,1745244258
2025-04-21,KXMLBGAME-25APR21PHINYM-PHI,KXMLBGAME-25APR21PHINYM,Philadelphia,New York M,42,43,0.425,998.00,1660.00,no,1745274814
2025-04-21,KXMLBGAME-25APR21SDDET-SD,KXMLBGAME-25APR21SDDET,San Diego,Detroit,43,44,0.435,432.00,5627.00,no,1745273302
2025-04-21,KXMLBGAME-25APR21NYYCLE-NYY,KXMLBGAME-25APR21NYYCLE,New York Y,Cleveland,55,56,0.555,1123.00,8061.00,no,1745271268
2025-04-21,KXMLBGAME-25APR21CINMIA-MIA,KXMLBGAME-25APR21CINMIA,Miami,Miami,47,49,0.48,210.00,3382.00,yes,1745272834
2025-04-21,KXMLBGAME-25APR21TORHOU-TOR,KXMLBGAME-25APR21TORHOU,Toronto,Houston,43,45,0.44,26.00,356.00,no,1745277269
2025-04-22,KXMLBGAME-25APR22LADCHC-LAD,KXMLBGAME-25APR22LADCHC,Los Angeles D,Chicago C,52,53,0.525,441.00,2797.00,no,1745365224
2025-04-22,KXMLBGAME-25APR22STLATL-STL,KXMLBGAME-25APR22STLATL,St. Louis,St. Louis,41,45,0.43,0.00,281.00,yes,1745362700
2025-04-22,KXMLBGAME-25APR22CINMIA-MIA,KXMLBGAME-25APR22CINMIA,Miami,Miami,47,49,0.48,39.00,291.00,yes,1745358742
2025-04-22,KXMLBGAME-25APR22NYYCLE-NYY,KXMLBGAME-25APR22NYYCLE,New York Y,Cleveland,51,52,0.515,3683.00,10085.00,no,1745356823
2025-04-22,KXMLBGAME-25APR22COLKC-COL,KXMLBGAME-25APR22COLKC,Colorado,Kansas City,29,31,0.3,0.00,224.00,no,1745364795
2025-04-22,KXMLBGAME-25APR22BALWSH-WSH,KXMLBGAME-25APR22BALWSH,Washington,Washington,44,45,0.445,186.00,1569.00,yes,1745358743
2025-04-22,KXMLBGAME-25APR22SEABOS-SEA,KXMLBGAME-25APR22SEABOS,Seattle,Boston,47,48,0.475,50.00,1444.00,no,1745361743
2025-04-22,KXMLBGAME-25APR22SDDET-SD,KXMLBGAME-25APR22SDDET,San Diego,San Diego,45,46,0.455,950.00,2308.00,yes,1745358257
2025-04-22,KXMLBGAME-25APR22TORHOU-TOR,KXMLBGAME-25APR22TORHOU,Toronto,Houston,52,53,0.525,420.00,824.00,no,1745363667
2025-04-22,KXMLBGAME-25APR22PHINYM-PHI,KXMLBGAME-25APR22PHINYM,Philadelphia,New York M,53,54,0.535,345.00,1168.00,no,1745362699
2025-04-22,KXMLBGAME-25APR22CWSMIN-MIN,KXMLBGAME-25APR22CWSMIN,Minnesota,Minnesota,69,70,0.695,109.00,356.00,yes,1745362699
2025-04-22,KXMLBGAME-25APR21MILSF-SF,KXMLBGAME-25APR21MILSF,San Francisco,San Francisco,56,57,0.565,161.00,939.00,yes,1745283387
2025-04-23,KXMLBGAME-25APR23TORHOU-TOR,KXMLBGAME-25APR23TORHOU,Toronto,Houston,48,49,0.485,56.00,214.00,no,1745448858
2025-04-23,KXMLBGAME-25APR23PHINYM-PHI,KXMLBGAME-25APR23PHINYM,Philadelphia,New York M,52,54,0.53,301.00,1394.00,no,1745427976
2025-04-23,KXMLBGAME-25APR23SDDET-SD,KXMLBGAME-25APR23SDDET,San Diego,Detroit,40,41,0.405,127.00,2321.00,no,1745424499
2025-04-23,KXMLBGAME-25APR23LADCHC-LAD,KXMLBGAME-25APR23LADCHC,Los Angeles D,Chicago C,45,47,0.46,5578.00,8285.00,no,1745447592
2025-04-23,KXMLBGAME-25APR23BALWSH-WSH,KXMLBGAME-25APR23BALWSH,Washington,Washington,43,44,0.435,836.00,1682.00,yes,1745445868
2025-04-23,KXMLBGAME-25APR23SEABOS-SEA,KXMLBGAME-25APR23SEABOS,Seattle,Seattle,44,45,0.445,1998.00,7074.00,yes,1745446940
2025-04-23,KXMLBGAME-25APR23NYYCLE-NYY,KXMLBGAME-25APR23NYYCLE,New York Y,New York Y,60,62,0.61,2015.00,3640.00,yes,1745426230
2025-04-23,KXMLBGAME-25APR23STLATL-STL,KXMLBGAME-25APR23STLATL,St. Louis,Atlanta,38,39,0.385,413.00,1106.00,no,1745421502
2025-04-23,KXMLBGAME-25APR23CINMIA-MIA,KXMLBGAME-25APR23CINMIA,Miami,Cincinnati,51,52,0.515,295.00,1094.00,no,1745425461
2025-04-23,KXMLBGAME-25APR23CWSMIN-MIN,KXMLBGAME-25APR23CWSMIN,Minnesota,Minnesota,70,72,0.71,75.00,1347.00,yes,1745450304
2025-04-23,KXMLBGAME-25APR22PITLAA-PIT,KXMLBGAME-25APR22PITLAA,Pittsburgh,Pittsburgh,36,38,0.37,390.00,1195.00,yes,1745371224
2025-04-23,KXMLBGAME-25APR22TEXATH-TEX,KXMLBGAME-25APR22TEXATH,Texas,Texas,47,49,0.48,9.00,1093.00,yes,1745372183
2025-04-23,KXMLBGAME-25APR22MILSF-SF,KXMLBGAME-25APR22MILSF,San Francisco,Milwaukee,56,58,0.57,141.00,1300.00,no,1745371224
2025-04-23,KXMLBGAME-25APR22TBAZ-TB,KXMLBGAME-25APR22TBAZ,Tampa Bay,Arizona,37,38,0.375,151.00,172.00,no,1745368708
2025-04-24,KXMLBGAME-25APR24CWSMIN-MIN,KXMLBGAME-25APR24CWSMIN,Minnesota,Chicago WS,67,69,0.68,8313.00,9059.00,no,1745516169
2025-04-24,KXMLBGAME-25APR24COLKCG1-COL,KXMLBGAME-25APR24COLKCG1,Colorado,Kansas City,27,29,0.28,335.00,3719.00,no,1745515218
2025-04-24,KXMLBGAME-25APR24BALWSH-BAL,KXMLBGAME-25APR24BALWSH,Baltimore,Baltimore,50,51,0.505,4548.00,3812.00,yes,1745531537
2025-04-24,KXMLBGAME-25APR24MILSF-MIL,KXMLBGAME-25APR24MILSF,Milwaukee,San Francisco,40,41,0.405,534.00,2819.00,no,1745522188
2025-04-24,KXMLBGAME-25APR24SEABOS-SEA,KXMLBGAME-25APR24SEABOS,Seattle,Seattle,35,36,0.355,2604.00,2840.00,yes,1745514736
2025-04-24,KXMLBGAME-25APR23COLKC-KC,KXMLBGAME-25APR23COLKC,Kansas City,Kansas City,64,67,0.655,2168.00,21117.00,yes,1745527586
2025-04-24,KXMLBGAME-25APR23MILSF-SF,KXMLBGAME-25APR23MILSF,San Francisco,San Francisco,56,57,0.565,126.00,951.00,yes,1745456309
2025-04-24,KXMLBGAME-25APR23TBAZ-TB,KXMLBGAME-25APR23TBAZ,Tampa Bay,Tampa Bay,39,40,0.395,0.00,65.00,yes,1745458825
2025-04-24,KXMLBGAME-25APR23PITLAA-PIT,KXMLBGAME-25APR23PITLAA,Pittsburgh,Pittsburgh,45,46,0.455,187.00,1270.00,yes,1745455333
2025-04-24,KXMLBGAME-25APR23TEXATH-TEX,KXMLBGAME-25APR23TEXATH,Texas,A's,48,49,0.485,57.00,1246.00,no,1745457748
2025-04-25,KXMLBGAME-25APR25HOUKC-KC,KXMLBGAME-25APR25HOUKC,Kansas City,Kansas City,47,48,0.475,10.00,1091.00,yes,1745619868
2025-04-25,KXMLBGAME-25APR25LAAMIN-MIN,KXMLBGAME-25APR25LAAMIN,Minnesota,Minnesota,65,66,0.655,238.00,640.00,yes,1745622860
2025-04-25,KXMLBGAME-25APR25PHICHC-PHI,KXMLBGAME-25APR25PHICHC,Philadelphia,Chicago C,39,40,0.395,1184.00,17158.00,no,1745611461
2025-04-25,KXMLBGAME-25APR25MILSTL-MIL,KXMLBGAME-25APR25MILSTL,Milwaukee,St. Louis,45,46,0.455,0.00,1267.00,no,1745623989
2025-04-25,KXMLBGAME-25APR25TORNYY-TOR,KXMLBGAME-25APR25TORNYY,Toronto,Toronto,42,43,0.425,77.00,443.00,yes,1745620829
2025-04-25,KXMLBGAME-25APR25NYMWSH-WSH,KXMLBGAME-25APR25NYMWSH,Washington,Washington,36,37,0.365,0.00,1102.00,yes,1745619388
2025-04-25,KXMLBGAME-25APR24TBAZ-TB,KXMLBGAME-25APR24TBAZ,Tampa Bay,Tampa Bay,43,45,0.44,190.00,1262.00,yes,1745544507
2025-04-25,KXMLBGAME-25APR24PITLAA-PIT,KXMLBGAME-25APR24PITLAA,Pittsburgh,Los Angeles A,40,41,0.405,137.00,2036.00,no,1745541498
2025-04-25,KXMLBGAME-25APR24TEXATH-TEX,KXMLBGAME-25APR24TEXATH,Texas,A's,56,57,0.565,65.00,2438.00,no,1745544978
2025-04-26,KXMLBGAME-25APR26CWSATH-CWS,KXMLBGAME-25APR26CWSATH,Chicago WS,Chicago WS,31,32,0.315,0.00,932.00,yes,1745695337
2025-04-26,KXMLBGAME-25APR26BOSCLEG2-CLE,KXMLBGAME-25APR26BOSCLEG2,Cleveland,Boston,50,52,0.51,91.00,762.00,no,1745702419
2025-04-26,KXMLBGAME-25APR26TEXSF-TEX,KXMLBGAME-25APR26TEXSF,Texas,San Francisco,42,43,0.425,731.00,1273.00,no,1745695338
2025-04-26,KXMLBGAME-25APR26BALDETG1-DET,KXMLBGAME-25APR26BALDETG1,Detroit,Detroit,56,58,0.57,660.00,5146.00,yes,1745685983
2025-04-26,KXMLBGAME-25APR26MILSTL-STL,KXMLBGAME-25APR26MILSTL,St. Louis,St. Louis,57,58,0.575,136.00,1058.00,yes,1745689829
2025-04-26,KXMLBGAME-25APR26LAAMIN-LAA,KXMLBGAME-25APR26LAAMIN,Los Angeles A,Minnesota,45,47,0.46,2441.00,4160.00,no,1745688377
2025-04-26,KXMLBGAME-25APR26HOUKC-KC,KXMLBGAME-25APR26HOUKC,Kansas City,Kansas City,42,43,0.425,54.00,991.00,yes,1745704953
2025-04-26,KXMLBGAME-25APR26PHICHC-PHI,KXMLBGAME-25APR26PHICHC,Philadelphia,Philadelphia,51,52,0.515,0.00,1197.00,yes,1745696893
2025-04-26,KXMLBGAME-25APR26NYMWSH-WSH,KXMLBGAME-25APR26NYMWSH,Washington,New York M,35,36,0.355,515.00,1017.00,no,1745699902
2025-04-26,KXMLBGAME-25APR26CINCOL-COL,KXMLBGAME-25APR26CINCOL,Colorado,Cincinnati,34,35,0.345,14.00,553.00,no,1745693417
2025-04-26,KXMLBGAME-25APR26ATLAZ-ATL,KXMLBGAME-25APR26ATLAZ,Atlanta,Atlanta,47,48,0.475,1014.00,5564.00,yes,1745711424
2025-04-26,KXMLBGAME-25APR25PITLAD-PIT,KXMLBGAME-25APR25PITLAD,Pittsburgh,Pittsburgh,32,33,0.325,0.00,316.00,yes,1745630780
2025-04-26,KXMLBGAME-25APR25TEXSF-TEX,KXMLBGAME-25APR25TEXSF,Texas,Texas,46,47,0.465,22.00,492.00,yes,1745631266
2025-04-26,KXMLBGAME-25APR25ATLAZ-AZ,KXMLBGAME-25APR25ATLAZ,Arizona,Atlanta,45,46,0.455,41.00,1626.00,no,1745630778
2025-04-26,KXMLBGAME-25APR25CINCOL-COL,KXMLBGAME-25APR25CINCOL,Colorado,Cincinnati,44,45,0.445,219.00,782.00,no,1745627302
2025-04-26,KXMLBGAME-25APR25BOSCLE-CLE,KXMLBGAME-25APR25BOSCLE,Cleveland,Cleveland,44,56,0.5,10.00,2178.00,yes,1745684905
2025-04-26,KXMLBGAME-25APR25BALDET-DET,KXMLBGAME-25APR25BALDET,Detroit,Detroit,53,54,0.535,24505.00,48466.00,yes,1745704465
2025-04-26,KXMLBGAME-25APR25MIASEA-SEA,KXMLBGAME-25APR25MIASEA,Seattle,Miami,73,74,0.735,49.00,2167.00,no,1745628380
2025-04-26,KXMLBGAME-25APR25CWSATH-CWS,KXMLBGAME-25APR25CWSATH,Chicago WS,A's,30,31,0.305,49.00,290.00,no,1745630304
2025-04-26,KXMLBGAME-25APR25TBSD-TB,KXMLBGAME-25APR25TBSD,Tampa Bay,Tampa Bay,42,43,0.425,0.00,321.00,yes,1745628857
2025-04-27,KXMLBGAME-25APR27MIASEA-SEA,KXMLBGAME-25APR27MIASEA,Seattle,Seattle,57,58,0.575,1.00,567.00,yes,1745782950
2025-04-27,KXMLBGAME-25APR27TEXSF-TEX,KXMLBGAME-25APR27TEXSF,Texas,San Francisco,43,44,0.435,380.00,1162.00,no,1745781864
2025-04-27,KXMLBGAME-25APR27PHICHC-PHI,KXMLBGAME-25APR27PHICHC,Philadelphia,Philadelphia,45,47,0.46,1459.00,1653.00,yes,1745793387
2025-04-27,KXMLBGAME-25APR27BOSCLE-CLE,KXMLBGAME-25APR27BOSCLE,Cleveland,Boston,49,50,0.495,173.00,386.00,no,1745773820
2025-04-27,KXMLBGAME-25APR27CWSATH-CWS,KXMLBGAME-25APR27CWSATH,Chicago WS,A's,35,37,0.36,265.00,639.00,no,1745781381
2025-04-27,KXMLBGAME-25APR27TORNYYG1-TOR,KXMLBGAME-25APR27TORNYYG1,Toronto,New York Y,35,37,0.36,48.00,154.00,no,1745774299
2025-04-27,KXMLBGAME-25APR27CINCOL-CIN,KXMLBGAME-25APR27CINCOL,Cincinnati,Cincinnati,62,63,0.625,5409.00,6277.00,yes,1745778384
2025-04-27,KXMLBGAME-25APR27PITLAD-PIT,KXMLBGAME-25APR27PITLAD,Pittsburgh,Los Angeles D,24,25,0.245,151.00,1091.00,no,1745782427
2025-04-27,KXMLBGAME-25APR27MILSTL-MIL,KXMLBGAME-25APR27MILSTL,Milwaukee,Milwaukee,51,52,0.515,301.00,960.00,yes,1745775268
2025-04-27,KXMLBGAME-25APR27HOUKC-KC,KXMLBGAME-25APR27HOUKC,Kansas City,Houston,43,44,0.435,114.00,167.00,no,1745774775
2025-04-27,KXMLBGAME-25APR27LAAMIN-MIN,KXMLBGAME-25APR27LAAMIN,Minnesota,Minnesota,61,62,0.615,34.00,34.00,yes,1745772272
2025-04-27,KXMLBGAME-25APR27ATLAZ-ATL,KXMLBGAME-25APR27ATLAZ,Atlanta,Arizona,53,54,0.535,0.00,1587.00,no,1745782426
2025-04-27,KXMLBGAME-25APR27BALDET-DET,KXMLBGAME-25APR27BALDET,Detroit,Detroit,68,69,0.685,19.00,19.00,yes,1745772271
2025-04-27,KXMLBGAME-25APR27TBSD-TB,KXMLBGAME-25APR27TBSD,Tampa Bay,Tampa Bay,50,51,0.505,103.00,122.00,yes,1745781865
2025-04-27,KXMLBGAME-25APR27NYMWSH-NYM,KXMLBGAME-25APR27NYMWSH,New York M,Washington,58,59,0.585,565.00,675.00,no,1745774300
2025-04-27,KXMLBGAME-25APR26TORNYY-TOR,KXMLBGAME-25APR26TORNYY,Toronto,New York Y,38,43,0.405,129.00,1231.00,no,1745786430
2025-04-28,KXMLBGAME-25APR28NYYBAL-NYY,KXMLBGAME-25APR28NYYBAL,New York Y,Baltimore,55,57,0.56,3730.00,11143.00,no,1745878113
2025-04-28,KXMLBGAME-25APR28ATHTEX-TEX,KXMLBGAME-25APR28ATHTEX,Texas,A's,50,51,0.505,259.00,7118.00,no,1745883615
2025-04-28,KXMLBGAME-25APR28MINCLE-MIN,KXMLBGAME-25APR28MINCLE,Minnesota,Minnesota,45,47,0.46,3489.00,4729.00,yes,1745876662
2025-04-28,KXMLBGAME-25APR28STLCIN-STL,KXMLBGAME-25APR28STLCIN,St. Louis,Cincinnati,46,48,0.47,146.00,639.00,no,1745875587
2025-04-28,KXMLBGAME-25APR28NYMWSH-WSH,KXMLBGAME-25APR28NYMWSH,Washington,New York M,38,39,0.385,784.00,3240.00,no,1745869583
2025-04-28,KXMLBGAME-25APR28DETHOU-HOU,KXMLBGAME-25APR28DETHOU,Houston,Houston,51,52,0.515,16.00,1320.00,yes,1745883614
2025-04-29,KXMLBGAME-25APR29ATHTEX-ATH,KXMLBGAME-25APR29ATHTEX,A's,Texas,34,36,0.35,937.00,1031.00,no,1745969308
2025-04-29,KXMLBGAME-25APR29ATLCOL-COL,KXMLBGAME-25APR29ATLCOL,Colorado,Atlanta,34,36,0.35,42.00,52.00,no,1745970267
2025-04-29,KXMLBGAME-25APR29AZNYM-NYM,KXMLBGAME-25APR29AZNYM,New York M,New York M,57,58,0.575,66.00,1000.00,yes,1745965334
2025-04-29,KXMLBGAME-25APR29BOSTOR-TOR,KXMLBGAME-25APR29BOSTOR,Toronto,Boston,42,43,0.425,0.00,87.00,no,1745964861
2025-04-29,KXMLBGAME-25APR29NYYBAL-NYY,KXMLBGAME-25APR29NYYBAL,New York Y,New York Y,62,63,0.625,831.00,3811.00,yes,1745964861
2025-04-29,KXMLBGAME-25APR29DETHOU-HOU,KXMLBGAME-25APR29DETHOU,Houston,Houston,52,53,0.525,45.00,258.00,yes,1745969784
2025-04-29,KXMLBGAME-25APR29MILCWS-MIL,KXMLBGAME-25APR29MILCWS,Milwaukee,Milwaukee,69,71,0.7,88.00,542.00,yes,1745968338
2025-04-29,KXMLBGAME-25APR29CHCPIT-PIT,KXMLBGAME-25APR29CHCPIT,Pittsburgh,Chicago C,41,42,0.415,83.00,342.00,no,1745965994
2025-04-29,KXMLBGAME-25APR29WSHPHI-WSH,KXMLBGAME-25APR29WSHPHI,Washington,Philadelphia,36,37,0.365,148.00,473.00,no,1745965333
2025-04-29,KXMLBGAME-25APR29KCTB-TB,KXMLBGAME-25APR29KCTB,Tampa Bay,Kansas City,59,60,0.595,100.00,580.00,no,1745964862
2025-04-29,KXMLBGAME-25APR28MIALAD-MIA,KXMLBGAME-25APR28MIALAD,Miami,Los Angeles D,28,30,0.29,1012.00,2824.00,no,1745891543
2025-04-29,KXMLBGAME-25APR28ATLCOL-COL,KXMLBGAME-25APR28ATLCOL,Colorado,Atlanta,37,39,0.38,10.00,574.00,no,1745885628
2025-04-30,KXMLBGAME-25APR30NYYBAL-NYY,KXMLBGAME-25APR30NYYBAL,New York Y,Baltimore,49,51,0.5,5190.00,9458.00,no,1746051140
2025-04-30,KXMLBGAME-25APR30LAASEA-SEA,KXMLBGAME-25APR30LAASEA,Seattle,Seattle,55,57,0.56,1216.00,1812.00,yes,1746041789
2025-04-30,KXMLBGAME-25APR30AZNYM-NYM,KXMLBGAME-25APR30AZNYM,New York M,Arizona,49,51,0.5,2042.00,4147.00,no,1746053664
2025-04-30,KXMLBGAME-25APR30ATHTEX-ATH,KXMLBGAME-25APR30ATHTEX,A's,A's,41,42,0.415,1414.00,1668.00,yes,1746056662
2025-04-30,KXMLBGAME-25APR30CHCPIT-PIT,KXMLBGAME-25APR30CHCPIT,Pittsburgh,Pittsburgh,38,39,0.385,3.00,400.00,yes,1746050659
2025-04-30,KXMLBGAME-25APR30MILCWS-MIL,KXMLBGAME-25APR30MILCWS,Milwaukee,Milwaukee,58,60,0.59,1442.00,2532.00,yes,1746054621
2025-04-30,KXMLBGAME-25APR30STLCING2-STL,KXMLBGAME-25APR30STLCING2,St. Louis,St. Louis,47,49,0.48,35.00,472.00,yes,1746049583
2025-04-30,KXMLBGAME-25APR30DETHOU-DET,KXMLBGAME-25APR30DETHOU,Detroit,Detroit,48,49,0.485,3965.00,8993.00,yes,1746035058
2025-04-30,KXMLBGAME-25APR30KCTB-TB,KXMLBGAME-25APR30KCTB,Tampa Bay,Kansas City,59,61,0.6,27.00,1982.00,no,1746050660
2025-04-30,KXMLBGAME-25APR30SFSD-SF,KXMLBGAME-25APR30SFSD,San Francisco,San Diego,42,43,0.425,638.00,1617.00,no,1746041058
2025-04-30,KXMLBGAME-25APR30ATLCOL-COL,KXMLBGAME-25APR30ATLCOL,Colorado,Colorado,27,28,0.275,0.00,1986.00,yes,1746036018
2025-04-30,KXMLBGAME-25APR30WSHPHI-WSH,KXMLBGAME-25APR30WSHPHI,Washington,Philadelphia,31,32,0.315,14.00,110.00,no,1746049582
2025-04-30,KXMLBGAME-25APR30MINCLE-MIN,KXMLBGAME-25APR30MINCLE,Minnesota,Cleveland,49,51,0.5,189.00,779.00,no,1746047538
2025-04-30,KXMLBGAME-25APR30MIALAD-MIA,KXMLBGAME-25APR30MIALAD,Miami,Los Angeles D,24,25,0.245,27.00,1628.00,no,1746038534
2025-04-30,KXMLBGAME-25APR30BOSTOR-TOR,KXMLBGAME-25APR30BOSTOR,Toronto,Toronto,49,51,0.5,374.00,1303.00,yes,1746053066
2025-04-30,KXMLBGAME-25APR29MINCLE-MIN,KXMLBGAME-25APR29MINCLE,Minnesota,Cleveland,43,45,0.44,2398.00,1202.00,no,1745972297
2025-04-30,KXMLBGAME-25APR29MIALAD-MIA,KXMLBGAME-25APR29MIALAD,Miami,Los Angeles D,33,35,0.34,90.00,479.00,no,1745977344
2025-04-30,KXMLBGAME-25APR29LAASEA-SEA,KXMLBGAME-25APR29LAASEA,Seattle,Seattle,66,67,0.665,327.00,7845.00,yes,1745973857
2025-04-30,KXMLBGAME-25APR29SFSD-SF,KXMLBGAME-25APR29SFSD,San Francisco,San Diego,52,53,0.525,166.00,5360.00,no,1745974337
2025-04-30,KXMLBGAME-25APR29STLCIN-STL,KXMLBGAME-25APR29STLCIN,St. Louis,St. Louis,53,57,0.55,1999.00,2382.00,yes,1746028094
2025-05-01,KXMLBGAME-25MAY01MILCWS-MIL,KXMLBGAME-25MAY01MILCWS,Milwaukee,Chicago WS,59,60,0.595,292.00,706.00,no,1746119543
2025-05-01,KXMLBGAME-25MAY01STLCIN-STL,KXMLBGAME-25MAY01STLCIN,St. Louis,Cincinnati,49,50,0.495,3217.00,4809.00,no,1746120029
2025-05-01,KXMLBGAME-25MAY01ATHTEX-TEX,KXMLBGAME-25MAY01ATHTEX,Texas,A's,56,57,0.565,140.00,3021.00,no,1746122543
2025-05-01,KXMLBGAME-25MAY01WSHPHI-WSH,KXMLBGAME-25MAY01WSHPHI,Washington,Washington,38,39,0.385,319.00,592.00,yes,1746136462
2025-05-01,KXMLBGAME-25MAY01BOSTOR-TOR,KXMLBGAME-25MAY01BOSTOR,Toronto,Toronto,49,50,0.495,102.00,407.00,yes,1746136460
2025-05-01,KXMLBGAME-25MAY01MINCLE-MIN,KXMLBGAME-25MAY01MINCLE,Minnesota,Cleveland,16,17,0.165,841.00,8261.00,no,1746127581
2025-05-01,KXMLBGAME-25MAY01AZNYM-NYM,KXMLBGAME-25MAY01AZNYM,New York M,Arizona,60,61,0.605,2433.00,7143.00,no,1746118464
2025-05-01,KXMLBGAME-25MAY01KCTB-TB,KXMLBGAME-25MAY01KCTB,Tampa Bay,Kansas City,60,62,0.61,650.00,1480.00,no,1746117362
2025-05-01,KXMLBGAME-25MAY01CHCPIT-PIT,KXMLBGAME-25MAY01CHCPIT,Pittsburgh,Chicago C,53,55,0.54,1928.00,1974.00,no,1746114496
2025-05-02,KXMLBGAME-25MAY02NYMSTL-STL,KXMLBGAME-25MAY02NYMSTL,St. Louis,New York M,48,49,0.485,46.00,710.00,no,1746229827
2025-05-02,KXMLBGAME-25MAY02KCBAL-KC,KXMLBGAME-25MAY02KCBAL,Kansas City,Baltimore,44,45,0.445,3766.00,5531.00,no,1746222746
2025-05-02,KXMLBGAME-25MAY02HOUCWS-HOU,KXMLBGAME-25MAY02HOUCWS,Houston,Chicago WS,67,69,0.68,1.00,2290.00,no,1746227301
2025-05-02,KXMLBGAME-25MAY02MINBOS-MIN,KXMLBGAME-25MAY02MINBOS,Minnesota,Boston,48,49,0.485,19.00,6587.00,no,1746224779
2025-05-02,KXMLBGAME-25MAY02SEATEX-TEX,KXMLBGAME-25MAY02SEATEX,Texas,Seattle,45,46,0.455,83.00,802.00,no,1746229227
2025-05-02,KXMLBGAME-25MAY02WSHCIN-WSH,KXMLBGAME-25MAY02WSHCIN,Washington,Cincinnati,34,36,0.35,10054.00,9721.00,no,1746228261
2025-05-02,KXMLBGAME-25MAY02LADATL-LAD,KXMLBGAME-25MAY02LADATL,Los Angeles D,Los Angeles D,62,63,0.625,2211.00,9267.00,yes,1746228763
2025-05-02,KXMLBGAME-25MAY02AZPHI-AZ,KXMLBGAME-25MAY02AZPHI,Arizona,Philadelphia,42,43,0.425,6620.00,7376.00,no,1746222254
2025-05-02,KXMLBGAME-25MAY02CLETOR-TOR,KXMLBGAME-25MAY02CLETOR,Toronto,Toronto,60,61,0.605,635.00,1433.00,yes,1746225254
2025-05-02,KXMLBGAME-25MAY02TBNYY-TB,KXMLBGAME-25MAY02TBNYY,Tampa Bay,New York Y,31,32,0.315,14.00,4393.00,no,1746223699
2025-05-02,KXMLBGAME-25MAY02SDPIT-SD,KXMLBGAME-25MAY02SDPIT,San Diego,San Diego,55,57,0.56,3287.00,12375.00,yes,1746230303
2025-05-02,KXMLBGAME-25MAY02ATHMIA-ATH,KXMLBGAME-25MAY02ATHMIA,A's,A's,55,56,0.555,748.00,3850.00,yes,1746224780
2025-05-02,KXMLBGAME-25MAY02CHCMIL-MIL,KXMLBGAME-25MAY02CHCMIL,Milwaukee,Chicago C,47,48,0.475,250.00,1160.00,no,1746228261
2025-05-02,KXMLBGAME-25MAY01COLSF-COL,KXMLBGAME-25MAY01COLSF,Colorado,Colorado,28,30,0.29,310.00,2309.00,yes,1746146899
2025-05-02,KXMLBGAME-25MAY01DETLAA-LAA,KXMLBGAME-25MAY01DETLAA,Los Angeles A,Detroit,42,43,0.425,16.00,3849.00,no,1746147984
2025-05-03,KXMLBGAME-25MAY03SDPIT-SD,KXMLBGAME-25MAY03SDPIT,San Diego,San Diego,47,49,0.48,6038.00,10516.00,yes,1746305545
2025-05-03,KXMLBGAME-25MAY03KCBAL-KC,KXMLBGAME-25MAY03KCBAL,Kansas City,Kansas City,49,50,0.495,550.00,1100.00,yes,1746314062
2025-05-03,KXMLBGAME-25MAY03ATHMIA-MIA,KXMLBGAME-25MAY03ATHMIA,Miami,Miami,53,54,0.535,996.00,2488.00,yes,1746300756
2025-05-03,KXMLBGAME-25MAY03COLSF-SF,KXMLBGAME-25MAY03COLSF,San Francisco,San Francisco,71,73,0.72,1773.00,3551.00,yes,1746299068
2025-05-03,KXMLBGAME-25MAY03CLETOR-CLE,KXMLBGAME-25MAY03CLETOR,Cleveland,Cleveland,41,42,0.415,99.00,672.00,yes,1746297614
2025-05-03,KXMLBGAME-25MAY03AZPHI-PHI,KXMLBGAME-25MAY03AZPHI,Philadelphia,Philadelphia,53,54,0.535,96.00,6395.00,yes,1746308061
2025-05-03,KXMLBGAME-25MAY03WSHCIN-WSH,KXMLBGAME-25MAY03WSHCIN,Washington,Washington,38,39,0.385,125.00,536.00,yes,1746311570
2025-05-03,KXMLBGAME-25MAY03CHCMIL-CHC,KXMLBGAME-25MAY03CHCMIL,Chicago C,Chicago C,50,52,0.51,20.00,1166.00,yes,1746310100
2025-05-03,KXMLBGAME-25MAY03HOUCWS-HOU,KXMLBGAME-25MAY03HOUCWS,Houston,Houston,69,70,0.695,1287.00,17928.00,yes,1746293180
2025-05-03,KXMLBGAME-25MAY03SEATEX-SEA,KXMLBGAME-25MAY03SEATEX,Seattle,Seattle,55,56,0.555,57.00,6133.00,yes,1746311069
2025-05-03,KXMLBGAME-25MAY03MINBOS-MIN,KXMLBGAME-25MAY03MINBOS,Minnesota,Minnesota,48,49,0.485,147.00,1412.00,yes,1746305544
2025-05-03,KXMLBGAME-25MAY03TBNYY-TB,KXMLBGAME-25MAY03TBNYY,Tampa Bay,Tampa Bay,35,36,0.355,1331.00,2674.00,yes,1746290188
2025-05-03,KXMLBGAME-25MAY02COLSF-SF,KXMLBGAME-25MAY02COLSF,San Francisco,San Francisco,72,73,0.725,179.00,2933.00,yes,1746234268
2025-05-03,KXMLBGAME-25MAY02DETLAA-LAA,KXMLBGAME-25MAY02DETLAA,Los Angeles A,Detroit,36,37,0.365,50.00,2586.00,no,1746233779
2025-05-04,KXMLBGAME-25MAY04DETLAA-DET,KXMLBGAME-25MAY04DETLAA,Detroit,Detroit,61,63,0.62,59.00,3357.00,yes,1746387167
2025-05-04,KXMLBGAME-25MAY04COLSF-SF,KXMLBGAME-25MAY04COLSF,San Francisco,San Francisco,78,79,0.785,578.00,6622.00,yes,1746385938
2025-05-04,KXMLBGAME-25MAY04SDPIT-SD,KXMLBGAME-25MAY04SDPIT,San Diego,San Diego,49,51,0.5,1429.00,2359.00,yes,1746377537
2025-05-04,KXMLBGAME-25MAY04MINBOS-MIN,KXMLBGAME-25MAY04MINBOS,Minnesota,Minnesota,34,35,0.345,263.00,4813.00,yes,1746377058
2025-05-04,KXMLBGAME-25MAY04ATHMIA-ATH,KXMLBGAME-25MAY04ATHMIA,A's,A's,52,54,0.53,403.00,1381.00,yes,1746377536
2025-05-04,KXMLBGAME-25MAY04HOUCWS-HOU,KXMLBGAME-25MAY04HOUCWS,Houston,Chicago WS,60,61,0.605,454.00,1214.00,no,1746384513
2025-05-04,KXMLBGAME-25MAY04LADATL-LAD,KXMLBGAME-25MAY04LADATL,Los Angeles D,Atlanta,55,57,0.56,3084.00,16307.00,no,1746397963
2025-05-04,KXMLBGAME-25MAY04WSHCIN-WSH,KXMLBGAME-25MAY04WSHCIN,Washington,Washington,49,50,0.495,5.00,414.00,yes,1746388463
2025-05-04,KXMLBGAME-25MAY04CLETOR-TOR,KXMLBGAME-25MAY04CLETOR,Toronto,Cleveland,49,50,0.495,831.00,1738.00,no,1746380068
2025-05-04,KXMLBGAME-25MAY04AZPHI-PHI,KXMLBGAME-25MAY04AZPHI,Philadelphia,Arizona,57,58,0.575,259.00,6322.00,no,1746382934
2025-05-04,KXMLBGAME-25MAY04NYMSTLG1-STL,KXMLBGAME-25MAY04NYMSTLG1,St. Louis,St. Louis,46,47,0.465,365.00,5872.00,yes,1746378030
2025-05-04,KXMLBGAME-25MAY04TBNYY-TB,KXMLBGAME-25MAY04TBNYY,Tampa Bay,Tampa Bay,39,41,0.4,472.00,1274.00,yes,1746381974
2025-05-04,KXMLBGAME-25MAY04CHCMIL-MIL,KXMLBGAME-25MAY04CHCMIL,Milwaukee,Milwaukee,48,49,0.485,0.00,129.00,yes,1746378984
2025-05-04,KXMLBGAME-25MAY04SEATEX-SEA,KXMLBGAME-25MAY04SEATEX,Seattle,Texas,37,38,0.375,523.00,1233.00,no,1746380537
2025-05-04,KXMLBGAME-25MAY04KCBAL-KC,KXMLBGAME-25MAY04KCBAL,Kansas City,Kansas City,44,45,0.445,529.00,1595.00,yes,1746378985
2025-05-04,KXMLBGAME-25MAY03NYMSTL-NYM,KXMLBGAME-25MAY03NYMSTL,New York M,St. Louis,59,61,0.6,3433.00,26669.00,no,1746394947
2025-05-04,KXMLBGAME-25MAY03DETLAA-LAA,KXMLBGAME-25MAY03DETLAA,Los Angeles A,Los Angeles A,36,37,0.365,405.00,2147.00,yes,1746318975
2025-05-04,KXMLBGAME-25MAY03LADATL-LAD,KXMLBGAME-25MAY03LADATL,Los Angeles D,Los Angeles D,46,48,0.47,7752.00,18109.00,yes,1746324501
2025-05-05,KXMLBGAME-25MAY05SFCHC-SF,KXMLBGAME-25MAY05SFCHC,San Francisco,Chicago C,38,40,0.39,57.00,2167.00,no,1746485483
2025-05-05,KXMLBGAME-25MAY05LADMIA-MIA,KXMLBGAME-25MAY05LADMIA,Miami,Los Angeles D,31,32,0.315,603.00,5766.00,no,1746482788
2025-05-05,KXMLBGAME-25MAY05PITSTL-STL,KXMLBGAME-25MAY05PITSTL,St. Louis,St. Louis,55,57,0.56,283.00,666.00,yes,1746486261
2025-05-05,KXMLBGAME-25MAY05CINATL-CIN,KXMLBGAME-25MAY05CINATL,Cincinnati,Atlanta,44,45,0.445,1237.00,2650.00,no,1746482787
2025-05-05,KXMLBGAME-25MAY05SDNYY-SD,KXMLBGAME-25MAY05SDNYY,San Diego,San Diego,41,42,0.415,578.00,12432.00,yes,1746488294
2025-05-05,KXMLBGAME-25MAY05HOUMIL-MIL,KXMLBGAME-25MAY05HOUMIL,Milwaukee,Milwaukee,50,51,0.505,515.00,1193.00,yes,1746485485
2025-05-05,KXMLBGAME-25MAY05CWSKC-KC,KXMLBGAME-25MAY05CWSKC,Kansas City,Kansas City,67,68,0.675,173.00,1108.00,yes,1746485484
2025-05-06,KXMLBGAME-25MAY06SFCHC-SF,KXMLBGAME-25MAY06SFCHC,San Francisco,San Francisco,41,42,0.415,62.00,4974.00,yes,1746575429
2025-05-06,KXMLBGAME-25MAY06SDNYY-SD,KXMLBGAME-25MAY06SDNYY,San Diego,New York Y,48,49,0.485,900.00,13043.00,no,1746571471
2025-05-06,KXMLBGAME-25MAY06HOUMIL-HOU,KXMLBGAME-25MAY06HOUMIL,Houston,Milwaukee,47,48,0.475,350.00,752.00,no,1746571947
2025-05-06,KXMLBGAME-25MAY06PHITB-PHI,KXMLBGAME-25MAY06PHITB,Philadelphia,Philadelphia,54,55,0.545,303.00,2306.00,yes,1746570987
2025-05-06,KXMLBGAME-25MAY06CINATL-CIN,KXMLBGAME-25MAY06CINATL,Cincinnati,Atlanta,33,34,0.335,241.00,1930.00,no,1746572544
2025-05-06,KXMLBGAME-25MAY06PITSTL-PIT,KXMLBGAME-25MAY06PITSTL,Pittsburgh,St. Louis,50,51,0.505,3515.00,5680.00,no,1746571469
2025-05-06,KXMLBGAME-25MAY06TEXBOS-TEX,KXMLBGAME-25MAY06TEXBOS,Texas,Texas,52,53,0.525,1064.00,2198.00,yes,1746571469
2025-05-06,KXMLBGAME-25MAY06LADMIA-MIA,KXMLBGAME-25MAY06LADMIA,Miami,Miami,30,31,0.305,1365.00,3276.00,yes,1746570988
2025-05-06,KXMLBGAME-25MAY06CWSKC-CWS,KXMLBGAME-25MAY06CWSKC,Chicago WS,Kansas City,30,31,0.305,283.00,399.00,no,1746571948
2025-05-06,KXMLBGAME-25MAY06BALMIN-BAL,KXMLBGAME-25MAY06BALMIN,Baltimore,Minnesota,38,39,0.385,68.00,622.00,no,1746571949
2025-05-06,KXMLBGAME-25MAY06CLEWSHG1-WSH,KXMLBGAME-25MAY06CLEWSHG1,Washington,Washington,47,49,0.48,1622.00,2371.00,yes,1746558628
2025-05-06,KXMLBGAME-25MAY05SEAATH-SEA,KXMLBGAME-25MAY05SEAATH,Seattle,A's,51,52,0.515,4244.00,8924.00,no,1746498144
2025-05-06,KXMLBGAME-25MAY05NYMAZ-NYM,KXMLBGAME-25MAY05NYMAZ,New York M,New York M,50,51,0.505,13764.00,15398.00,yes,1746494664
2025-05-06,KXMLBGAME-25MAY05CLEWSH-WSH,KXMLBGAME-25MAY05CLEWSH,Washington,Cleveland,46,48,0.47,352.00,2934.00,no,1746569546
2025-05-07,KXMLBGAME-25MAY07CLEWSH-WSH,KXMLBGAME-25MAY07CLEWSH,Washington,Cleveland,47,49,0.48,1652.00,4447.00,no,1746632655
2025-05-07,KXMLBGAME-25MAY07LADMIA-LAD,KXMLBGAME-25MAY07LADMIA,Los Angeles D,Los Angeles D,67,68,0.675,195.00,2115.00,yes,1746648044
2025-05-07,KXMLBGAME-25MAY07SDNYY-SD,KXMLBGAME-25MAY07SDNYY,San Diego,New York Y,37,39,0.38,2968.00,5968.00,no,1746658946
2025-05-07,KXMLBGAME-25MAY07TEXBOS-TEX,KXMLBGAME-25MAY07TEXBOS,Texas,Boston,43,45,0.44,1676.00,3090.00,no,1746655938
2025-05-07,KXMLBGAME-25MAY07PHITB-TB,KXMLBGAME-25MAY07PHITB,Tampa Bay,Philadelphia,40,42,0.41,1619.00,2074.00,no,1746656903
2025-05-07,KXMLBGAME-25MAY07NYMAZ-NYM,KXMLBGAME-25MAY07NYMAZ,New York M,New York M,50,52,0.51,1959.00,4174.00,yes,1746645022
2025-05-07,KXMLBGAME-25MAY07CINATL-CIN,KXMLBGAME-25MAY07CINATL,Cincinnati,Cincinnati,47,48,0.475,667.00,2059.00,yes,1746656904
2025-05-07,KXMLBGAME-25MAY07SFCHC-SF,KXMLBGAME-25MAY07SFCHC,San Francisco,San Francisco,40,42,0.41,310.00,4952.00,yes,1746639505
2025-05-07,KXMLBGAME-25MAY07CWSKC-KC,KXMLBGAME-25MAY07CWSKC,Kansas City,Kansas City,66,67,0.665,33.00,792.00,yes,1746656902
2025-05-07,KXMLBGAME-25MAY07HOUMIL-MIL,KXMLBGAME-25MAY07HOUMIL,Milwaukee,Houston,44,45,0.445,2154.00,3026.00,no,1746635063
2025-05-07,KXMLBGAME-25MAY07BALMIN-MIN,KXMLBGAME-25MAY07BALMIN,Minnesota,Minnesota,56,57,0.565,2016.00,3027.00,yes,1746657985
2025-05-07,KXMLBGAME-25MAY07SEAATH-SEA,KXMLBGAME-25MAY07SEAATH,Seattle,Seattle,56,57,0.565,1942.00,4346.00,yes,1746645023
2025-05-07,KXMLBGAME-25MAY07PITSTL-STL,KXMLBGAME-25MAY07PITSTL,St. Louis,St. Louis,61,62,0.615,185.00,588.00,yes,1746634585
2025-05-07,KXMLBGAME-25MAY06SEAATH-SEA,KXMLBGAME-25MAY06SEAATH,Seattle,Seattle,47,48,0.475,345.00,2759.00,yes,1746581909
2025-05-07,KXMLBGAME-25MAY06NYMAZ-NYM,KXMLBGAME-25MAY06NYMAZ,New York M,Arizona,48,49,0.485,5.00,889.00,no,1746579384
2025-05-07,KXMLBGAME-25MAY06TORLAA-TOR,KXMLBGAME-25MAY06TORLAA,Toronto,Los Angeles A,50,51,0.505,0.00,576.00,no,1746579978
2025-05-08,KXMLBGAME-25MAY08PHITB-TB,KXMLBGAME-25MAY08PHITB,Tampa Bay,Philadelphia,40,41,0.405,1902.00,4193.00,no,1746745099
2025-05-08,KXMLBGAME-25MAY08BALMIN-BAL,KXMLBGAME-25MAY08BALMIN,Baltimore,Minnesota,40,41,0.405,3379.00,10018.00,no,1746720743
2025-05-08,KXMLBGAME-25MAY08DETCOLG1-DET,KXMLBGAME-25MAY08DETCOLG1,Detroit,Detroit,61,63,0.62,2639.00,8391.00,yes,1746728784
2025-05-08,KXMLBGAME-25MAY08CWSKC-KC,KXMLBGAME-25MAY08CWSKC,Kansas City,Kansas City,69,70,0.695,297.00,1423.00,yes,1746725313
2025-05-08,KXMLBGAME-25MAY08CINATL-CIN,KXMLBGAME-25MAY08CINATL,Cincinnati,Atlanta,34,35,0.345,1225.00,7640.00,no,1746745583
2025-05-08,KXMLBGAME-25MAY08TEXBOS-TEX,KXMLBGAME-25MAY08TEXBOS,Texas,Boston,20,44,0.32,212.00,6831.00,no,1746723268
2025-05-08,KXMLBGAME-25MAY07DETCOL-DET,KXMLBGAME-25MAY07DETCOL,Detroit,Detroit,60,61,0.605,264.00,4010.00,yes,1746664814
2025-05-08,KXMLBGAME-25MAY07TORLAA-TOR,KXMLBGAME-25MAY07TORLAA,Toronto,Los Angeles A,51,52,0.515,218.00,1873.00,no,1746666384
2025-05-08,KXMLBGAME-25MAY06DETCOL-DET,KXMLBGAME-25MAY06DETCOL,Detroit,Detroit,63,67,0.65,3785.00,13134.00,yes,1746738628
2025-05-09,KXMLBGAME-25MAY09BOSKC-BOS,KXMLBGAME-25MAY09BOSKC,Boston,Kansas City,49,50,0.495,189.00,1672.00,no,1746833559
2025-05-09,KXMLBGAME-25MAY09PHICLE-PHI,KXMLBGAME-25MAY09PHICLE,Philadelphia,Cleveland,51,52,0.515,71.00,3178.00,no,1746829954
2025-05-09,KXMLBGAME-25MAY09TEXDET-TEX,KXMLBGAME-25MAY09TEXDET,Texas,Detroit,27,30,0.285,4545.00,17624.00,no,1746825872
2025-05-09,KXMLBGAME-25MAY09ATLPIT-PIT,KXMLBGAME-25MAY09ATLPIT,Pittsburgh,Pittsburgh,41,43,0.42,83.00,1559.00,yes,1746827425
2025-05-09,KXMLBGAME-25MAY09STLWSH-WSH,KXMLBGAME-25MAY09STLWSH,Washington,St. Louis,49,51,0.5,212.00,2140.00,no,1746828865
2025-05-09,KXMLBGAME-25MAY09CINHOU-HOU,KXMLBGAME-25MAY09CINHOU,Houston,Houston,63,65,0.64,486.00,2763.00,yes,1746832829
2025-05-09,KXMLBGAME-25MAY09CHCNYM-NYM,KXMLBGAME-25MAY09CHCNYM,New York M,New York M,57,58,0.575,780.00,3440.00,yes,1746830431
2025-05-09,KXMLBGAME-25MAY09MIACWS-MIA,KXMLBGAME-25MAY09MIACWS,Miami,Chicago WS,57,58,0.575,647.00,2499.00,no,1746831377
2025-05-09,KXMLBGAME-25MAY09MILTB-TB,KXMLBGAME-25MAY09MILTB,Tampa Bay,Tampa Bay,46,47,0.465,24.00,2468.00,yes,1746829953
2025-05-09,KXMLBGAME-25MAY09SFMIN-SF,KXMLBGAME-25MAY09SFMIN,San Francisco,Minnesota,52,53,0.525,44.00,1012.00,no,1746831376
2025-05-09,KXMLBGAME-25MAY08TORLAA-TOR,KXMLBGAME-25MAY08TORLAA,Toronto,Toronto,56,58,0.57,591.00,8505.00,yes,1746753023
2025-05-09,KXMLBGAME-25MAY08LADAZ-LAD,KXMLBGAME-25MAY08LADAZ,Los Angeles D,Arizona,59,60,0.595,459.00,12314.00,no,1746752065
2025-05-10,KXMLBGAME-25MAY10CHCNYM-NYM,KXMLBGAME-25MAY10CHCNYM,New York M,Chicago C,59,60,0.595,75.00,2386.00,no,1746917784
2025-05-10,KXMLBGAME-25MAY10PHICLE-PHI,KXMLBGAME-25MAY10PHICLE,Philadelphia,Philadelphia,54,55,0.545,218.00,1242.00,yes,1746912388
2025-05-10,KXMLBGAME-25MAY10MIACWS-MIA,KXMLBGAME-25MAY10MIACWS,Miami,Miami,50,51,0.505,593.00,2842.00,yes,1746916366
2025-05-10,KXMLBGAME-25MAY10TEXDET-TEX,KXMLBGAME-25MAY10TEXDET,Texas,Texas,52,53,0.525,517.00,3710.00,yes,1746912868
2025-05-10,KXMLBGAME-25MAY10BOSKC-KC,KXMLBGAME-25MAY10BOSKC,Kansas City,Boston,51,52,0.515,183.00,1476.00,no,1746916365
2025-05-10,KXMLBGAME-25MAY10STLWSH-WSH,KXMLBGAME-25MAY10STLWSH,Washington,St. Louis,48,49,0.485,40.00,403.00,no,1746904336
2025-05-10,KXMLBGAME-25MAY10NYYATH-NYY,KXMLBGAME-25MAY10NYYATH,New York Y,A's,61,62,0.615,709.00,9215.00,no,1746906382
2025-05-10,KXMLBGAME-25MAY10LADAZ-LAD,KXMLBGAME-25MAY10LADAZ,Los Angeles D,Arizona,49,50,0.495,5039.00,12310.00,no,1746918385
2025-05-10,KXMLBGAME-25MAY10SDCOL-SD,KXMLBGAME-25MAY10SDCOL,San Diego,San Diego,68,69,0.685,647.00,8675.00,yes,1746919952
2025-05-10,KXMLBGAME-25MAY10MILTB-TB,KXMLBGAME-25MAY10MILTB,Tampa Bay,Tampa Bay,51,52,0.515,50.00,867.00,yes,1746908296
2025-05-10,KXMLBGAME-25MAY10CINHOU-HOU,KXMLBGAME-25MAY10CINHOU,Houston,Cincinnati,53,54,0.535,7790.00,10132.00,no,1746918384
2025-05-10,KXMLBGAME-25MAY10ATLPIT-PIT,KXMLBGAME-25MAY10ATLPIT,Pittsburgh,Atlanta,38,39,0.385,1737.00,4122.00,no,1746906863
2025-05-10,KXMLBGAME-25MAY10SFMIN-SF,KXMLBGAME-25MAY10SFMIN,San Francisco,Minnesota,52,53,0.525,332.00,3724.00,no,1746914314
2025-05-10,KXMLBGAME-25MAY09TORSEA-TOR,KXMLBGAME-25MAY09TORSEA,Toronto,Toronto,42,43,0.425,0.00,1243.00,yes,1746839305
2025-05-10,KXMLBGAME-25MAY09NYYATH-NYY,KXMLBGAME-25MAY09NYYATH,New York Y,New York Y,58,60,0.59,8843.00,10595.00,yes,1746840957
2025-05-10,KXMLBGAME-25MAY09BALLAA-LAA,KXMLBGAME-25MAY09BALLAA,Los Angeles A,Baltimore,43,45,0.44,64.00,1702.00,no,1746839788
2025-05-10,KXMLBGAME-25MAY09SDCOL-SD,KXMLBGAME-25MAY09SDCOL,San Diego,San Diego,62,64,0.63,980.00,21866.00,yes,1746837378
2025-05-10,KXMLBGAME-25MAY09LADAZ-LAD,KXMLBGAME-25MAY09LADAZ,Los Angeles D,Los Angeles D,48,49,0.485,4237.00,17828.00,yes,1746841337
2025-05-11,KXMLBGAME-25MAY11BALLAA-LAA,KXMLBGAME-25MAY11BALLAA,Los Angeles A,Baltimore,43,44,0.435,489.00,1862.00,no,1746991985
2025-05-11,KXMLBGAME-25MAY11CHCNYM-NYM,KXMLBGAME-25MAY11CHCNYM,New York M,New York M,51,53,0.52,3517.00,7092.00,yes,1746977072
2025-05-11,KXMLBGAME-25MAY11ATLPIT-PIT,KXMLBGAME-25MAY11ATLPIT,Pittsburgh,Pittsburgh,31,33,0.32,374.00,566.00,yes,1746983065
2025-05-11,KXMLBGAME-25MAY11TORSEA-TOR,KXMLBGAME-25MAY11TORSEA,Toronto,Toronto,37,38,0.375,335.00,732.00,yes,1746991456
2025-05-11,KXMLBGAME-25MAY11MIACWS-MIA,KXMLBGAME-25MAY11MIACWS,Miami,Chicago WS,55,57,0.56,0.00,545.00,no,1746984509
2025-05-11,KXMLBGAME-25MAY11CINHOU-HOU,KXMLBGAME-25MAY11CINHOU,Houston,Houston,56,57,0.565,312.00,2505.00,yes,1746984508
2025-05-11,KXMLBGAME-25MAY11BOSKC-KC,KXMLBGAME-25MAY11BOSKC,Kansas City,Boston,55,57,0.56,374.00,5575.00,no,1746983547
2025-05-11,KXMLBGAME-25MAY11NYYATH-NYY,KXMLBGAME-25MAY11NYYATH,New York Y,New York Y,58,59,0.585,309.00,4620.00,yes,1746991984
2025-05-11,KXMLBGAME-25MAY11SFMIN-SF,KXMLBGAME-25MAY11SFMIN,San Francisco,Minnesota,40,42,0.41,328.00,889.00,no,1746986062
2025-05-11,KXMLBGAME-25MAY11PHICLE-PHI,KXMLBGAME-25MAY11PHICLE,Philadelphia,Philadelphia,60,61,0.605,748.00,2027.00,yes,1747001908
2025-05-11,KXMLBGAME-25MAY11STLWSH-WSH,KXMLBGAME-25MAY11STLWSH,Washington,St. Louis,55,57,0.56,1096.00,1891.00,no,1746981507
2025-05-11,KXMLBGAME-25MAY11SDCOL-SD,KXMLBGAME-25MAY11SDCOL,San Diego,Colorado,73,74,0.735,9454.00,11976.00,no,1746987010
2025-05-11,KXMLBGAME-25MAY11TEXDET-TEX,KXMLBGAME-25MAY11TEXDET,Texas,Texas,45,47,0.46,251.00,4851.00,yes,1746983066
2025-05-11,KXMLBGAME-25MAY11LADAZ-LAD,KXMLBGAME-25MAY11LADAZ,Los Angeles D,Los Angeles D,52,53,0.525,7032.00,9246.00,yes,1746992537
2025-05-11,KXMLBGAME-25MAY11MILTB-TB,KXMLBGAME-25MAY11MILTB,Tampa Bay,Milwaukee,55,57,0.56,151.00,829.00,no,1746984510
2025-05-11,KXMLBGAME-25MAY10BALLAA-LAA,KXMLBGAME-25MAY10BALLAA,Los Angeles A,Los Angeles A,44,45,0.445,290.00,2267.00,yes,1746925347
2025-05-11,KXMLBGAME-25MAY10TORSEA-TOR,KXMLBGAME-25MAY10TORSEA,Toronto,Toronto,44,45,0.445,67.00,1135.00,yes,1746925346
2025-05-12,KXMLBGAME-25MAY12COLTEX-COL,KXMLBGAME-25MAY12COLTEX,Colorado,Texas,29,30,0.295,103.00,1771.00,no,1747090943
2025-05-12,KXMLBGAME-25MAY12PITNYM-PIT,KXMLBGAME-25MAY12PITNYM,Pittsburgh,New York M,39,40,0.395,35.00,1516.00,no,1747090461
2025-05-12,KXMLBGAME-25MAY12MIACHC-MIA,KXMLBGAME-25MAY12MIACHC,Miami,Chicago C,29,31,0.3,15.00,451.00,no,1747090460
2025-05-12,KXMLBGAME-25MAY12BOSDET-BOS,KXMLBGAME-25MAY12BOSDET,Boston,Detroit,50,52,0.51,248.00,2722.00,no,1747086858
2025-05-12,KXMLBGAME-25MAY12WSHATL-WSH,KXMLBGAME-25MAY12WSHATL,Washington,Atlanta,35,37,0.36,123.00,905.00,no,1747088436
2025-05-12,KXMLBGAME-25MAY12MILCLE-MIL,KXMLBGAME-25MAY12MILCLE,Milwaukee,Cleveland,51,52,0.515,708.00,2926.00,no,1747085565
2025-05-12,KXMLBGAME-25MAY12STLPHI-STL,KXMLBGAME-25MAY12STLPHI,St. Louis,St. Louis,38,39,0.385,193.00,2904.00,yes,1747086859
2025-05-12,KXMLBGAME-25MAY12KCHOU-KC,KXMLBGAME-25MAY12KCHOU,Kansas City,Kansas City,45,47,0.46,114.00,5357.00,yes,1747092981
2025-05-13,KXMLBGAME-25MAY13MILCLE-MIL,KXMLBGAME-25MAY13MILCLE,Milwaukee,Cleveland,46,47,0.465,2927.00,6354.00,no,1747170138
2025-05-13,KXMLBGAME-25MAY13TBTOR-TOR,KXMLBGAME-25MAY13TBTOR,Toronto,Tampa Bay,55,57,0.56,939.00,1783.00,no,1747176138
2025-05-13,KXMLBGAME-25MAY13COLTEX-TEX,KXMLBGAME-25MAY13COLTEX,Texas,Texas,68,69,0.685,239.00,2907.00,yes,1747178187
2025-05-13,KXMLBGAME-25MAY13PITNYM-PIT,KXMLBGAME-25MAY13PITNYM,Pittsburgh,New York M,30,31,0.305,30.00,653.00,no,1747175189
2025-05-13,KXMLBGAME-25MAY13KCHOU-KC,KXMLBGAME-25MAY13KCHOU,Kansas City,Houston,43,45,0.44,258.00,4073.00,no,1747177104
2025-05-13,KXMLBGAME-25MAY13WSHATL-WSH,KXMLBGAME-25MAY13WSHATL,Washington,Atlanta,33,34,0.335,0.00,698.00,no,1747174704
2025-05-13,KXMLBGAME-25MAY13BOSDET-DET,KXMLBGAME-25MAY13BOSDET,Detroit,Detroit,51,52,0.515,443.00,4473.00,yes,1747177104
2025-05-13,KXMLBGAME-25MAY13MIACHC-MIA,KXMLBGAME-25MAY13MIACHC,Miami,Chicago C,29,30,0.295,61.00,307.00,no,1747177580
2025-05-13,KXMLBGAME-25MAY12AZSF-AZ,KXMLBGAME-25MAY12AZSF,Arizona,Arizona,52,53,0.525,175.00,5636.00,yes,1747096950
2025-05-13,KXMLBGAME-25MAY12NYYSEA-NYY,KXMLBGAME-25MAY12NYYSEA,New York Y,New York Y,56,57,0.565,502.00,3006.00,yes,1747099459
2025-05-13,KXMLBGAME-25MAY12LAASD-LAA,KXMLBGAME-25MAY12LAASD,Los Angeles A,Los Angeles A,33,34,0.335,172.00,1845.00,yes,1747098975
2025-05-14,KXMLBGAME-25MAY14BOSDET-DET,KXMLBGAME-25MAY14BOSDET,Detroit,Detroit,68,69,0.685,266.00,1793.00,yes,1747260263
2025-05-14,KXMLBGAME-25MAY14MINBALG1-MIN,KXMLBGAME-25MAY14MINBALG1,Minnesota,Minnesota,49,50,0.495,5369.00,5935.00,yes,1747237831
2025-05-14,KXMLBGAME-25MAY14PITNYM-PIT,KXMLBGAME-25MAY14PITNYM,Pittsburgh,Pittsburgh,28,30,0.29,0.00,916.00,yes,1747263375
2025-05-14,KXMLBGAME-25MAY14NYYSEA-SEA,KXMLBGAME-25MAY14NYYSEA,Seattle,New York Y,48,50,0.49,55.00,1748.00,no,1747251280
2025-05-14,KXMLBGAME-25MAY14STLPHIG1-STL,KXMLBGAME-25MAY14STLPHIG1,St. Louis,Philadelphia,36,38,0.37,44.00,658.00,no,1747239744
2025-05-14,KXMLBGAME-25MAY14COLTEX-COL,KXMLBGAME-25MAY14COLTEX,Colorado,Texas,32,33,0.325,1262.00,1731.00,no,1747265784
2025-05-14,KXMLBGAME-25MAY14CWSCIN-CWS,KXMLBGAME-25MAY14CWSCIN,Chicago WS,Chicago WS,35,37,0.36,182.00,564.00,yes,1747262306
2025-05-14,KXMLBGAME-25MAY14KCHOU-KC,KXMLBGAME-25MAY14KCHOU,Kansas City,Houston,46,47,0.465,559.00,1331.00,no,1747264818
2025-05-14,KXMLBGAME-25MAY14MILCLE-MIL,KXMLBGAME-25MAY14MILCLE,Milwaukee,Milwaukee,47,48,0.475,723.00,1770.00,yes,1747241308
2025-05-14,KXMLBGAME-25MAY14WSHATL-WSH,KXMLBGAME-25MAY14WSHATL,Washington,Washington,38,39,0.385,1004.00,1800.00,yes,1747263865
2025-05-14,KXMLBGAME-25MAY14MIACHC-MIA,KXMLBGAME-25MAY14MIACHC,Miami,Miami,32,34,0.33,0.00,483.00,yes,1747261945
2025-05-14,KXMLBGAME-25MAY14AZSF-AZ,KXMLBGAME-25MAY14AZSF,Arizona,Arizona,50,51,0.505,379.00,1985.00,yes,1747251746
2025-05-14,KXMLBGAME-25MAY14TBTOR-TOR,KXMLBGAME-25MAY14TBTOR,Toronto,Toronto,58,60,0.59,72.00,464.00,yes,1747261349
2025-05-14,KXMLBGAME-25MAY13ATHLAD-ATH,KXMLBGAME-25MAY13ATHLAD,A's,A's,33,34,0.335,374.00,942.00,yes,1747186106
2025-05-14,KXMLBGAME-25MAY13NYYSEA-SEA,KXMLBGAME-25MAY13NYYSEA,Seattle,Seattle,41,43,0.42,246.00,2570.00,yes,1747187055
2025-05-14,KXMLBGAME-25MAY13AZSF-AZ,KXMLBGAME-25MAY13AZSF,Arizona,San Francisco,48,50,0.49,48.00,1198.00,no,1747186107
2025-05-14,KXMLBGAME-25MAY13STLPHI-STL,KXMLBGAME-25MAY13STLPHI,St. Louis,St. Louis,45,47,0.46,435.00,4304.00,yes,1747260855
2025-05-14,KXMLBGAME-25MAY13CWSCIN-CWS,KXMLBGAME-25MAY13CWSCIN,Chicago WS,Chicago WS,32,36,0.34,18.00,1384.00,yes,1747181060
2025-05-14,KXMLBGAME-25MAY13LAASD-SD,KXMLBGAME-25MAY13LAASD,San Diego,San Diego,67,68,0.675,210.00,3417.00,yes,1747184055
2025-05-14,KXMLBGAME-25MAY13MINBAL-MIN,KXMLBGAME-25MAY13MINBAL,Minnesota,Minnesota,47,48,0.475,420.00,10631.00,yes,1747249237
2025-05-15,KXMLBGAME-25MAY15TBTOR-TB,KXMLBGAME-25MAY15TBTOR,Tampa Bay,Tampa Bay,37,39,0.38,1003.00,2177.00,yes,1747333334
2025-05-15,KXMLBGAME-25MAY15WSHATL-WSH,KXMLBGAME-25MAY15WSHATL,Washington,Atlanta,35,36,0.355,739.00,1408.00,no,1747322425
2025-05-15,KXMLBGAME-25MAY15HOUTEX-TEX,KXMLBGAME-25MAY15HOUTEX,Texas,Texas,54,55,0.545,425.00,5843.00,yes,1747349659
2025-05-15,KXMLBGAME-25MAY15CWSCIN-CWS,KXMLBGAME-25MAY15CWSCIN,Chicago WS,Cincinnati,31,32,0.315,221.00,907.00,no,1747323380
2025-05-15,KXMLBGAME-25MAY15MINBAL-MIN,KXMLBGAME-25MAY15MINBAL,Minnesota,Minnesota,46,48,0.47,17390.00,24374.00,yes,1747324836
2025-05-15,KXMLBGAME-25MAY14ATHLAD-LAD,KXMLBGAME-25MAY14ATHLAD,Los Angeles D,Los Angeles D,70,72,0.71,204.00,2035.00,yes,1747272255
2025-05-15,KXMLBGAME-25MAY14LAASD-LAA,KXMLBGAME-25MAY14LAASD,Los Angeles A,San Diego,37,39,0.38,68.00,932.00,no,1747269755
2025-05-16,KXMLBGAME-25MAY16HOUTEX-HOU,KXMLBGAME-25MAY16HOUTEX,Houston,Houston,35,36,0.355,244.00,1574.00,yes,1747439183
2025-05-16,KXMLBGAME-25MAY16ATLBOS-ATL,KXMLBGAME-25MAY16ATLBOS,Atlanta,Atlanta,47,49,0.48,128.00,1328.00,yes,1747434745
2025-05-16,KXMLBGAME-25MAY16CWSCHC-CWS,KXMLBGAME-25MAY16CWSCHC,Chicago WS,Chicago C,32,33,0.325,2194.00,5014.00,no,1747417823
2025-05-16,KXMLBGAME-25MAY16WSHBAL-WSH,KXMLBGAME-25MAY16WSHBAL,Washington,Washington,46,47,0.465,720.00,4681.00,yes,1747437142
2025-05-16,KXMLBGAME-25MAY16NYMNYY-NYY,KXMLBGAME-25MAY16NYMNYY,New York Y,New York Y,58,59,0.585,971.00,4441.00,yes,1747435697
2025-05-16,KXMLBGAME-25MAY16MINMIL-MIN,KXMLBGAME-25MAY16MINMIL,Minnesota,Minnesota,50,52,0.51,1102.00,1781.00,yes,1747438100
2025-05-16,KXMLBGAME-25MAY16TBMIA-TB,KXMLBGAME-25MAY16TBMIA,Tampa Bay,Miami,53,55,0.54,431.00,1524.00,no,1747435231
2025-05-16,KXMLBGAME-25MAY16DETTOR-TOR,KXMLBGAME-25MAY16DETTOR,Toronto,Detroit,46,48,0.47,1076.00,3188.00,no,1747435697
2025-05-16,KXMLBGAME-25MAY16STLKC-STL,KXMLBGAME-25MAY16STLKC,St. Louis,St. Louis,41,42,0.415,302.00,1697.00,yes,1747438101
2025-05-16,KXMLBGAME-25MAY16CLECIN-CLE,KXMLBGAME-25MAY16CLECIN,Cleveland,Cincinnati,52,53,0.525,1402.00,4364.00,no,1747426220
2025-05-16,KXMLBGAME-25MAY15ATHLAD-LAD,KXMLBGAME-25MAY15ATHLAD,Los Angeles D,Los Angeles D,68,69,0.685,3109.00,10486.00,yes,1747359620
2025-05-17,KXMLBGAME-25MAY17CLECIN-CLE,KXMLBGAME-25MAY17CLECIN,Cleveland,Cincinnati,51,53,0.52,758.00,1231.00,no,1747517665
2025-05-17,KXMLBGAME-25MAY17TBMIA-TB,KXMLBGAME-25MAY17TBMIA,Tampa Bay,Tampa Bay,58,59,0.585,74.00,1962.00,yes,1747509630
2025-05-17,KXMLBGAME-25MAY17STLKC-STL,KXMLBGAME-25MAY17STLKC,St. Louis,St. Louis,48,49,0.485,185.00,15139.00,yes,1747520181
2025-05-17,KXMLBGAME-25MAY17CWSCHC-CWS,KXMLBGAME-25MAY17CWSCHC,Chicago WS,Chicago C,27,28,0.275,770.00,1359.00,no,1747504223
2025-05-17,KXMLBGAME-25MAY17PITPHI-PIT,KXMLBGAME-25MAY17PITPHI,Pittsburgh,Philadelphia,25,27,0.26,1854.00,3462.00,no,1747517182
2025-05-17,KXMLBGAME-25MAY17MINMIL-MIN,KXMLBGAME-25MAY17MINMIL,Minnesota,Minnesota,52,54,0.53,914.00,3507.00,yes,1747522107
2025-05-17,KXMLBGAME-25MAY17DETTOR-TOR,KXMLBGAME-25MAY17DETTOR,Toronto,Toronto,43,45,0.44,54.00,1109.00,yes,1747505666
2025-05-17,KXMLBGAME-25MAY17NYMNYY-NYM,KXMLBGAME-25MAY17NYMNYY,New York M,New York M,46,47,0.465,12022.00,17274.00,yes,1747500740
2025-05-17,KXMLBGAME-25MAY17HOUTEX-TEX,KXMLBGAME-25MAY17HOUTEX,Texas,Texas,51,53,0.52,1326.00,4356.00,yes,1747520182
2025-05-17,KXMLBGAME-25MAY17ATLBOS-BOS,KXMLBGAME-25MAY17ATLBOS,Boston,Boston,51,53,0.52,489.00,3983.00,yes,1747522106
2025-05-17,KXMLBGAME-25MAY17WSHBAL-WSH,KXMLBGAME-25MAY17WSHBAL,Washington,Washington,43,44,0.435,1087.00,4683.00,yes,1747510703
2025-05-17,KXMLBGAME-25MAY16SEASD-SEA,KXMLBGAME-25MAY16SEASD,Seattle,Seattle,38,40,0.39,460.00,2936.00,yes,1747445114
2025-05-17,KXMLBGAME-25MAY16LAALAD-LAA,KXMLBGAME-25MAY16LAALAD,Los Angeles A,Los Angeles A,25,27,0.26,130.00,2579.00,yes,1747446140
2025-05-17,KXMLBGAME-25MAY16PITPHI-PIT,KXMLBGAME-25MAY16PITPHI,Pittsburgh,Philadelphia,29,33,0.31,422.00,3883.00,no,1747440625
2025-05-17,KXMLBGAME-25MAY16COLAZ-COL,KXMLBGAME-25MAY16COLAZ,Colorado,Arizona,22,23,0.225,215.00,1948.00,no,1747445114
2025-05-17,KXMLBGAME-25MAY16ATHSF-SF,KXMLBGAME-25MAY16ATHSF,San Francisco,San Francisco,63,64,0.635,138.00,1687.00,yes,1747445542
2025-05-18,KXMLBGAME-25MAY18WSHBAL-WSH,KXMLBGAME-25MAY18WSHBAL,Washington,Washington,37,38,0.375,1850.00,3238.00,yes,1747587629
2025-05-18,KXMLBGAME-25MAY18TBMIA-TB,KXMLBGAME-25MAY18TBMIA,Tampa Bay,Miami,59,61,0.6,7.00,101.00,no,1747586659
2025-05-18,KXMLBGAME-25MAY18COLAZ-COL,KXMLBGAME-25MAY18COLAZ,Colorado,Arizona,26,27,0.265,75.00,1286.00,no,1747596142
2025-05-18,KXMLBGAME-25MAY18LAALAD-LAA,KXMLBGAME-25MAY18LAALAD,Los Angeles A,Los Angeles A,31,32,0.315,150.00,1391.00,yes,1747598177
2025-05-18,KXMLBGAME-25MAY18SEASD-SEA,KXMLBGAME-25MAY18SEASD,Seattle,Seattle,43,44,0.435,311.00,1582.00,yes,1747596750
2025-05-18,KXMLBGAME-25MAY18MINMIL-MIN,KXMLBGAME-25MAY18MINMIL,Minnesota,Milwaukee,44,46,0.45,293.00,3083.00,no,1747588102
2025-05-18,KXMLBGAME-25MAY18ATHSF-SF,KXMLBGAME-25MAY18ATHSF,San Francisco,San Francisco,57,59,0.58,551.00,1963.00,yes,1747595186
2025-05-18,KXMLBGAME-25MAY18NYMNYY-NYY,KXMLBGAME-25MAY18NYMNYY,New York Y,New York Y,61,62,0.615,26612.00,43891.00,yes,1747609241
2025-05-18,KXMLBGAME-25MAY18STLKC-STL,KXMLBGAME-25MAY18STLKC,St. Louis,Kansas City,51,53,0.52,5267.00,5576.00,no,1747588590
2025-05-18,KXMLBGAME-25MAY18ATLBOS-BOS,KXMLBGAME-25MAY18ATLBOS,Boston,Atlanta,47,48,0.475,948.00,2693.00,no,1747586658
2025-05-18,KXMLBGAME-25MAY18PITPHI-PIT,KXMLBGAME-25MAY18PITPHI,Pittsburgh,Philadelphia,49,50,0.495,560.00,784.00,no,1747585222
2025-05-18,KXMLBGAME-25MAY18HOUTEX-HOU,KXMLBGAME-25MAY18HOUTEX,Houston,Houston,51,52,0.515,278.00,3004.00,yes,1747585701
2025-05-18,KXMLBGAME-25MAY18DETTOR-TOR,KXMLBGAME-25MAY18DETTOR,Toronto,Detroit,51,53,0.52,1272.00,2327.00,no,1747587630
2025-05-18,KXMLBGAME-25MAY18CLECIN-CLE,KXMLBGAME-25MAY18CLECIN,Cleveland,Cincinnati,44,45,0.445,193.00,1272.00,no,1747588102
2025-05-18,KXMLBGAME-25MAY18CWSCHC-CWS,KXMLBGAME-25MAY18CWSCHC,Chicago WS,Chicago C,30,31,0.305,346.00,1473.00,no,1747590149
2025-05-18,KXMLBGAME-25MAY17SEASD-SEA,KXMLBGAME-25MAY17SEASD,Seattle,Seattle,35,37,0.36,1286.00,4080.00,yes,1747526666
2025-05-18,KXMLBGAME-25MAY17COLAZ-COL,KXMLBGAME-25MAY17COLAZ,Colorado,Colorado,23,24,0.235,180.00,5647.00,yes,1747527639
2025-05-18,KXMLBGAME-25MAY17LAALAD-LAA,KXMLBGAME-25MAY17LAALAD,Los Angeles A,Los Angeles A,31,32,0.315,368.00,1217.00,yes,1747531704
2025-05-18,KXMLBGAME-25MAY17ATHSF-ATH,KXMLBGAME-25MAY17ATHSF,A's,San Francisco,40,42,0.41,215.00,882.00,no,1747527142
2025-05-19,KXMLBGAME-25MAY19NYMBOS-NYM,KXMLBGAME-25MAY19NYMBOS,New York M,Boston,52,53,0.525,9384.00,18880.00,no,1747692254
2025-05-19,KXMLBGAME-25MAY19HOUTB-HOU,KXMLBGAME-25MAY19HOUTB,Houston,Houston,43,45,0.44,612.00,2734.00,yes,1747692740
2025-05-19,KXMLBGAME-25MAY19CHCMIA-CHC,KXMLBGAME-25MAY19CHCMIA,Chicago C,Miami,61,62,0.615,3737.00,15622.00,no,1747692739
2025-05-19,KXMLBGAME-25MAY19DETSTL-STL,KXMLBGAME-25MAY19DETSTL,St. Louis,St. Louis,58,60,0.59,484.00,1743.00,yes,1747698262
2025-05-19,KXMLBGAME-25MAY19CINPIT-PIT,KXMLBGAME-25MAY19CINPIT,Pittsburgh,Cincinnati,47,49,0.48,1509.00,3974.00,no,1747692252
2025-05-19,KXMLBGAME-25MAY19SEACWS-SEA,KXMLBGAME-25MAY19SEACWS,Seattle,Seattle,62,64,0.63,4095.00,7432.00,yes,1747695256
2025-05-19,KXMLBGAME-25MAY19BALMIL-MIL,KXMLBGAME-25MAY19BALMIL,Milwaukee,Milwaukee,52,53,0.525,552.00,6304.00,yes,1747695745
2025-05-20,KXMLBGAME-25MAY20BALMIL-MIL,KXMLBGAME-25MAY20BALMIL,Milwaukee,Milwaukee,53,55,0.54,1243.00,7099.00,yes,1747782737
2025-05-20,KXMLBGAME-25MAY20CINPIT-PIT,KXMLBGAME-25MAY20CINPIT,Pittsburgh,Pittsburgh,41,43,0.42,639.00,1489.00,yes,1747777220
2025-05-20,KXMLBGAME-25MAY20DETSTL-STL,KXMLBGAME-25MAY20DETSTL,St. Louis,Detroit,37,39,0.38,3136.00,4436.00,no,1747780826
2025-05-20,KXMLBGAME-25MAY20HOUTB-TB,KXMLBGAME-25MAY20HOUTB,Tampa Bay,Tampa Bay,56,57,0.565,3.00,2611.00,yes,1747780585
2025-05-20,KXMLBGAME-25MAY20ATLWSH-WSH,KXMLBGAME-25MAY20ATLWSH,Washington,Washington,36,38,0.37,1032.00,4143.00,yes,1747777696
2025-05-20,KXMLBGAME-25MAY20SDTOR-TOR,KXMLBGAME-25MAY20SDTOR,Toronto,Toronto,49,50,0.495,47.00,993.00,yes,1747778540
2025-05-20,KXMLBGAME-25MAY20NYMBOS-NYM,KXMLBGAME-25MAY20NYMBOS,New York M,Boston,56,57,0.565,1662.00,4107.00,no,1747778178
2025-05-20,KXMLBGAME-25MAY20TEXNYY-TEX,KXMLBGAME-25MAY20TEXNYY,Texas,New York Y,33,34,0.335,549.00,3175.00,no,1747780459
2025-05-20,KXMLBGAME-25MAY20CHCMIA-MIA,KXMLBGAME-25MAY20CHCMIA,Miami,Chicago C,43,44,0.435,294.00,4018.00,no,1747777824
2025-05-20,KXMLBGAME-25MAY19LAAATH-LAA,KXMLBGAME-25MAY19LAAATH,Los Angeles A,Los Angeles A,44,45,0.445,1096.00,6825.00,yes,1747704906
2025-05-20,KXMLBGAME-25MAY19PHICOL-PHI,KXMLBGAME-25MAY19PHICOL,Philadelphia,Philadelphia,67,69,0.68,1323.00,19864.00,yes,1747699705
2025-05-20,KXMLBGAME-25MAY19KCSF-SF,KXMLBGAME-25MAY19KCSF,San Francisco,Kansas City,56,57,0.565,446.00,3976.00,no,1747702232
2025-05-20,KXMLBGAME-25MAY19AZLAD-AZ,KXMLBGAME-25MAY19AZLAD,Arizona,Arizona,41,43,0.42,35.00,1702.00,yes,1747705219
2025-05-21,KXMLBGAME-25MAY21PHICOL-PHI,KXMLBGAME-25MAY21PHICOL,Philadelphia,Philadelphia,65,66,0.655,2395.00,20910.00,yes,1747871663
2025-05-21,KXMLBGAME-25MAY21CLEMING2-MIN,KXMLBGAME-25MAY21CLEMING2,Minnesota,Cleveland,55,56,0.555,168.00,1090.00,no,1747854978
2025-05-21,KXMLBGAME-25MAY21DETSTL-STL,KXMLBGAME-25MAY21DETSTL,St. Louis,Detroit,51,52,0.515,1545.00,1923.00,no,1747845512
2025-05-21,KXMLBGAME-25MAY21SEACWS-SEA,KXMLBGAME-25MAY21SEACWS,Seattle,Seattle,58,59,0.585,3941.00,9075.00,yes,1747848924
2025-05-21,KXMLBGAME-25MAY21BALMIL-MIL,KXMLBGAME-25MAY21BALMIL,Milwaukee,Baltimore,50,52,0.51,2316.00,6706.00,no,1747847911
2025-05-21,KXMLBGAME-25MAY21KCSF-KC,KXMLBGAME-25MAY21KCSF,Kansas City,Kansas City,34,35,0.345,408.00,2168.00,yes,1747854269
2025-05-21,KXMLBGAME-25MAY21NYMBOS-NYM,KXMLBGAME-25MAY21NYMBOS,New York M,New York M,42,43,0.425,6168.00,12318.00,yes,1747865904
2025-05-21,KXMLBGAME-25MAY21SDTOR-SD,KXMLBGAME-25MAY21SDTOR,San Diego,Toronto,40,41,0.405,1287.00,3668.00,no,1747866496
2025-05-21,KXMLBGAME-25MAY21CINPIT-PIT,KXMLBGAME-25MAY21CINPIT,Pittsburgh,Pittsburgh,42,44,0.43,2865.00,5000.00,yes,1747842384
2025-05-21,KXMLBGAME-25MAY21TEXNYY-TEX,KXMLBGAME-25MAY21TEXNYY,Texas,New York Y,47,48,0.475,1071.00,2552.00,no,1747867935
2025-05-21,KXMLBGAME-25MAY21CHCMIA-CHC,KXMLBGAME-25MAY21CHCMIA,Chicago C,Chicago C,57,58,0.575,2618.00,5458.00,yes,1747844664
2025-05-21,KXMLBGAME-25MAY21HOUTB-TB,KXMLBGAME-25MAY21HOUTB,Tampa Bay,Tampa Bay,39,41,0.4,681.00,814.00,yes,1747844902
2025-05-21,KXMLBGAME-25MAY20SEACWS-SEA,KXMLBGAME-25MAY20SEACWS,Seattle,Chicago WS,58,65,0.615,3184.00,10005.00,no,1747786699
2025-05-21,KXMLBGAME-25MAY20PHICOL-PHI,KXMLBGAME-25MAY20PHICOL,Philadelphia,Philadelphia,71,72,0.715,855.00,8228.00,yes,1747785638
2025-05-21,KXMLBGAME-25MAY20AZLAD-LAD,KXMLBGAME-25MAY20AZLAD,Los Angeles D,Los Angeles D,68,69,0.685,3101.00,5503.00,yes,1747791980
2025-05-21,KXMLBGAME-25MAY20KCSF-KC,KXMLBGAME-25MAY20KCSF,Kansas City,San Francisco,44,45,0.445,298.00,2220.00,no,1747789215
2025-05-21,KXMLBGAME-25MAY20LAAATH-LAA,KXMLBGAME-25MAY20LAAATH,Los Angeles A,Los Angeles A,38,39,0.385,6218.00,7160.00,yes,1747791332
2025-05-21,KXMLBGAME-25MAY19CLEMIN-MIN,KXMLBGAME-25MAY19CLEMIN,Minnesota,Minnesota,70,72,0.71,3373.00,10140.00,yes,1747843098
2025-05-22,KXMLBGAME-25MAY22SEAHOU-SEA,KXMLBGAME-25MAY22SEAHOU,Seattle,Houston,55,56,0.555,1089.00,3535.00,no,1747957590
2025-05-22,KXMLBGAME-25MAY22PHICOL-PHI,KXMLBGAME-25MAY22PHICOL,Philadelphia,Philadelphia,71,73,0.72,1075.00,13734.00,yes,1747937424
2025-05-22,KXMLBGAME-25MAY22MILPIT-MIL,KXMLBGAME-25MAY22MILPIT,Milwaukee,Milwaukee,71,74,0.725,15182.00,21928.00,yes,1747957947
2025-05-22,KXMLBGAME-25MAY22ATLWSH-ATL,KXMLBGAME-25MAY22ATLWSH,Atlanta,Washington,59,60,0.595,5397.00,7325.00,no,1747952917
2025-05-22,KXMLBGAME-25MAY22CLEDET-CLE,KXMLBGAME-25MAY22CLEDET,Cleveland,Cleveland,44,45,0.445,306.00,1518.00,yes,1747950988
2025-05-22,KXMLBGAME-25MAY22LAAATH-LAA,KXMLBGAME-25MAY22LAAATH,Los Angeles A,Los Angeles A,44,45,0.445,2889.00,23377.00,yes,1747941860
2025-05-22,KXMLBGAME-25MAY22TEXNYY-TEX,KXMLBGAME-25MAY22TEXNYY,Texas,New York Y,40,41,0.405,4582.00,16426.00,no,1747928672
2025-05-22,KXMLBGAME-25MAY22SDTOR-TOR,KXMLBGAME-25MAY22SDTOR,Toronto,Toronto,47,48,0.475,6877.00,19632.00,yes,1747934306
2025-05-22,KXMLBGAME-25MAY21LAAATH-LAA,KXMLBGAME-25MAY21LAAATH,Los Angeles A,Los Angeles A,40,42,0.41,2675.00,6219.00,yes,1747879342
2025-05-22,KXMLBGAME-25MAY21AZLAD-LAD,KXMLBGAME-25MAY21AZLAD,Los Angeles D,Los Angeles D,57,58,0.575,2855.00,8017.00,yes,1747875973
2025-05-23,KXMLBGAME-25MAY23CLEDET-DET,KXMLBGAME-25MAY23CLEDET,Detroit,Cleveland,51,52,0.515,12560.00,19815.00,no,1748038461
2025-05-23,KXMLBGAME-25MAY23SEAHOU-SEA,KXMLBGAME-25MAY23SEAHOU,Seattle,Seattle,48,49,0.485,75.00,1338.00,yes,1748043498
2025-05-23,KXMLBGAME-25MAY23SDATL-SD,KXMLBGAME-25MAY23SDATL,San Diego,San Diego,37,38,0.375,16806.00,27613.00,yes,1748038940
2025-05-23,KXMLBGAME-25MAY23AZSTL-AZ,KXMLBGAME-25MAY23AZSTL,Arizona,St. Louis,51,52,0.515,5081.00,6457.00,no,1748042063
2025-05-23,KXMLBGAME-25MAY23TEXCWS-TEX,KXMLBGAME-25MAY23TEXCWS,Texas,Chicago WS,63,64,0.635,2249.00,12979.00,no,1748040866
2025-05-23,KXMLBGAME-25MAY23TORTB-TOR,KXMLBGAME-25MAY23TORTB,Toronto,Tampa Bay,44,45,0.445,450.00,4192.00,no,1748038711
2025-05-23,KXMLBGAME-25MAY23MILPIT-PIT,KXMLBGAME-25MAY23MILPIT,Pittsburgh,Pittsburgh,52,53,0.525,9953.00,20598.00,yes,1748041338
2025-05-23,KXMLBGAME-25MAY23KCMIN-MIN,KXMLBGAME-25MAY23KCMIN,Minnesota,Minnesota,63,64,0.635,336.00,811.00,yes,1748041339
2025-05-23,KXMLBGAME-25MAY23NYYCOL-NYY,KXMLBGAME-25MAY23NYYCOL,New York Y,Colorado,72,73,0.725,1186.00,21363.00,no,1748043499
2025-05-23,KXMLBGAME-25MAY23CHCCIN-CHC,KXMLBGAME-25MAY23CHCCIN,Chicago C,Chicago C,51,52,0.515,4469.00,14223.00,yes,1748040253
2025-05-23,KXMLBGAME-25MAY23SFWSH-WSH,KXMLBGAME-25MAY23SFWSH,Washington,San Francisco,50,52,0.51,2202.00,3643.00,no,1748037276
2025-05-23,KXMLBGAME-25MAY22BALBOS-BOS,KXMLBGAME-25MAY22BALBOS,Boston,Boston,53,56,0.545,21152.00,48480.00,yes,1748021682
2025-05-24,KXMLBGAME-25MAY24MILPIT-MIL,KXMLBGAME-25MAY24MILPIT,Milwaukee,Pittsburgh,50,51,0.505,695.00,4292.00,no,1748113702
2025-05-24,KXMLBGAME-25MAY24LADNYM-NYM,KXMLBGAME-25MAY24LADNYM,New York M,New York M,51,52,0.515,1458.00,4316.00,yes,1748125459
2025-05-24,KXMLBGAME-25MAY24NYYCOL-NYY,KXMLBGAME-25MAY24NYYCOL,New York Y,New York Y,74,75,0.745,2040.00,24367.00,yes,1748114911
2025-05-24,KXMLBGAME-25MAY24SDATL-SD,KXMLBGAME-25MAY24SDATL,San Diego,Atlanta,49,50,0.495,1401.00,2337.00,no,1748114422
2025-05-24,KXMLBGAME-25MAY24BALBOSG2-BOS,KXMLBGAME-25MAY24BALBOSG2,Boston,Baltimore,54,56,0.55,2965.00,3155.00,no,1748123792
2025-05-24,KXMLBGAME-25MAY24TORTB-TOR,KXMLBGAME-25MAY24TORTB,Toronto,Tampa Bay,47,48,0.475,125.00,349.00,no,1748124045
2025-05-24,KXMLBGAME-25MAY24CHCCIN-CHC,KXMLBGAME-25MAY24CHCCIN,Chicago C,Cincinnati,51,52,0.515,105.00,3012.00,no,1748115638
2025-05-24,KXMLBGAME-25MAY24SEAHOU-SEA,KXMLBGAME-25MAY24SEAHOU,Seattle,Houston,50,51,0.505,4160.00,10604.00,no,1748114673
2025-05-24,KXMLBGAME-25MAY24AZSTL-STL,KXMLBGAME-25MAY24AZSTL,St. Louis,St. Louis,52,54,0.53,433.00,3427.00,yes,1748107597
2025-05-24,KXMLBGAME-25MAY24CLEDET-DET,KXMLBGAME-25MAY24CLEDET,Detroit,Cleveland,57,59,0.58,2218.00,13553.00,no,1748127148
2025-05-24,KXMLBGAME-25MAY24KCMIN-MIN,KXMLBGAME-25MAY24KCMIN,Minnesota,Minnesota,53,54,0.535,1452.00,3885.00,yes,1748108298
2025-05-24,KXMLBGAME-25MAY24SFWSH-SF,KXMLBGAME-25MAY24SFWSH,San Francisco,Washington,59,60,0.595,1643.00,4030.00,no,1748111604
2025-05-24,KXMLBGAME-25MAY24TEXCWS-TEX,KXMLBGAME-25MAY24TEXCWS,Texas,Chicago WS,60,61,0.605,40.00,4495.00,no,1748116345
2025-05-24,KXMLBGAME-25MAY23PHIATH-PHI,KXMLBGAME-25MAY23PHIATH,Philadelphia,Philadelphia,66,67,0.665,1107.00,6669.00,yes,1748049868
2025-05-24,KXMLBGAME-25MAY23LADNYM-NYM,KXMLBGAME-25MAY23LADNYM,New York M,Los Angeles D,47,51,0.49,696.00,14219.00,no,1748050465
2025-05-24,KXMLBGAME-25MAY23BALBOSG2-BAL,KXMLBGAME-25MAY23BALBOSG2,Baltimore,Boston,48,51,0.495,2449.00,22057.00,no,1748106868
2025-05-24,KXMLBGAME-25MAY23MIALAA-MIA,KXMLBGAME-25MAY23MIALAA,Miami,Los Angeles A,40,41,0.405,7.00,1282.00,no,1748048904
2025-05-25,KXMLBGAME-25MAY25BALBOS-BAL,KXMLBGAME-25MAY25BALBOS,Baltimore,Baltimore,44,46,0.45,332.00,343.00,yes,1748191947
2025-05-25,KXMLBGAME-25MAY25CHCCIN-CHC,KXMLBGAME-25MAY25CHCCIN,Chicago C,Chicago C,55,56,0.555,4296.00,5968.00,yes,1748194099
2025-05-25,KXMLBGAME-25MAY25SDATL-SD,KXMLBGAME-25MAY25SDATL,San Diego,San Diego,41,42,0.415,1578.00,1962.00,yes,1748200588
2025-05-25,KXMLBGAME-25MAY25SFWSH-WSH,KXMLBGAME-25MAY25SFWSH,Washington,San Francisco,40,42,0.41,271.00,24910.00,no,1748190760
2025-05-25,KXMLBGAME-25MAY25LADNYM-NYM,KXMLBGAME-25MAY25LADNYM,New York M,New York M,50,52,0.51,1879.00,3096.00,yes,1748211861
2025-05-25,KXMLBGAME-25MAY25TEXCWS-TEX,KXMLBGAME-25MAY25TEXCWS,Texas,Texas,51,52,0.515,601.00,1351.00,yes,1748194098
2025-05-25,KXMLBGAME-25MAY25AZSTL-STL,KXMLBGAME-25MAY25AZSTL,St. Louis,St. Louis,51,54,0.525,641.00,936.00,yes,1748193882
2025-05-25,KXMLBGAME-25MAY25CLEDET-DET,KXMLBGAME-25MAY25CLEDET,Detroit,Detroit,71,73,0.72,3167.00,5079.00,yes,1748183059
2025-05-25,KXMLBGAME-25MAY25SEAHOU-SEA,KXMLBGAME-25MAY25SEAHOU,Seattle,Houston,55,56,0.555,332.00,1100.00,no,1748195300
2025-05-25,KXMLBGAME-25MAY25NYYCOL-NYY,KXMLBGAME-25MAY25NYYCOL,New York Y,New York Y,61,69,0.65,17547.00,70088.00,yes,1748204909
2025-05-25,KXMLBGAME-25MAY25KCMIN-MIN,KXMLBGAME-25MAY25KCMIN,Minnesota,Kansas City,51,52,0.515,254.00,3236.00,no,1748193883
2025-05-25,KXMLBGAME-25MAY25TORTB-TOR,KXMLBGAME-25MAY25TORTB,Toronto,Tampa Bay,49,51,0.5,1634.00,3680.00,no,1748192546
2025-05-25,KXMLBGAME-25MAY25MILPIT-PIT,KXMLBGAME-25MAY25MILPIT,Pittsburgh,Milwaukee,40,41,0.405,343.00,1511.00,no,1748193751
2025-05-25,KXMLBGAME-25MAY25MIALAA-MIA,KXMLBGAME-25MAY25MIALAA,Miami,Miami,49,50,0.495,368.00,1514.00,yes,1748200342
2025-05-25,KXMLBGAME-25MAY25PHIATH-PHI,KXMLBGAME-25MAY25PHIATH,Philadelphia,A's,64,65,0.645,230.00,6525.00,no,1748199868
2025-05-25,KXMLBGAME-25MAY24MIALAA-MIA,KXMLBGAME-25MAY24MIALAA,Miami,Miami,34,35,0.345,3049.00,6388.00,yes,1748136510
2025-05-25,KXMLBGAME-25MAY24PHIATH-PHI,KXMLBGAME-25MAY24PHIATH,Philadelphia,Philadelphia,60,61,0.605,11262.00,14912.00,yes,1748140239
2025-05-26,KXMLBGAME-25MAY26CWSNYM-NYM,KXMLBGAME-25MAY26CWSNYM,New York M,New York M,71,72,0.715,1169.00,3563.00,yes,1748288672
2025-05-26,KXMLBGAME-25MAY26SFDET-SF,KXMLBGAME-25MAY26SFDET,San Francisco,Detroit,50,51,0.505,12627.00,14959.00,no,1748275830
2025-05-26,KXMLBGAME-25MAY26PITAZ-PIT,KXMLBGAME-25MAY26PITAZ,Pittsburgh,Arizona,36,37,0.365,778.00,3054.00,no,1748301254
2025-05-26,KXMLBGAME-25MAY26CINKC-CIN,KXMLBGAME-25MAY26CINKC,Cincinnati,Cincinnati,46,47,0.465,165.00,1579.00,yes,1748287470
2025-05-26,KXMLBGAME-25MAY26STLBAL-STL,KXMLBGAME-25MAY26STLBAL,St. Louis,Baltimore,52,53,0.525,4701.00,62280.00,no,1748282676
2025-05-26,KXMLBGAME-25MAY26LADCLE-LAD,KXMLBGAME-25MAY26LADCLE,Los Angeles D,Los Angeles D,60,61,0.605,3015.00,5847.00,yes,1748295506
2025-05-26,KXMLBGAME-25MAY26COLCHC-COL,KXMLBGAME-25MAY26COLCHC,Colorado,Chicago C,25,26,0.255,1829.00,5436.00,no,1748280260
2025-05-26,KXMLBGAME-25MAY26MINTB-TB,KXMLBGAME-25MAY26MINTB,Tampa Bay,Tampa Bay,51,52,0.515,506.00,1361.00,yes,1748297788
2025-05-26,KXMLBGAME-25MAY26BOSMIL-MIL,KXMLBGAME-25MAY26BOSMIL,Milwaukee,Milwaukee,41,42,0.415,2690.00,51431.00,yes,1748280877
2025-05-26,KXMLBGAME-25MAY26TORTEX-TOR,KXMLBGAME-25MAY26TORTEX,Toronto,Toronto,44,45,0.445,83.00,1844.00,yes,1748286373
2025-05-27,KXMLBGAME-25MAY27ATHHOU-ATH,KXMLBGAME-25MAY27ATHHOU,A's,Houston,31,32,0.315,147.00,2925.00,no,1748388497
2025-05-27,KXMLBGAME-25MAY27CINKC-KC,KXMLBGAME-25MAY27CINKC,Kansas City,Cincinnati,52,54,0.53,1508.00,2499.00,no,1748385989
2025-05-27,KXMLBGAME-25MAY27CWSNYM-NYM,KXMLBGAME-25MAY27CWSNYM,New York M,New York M,71,72,0.715,302.00,2266.00,yes,1748385498
2025-05-27,KXMLBGAME-25MAY27SFDET-SF,KXMLBGAME-25MAY27SFDET,San Francisco,Detroit,51,52,0.515,593.00,2310.00,no,1748381303
2025-05-27,KXMLBGAME-25MAY27TORTEX-TOR,KXMLBGAME-25MAY27TORTEX,Toronto,Texas,42,43,0.425,249.00,937.00,no,1748388259
2025-05-27,KXMLBGAME-25MAY27LADCLE-LAD,KXMLBGAME-25MAY27LADCLE,Los Angeles D,Los Angeles D,54,55,0.545,2886.00,8839.00,yes,1748381901
2025-05-27,KXMLBGAME-25MAY27ATLPHI-ATL,KXMLBGAME-25MAY27ATLPHI,Atlanta,Philadelphia,49,50,0.495,1581.00,6999.00,no,1748383573
2025-05-27,KXMLBGAME-25MAY27COLCHC-COL,KXMLBGAME-25MAY27COLCHC,Colorado,Chicago C,25,26,0.255,147.00,1847.00,no,1748389462
2025-05-27,KXMLBGAME-25MAY27MINTB-MIN,KXMLBGAME-25MAY27MINTB,Minnesota,Minnesota,53,54,0.535,2063.00,4416.00,yes,1748383573
2025-05-27,KXMLBGAME-25MAY27BOSMIL-BOS,KXMLBGAME-25MAY27BOSMIL,Boston,Milwaukee,49,50,0.495,1039.00,2003.00,no,1748388021
2025-05-27,KXMLBGAME-25MAY27STLBAL-STL,KXMLBGAME-25MAY27STLBAL,St. Louis,St. Louis,53,54,0.535,818.00,4046.00,yes,1748383699
2025-05-27,KXMLBGAME-25MAY26NYYLAA-NYY,KXMLBGAME-25MAY26NYYLAA,New York Y,New York Y,62,63,0.625,2260.00,6174.00,yes,1748307030
2025-05-27,KXMLBGAME-25MAY26MIASD-MIA,KXMLBGAME-25MAY26MIASD,Miami,San Diego,40,42,0.41,1281.00,2543.00,no,1748305110
2025-05-28,KXMLBGAME-25MAY28COLCHC-COL,KXMLBGAME-25MAY28COLCHC,Colorado,Chicago C,24,25,0.245,247.00,1092.00,no,1748473349
2025-05-28,KXMLBGAME-25MAY28ATHHOU-ATH,KXMLBGAME-25MAY28ATHHOU,A's,Houston,43,44,0.435,218.00,749.00,no,1748453690
2025-05-28,KXMLBGAME-25MAY28TORTEX-TOR,KXMLBGAME-25MAY28TORTEX,Toronto,Toronto,44,45,0.445,58.00,2840.00,yes,1748474311
2025-05-28,KXMLBGAME-25MAY28MINTB-TB,KXMLBGAME-25MAY28MINTB,Tampa Bay,Tampa Bay,53,54,0.535,2385.00,2748.00,yes,1748448870
2025-05-28,KXMLBGAME-25MAY28MIASD-SD,KXMLBGAME-25MAY28MIASD,San Diego,Miami,58,59,0.585,4400.00,6322.00,no,1748460383
2025-05-28,KXMLBGAME-25MAY28SFDET-SF,KXMLBGAME-25MAY28SFDET,San Francisco,Detroit,48,49,0.485,2107.00,2723.00,no,1748450073
2025-05-28,KXMLBGAME-25MAY28CINKC-KC,KXMLBGAME-25MAY28CINKC,Kansas City,Kansas City,47,48,0.475,383.00,2162.00,yes,1748472512
2025-05-28,KXMLBGAME-25MAY28STLBAL-STL,KXMLBGAME-25MAY28STLBAL,St. Louis,St. Louis,49,50,0.495,6446.00,37021.00,yes,1748472511
2025-05-28,KXMLBGAME-25MAY28PITAZ-PIT,KXMLBGAME-25MAY28PITAZ,Pittsburgh,Pittsburgh,44,45,0.445,1174.00,1872.00,yes,1748458713
2025-05-28,KXMLBGAME-25MAY28BOSMIL-MIL,KXMLBGAME-25MAY28BOSMIL,Milwaukee,Milwaukee,58,59,0.585,3616.00,5999.00,yes,1748452817
2025-05-28,KXMLBGAME-25MAY28CWSNYM-NYM,KXMLBGAME-25MAY28CWSNYM,New York M,Chicago WS,68,69,0.685,2318.00,7705.00,no,1748452226
2025-05-28,KXMLBGAME-25MAY28LADCLE-LAD,KXMLBGAME-25MAY28LADCLE,Los Angeles D,Cleveland,61,62,0.615,1107.00,13023.00,no,1748449591
2025-05-28,KXMLBGAME-25MAY27PITAZ-PIT,KXMLBGAME-25MAY27PITAZ,Pittsburgh,Pittsburgh,29,30,0.295,3.00,1085.00,yes,1748394630
2025-05-28,KXMLBGAME-25MAY27NYYLAA-NYY,KXMLBGAME-25MAY27NYYLAA,New York Y,New York Y,65,66,0.655,644.00,2417.00,yes,1748394031
2025-05-28,KXMLBGAME-25MAY27WSHSEA-WSH,KXMLBGAME-25MAY27WSHSEA,Washington,Seattle,39,40,0.395,45.00,517.00,no,1748392703
2025-05-28,KXMLBGAME-25MAY27MIASD-SD,KXMLBGAME-25MAY27MIASD,San Diego,San Diego,60,61,0.605,1412.00,3667.00,yes,1748394978
2025-05-29,KXMLBGAME-25MAY29ATHTOR-TOR,KXMLBGAME-25MAY29ATHTOR,Toronto,Toronto,60,61,0.605,5093.00,8723.00,yes,1748557974
2025-05-29,KXMLBGAME-25MAY29ATLPHIG2-PHI,KXMLBGAME-25MAY29ATLPHIG2,Philadelphia,Atlanta,47,48,0.475,8104.00,20191.00,no,1748557961
2025-05-29,KXMLBGAME-25MAY28NYYLAA-NYY,KXMLBGAME-25MAY28NYYLAA,New York Y,New York Y,60,61,0.605,948.00,4407.00,yes,1748480788
2025-05-29,KXMLBGAME-25MAY28ATLPHI-PHI,KXMLBGAME-25MAY28ATLPHI,Philadelphia,Philadelphia,59,60,0.595,4269.00,13311.00,yes,1748537178
2025-05-29,KXMLBGAME-25MAY28WSHSEA-WSH,KXMLBGAME-25MAY28WSHSEA,Washington,Washington,33,34,0.335,39.00,816.00,yes,1748479217
2025-05-30,KXMLBGAME-25MAY30STLTEX-TEX,KXMLBGAME-25MAY30STLTEX,Texas,Texas,45,46,0.455,0.00,642.00,yes,1748647574
2025-05-30,KXMLBGAME-25MAY30TBHOU-TB,KXMLBGAME-25MAY30TBHOU,Tampa Bay,Houston,41,42,0.415,324.00,1045.00,no,1748645796
2025-05-30,KXMLBGAME-25MAY30DETKC-DET,KXMLBGAME-25MAY30DETKC,Detroit,Detroit,53,54,0.535,1370.00,11899.00,yes,1748649160
2025-05-30,KXMLBGAME-25MAY30CWSBAL-CWS,KXMLBGAME-25MAY30CWSBAL,Chicago WS,Baltimore,34,35,0.345,2665.00,3822.00,no,1748634039
2025-05-30,KXMLBGAME-25MAY30CINCHC-CIN,KXMLBGAME-25MAY30CINCHC,Cincinnati,Cincinnati,39,40,0.395,2248.00,10174.00,yes,1748625759
2025-05-30,KXMLBGAME-25MAY30ATHTOR-TOR,KXMLBGAME-25MAY30ATHTOR,Toronto,Toronto,62,63,0.625,679.00,4043.00,yes,1748645191
2025-05-30,KXMLBGAME-25MAY30LAACLE-LAA,KXMLBGAME-25MAY30LAACLE,Los Angeles A,Los Angeles A,43,44,0.435,812.00,2154.00,yes,1748645555
2025-05-30,KXMLBGAME-25MAY30SFMIA-SF,KXMLBGAME-25MAY30SFMIA,San Francisco,San Francisco,59,60,0.595,8129.00,10176.00,yes,1748644412
2025-05-30,KXMLBGAME-25MAY30COLNYM-COL,KXMLBGAME-25MAY30COLNYM,Colorado,New York M,25,26,0.255,549.00,1477.00,no,1748642801
2025-05-30,KXMLBGAME-25MAY30MILPHI-MIL,KXMLBGAME-25MAY30MILPHI,Milwaukee,Milwaukee,46,47,0.465,10319.00,11341.00,yes,1748642192
2025-05-30,KXMLBGAME-25MAY30BOSATL-BOS,KXMLBGAME-25MAY30BOSATL,Boston,Boston,38,40,0.39,155.00,6822.00,yes,1748647575
2025-05-30,KXMLBGAME-25MAY29TBHOU-TB,KXMLBGAME-25MAY29TBHOU,Tampa Bay,Tampa Bay,48,49,0.485,371.00,4258.00,yes,1748563346
2025-05-30,KXMLBGAME-25MAY29WSHSEA-WSH,KXMLBGAME-25MAY29WSHSEA,Washington,Washington,47,49,0.48,529.00,4471.00,yes,1748568259
2025-05-31,KXMLBGAME-25MAY31STLTEX-STL,KXMLBGAME-25MAY31STLTEX,St. Louis,St. Louis,57,58,0.575,454.00,1806.00,yes,1748718744
2025-05-31,KXMLBGAME-25MAY31MILPHI-PHI,KXMLBGAME-25MAY31MILPHI,Philadelphia,Milwaukee,62,63,0.625,2567.00,4798.00,no,1748719475
2025-05-31,KXMLBGAME-25MAY31COLNYM-NYM,KXMLBGAME-25MAY31COLNYM,New York M,New York M,76,77,0.765,722.00,10263.00,yes,1748718874
2025-05-31,KXMLBGAME-25MAY31LAACLE-LAA,KXMLBGAME-25MAY31LAACLE,Los Angeles A,Cleveland,39,40,0.395,331.00,3875.00,no,1748720297
2025-05-31,KXMLBGAME-25MAY31CWSBAL-CWS,KXMLBGAME-25MAY31CWSBAL,Chicago WS,Baltimore,39,40,0.395,209.00,3685.00,no,1748719477
2025-05-31,KXMLBGAME-25MAY31ATHTOR-ATH,KXMLBGAME-25MAY31ATHTOR,A's,Toronto,41,42,0.415,33.00,1291.00,no,1748715988
2025-05-31,KXMLBGAME-25MAY31DETKC-DET,KXMLBGAME-25MAY31DETKC,Detroit,Kansas City,62,63,0.625,1124.00,1849.00,no,1748717783
2025-05-31,KXMLBGAME-25MAY31CINCHC-CIN,KXMLBGAME-25MAY31CINCHC,Cincinnati,Chicago C,37,39,0.38,2753.00,5651.00,no,1748712053
2025-05-31,KXMLBGAME-25MAY31NYYLAD-NYY,KXMLBGAME-25MAY31NYYLAD,New York Y,Los Angeles D,52,53,0.525,905.00,4241.00,no,1748732314
2025-05-31,KXMLBGAME-25MAY31MINSEA-SEA,KXMLBGAME-25MAY31MINSEA,Seattle,Seattle,50,51,0.505,4917.00,7002.00,yes,1748735443
2025-05-31,KXMLBGAME-25MAY31SFMIA-SF,KXMLBGAME-25MAY31SFMIA,San Francisco,Miami,56,58,0.57,2344.00,4469.00,no,1748718140
2025-05-31,KXMLBGAME-25MAY31BOSATL-BOS,KXMLBGAME-25MAY31BOSATL,Boston,Atlanta,37,38,0.375,20.00,2481.00,no,1748718384
2025-05-31,KXMLBGAME-25MAY31TBHOU-TB,KXMLBGAME-25MAY31TBHOU,Tampa Bay,Tampa Bay,45,46,0.455,8.00,4211.00,yes,1748719476
2025-05-31,KXMLBGAME-25MAY30WSHAZ-WSH,KXMLBGAME-25MAY30WSHAZ,Washington,Washington,34,35,0.345,3562.00,14238.00,yes,1748654658
2025-05-31,KXMLBGAME-25MAY30MINSEA-SEA,KXMLBGAME-25MAY30MINSEA,Seattle,Minnesota,58,59,0.585,599.00,10273.00,no,1748655638
2025-05-31,KXMLBGAME-25MAY30PITSD-SD,KXMLBGAME-25MAY30PITSD,San Diego,San Diego,63,64,0.635,20652.00,25513.00,yes,1748651183
2025-05-31,KXMLBGAME-25MAY30NYYLAD-NYY,KXMLBGAME-25MAY30NYYLAD,New York Y,Los Angeles D,55,56,0.555,1537.00,12201.00,no,1748655748
2025-06-01,KXMLBGAME-25JUN01MINSEA-SEA,KXMLBGAME-25JUN01MINSEA,Seattle,Seattle,55,56,0.555,401.00,1756.00,yes,1748805376
2025-06-01,KXMLBGAME-25JUN01PITSD-SD,KXMLBGAME-25JUN01PITSD,San Diego,San Diego,57,58,0.575,2666.00,5497.00,yes,1748810550
2025-06-01,KXMLBGAME-25JUN01CINCHC-CIN,KXMLBGAME-25JUN01CINCHC,Cincinnati,Chicago C,40,41,0.405,160.00,2344.00,no,1748799498
2025-06-01,KXMLBGAME-25JUN01SFMIA-SF,KXMLBGAME-25JUN01SFMIA,San Francisco,San Francisco,52,53,0.525,9705.00,9444.00,yes,1748797249
2025-06-01,KXMLBGAME-25JUN01CWSBAL-CWS,KXMLBGAME-25JUN01CWSBAL,Chicago WS,Baltimore,39,40,0.395,2783.00,2894.00,no,1748795907
2025-06-01,KXMLBGAME-25JUN01NYYLAD-NYY,KXMLBGAME-25JUN01NYYLAD,New York Y,New York Y,39,40,0.395,24859.00,46154.00,yes,1748818875
2025-06-01,KXMLBGAME-25JUN01ATHTOR-TOR,KXMLBGAME-25JUN01ATHTOR,Toronto,Toronto,70,71,0.705,1933.00,3928.00,yes,1748797849
2025-06-01,KXMLBGAME-25JUN01BOSATL-BOS,KXMLBGAME-25JUN01BOSATL,Boston,Boston,51,52,0.515,1615.00,973.00,yes,1748796855
2025-06-01,KXMLBGAME-25JUN01MILPHI-MIL,KXMLBGAME-25JUN01MILPHI,Milwaukee,Milwaukee,39,41,0.4,6638.00,6597.00,yes,1748796854
2025-06-01,KXMLBGAME-25JUN01DETKC-KC,KXMLBGAME-25JUN01DETKC,Kansas City,Detroit,59,60,0.595,130.00,570.00,no,1748798073
2025-06-01,KXMLBGAME-25JUN01WSHAZ-WSH,KXMLBGAME-25JUN01WSHAZ,Washington,Arizona,33,34,0.335,2009.00,2526.00,no,1748804900
2025-06-01,KXMLBGAME-25JUN01COLNYM-NYM,KXMLBGAME-25JUN01COLNYM,New York M,New York M,78,79,0.785,4258.00,10579.00,yes,1748796055
2025-06-01,KXMLBGAME-25JUN01LAACLE-LAA,KXMLBGAME-25JUN01LAACLE,Los Angeles A,Cleveland,34,35,0.345,954.00,4036.00,no,1748797248
2025-06-01,KXMLBGAME-25JUN01TBHOU-TB,KXMLBGAME-25JUN01TBHOU,Tampa Bay,Houston,39,40,0.395,1258.00,1416.00,no,1748798566
2025-06-01,KXMLBGAME-25JUN01STLTEX-TEX,KXMLBGAME-25JUN01STLTEX,Texas,Texas,60,61,0.605,2008.00,2180.00,yes,1748794694
2025-06-01,KXMLBGAME-25MAY31PITSD-SD,KXMLBGAME-25MAY31PITSD,San Diego,Pittsburgh,67,68,0.675,3498.00,7137.00,no,1748740105
2025-06-01,KXMLBGAME-25MAY31WSHAZ-WSH,KXMLBGAME-25MAY31WSHAZ,Washington,Washington,37,38,0.375,923.00,1606.00,yes,1748742643
2025-06-02,KXMLBGAME-25JUN02LAABOS-LAA,KXMLBGAME-25JUN02LAABOS,Los Angeles A,Los Angeles A,42,43,0.425,3215.00,10052.00,yes,1748903898
2025-06-02,KXMLBGAME-25JUN02MILCIN-MIL,KXMLBGAME-25JUN02MILCIN,Milwaukee,Milwaukee,50,51,0.505,2485.00,27148.00,yes,1748902848
2025-06-02,KXMLBGAME-25JUN02DETCWS-DET,KXMLBGAME-25JUN02DETCWS,Detroit,Detroit,69,70,0.695,2473.00,24726.00,yes,1748904757
2025-06-02,KXMLBGAME-25JUN02COLMIA-MIA,KXMLBGAME-25JUN02COLMIA,Miami,Colorado,65,66,0.655,7959.00,37311.00,no,1748901253
2025-06-03,KXMLBGAME-25JUN03PHITOR-TOR,KXMLBGAME-25JUN03PHITOR,Toronto,Philadelphia,44,45,0.445,2192.00,4963.00,no,1748990006
2025-06-03,KXMLBGAME-25JUN03DETCWS-DET,KXMLBGAME-25JUN03DETCWS,Detroit,Chicago WS,60,61,0.605,2147.00,29024.00,no,1748991993
2025-06-03,KXMLBGAME-25JUN03KCSTL-STL,KXMLBGAME-25JUN03KCSTL,St. Louis,Kansas City,58,59,0.585,326.00,2806.00,no,1748993316
2025-06-03,KXMLBGAME-25JUN03AZATL-AZ,KXMLBGAME-25JUN03AZATL,Arizona,Arizona,39,40,0.395,2571.00,6359.00,yes,1748989335
2025-06-03,KXMLBGAME-25JUN03TEXTB-TEX,KXMLBGAME-25JUN03TEXTB,Texas,Tampa Bay,42,43,0.425,310.00,1799.00,no,1748991383
2025-06-03,KXMLBGAME-25JUN03LAABOS-LAA,KXMLBGAME-25JUN03LAABOS,Los Angeles A,Los Angeles A,42,43,0.425,11930.00,13607.00,yes,1748992109
2025-06-03,KXMLBGAME-25JUN03CLENYY-NYY,KXMLBGAME-25JUN03CLENYY,New York Y,New York Y,65,66,0.655,1181.00,18601.00,yes,1748989599
2025-06-03,KXMLBGAME-25JUN03MILCIN-MIL,KXMLBGAME-25JUN03MILCIN,Milwaukee,Cincinnati,45,46,0.455,2730.00,9074.00,no,1748988980
2025-06-03,KXMLBGAME-25JUN03HOUPIT-PIT,KXMLBGAME-25JUN03HOUPIT,Pittsburgh,Houston,59,60,0.595,4387.00,7565.00,no,1748986946
2025-06-03,KXMLBGAME-25JUN03COLMIA-MIA,KXMLBGAME-25JUN03COLMIA,Miami,Colorado,62,63,0.625,3931.00,31044.00,no,1748987421
2025-06-03,KXMLBGAME-25JUN03CHCWSH-WSH,KXMLBGAME-25JUN03CHCWSH,Washington,Chicago C,43,44,0.435,1986.00,5695.00,no,1748988033
2025-06-03,KXMLBGAME-25JUN02SDSF-SF,KXMLBGAME-25JUN02SDSF,San Francisco,San Diego,61,62,0.615,5930.00,13505.00,no,1748913385
2025-06-03,KXMLBGAME-25JUN02NYMLAD-NYM,KXMLBGAME-25JUN02NYMLAD,New York M,New York M,40,41,0.405,3378.00,8176.00,yes,1748915438
2025-06-03,KXMLBGAME-25JUN02MINATH-MIN,KXMLBGAME-25JUN02MINATH,Minnesota,Minnesota,60,61,0.605,2332.00,13528.00,yes,1748914721
2025-06-04,KXMLBGAME-25JUN04COLMIA-COL,KXMLBGAME-25JUN04COLMIA,Colorado,Colorado,41,42,0.415,5077.00,7178.00,yes,1749050174
2025-06-04,KXMLBGAME-25JUN04MILCIN-MIL,KXMLBGAME-25JUN04MILCIN,Milwaukee,Milwaukee,46,47,0.465,3729.00,4329.00,yes,1749051873
2025-06-04,KXMLBGAME-25JUN04CLENYY-NYY,KXMLBGAME-25JUN04CLENYY,New York Y,Cleveland,63,64,0.635,2010.00,5144.00,no,1749075858
2025-06-04,KXMLBGAME-25JUN04AZATL-AZ,KXMLBGAME-25JUN04AZATL,Arizona,Arizona,39,40,0.395,1654.00,6092.00,yes,1749081029
2025-06-04,KXMLBGAME-25JUN04CHCWSH-CHC,KXMLBGAME-25JUN04CHCWSH,Chicago C,Washington,55,56,0.555,3640.00,8591.00,no,1749073104
2025-06-04,KXMLBGAME-25JUN04HOUPIT-PIT,KXMLBGAME-25JUN04HOUPIT,Pittsburgh,Pittsburgh,46,48,0.47,839.00,58193.00,yes,1749072976
2025-06-04,KXMLBGAME-25JUN04LAABOS-LAA,KXMLBGAME-25JUN04LAABOS,Los Angeles A,Boston,44,45,0.445,708.00,8993.00,no,1749057633
2025-06-04,KXMLBGAME-25JUN04PHITOR-PHI,KXMLBGAME-25JUN04PHITOR,Philadelphia,Toronto,51,52,0.515,1049.00,6276.00,no,1749075859
2025-06-04,KXMLBGAME-25JUN04TEXTB-TEX,KXMLBGAME-25JUN04TEXTB,Texas,Tampa Bay,44,46,0.45,152.00,1219.00,no,1749077782
2025-06-04,KXMLBGAME-25JUN03BALSEA-SEA,KXMLBGAME-25JUN03BALSEA,Seattle,Baltimore,56,57,0.565,299.00,4004.00,no,1748998454
2025-06-04,KXMLBGAME-25JUN03NYMLAD-NYM,KXMLBGAME-25JUN03NYMLAD,New York M,Los Angeles D,43,44,0.435,3299.00,11119.00,no,1749002196
2025-06-04,KXMLBGAME-25JUN03SDSF-SF,KXMLBGAME-25JUN03SDSF,San Francisco,San Diego,58,59,0.585,1183.00,4561.00,no,1748999430
2025-06-04,KXMLBGAME-25JUN03MINATH-MIN,KXMLBGAME-25JUN03MINATH,Minnesota,Minnesota,65,66,0.655,101.00,9520.00,yes,1749001461
2025-06-05,KXMLBGAME-25JUN05CHCWSH-WSH,KXMLBGAME-25JUN05CHCWSH,Washington,Chicago C,41,42,0.415,1457.00,3257.00,no,1749161445
2025-06-05,KXMLBGAME-25JUN05KCSTLG2-KC,KXMLBGAME-25JUN05KCSTLG2,Kansas City,Kansas City,48,49,0.485,779.00,3121.00,yes,1749165630
2025-06-05,KXMLBGAME-25JUN05PHITOR-TOR,KXMLBGAME-25JUN05PHITOR,Toronto,Toronto,48,49,0.485,1544.00,4563.00,yes,1749147032
2025-06-05,KXMLBGAME-25JUN05AZATL-AZ,KXMLBGAME-25JUN05AZATL,Arizona,Arizona,40,41,0.405,4465.00,6147.00,yes,1749138750
2025-06-05,KXMLBGAME-25JUN05MINATH-MIN,KXMLBGAME-25JUN05MINATH,Minnesota,A's,64,65,0.645,4342.00,6162.00,no,1749149323
2025-06-05,KXMLBGAME-25JUN05DETCWS-DET,KXMLBGAME-25JUN05DETCWS,Detroit,Chicago WS,65,66,0.655,5991.00,14264.00,no,1749145468
2025-06-05,KXMLBGAME-25JUN05NYMLAD-NYM,KXMLBGAME-25JUN05NYMLAD,New York M,Los Angeles D,45,46,0.455,179.00,4913.00,no,1749152180
2025-06-05,KXMLBGAME-25JUN05SDSF-SD,KXMLBGAME-25JUN05SDSF,San Diego,San Francisco,48,49,0.485,73.00,2892.00,no,1749149458
2025-06-05,KXMLBGAME-25JUN05TEXTB-TEX,KXMLBGAME-25JUN05TEXTB,Texas,Tampa Bay,43,44,0.435,872.00,2281.00,no,1749164318
2025-06-05,KXMLBGAME-25JUN05BALSEA-BAL,KXMLBGAME-25JUN05BALSEA,Baltimore,Baltimore,41,42,0.415,4214.00,4974.00,yes,1749149069
2025-06-05,KXMLBGAME-25JUN05CLENYY-CLE,KXMLBGAME-25JUN05CLENYY,Cleveland,New York Y,29,30,0.295,572.00,2937.00,no,1749161796
2025-06-05,KXMLBGAME-25JUN04DETCWS-DET,KXMLBGAME-25JUN04DETCWS,Detroit,Detroit,65,66,0.655,10617.00,55276.00,yes,1749084499
2025-06-05,KXMLBGAME-25JUN04NYMLAD-NYM,KXMLBGAME-25JUN04NYMLAD,New York M,New York M,42,43,0.425,275.00,3818.00,yes,1749087402
2025-06-05,KXMLBGAME-25JUN04MINATH-MIN,KXMLBGAME-25JUN04MINATH,Minnesota,Minnesota,62,63,0.625,404.00,4363.00,yes,1749086077
2025-06-05,KXMLBGAME-25JUN04BALSEA-BAL,KXMLBGAME-25JUN04BALSEA,Baltimore,Baltimore,49,50,0.495,118.00,2808.00,yes,1749085107
2025-06-05,KXMLBGAME-25JUN04SDSF-SF,KXMLBGAME-25JUN04SDSF,San Francisco,San Francisco,48,49,0.485,3235.00,6280.00,yes,1749084400
2025-06-05,KXMLBGAME-25JUN04KCSTL-KC,KXMLBGAME-25JUN04KCSTL,Kansas City,St. Louis,45,47,0.46,671.00,8790.00,no,1749144103
2025-06-06,KXMLBGAME-25JUN06TEXWSH-WSH,KXMLBGAME-25JUN06TEXWSH,Washington,Washington,47,49,0.48,775.00,3404.00,yes,1749244352
2025-06-06,KXMLBGAME-25JUN06PHIPIT-PIT,KXMLBGAME-25JUN06PHIPIT,Pittsburgh,Pittsburgh,45,47,0.46,7791.00,12068.00,yes,1749252516
2025-06-06,KXMLBGAME-25JUN06TORMIN-TOR,KXMLBGAME-25JUN06TORMIN,Toronto,Toronto,44,45,0.445,2.00,1697.00,yes,1749252874
2025-06-06,KXMLBGAME-25JUN06BOSNYY-BOS,KXMLBGAME-25JUN06BOSNYY,Boston,New York Y,36,37,0.365,9703.00,18833.00,no,1749250846
2025-06-06,KXMLBGAME-25JUN06SDMIL-SD,KXMLBGAME-25JUN06SDMIL,San Diego,San Diego,41,43,0.42,509.00,11860.00,yes,1749252768
2025-06-06,KXMLBGAME-25JUN06HOUCLE-HOU,KXMLBGAME-25JUN06HOUCLE,Houston,Houston,53,54,0.535,2354.00,5882.00,yes,1749248429
2025-06-06,KXMLBGAME-25JUN06CHCDET-DET,KXMLBGAME-25JUN06CHCDET,Detroit,Detroit,64,65,0.645,1741.00,35018.00,yes,1749247459
2025-06-06,KXMLBGAME-25JUN06MIATB-MIA,KXMLBGAME-25JUN06MIATB,Miami,Tampa Bay,43,44,0.435,6154.00,7684.00,no,1749226597
2025-06-06,KXMLBGAME-25JUN06KCCWS-KC,KXMLBGAME-25JUN06KCCWS,Kansas City,Chicago WS,56,57,0.565,2078.00,7679.00,no,1749250703
2025-06-06,KXMLBGAME-25JUN05HOUPIT-HOU,KXMLBGAME-25JUN05HOUPIT,Houston,Houston,56,58,0.57,517.00,19466.00,yes,1749171864
2025-06-07,KXMLBGAME-25JUN07LADSTL-LAD,KXMLBGAME-25JUN07LADSTL,Los Angeles D,St. Louis,63,64,0.635,8890.00,12625.00,no,1749317675
2025-06-07,KXMLBGAME-25JUN07BOSNYY-NYY,KXMLBGAME-25JUN07BOSNYY,New York Y,Boston,50,51,0.505,12856.00,21430.00,no,1749337847
2025-06-07,KXMLBGAME-25JUN07AZCIN-AZ,KXMLBGAME-25JUN07AZCIN,Arizona,Cincinnati,50,51,0.505,4.00,411.00,no,1749325701
2025-06-07,KXMLBGAME-25JUN07ATLSF-ATL,KXMLBGAME-25JUN07ATLSF,Atlanta,San Francisco,42,43,0.425,137.00,2210.00,no,1749322113
2025-06-07,KXMLBGAME-25JUN07HOUCLE-HOU,KXMLBGAME-25JUN07HOUCLE,Houston,Houston,51,52,0.515,269.00,5034.00,yes,1749326068
2025-06-07,KXMLBGAME-25JUN07TEXWSH-WSH,KXMLBGAME-25JUN07TEXWSH,Washington,Texas,39,40,0.395,308.00,6832.00,no,1749322944
2025-06-07,KXMLBGAME-25JUN07KCCWS-KC,KXMLBGAME-25JUN07KCCWS,Kansas City,Chicago WS,55,56,0.555,266.00,2395.00,no,1749323898
2025-06-07,KXMLBGAME-25JUN07PHIPIT-PIT,KXMLBGAME-25JUN07PHIPIT,Pittsburgh,Pittsburgh,43,44,0.435,307.00,5431.00,yes,1749321737
2025-06-07,KXMLBGAME-25JUN07MIATB-TB,KXMLBGAME-25JUN07MIATB,Tampa Bay,Miami,60,61,0.605,903.00,4710.00,no,1749327020
2025-06-07,KXMLBGAME-25JUN07CHCDET-DET,KXMLBGAME-25JUN07CHCDET,Detroit,Chicago C,47,48,0.475,7359.00,9850.00,no,1749312395
2025-06-07,KXMLBGAME-25JUN07SDMIL-SD,KXMLBGAME-25JUN07SDMIL,San Diego,Milwaukee,43,44,0.435,5754.00,8839.00,no,1749337588
2025-06-07,KXMLBGAME-25JUN07TORMIN-TOR,KXMLBGAME-25JUN07TORMIN,Toronto,Toronto,48,49,0.485,1377.00,1274.00,yes,1749317072
2025-06-07,KXMLBGAME-25JUN06LADSTL-STL,KXMLBGAME-25JUN06LADSTL,St. Louis,St. Louis,52,53,0.525,381.00,9573.00,yes,1749256473
2025-06-07,KXMLBGAME-25JUN06NYMCOL-NYM,KXMLBGAME-25JUN06NYMCOL,New York M,New York M,71,72,0.715,13480.00,42784.00,yes,1749256377
2025-06-07,KXMLBGAME-25JUN06BALATH-BAL,KXMLBGAME-25JUN06BALATH,Baltimore,,52,53,0.525,2062.00,8587.00,no,1749262305
2025-06-07,KXMLBGAME-25JUN06AZCIN-AZ,KXMLBGAME-25JUN06AZCIN,Arizona,Cincinnati,44,49,0.465,223.00,28673.00,no,1749313588
2025-06-07,KXMLBGAME-25JUN06SEALAA-SEA,KXMLBGAME-25JUN06SEALAA,Seattle,Los Angeles A,54,55,0.545,166.00,1883.00,no,1749256934
2025-06-08,KXMLBGAME-25JUN08CHCDET-CHC,KXMLBGAME-25JUN08CHCDET,Chicago C,Detroit,48,49,0.485,4048.00,5423.00,no,1749400694
2025-06-08,KXMLBGAME-25JUN08TORMIN-TOR,KXMLBGAME-25JUN08TORMIN,Toronto,Minnesota,36,38,0.37,387.00,2976.00,no,1749404906
2025-06-08,KXMLBGAME-25JUN08KCCWS-KC,KXMLBGAME-25JUN08KCCWS,Kansas City,Kansas City,53,54,0.535,742.00,3948.00,yes,1749404183
2025-06-08,KXMLBGAME-25JUN08SEALAA-SEA,KXMLBGAME-25JUN08SEALAA,Seattle,Seattle,54,55,0.545,89.00,2670.00,yes,1749410460
2025-06-08,KXMLBGAME-25JUN08PHIPIT-PIT,KXMLBGAME-25JUN08PHIPIT,Pittsburgh,Pittsburgh,51,53,0.52,1540.00,4933.00,yes,1749400693
2025-06-08,KXMLBGAME-25JUN08LADSTL-STL,KXMLBGAME-25JUN08LADSTL,St. Louis,Los Angeles D,45,46,0.455,913.00,4023.00,no,1749404907
2025-06-08,KXMLBGAME-25JUN08NYMCOL-NYM,KXMLBGAME-25JUN08NYMCOL,New York M,New York M,70,71,0.705,3404.00,14080.00,yes,1749409342
2025-06-08,KXMLBGAME-25JUN08MIATB-MIA,KXMLBGAME-25JUN08MIATB,Miami,Tampa Bay,32,33,0.325,4364.00,11633.00,no,1749395811
2025-06-08,KXMLBGAME-25JUN08ATLSF-ATL,KXMLBGAME-25JUN08ATLSF,Atlanta,San Francisco,53,54,0.535,462.00,1826.00,no,1749409098
2025-06-08,KXMLBGAME-25JUN08TEXWSH-WSH,KXMLBGAME-25JUN08TEXWSH,Washington,Texas,44,48,0.46,819.00,2253.00,no,1749407814
2025-06-08,KXMLBGAME-25JUN08BOSNYY-NYY,KXMLBGAME-25JUN08BOSNYY,New York Y,Boston,68,69,0.685,16016.00,20554.00,no,1749424236
2025-06-08,KXMLBGAME-25JUN08HOUCLE-HOU,KXMLBGAME-25JUN08HOUCLE,Houston,Cleveland,43,44,0.435,864.00,1740.00,no,1749400695
2025-06-08,KXMLBGAME-25JUN08SDMIL-SD,KXMLBGAME-25JUN08SDMIL,San Diego,San Diego,38,40,0.39,2963.00,7149.00,yes,1749399992
2025-06-08,KXMLBGAME-25JUN08AZCIN-AZ,KXMLBGAME-25JUN08AZCIN,Arizona,Cincinnati,52,53,0.525,742.00,2739.00,no,1749402058
2025-06-08,KXMLBGAME-25JUN08BALATH-BAL,KXMLBGAME-25JUN08BALATH,Baltimore,A's,54,55,0.545,351.00,1706.00,no,1749410459
2025-06-08,KXMLBGAME-25JUN07BALATH-BAL,KXMLBGAME-25JUN07BALATH,Baltimore,Baltimore,53,54,0.535,1607.00,3672.00,yes,1749347655
2025-06-08,KXMLBGAME-25JUN07SEALAA-SEA,KXMLBGAME-25JUN07SEALAA,Seattle,Los Angeles A,60,61,0.605,2815.00,6543.00,no,1749345982
2025-06-08,KXMLBGAME-25JUN07NYMCOL-NYM,KXMLBGAME-25JUN07NYMCOL,New York M,New York M,71,72,0.715,761.00,13128.00,yes,1749344308
2025-06-09,KXMLBGAME-25JUN09TBBOS-TB,KXMLBGAME-25JUN09TBBOS,Tampa Bay,Tampa Bay,49,50,0.495,5160.00,17855.00,yes,1749512534
2025-06-09,KXMLBGAME-25JUN09CHCPHI-PHI,KXMLBGAME-25JUN09CHCPHI,Philadelphia,Philadelphia,53,54,0.535,1125.00,6804.00,yes,1749508396
2025-06-09,KXMLBGAME-25JUN09CINCLE-CLE,KXMLBGAME-25JUN09CINCLE,Cleveland,Cincinnati,58,59,0.585,2229.00,11313.00,no,1749506780
2025-06-09,KXMLBGAME-25JUN09ATLMIL-ATL,KXMLBGAME-25JUN09ATLMIL,Atlanta,Atlanta,59,60,0.595,1803.00,6690.00,yes,1749509537
2025-06-09,KXMLBGAME-25JUN09TORSTL-TOR,KXMLBGAME-25JUN09TORSTL,Toronto,Toronto,46,47,0.465,549.00,2813.00,yes,1749510858
2025-06-09,KXMLBGAME-25JUN09MIAPIT-PIT,KXMLBGAME-25JUN09MIAPIT,Pittsburgh,Pittsburgh,53,54,0.535,4736.00,8720.00,yes,1749508704
2025-06-10,KXMLBGAME-25JUN10CINCLE-CIN,KXMLBGAME-25JUN10CINCLE,Cincinnati,Cincinnati,49,50,0.495,4831.00,12464.00,yes,1749591211
2025-06-10,KXMLBGAME-25JUN10WSHNYM-WSH,KXMLBGAME-25JUN10WSHNYM,Washington,New York M,42,43,0.425,4408.00,6471.00,no,1749597497
2025-06-10,KXMLBGAME-25JUN10TORSTL-TOR,KXMLBGAME-25JUN10TORSTL,Toronto,Toronto,45,46,0.455,169.00,2603.00,yes,1749597574
2025-06-10,KXMLBGAME-25JUN10CHCPHI-PHI,KXMLBGAME-25JUN10CHCPHI,Philadelphia,Chicago C,50,51,0.505,521.00,2534.00,no,1749594405
2025-06-10,KXMLBGAME-25JUN10CWSHOU-HOU,KXMLBGAME-25JUN10CWSHOU,Houston,Chicago WS,61,62,0.615,669.00,4809.00,no,1749598004
2025-06-10,KXMLBGAME-25JUN10MIAPIT-PIT,KXMLBGAME-25JUN10MIAPIT,Pittsburgh,Miami,57,58,0.575,7247.00,10899.00,no,1749591212
2025-06-10,KXMLBGAME-25JUN10NYYKC-NYY,KXMLBGAME-25JUN10NYYKC,New York Y,New York Y,63,65,0.64,2922.00,9481.00,yes,1749597745
2025-06-10,KXMLBGAME-25JUN10ATLMIL-ATL,KXMLBGAME-25JUN10ATLMIL,Atlanta,Milwaukee,54,55,0.545,4092.00,5995.00,no,1749597061
2025-06-10,KXMLBGAME-25JUN10TBBOS-TB,KXMLBGAME-25JUN10TBBOS,Tampa Bay,Boston,49,50,0.495,376.00,3042.00,no,1749593796
2025-06-10,KXMLBGAME-25JUN10DETBAL-DET,KXMLBGAME-25JUN10DETBAL,Detroit,Detroit,45,46,0.455,7811.00,24785.00,yes,1749592356
2025-06-10,KXMLBGAME-25JUN10TEXMIN-TEX,KXMLBGAME-25JUN10TEXMIN,Texas,Texas,46,47,0.465,29.00,2681.00,yes,1749598578
2025-06-10,KXMLBGAME-25JUN09SEAAZ-SEA,KXMLBGAME-25JUN09SEAAZ,Seattle,Arizona,39,40,0.395,170.00,3551.00,no,1749520726
2025-06-10,KXMLBGAME-25JUN09LADSD-SD,KXMLBGAME-25JUN09LADSD,San Diego,Los Angeles D,46,47,0.465,1387.00,18687.00,no,1749520108
2025-06-10,KXMLBGAME-25JUN09ATHLAA-LAA,KXMLBGAME-25JUN09ATHLAA,Los Angeles A,Los Angeles A,57,58,0.575,414.00,4514.00,yes,1749516287
2025-06-11,KXMLBGAME-25JUN11DETBAL-DET,KXMLBGAME-25JUN11DETBAL,Detroit,Baltimore,45,46,0.455,4848.00,16148.00,no,1749677922
2025-06-11,KXMLBGAME-25JUN11TORSTL-TOR,KXMLBGAME-25JUN11TORSTL,Toronto,Toronto,44,45,0.445,1265.00,13347.00,yes,1749663744
2025-06-11,KXMLBGAME-25JUN11CHCPHI-CHC,KXMLBGAME-25JUN11CHCPHI,Chicago C,Philadelphia,49,50,0.495,3393.00,4839.00,no,1749658837
2025-06-11,KXMLBGAME-25JUN11CWSHOU-CWS,KXMLBGAME-25JUN11CWSHOU,Chicago WS,Houston,38,39,0.385,479.00,1688.00,no,1749683898
2025-06-11,KXMLBGAME-25JUN11LADSD-SD,KXMLBGAME-25JUN11LADSD,San Diego,Los Angeles D,41,43,0.42,4518.00,12732.00,no,1749670605
2025-06-11,KXMLBGAME-25JUN11ATLMIL-ATL,KXMLBGAME-25JUN11ATLMIL,Atlanta,Atlanta,60,61,0.605,871.00,1979.00,yes,1749661237
2025-06-11,KXMLBGAME-25JUN11SEAAZ-SEA,KXMLBGAME-25JUN11SEAAZ,Seattle,Arizona,49,50,0.495,2033.00,3903.00,no,1749666772
2025-06-11,KXMLBGAME-25JUN11ATHLAA-LAA,KXMLBGAME-25JUN11ATHLAA,Los Angeles A,Los Angeles A,58,59,0.585,5407.00,6118.00,yes,1749670114
2025-06-11,KXMLBGAME-25JUN11CINCLE-CLE,KXMLBGAME-25JUN11CINCLE,Cleveland,Cleveland,50,51,0.505,17456.00,44550.00,yes,1749658596
2025-06-11,KXMLBGAME-25JUN11TEXMIN-TEX,KXMLBGAME-25JUN11TEXMIN,Texas,Minnesota,42,43,0.425,112.00,7421.00,no,1749682353
2025-06-11,KXMLBGAME-25JUN11TBBOS-TB,KXMLBGAME-25JUN11TBBOS,Tampa Bay,Boston,48,49,0.485,398.00,10073.00,no,1749679856
2025-06-11,KXMLBGAME-25JUN11MIAPIT-PIT,KXMLBGAME-25JUN11MIAPIT,Pittsburgh,Pittsburgh,58,59,0.585,5230.00,9100.00,yes,1749656670
2025-06-11,KXMLBGAME-25JUN11WSHNYM-WSH,KXMLBGAME-25JUN11WSHNYM,Washington,New York M,29,30,0.295,2744.00,13647.00,no,1749679460
2025-06-11,KXMLBGAME-25JUN11NYYKC-NYY,KXMLBGAME-25JUN11NYYKC,New York Y,New York Y,54,55,0.545,3985.00,9010.00,yes,1749683799
2025-06-11,KXMLBGAME-25JUN10ATHLAA-LAA,KXMLBGAME-25JUN10ATHLAA,Los Angeles A,Los Angeles A,60,61,0.605,994.00,3671.00,yes,1749603754
2025-06-11,KXMLBGAME-25JUN10SEAAZ-SEA,KXMLBGAME-25JUN10SEAAZ,Seattle,Arizona,43,44,0.435,441.00,3198.00,no,1749604695
2025-06-11,KXMLBGAME-25JUN10SFCOL-SF,KXMLBGAME-25JUN10SFCOL,San Francisco,San Francisco,65,66,0.655,1948.00,21695.00,yes,1749601484
2025-06-11,KXMLBGAME-25JUN10LADSD-LAD,KXMLBGAME-25JUN10LADSD,Los Angeles D,San Diego,49,51,0.5,7575.00,16484.00,no,1749604473
2025-06-12,KXMLBGAME-25JUN12STLMIL-STL,KXMLBGAME-25JUN12STLMIL,St. Louis,Milwaukee,55,56,0.555,2358.00,6647.00,no,1749768652
2025-06-12,KXMLBGAME-25JUN12SFCOL-SF,KXMLBGAME-25JUN12SFCOL,San Francisco,Colorado,63,64,0.635,7879.00,18291.00,no,1749754218
2025-06-12,KXMLBGAME-25JUN12PITCHC-PIT,KXMLBGAME-25JUN12PITCHC,Pittsburgh,Chicago C,35,36,0.355,186.00,2955.00,no,1749768651
2025-06-12,KXMLBGAME-25JUN12NYYKC-NYY,KXMLBGAME-25JUN12NYYKC,New York Y,New York Y,55,56,0.555,7319.00,27165.00,yes,1749770200
2025-06-12,KXMLBGAME-25JUN12TEXMIN-TEX,KXMLBGAME-25JUN12TEXMIN,Texas,Texas,41,42,0.415,5963.00,15407.00,yes,1749746325
2025-06-12,KXMLBGAME-25JUN12DETBAL-DET,KXMLBGAME-25JUN12DETBAL,Detroit,Detroit,65,66,0.655,8131.00,27237.00,yes,1749764324
2025-06-12,KXMLBGAME-25JUN12WSHNYM-WSH,KXMLBGAME-25JUN12WSHNYM,Washington,New York M,34,35,0.345,8328.00,19024.00,no,1749745707
2025-06-12,KXMLBGAME-25JUN12CWSHOU-HOU,KXMLBGAME-25JUN12CWSHOU,Houston,Houston,71,72,0.715,8531.00,18936.00,yes,1749770680
2025-06-12,KXMLBGAME-25JUN11SFCOL-SF,KXMLBGAME-25JUN11SFCOL,San Francisco,San Francisco,64,65,0.645,12771.00,26562.00,yes,1749687771
2025-06-13,KXMLBGAME-25JUN13COLATL-COL,KXMLBGAME-25JUN13COLATL,Colorado,Atlanta,25,26,0.255,7474.00,6877.00,no,1749854664
2025-06-13,KXMLBGAME-25JUN13CWSTEX-TEX,KXMLBGAME-25JUN13CWSTEX,Texas,Texas,61,62,0.615,1111.00,4563.00,yes,1749856837
2025-06-13,KXMLBGAME-25JUN13ATHKC-KC,KXMLBGAME-25JUN13ATHKC,Kansas City,A's,59,60,0.595,311.00,3943.00,no,1749856956
2025-06-13,KXMLBGAME-25JUN13MINHOU-MIN,KXMLBGAME-25JUN13MINHOU,Minnesota,Houston,51,52,0.515,2333.00,3559.00,no,1749856614
2025-06-13,KXMLBGAME-25JUN13NYYBOS-NYY,KXMLBGAME-25JUN13NYYBOS,New York Y,Boston,43,44,0.435,6559.00,16360.00,no,1749854922
2025-06-13,KXMLBGAME-25JUN13PITCHC-PIT,KXMLBGAME-25JUN13PITCHC,Pittsburgh,Pittsburgh,50,51,0.505,52453.00,65825.00,yes,1749837397
2025-06-13,KXMLBGAME-25JUN13STLMIL-STL,KXMLBGAME-25JUN13STLMIL,St. Louis,Milwaukee,40,41,0.405,7.00,4504.00,no,1749857175
2025-06-13,KXMLBGAME-25JUN13TORPHI-TOR,KXMLBGAME-25JUN13TORPHI,Toronto,Philadelphia,48,49,0.485,1335.00,7789.00,no,1749851543
2025-06-13,KXMLBGAME-25JUN13CINDET-CIN,KXMLBGAME-25JUN13CINDET,Cincinnati,Detroit,45,46,0.455,2261.00,4061.00,no,1749855496
2025-06-13,KXMLBGAME-25JUN13TBNYM-TB,KXMLBGAME-25JUN13TBNYM,Tampa Bay,Tampa Bay,39,40,0.395,1146.00,2644.00,yes,1749855758
2025-06-14,KXMLBGAME-25JUN14STLMIL-STL,KXMLBGAME-25JUN14STLMIL,St. Louis,St. Louis,47,48,0.475,4871.00,10516.00,yes,1749931100
2025-06-14,KXMLBGAME-25JUN14NYYBOS-NYY,KXMLBGAME-25JUN14NYYBOS,New York Y,Boston,60,62,0.61,1425.00,3795.00,no,1749940581
2025-06-14,KXMLBGAME-25JUN14LAABAL-LAA,KXMLBGAME-25JUN14LAABAL,Los Angeles A,Baltimore,41,42,0.415,4637.00,9653.00,no,1749929570
2025-06-14,KXMLBGAME-25JUN14TORPHI-TOR,KXMLBGAME-25JUN14TORPHI,Toronto,Philadelphia,41,42,0.415,794.00,6173.00,no,1749928850
2025-06-14,KXMLBGAME-25JUN14ATHKC-KC,KXMLBGAME-25JUN14ATHKC,Kansas City,A's,58,59,0.585,1736.00,5974.00,no,1749927860
2025-06-14,KXMLBGAME-25JUN14COLATL-COL,KXMLBGAME-25JUN14COLATL,Colorado,Atlanta,23,24,0.235,709.00,1770.00,no,1749928343
2025-06-14,KXMLBGAME-25JUN14CINDET-DET,KXMLBGAME-25JUN14CINDET,Detroit,Cincinnati,62,63,0.625,6718.00,11170.00,no,1749917660
2025-06-14,KXMLBGAME-25JUN14MIAWSH-WSH,KXMLBGAME-25JUN14MIAWSH,Washington,Miami,53,54,0.535,3937.00,17593.00,no,1749918634
2025-06-14,KXMLBGAME-25JUN14MINHOU-MIN,KXMLBGAME-25JUN14MINHOU,Minnesota,Houston,49,50,0.495,2557.00,7230.00,no,1749928583
2025-06-14,KXMLBGAME-25JUN14PITCHC-PIT,KXMLBGAME-25JUN14PITCHC,Pittsburgh,Chicago C,32,33,0.325,8474.00,11177.00,no,1749920778
2025-06-14,KXMLBGAME-25JUN14TBNYM-TB,KXMLBGAME-25JUN14TBNYM,Tampa Bay,Tampa Bay,43,44,0.435,1925.00,5254.00,yes,1749933401
2025-06-14,KXMLBGAME-25JUN14CWSTEX-TEX,KXMLBGAME-25JUN14CWSTEX,Texas,Texas,71,72,0.715,485.00,2016.00,yes,1749932903
2025-06-14,KXMLBGAME-25JUN14SDAZ-SD,KXMLBGAME-25JUN14SDAZ,San Diego,Arizona,40,41,0.405,13929.00,41581.00,no,1749942046
2025-06-14,KXMLBGAME-25JUN13LAABAL-LAA,KXMLBGAME-25JUN13LAABAL,Los Angeles A,Baltimore,37,38,0.375,7276.00,24375.00,no,1749860437
2025-06-14,KXMLBGAME-25JUN13SFLAD-SF,KXMLBGAME-25JUN13SFLAD,San Francisco,San Francisco,36,37,0.365,3904.00,6630.00,yes,1749863550
2025-06-14,KXMLBGAME-25JUN13SDAZ-SD,KXMLBGAME-25JUN13SDAZ,San Diego,Arizona,44,45,0.445,1219.00,10499.00,no,1749862466
2025-06-14,KXMLBGAME-25JUN13MIAWSH-WSH,KXMLBGAME-25JUN13MIAWSH,Washington,Miami,5,15,0.1,5620.00,58241.00,no,1749863185
2025-06-14,KXMLBGAME-25JUN13CLESEA-SEA,KXMLBGAME-25JUN13CLESEA,Seattle,Seattle,51,52,0.515,186.00,1599.00,yes,1749864642
2025-06-15,KXMLBGAME-25JUN15TBNYM-TB,KXMLBGAME-25JUN15TBNYM,Tampa Bay,Tampa Bay,41,42,0.415,2261.00,7195.00,yes,1750008986
2025-06-15,KXMLBGAME-25JUN15LAABAL-LAA,KXMLBGAME-25JUN15LAABAL,Los Angeles A,Baltimore,49,50,0.495,3574.00,9793.00,no,1750005858
2025-06-15,KXMLBGAME-25JUN15TORPHI-TOR,KXMLBGAME-25JUN15TORPHI,Toronto,Philadelphia,38,39,0.385,479.00,2351.00,no,1750007568
2025-06-15,KXMLBGAME-25JUN15SDAZ-SD,KXMLBGAME-25JUN15SDAZ,San Diego,San Diego,44,45,0.445,2649.00,4794.00,yes,1750015252
2025-06-15,KXMLBGAME-25JUN15CINDET-DET,KXMLBGAME-25JUN15CINDET,Detroit,Cincinnati,62,63,0.625,1959.00,3507.00,no,1750002032
2025-06-15,KXMLBGAME-25JUN15MINHOU-MIN,KXMLBGAME-25JUN15MINHOU,Minnesota,Houston,47,48,0.475,1959.00,6285.00,no,1750008290
2025-06-15,KXMLBGAME-25JUN15STLMIL-STL,KXMLBGAME-25JUN15STLMIL,St. Louis,Milwaukee,44,45,0.445,1760.00,5247.00,no,1750007921
2025-06-15,KXMLBGAME-25JUN15SFLAD-SF,KXMLBGAME-25JUN15SFLAD,San Francisco,Los Angeles D,38,39,0.385,5559.00,10978.00,no,1750025544
2025-06-15,KXMLBGAME-25JUN15PITCHC-PIT,KXMLBGAME-25JUN15PITCHC,Pittsburgh,Chicago C,42,43,0.425,1607.00,8474.00,no,1750008818
2025-06-15,KXMLBGAME-25JUN15ATHKC-KC,KXMLBGAME-25JUN15ATHKC,Kansas City,A's,57,58,0.575,1415.00,4468.00,no,1750009467
2025-06-15,KXMLBGAME-25JUN15CLESEA-SEA,KXMLBGAME-25JUN15CLESEA,Seattle,Seattle,53,54,0.535,147.00,455.00,yes,1750013691
2025-06-15,KXMLBGAME-25JUN15NYYBOS-NYY,KXMLBGAME-25JUN15NYYBOS,New York Y,Boston,62,63,0.625,1267.00,4410.00,no,1750006112
2025-06-15,KXMLBGAME-25JUN15COLATL-COL,KXMLBGAME-25JUN15COLATL,Colorado,Colorado,23,24,0.235,602.00,3056.00,yes,1750006711
2025-06-15,KXMLBGAME-25JUN15CWSTEX-TEX,KXMLBGAME-25JUN15CWSTEX,Texas,Texas,58,59,0.585,1352.00,2074.00,yes,1750011385
2025-06-15,KXMLBGAME-25JUN15MIAWSH-MIA,KXMLBGAME-25JUN15MIAWSH,Miami,Miami,40,41,0.405,1381.00,2205.00,yes,1750006492
2025-06-15,KXMLBGAME-25JUN14CLESEA-SEA,KXMLBGAME-25JUN14CLESEA,Seattle,Seattle,55,56,0.555,1448.00,3519.00,yes,1749950442
2025-06-15,KXMLBGAME-25JUN14SFLAD-SF,KXMLBGAME-25JUN14SFLAD,San Francisco,Los Angeles D,38,39,0.385,1106.00,12313.00,no,1749950443
2025-06-16,KXMLBGAME-25JUN16LAANYY-NYY,KXMLBGAME-25JUN16LAANYY,New York Y,Los Angeles A,64,65,0.645,999.00,10719.00,no,1750114364
2025-06-16,KXMLBGAME-25JUN16BALTB-TB,KXMLBGAME-25JUN16BALTB,Tampa Bay,Tampa Bay,51,52,0.515,333.00,38795.00,yes,1750112797
2025-06-16,KXMLBGAME-25JUN16PHIMIA-PHI,KXMLBGAME-25JUN16PHIMIA,Philadelphia,Philadelphia,51,52,0.515,11195.00,57975.00,yes,1750112087
2025-06-16,KXMLBGAME-25JUN16COLWSH-WSH,KXMLBGAME-25JUN16COLWSH,Washington,Colorado,61,62,0.615,639.00,7153.00,no,1750110384
2025-06-17,KXMLBGAME-25JUN17PHIMIA-PHI,KXMLBGAME-25JUN17PHIMIA,Philadelphia,Miami,62,63,0.625,5532.00,13294.00,no,1750196111
2025-06-17,KXMLBGAME-25JUN17COLWSH-WSH,KXMLBGAME-25JUN17COLWSH,Washington,Colorado,63,65,0.64,727.00,2941.00,no,1750199211
2025-06-17,KXMLBGAME-25JUN17AZTOR-TOR,KXMLBGAME-25JUN17AZTOR,Toronto,Toronto,53,54,0.535,1161.00,5190.00,yes,1750200419
2025-06-17,KXMLBGAME-25JUN17STLCWS-STL,KXMLBGAME-25JUN17STLCWS,St. Louis,St. Louis,55,56,0.555,596.00,5890.00,yes,1750201009
2025-06-17,KXMLBGAME-25JUN17KCTEX-TEX,KXMLBGAME-25JUN17KCTEX,Texas,Kansas City,54,55,0.545,2354.00,6164.00,no,1750202184
2025-06-17,KXMLBGAME-25JUN17BALTB-TB,KXMLBGAME-25JUN17BALTB,Tampa Bay,Baltimore,50,51,0.505,1364.00,7987.00,no,1750201250
2025-06-17,KXMLBGAME-25JUN17PITDET-PIT,KXMLBGAME-25JUN17PITDET,Pittsburgh,Detroit,34,35,0.345,744.00,2139.00,no,1750196318
2025-06-17,KXMLBGAME-25JUN17MILCHC-MIL,KXMLBGAME-25JUN17MILCHC,Milwaukee,Chicago C,41,42,0.415,216.00,6773.00,no,1750201950
2025-06-17,KXMLBGAME-25JUN17LAANYY-NYY,KXMLBGAME-25JUN17LAANYY,New York Y,Los Angeles A,68,69,0.685,460.00,4689.00,no,1750198807
2025-06-17,KXMLBGAME-25JUN17NYMATL-NYM,KXMLBGAME-25JUN17NYMATL,New York M,Atlanta,44,45,0.445,2519.00,10968.00,no,1750202298
2025-06-17,KXMLBGAME-25JUN17MINCIN-MIN,KXMLBGAME-25JUN17MINCIN,Minnesota,Cincinnati,46,47,0.465,2789.00,6123.00,no,1750200751
2025-06-17,KXMLBGAME-25JUN16BOSSEA-SEA,KXMLBGAME-25JUN16BOSSEA,Seattle,Boston,61,62,0.615,753.00,9541.00,no,1750121317
2025-06-17,KXMLBGAME-25JUN16HOUATH-HOU,KXMLBGAME-25JUN16HOUATH,Houston,A's,52,53,0.525,2108.00,11219.00,no,1750122876
2025-06-17,KXMLBGAME-25JUN16SDLAD-SD,KXMLBGAME-25JUN16SDLAD,San Diego,Los Angeles D,38,39,0.385,1948.00,18020.00,no,1750124149
2025-06-18,KXMLBGAME-25JUN18NYMATL-NYM,KXMLBGAME-25JUN18NYMATL,New York M,Atlanta,35,36,0.355,1809.00,9041.00,no,1750285483
2025-06-18,KXMLBGAME-25JUN18COLWSH-COL,KXMLBGAME-25JUN18COLWSH,Colorado,Colorado,41,42,0.415,5361.00,8554.00,yes,1750289663
2025-06-18,KXMLBGAME-25JUN18PHIMIA-PHI,KXMLBGAME-25JUN18PHIMIA,Philadelphia,Philadelphia,61,63,0.62,1739.00,9370.00,yes,1750283675
2025-06-18,KXMLBGAME-25JUN18KCTEX-TEX,KXMLBGAME-25JUN18KCTEX,Texas,Kansas City,45,46,0.455,1281.00,2396.00,no,1750289564
2025-06-18,KXMLBGAME-25JUN18LAANYY-NYY,KXMLBGAME-25JUN18LAANYY,New York Y,Los Angeles A,67,68,0.675,7075.00,12867.00,no,1750286907
2025-06-18,KXMLBGAME-25JUN18AZTOR-TOR,KXMLBGAME-25JUN18AZTOR,Toronto,Toronto,49,50,0.495,336.00,5654.00,yes,1750285987
2025-06-18,KXMLBGAME-25JUN18BALTB-TB,KXMLBGAME-25JUN18BALTB,Tampa Bay,Tampa Bay,52,53,0.525,725.00,40756.00,yes,1750288335
2025-06-18,KXMLBGAME-25JUN18BOSSEA-SEA,KXMLBGAME-25JUN18BOSSEA,Seattle,Boston,47,48,0.475,3380.00,29167.00,no,1750273477
2025-06-18,KXMLBGAME-25JUN17BOSSEA-SEA,KXMLBGAME-25JUN17BOSSEA,Seattle,Seattle,60,61,0.605,46.00,1604.00,yes,1750207244
2025-06-18,KXMLBGAME-25JUN17SDLAD-SD,KXMLBGAME-25JUN17SDLAD,San Diego,Los Angeles D,35,36,0.355,10561.00,16586.00,no,1750212044
2025-06-18,KXMLBGAME-25JUN17CLESF-SF,KXMLBGAME-25JUN17CLESF,San Francisco,Cleveland,58,59,0.585,332.00,7953.00,no,1750208295
2025-06-18,KXMLBGAME-25JUN17HOUATH-HOU,KXMLBGAME-25JUN17HOUATH,Houston,Houston,53,54,0.535,3440.00,7360.00,yes,1750210460
2025-06-19,KXMLBGAME-25JUN19MILCHC-MIL,KXMLBGAME-25JUN19MILCHC,Milwaukee,Milwaukee,46,47,0.465,450.00,3786.00,yes,1750355664
2025-06-19,KXMLBGAME-25JUN19NYMATL-NYM,KXMLBGAME-25JUN19NYMATL,New York M,Atlanta,44,45,0.445,5306.00,14920.00,no,1750372401
2025-06-19,KXMLBGAME-25JUN19KCTEX-TEX,KXMLBGAME-25JUN19KCTEX,Texas,Kansas City,53,54,0.535,533.00,1361.00,no,1750354643
2025-06-19,KXMLBGAME-25JUN19BALTB-TB,KXMLBGAME-25JUN19BALTB,Tampa Bay,Baltimore,56,57,0.565,4383.00,9889.00,no,1750375469
2025-06-19,KXMLBGAME-25JUN19PHIMIA-PHI,KXMLBGAME-25JUN19PHIMIA,Philadelphia,Philadelphia,56,57,0.565,6188.00,7559.00,yes,1750368799
2025-06-19,KXMLBGAME-25JUN19MINCIN-MIN,KXMLBGAME-25JUN19MINCIN,Minnesota,Minnesota,49,50,0.495,11789.00,12650.00,yes,1750350264
2025-06-19,KXMLBGAME-25JUN19AZTOR-TOR,KXMLBGAME-25JUN19AZTOR,Toronto,Arizona,59,60,0.595,2295.00,4458.00,no,1750358185
2025-06-19,KXMLBGAME-25JUN19LAANYY-NYY,KXMLBGAME-25JUN19LAANYY,New York Y,New York Y,71,72,0.715,8776.00,13849.00,yes,1750352613
2025-06-19,KXMLBGAME-25JUN19CLESF-CLE,KXMLBGAME-25JUN19CLESF,Cleveland,San Francisco,38,39,0.385,213.00,645.00,no,1750359991
2025-06-19,KXMLBGAME-25JUN19PITDETG1-PIT,KXMLBGAME-25JUN19PITDETG1,Pittsburgh,Detroit,23,24,0.235,6331.00,12737.00,no,1750352614
2025-06-19,KXMLBGAME-25JUN19COLWSH-WSH,KXMLBGAME-25JUN19COLWSH,Washington,Washington,59,60,0.595,1736.00,2219.00,yes,1750351110
2025-06-19,KXMLBGAME-25JUN19STLCWSG1-STL,KXMLBGAME-25JUN19STLCWSG1,St. Louis,St. Louis,56,57,0.565,3628.00,6516.00,yes,1750355086
2025-06-19,KXMLBGAME-25JUN18MINCIN-MIN,KXMLBGAME-25JUN18MINCIN,Minnesota,Cincinnati,45,46,0.455,419.00,2744.00,no,1750292907
2025-06-19,KXMLBGAME-25JUN18SDLAD-SD,KXMLBGAME-25JUN18SDLAD,San Diego,Los Angeles D,35,36,0.355,162.00,9473.00,no,1750296939
2025-06-19,KXMLBGAME-25JUN18PITDET-PIT,KXMLBGAME-25JUN18PITDET,Pittsburgh,Pittsburgh,87,92,0.895,27543.00,40091.00,yes,1750374652
2025-06-19,KXMLBGAME-25JUN18STLCWS-STL,KXMLBGAME-25JUN18STLCWS,St. Louis,St. Louis,57,59,0.58,24276.00,24899.00,yes,1750367786
2025-06-19,KXMLBGAME-25JUN18CLESF-SF,KXMLBGAME-25JUN18CLESF,San Francisco,Cleveland,55,56,0.555,2228.00,3537.00,no,1750294339
2025-06-19,KXMLBGAME-25JUN18HOUATH-HOU,KXMLBGAME-25JUN18HOUATH,Houston,Houston,59,61,0.6,4808.00,8768.00,yes,1750296963
2025-06-20,KXMLBGAME-25JUN20BALNYY-NYY,KXMLBGAME-25JUN20BALNYY,New York Y,Baltimore,73,74,0.735,4262.00,8797.00,no,1750460327
2025-06-20,KXMLBGAME-25JUN20TEXPIT-TEX,KXMLBGAME-25JUN20TEXPIT,Texas,Texas,62,63,0.625,7536.00,24162.00,yes,1750457318
2025-06-20,KXMLBGAME-25JUN20CINSTL-STL,KXMLBGAME-25JUN20CINSTL,St. Louis,St. Louis,55,56,0.555,1199.00,4658.00,yes,1750459109
2025-06-20,KXMLBGAME-25JUN20SEACHC-SEA,KXMLBGAME-25JUN20SEACHC,Seattle,Seattle,42,43,0.425,10120.00,15316.00,yes,1750441972
2025-06-20,KXMLBGAME-25JUN20NYMPHI-PHI,KXMLBGAME-25JUN20NYMPHI,Philadelphia,Philadelphia,63,65,0.64,12379.00,16627.00,yes,1750460073
2025-06-20,KXMLBGAME-25JUN20DETTB-TB,KXMLBGAME-25JUN20DETTB,Tampa Bay,Tampa Bay,50,51,0.505,30819.00,44972.00,yes,1750462464
2025-06-20,KXMLBGAME-25JUN20CWSTOR-CWS,KXMLBGAME-25JUN20CWSTOR,Chicago WS,Chicago WS,35,36,0.355,5391.00,6119.00,yes,1750458053
2025-06-20,KXMLBGAME-25JUN20ATLMIA-ATL,KXMLBGAME-25JUN20ATLMIA,Atlanta,Miami,57,58,0.575,760.00,3446.00,no,1750458291
2025-06-20,KXMLBGAME-25JUN19SDLAD-SD,KXMLBGAME-25JUN19SDLAD,San Diego,San Diego,30,31,0.305,53010.00,80737.00,yes,1750385059
2025-06-20,KXMLBGAME-25JUN19HOUATH-HOU,KXMLBGAME-25JUN19HOUATH,Houston,A's,56,57,0.565,1042.00,7249.00,no,1750383643
2025-06-21,KXMLBGAME-25JUN21BALNYY-BAL,KXMLBGAME-25JUN21BALNYY,Baltimore,New York Y,38,40,0.39,2328.00,10229.00,no,1750523627
2025-06-21,KXMLBGAME-25JUN21ATLMIA-ATL,KXMLBGAME-25JUN21ATLMIA,Atlanta,Atlanta,59,60,0.595,2065.00,5033.00,yes,1750535084
2025-06-21,KXMLBGAME-25JUN21BOSSF-SF,KXMLBGAME-25JUN21BOSSF,San Francisco,San Francisco,52,53,0.525,2114.00,5679.00,yes,1750531945
2025-06-21,KXMLBGAME-25JUN21CWSTOR-TOR,KXMLBGAME-25JUN21CWSTOR,Toronto,Toronto,63,65,0.64,856.00,3677.00,yes,1750528583
2025-06-21,KXMLBGAME-25JUN21KCSD-SD,KXMLBGAME-25JUN21KCSD,San Diego,San Diego,58,60,0.59,1185.00,6189.00,yes,1750545206
2025-06-21,KXMLBGAME-25JUN21DETTB-TB,KXMLBGAME-25JUN21DETTB,Tampa Bay,Tampa Bay,55,56,0.555,1795.00,4613.00,yes,1750518858
2025-06-21,KXMLBGAME-25JUN21MILMIN-MIN,KXMLBGAME-25JUN21MILMIN,Minnesota,Milwaukee,54,55,0.545,1933.00,2673.00,no,1750526192
2025-06-21,KXMLBGAME-25JUN21TEXPIT-TEX,KXMLBGAME-25JUN21TEXPIT,Texas,Texas,49,50,0.495,1955.00,3592.00,yes,1750533647
2025-06-21,KXMLBGAME-25JUN21CINSTL-CIN,KXMLBGAME-25JUN21CINSTL,Cincinnati,St. Louis,36,37,0.365,3576.00,13764.00,no,1750529791
2025-06-21,KXMLBGAME-25JUN21NYMPHI-NYM,KXMLBGAME-25JUN21NYMPHI,New York M,New York M,52,53,0.525,12717.00,18159.00,yes,1750547558
2025-06-21,KXMLBGAME-25JUN21SEACHC-SEA,KXMLBGAME-25JUN21SEACHC,Seattle,Chicago C,39,40,0.395,2623.00,11042.00,no,1750529545
2025-06-21,KXMLBGAME-25JUN20ARICOL-COL,KXMLBGAME-25JUN20ARICOL,Colorado,Arizona,40,41,0.405,230.00,4541.00,no,1750464747
2025-06-21,KXMLBGAME-25JUN20KCSD-SD,KXMLBGAME-25JUN20KCSD,San Diego,Kansas City,60,61,0.605,1274.00,9234.00,no,1750468957
2025-06-21,KXMLBGAME-25JUN20MILMIN-MIL,KXMLBGAME-25JUN20MILMIN,Milwaukee,Milwaukee,40,42,0.41,4179.00,4921.00,yes,1750464866
2025-06-21,KXMLBGAME-25JUN20HOULAA-LAA,KXMLBGAME-25JUN20HOULAA,Los Angeles A,Houston,39,40,0.395,760.00,8389.00,no,1750469555
2025-06-21,KXMLBGAME-25JUN20WSHLAD-WSH,KXMLBGAME-25JUN20WSHLAD,Washington,Los Angeles D,37,38,0.375,359.00,6284.00,no,1750469554
2025-06-21,KXMLBGAME-25JUN20CLEATH-CLE,KXMLBGAME-25JUN20CLEATH,Cleveland,A's,53,54,0.535,475.00,4867.00,no,1750467886
2025-06-21,KXMLBGAME-25JUN20BOSSF-BOS,KXMLBGAME-25JUN20BOSSF,Boston,Boston,45,46,0.455,85.00,1714.00,yes,1750470259
2025-06-22,KXMLBGAME-25JUN22DETTB-TB,KXMLBGAME-25JUN22DETTB,Tampa Bay,Detroit,49,51,0.5,1908.00,6435.00,no,1750608163
2025-06-22,KXMLBGAME-25JUN22TEXPIT-TEX,KXMLBGAME-25JUN22TEXPIT,Texas,Pittsburgh,48,49,0.485,434.00,2333.00,no,1750611877
2025-06-22,KXMLBGAME-25JUN22CINSTL-STL,KXMLBGAME-25JUN22CINSTL,St. Louis,Cincinnati,49,50,0.495,5061.00,2313.00,no,1750612942
2025-06-22,KXMLBGAME-25JUN22WSHLAD-WSH,KXMLBGAME-25JUN22WSHLAD,Washington,Los Angeles D,31,32,0.315,0.00,2539.00,no,1750620867
2025-06-22,KXMLBGAME-25JUN22BALNYY-BAL,KXMLBGAME-25JUN22BALNYY,Baltimore,New York Y,33,34,0.335,3579.00,6761.00,no,1750605299
2025-06-22,KXMLBGAME-25JUN22CLEATH-CLE,KXMLBGAME-25JUN22CLEATH,Cleveland,Cleveland,51,52,0.515,366.00,1776.00,yes,1750619066
2025-06-22,KXMLBGAME-25JUN22MILMIN-MIL,KXMLBGAME-25JUN22MILMIN,Milwaukee,Milwaukee,44,45,0.445,697.00,3521.00,yes,1750615710
2025-06-22,KXMLBGAME-25JUN22CWSTOR-TOR,KXMLBGAME-25JUN22CWSTOR,Toronto,Chicago WS,64,65,0.645,2641.00,6355.00,no,1750611878
2025-06-22,KXMLBGAME-25JUN22ATLMIA-MIA,KXMLBGAME-25JUN22ATLMIA,Miami,Miami,41,42,0.415,882.00,1579.00,yes,1750611077
2025-06-22,KXMLBGAME-25JUN22SEACHC-SEA,KXMLBGAME-25JUN22SEACHC,Seattle,Seattle,53,54,0.535,1920.00,5805.00,yes,1750614770
2025-06-22,KXMLBGAME-25JUN22BOSSF-SF,KXMLBGAME-25JUN22BOSSF,San Francisco,San Francisco,59,61,0.6,2565.00,4675.00,yes,1750620768
2025-06-22,KXMLBGAME-25JUN22ARICOL-COL,KXMLBGAME-25JUN22ARICOL,Colorado,Colorado,39,40,0.395,74.00,10392.00,yes,1750615935
2025-06-22,KXMLBGAME-25JUN22KCSD-SD,KXMLBGAME-25JUN22KCSD,San Diego,San Diego,52,53,0.525,4683.00,5672.00,yes,1750619539
2025-06-22,KXMLBGAME-25JUN22NYMPHI-PHI,KXMLBGAME-25JUN22NYMPHI,Philadelphia,Philadelphia,53,54,0.535,884.00,5792.00,yes,1750631067
2025-06-22,KXMLBGAME-25JUN22HOULAA-LAA,KXMLBGAME-25JUN22HOULAA,Los Angeles A,Houston,50,51,0.505,74.00,846.00,no,1750620146
2025-06-22,KXMLBGAME-25JUN21WSHLAD-WSH,KXMLBGAME-25JUN21WSHLAD,Washington,Washington,29,30,0.295,189.00,4749.00,yes,1750555094
2025-06-22,KXMLBGAME-25JUN21ARICOL-COL,KXMLBGAME-25JUN21ARICOL,Colorado,Arizona,34,35,0.345,473.00,3476.00,no,1750551650
2025-06-22,KXMLBGAME-25JUN21HOULAA-HOU,KXMLBGAME-25JUN21HOULAA,Houston,Los Angeles A,47,48,0.475,6588.00,14027.00,no,1750552957
2025-06-22,KXMLBGAME-25JUN21CLEATH-CLE,KXMLBGAME-25JUN21CLEATH,Cleveland,Cleveland,54,55,0.545,631.00,6415.00,yes,1750555735
2025-06-23,KXMLBGAME-25JUN23SEAMIN-SEA,KXMLBGAME-25JUN23SEAMIN,Seattle,Seattle,55,56,0.555,1816.00,14772.00,yes,1750718786
2025-06-23,KXMLBGAME-25JUN23TEXBAL-TEX,KXMLBGAME-25JUN23TEXBAL,Texas,Baltimore,45,46,0.455,15318.00,21153.00,no,1750713754
2025-06-23,KXMLBGAME-25JUN23PITMIL-PIT,KXMLBGAME-25JUN23PITMIL,Pittsburgh,Pittsburgh,37,38,0.375,761.00,8598.00,yes,1750720335
2025-06-23,KXMLBGAME-25JUN23ATLNYM-NYM,KXMLBGAME-25JUN23ATLNYM,New York M,Atlanta,42,43,0.425,3691.00,8188.00,no,1750718085
2025-06-23,KXMLBGAME-25JUN23ARICWS-CWS,KXMLBGAME-25JUN23ARICWS,Chicago WS,Arizona,43,44,0.435,275.00,2934.00,no,1750719662
2025-06-23,KXMLBGAME-25JUN23NYYCIN-NYY,KXMLBGAME-25JUN23NYYCIN,New York Y,Cincinnati,54,55,0.545,6291.00,25586.00,no,1750718203
2025-06-23,KXMLBGAME-25JUN23CHCSTL-STL,KXMLBGAME-25JUN23CHCSTL,St. Louis,St. Louis,48,49,0.485,2982.00,6510.00,yes,1750718086
2025-06-24,KXMLBGAME-25JUN24ATHDET-DET,KXMLBGAME-25JUN24ATHDET,Detroit,Detroit,75,77,0.76,5574.00,12939.00,yes,1750806736
2025-06-24,KXMLBGAME-25JUN24TORCLE-TOR,KXMLBGAME-25JUN24TORCLE,Toronto,Toronto,55,56,0.555,9187.00,19590.00,yes,1750803764
2025-06-24,KXMLBGAME-25JUN24PITMIL-PIT,KXMLBGAME-25JUN24PITMIL,Pittsburgh,Milwaukee,34,35,0.345,27.00,8034.00,no,1750805544
2025-06-24,KXMLBGAME-25JUN24SEAMIN-SEA,KXMLBGAME-25JUN24SEAMIN,Seattle,Seattle,49,51,0.5,1296.00,13484.00,yes,1750805308
2025-06-24,KXMLBGAME-25JUN24NYYCIN-NYY,KXMLBGAME-25JUN24NYYCIN,New York Y,Cincinnati,60,61,0.605,5529.00,10842.00,no,1750806260
2025-06-24,KXMLBGAME-25JUN24TEXBAL-TEX,KXMLBGAME-25JUN24TEXBAL,Texas,Texas,44,45,0.445,2682.00,15230.00,yes,1750804584
2025-06-24,KXMLBGAME-25JUN24TBKC-TB,KXMLBGAME-25JUN24TBKC,Tampa Bay,Tampa Bay,44,45,0.445,3660.00,6778.00,yes,1750804583
2025-06-24,KXMLBGAME-25JUN24ARICWS-ARI,KXMLBGAME-25JUN24ARICWS,Arizona,Arizona,52,53,0.525,715.00,13934.00,yes,1750805307
2025-06-24,KXMLBGAME-25JUN24PHIHOU-PHI,KXMLBGAME-25JUN24PHIHOU,Philadelphia,Houston,41,42,0.415,661.00,4227.00,no,1750806146
2025-06-24,KXMLBGAME-25JUN24CHCSTL-CHC,KXMLBGAME-25JUN24CHCSTL,Chicago C,St. Louis,50,51,0.505,220.00,3492.00,no,1750805781
2025-06-24,KXMLBGAME-25JUN24ATLNYM-ATL,KXMLBGAME-25JUN24ATLNYM,Atlanta,Atlanta,55,56,0.555,4848.00,12488.00,yes,1750806148
2025-06-24,KXMLBGAME-25JUN23WSHSD-WSH,KXMLBGAME-25JUN23WSHSD,Washington,Washington,38,39,0.385,209.00,2222.00,yes,1750727678
2025-06-24,KXMLBGAME-25JUN23BOSLAA-BOS,KXMLBGAME-25JUN23BOSLAA,Boston,Los Angeles A,50,52,0.51,1613.00,7271.00,no,1750727441
2025-06-25,KXMLBGAME-25JUN25PITMIL-PIT,KXMLBGAME-25JUN25PITMIL,Pittsburgh,Milwaukee,49,51,0.5,4777.00,11229.00,no,1750871673
2025-06-25,KXMLBGAME-25JUN25PHIHOU-PHI,KXMLBGAME-25JUN25PHIHOU,Philadelphia,Houston,58,60,0.59,522.00,6450.00,no,1750893274
2025-06-25,KXMLBGAME-25JUN25BOSLAA-LAA,KXMLBGAME-25JUN25BOSLAA,Los Angeles A,Los Angeles A,53,55,0.54,925.00,10359.00,yes,1750880299
2025-06-25,KXMLBGAME-25JUN25ARICWS-CWS,KXMLBGAME-25JUN25ARICWS,Chicago WS,Chicago WS,41,42,0.415,1416.00,2186.00,yes,1750871921
2025-06-25,KXMLBGAME-25JUN25TEXBAL-TEX,KXMLBGAME-25JUN25TEXBAL,Texas,Texas,58,59,0.585,4871.00,19427.00,yes,1750887042
2025-06-25,KXMLBGAME-25JUN25SEAMIN-SEA,KXMLBGAME-25JUN25SEAMIN,Seattle,Minnesota,47,48,0.475,2172.00,3494.00,no,1750890861
2025-06-25,KXMLBGAME-25JUN25TORCLE-TOR,KXMLBGAME-25JUN25TORCLE,Toronto,Cleveland,47,48,0.475,1357.00,7118.00,no,1750889542
2025-06-25,KXMLBGAME-25JUN25ATHDET-ATH,KXMLBGAME-25JUN25ATHDET,A's,A's,36,37,0.365,487.00,1501.00,yes,1750887981
2025-06-25,KXMLBGAME-25JUN25ATLNYM-NYM,KXMLBGAME-25JUN25ATLNYM,New York M,New York M,56,57,0.565,3040.00,5721.00,yes,1750890778
2025-06-25,KXMLBGAME-25JUN25CHCSTL-STL,KXMLBGAME-25JUN25CHCSTL,St. Louis,Chicago C,41,42,0.415,90.00,2338.00,no,1750891597
2025-06-25,KXMLBGAME-25JUN25WSHSD-WSH,KXMLBGAME-25JUN25WSHSD,Washington,San Diego,43,45,0.44,1476.00,3031.00,no,1750878139
2025-06-25,KXMLBGAME-25JUN25TBKC-TB,KXMLBGAME-25JUN25TBKC,Tampa Bay,Tampa Bay,54,56,0.55,12505.00,14419.00,yes,1750890862
2025-06-25,KXMLBGAME-25JUN25NYYCIN-NYY,KXMLBGAME-25JUN25NYYCIN,New York Y,New York Y,65,66,0.655,2128.00,7137.00,yes,1750890860
2025-06-25,KXMLBGAME-25JUN24LADCOL-LAD,KXMLBGAME-25JUN24LADCOL,Los Angeles D,Los Angeles D,70,71,0.705,3401.00,16190.00,yes,1750810363
2025-06-25,KXMLBGAME-25JUN24BOSLAA-BOS,KXMLBGAME-25JUN24BOSLAA,Boston,Los Angeles A,60,61,0.605,714.00,10337.00,no,1750813843
2025-06-25,KXMLBGAME-25JUN24WSHSD-WSH,KXMLBGAME-25JUN24WSHSD,Washington,San Diego,39,40,0.395,121.00,327.00,no,1750812505
2025-06-25,KXMLBGAME-25JUN24MIASF-SF,KXMLBGAME-25JUN24MIASF,San Francisco,Miami,61,63,0.62,1705.00,7492.00,no,1750813844
2025-06-26,KXMLBGAME-25JUN26MIASF-SF,KXMLBGAME-25JUN26MIASF,San Francisco,Miami,62,63,0.625,3474.00,8475.00,no,1750965282
2025-06-26,KXMLBGAME-25JUN26ATLNYM-NYM,KXMLBGAME-25JUN26ATLNYM,New York M,New York M,51,52,0.515,10877.00,21936.00,yes,1750976539
2025-06-26,KXMLBGAME-25JUN26TBKC-TB,KXMLBGAME-25JUN26TBKC,Tampa Bay,Tampa Bay,53,54,0.535,721.00,15065.00,yes,1750957838
2025-06-26,KXMLBGAME-25JUN26SEAMIN-SEA,KXMLBGAME-25JUN26SEAMIN,Seattle,Minnesota,43,45,0.44,790.00,14637.00,no,1750970658
2025-06-26,KXMLBGAME-25JUN26ATHDET-DET,KXMLBGAME-25JUN26ATHDET,Detroit,Detroit,59,60,0.595,2937.00,6034.00,yes,1750954356
2025-06-26,KXMLBGAME-25JUN26TORCLE-TOR,KXMLBGAME-25JUN26TORCLE,Toronto,Toronto,44,45,0.445,1134.00,6216.00,yes,1750955309
2025-06-26,KXMLBGAME-25JUN26CHCSTL-STL,KXMLBGAME-25JUN26CHCSTL,St. Louis,Chicago C,44,45,0.445,54.00,1103.00,no,1750959880
2025-06-26,KXMLBGAME-25JUN26LADCOL-LAD,KXMLBGAME-25JUN26LADCOL,Los Angeles D,Los Angeles D,72,73,0.725,4211.00,19627.00,yes,1750961923
2025-06-26,KXMLBGAME-25JUN26PHIHOU-PHI,KXMLBGAME-25JUN26PHIHOU,Philadelphia,Houston,43,44,0.435,695.00,2685.00,no,1750958532
2025-06-26,KXMLBGAME-25JUN25MIASF-SF,KXMLBGAME-25JUN25MIASF,San Francisco,Miami,67,68,0.675,1927.00,8809.00,no,1750900934
2025-06-26,KXMLBGAME-25JUN25LADCOL-LAD,KXMLBGAME-25JUN25LADCOL,Los Angeles D,Los Angeles D,69,70,0.695,12468.00,29331.00,yes,1750900935
2025-06-27,KXMLBGAME-25JUN27COLMIL-MIL,KXMLBGAME-25JUN27COLMIL,Milwaukee,Milwaukee,66,67,0.665,2853.00,24929.00,yes,1751067864
2025-06-27,KXMLBGAME-25JUN27SDCIN-SD,KXMLBGAME-25JUN27SDCIN,San Diego,Cincinnati,54,55,0.545,2370.00,6813.00,no,1751064040
2025-06-27,KXMLBGAME-25JUN27TORBOS-TOR,KXMLBGAME-25JUN27TORBOS,Toronto,Toronto,45,46,0.455,1791.00,6023.00,yes,1751064384
2025-06-27,KXMLBGAME-25JUN27TBBAL-TB,KXMLBGAME-25JUN27TBBAL,Tampa Bay,Baltimore,53,54,0.535,9573.00,33067.00,no,1751065853
2025-06-27,KXMLBGAME-25JUN27MINDET-MIN,KXMLBGAME-25JUN27MINDET,Minnesota,Minnesota,43,44,0.435,620.00,1229.00,yes,1751064041
2025-06-27,KXMLBGAME-25JUN27SFCWS-SF,KXMLBGAME-25JUN27SFCWS,San Francisco,San Francisco,59,60,0.595,1483.00,9719.00,yes,1751065251
2025-06-27,KXMLBGAME-25JUN27LADKC-LAD,KXMLBGAME-25JUN27LADKC,Los Angeles D,Los Angeles D,60,61,0.605,7447.00,16504.00,yes,1751067630
2025-06-27,KXMLBGAME-25JUN27ATHNYY-NYY,KXMLBGAME-25JUN27ATHNYY,New York Y,New York Y,70,71,0.705,3599.00,22579.00,yes,1751062453
2025-06-27,KXMLBGAME-25JUN27NYMPIT-PIT,KXMLBGAME-25JUN27NYMPIT,Pittsburgh,Pittsburgh,42,43,0.425,1308.00,14714.00,yes,1751063072
2025-06-27,KXMLBGAME-25JUN27STLCLE-STL,KXMLBGAME-25JUN27STLCLE,St. Louis,St. Louis,54,55,0.545,98.00,7151.00,yes,1751061496
2025-06-27,KXMLBGAME-25JUN27CHCHOU-HOU,KXMLBGAME-25JUN27CHCHOU,Houston,Houston,52,53,0.525,1310.00,3412.00,yes,1751066429
2025-06-28,KXMLBGAME-25JUN28SDCIN-SD,KXMLBGAME-25JUN28SDCIN,San Diego,San Diego,41,42,0.415,370.00,7410.00,yes,1751139989
2025-06-28,KXMLBGAME-25JUN28SFCWS-SF,KXMLBGAME-25JUN28SFCWS,San Francisco,Chicago WS,60,61,0.605,2100.00,2943.00,no,1751137102
2025-06-28,KXMLBGAME-25JUN28STLCLE-STL,KXMLBGAME-25JUN28STLCLE,St. Louis,St. Louis,47,48,0.475,644.00,7712.00,yes,1751138908
2025-06-28,KXMLBGAME-25JUN28MIAARI-MIA,KXMLBGAME-25JUN28MIAARI,Miami,Miami,40,41,0.405,990.00,3982.00,yes,1751139863
2025-06-28,KXMLBGAME-25JUN28MINDET-MIN,KXMLBGAME-25JUN28MINDET,Minnesota,Detroit,41,42,0.415,4516.00,7480.00,no,1751127982
2025-06-28,KXMLBGAME-25JUN28SEATEX-SEA,KXMLBGAME-25JUN28SEATEX,Seattle,Texas,53,54,0.535,2868.00,5630.00,no,1751140224
2025-06-28,KXMLBGAME-25JUN28TORBOS-TOR,KXMLBGAME-25JUN28TORBOS,Toronto,Boston,53,54,0.535,593.00,7039.00,no,1751139647
2025-06-28,KXMLBGAME-25JUN28TBBAL-TB,KXMLBGAME-25JUN28TBBAL,Tampa Bay,Tampa Bay,48,49,0.485,5351.00,14004.00,yes,1751139170
2025-06-28,KXMLBGAME-25JUN28PHIATL-PHI,KXMLBGAME-25JUN28PHIATL,Philadelphia,Atlanta,38,39,0.385,2146.00,14881.00,no,1751149333
2025-06-28,KXMLBGAME-25JUN28NYMPIT-NYM,KXMLBGAME-25JUN28NYMPIT,New York M,Pittsburgh,70,72,0.71,12755.00,29828.00,no,1751144659
2025-06-28,KXMLBGAME-25JUN28LADKC-LAD,KXMLBGAME-25JUN28LADKC,Los Angeles D,Kansas City,58,60,0.59,1912.00,6433.00,no,1751138795
2025-06-28,KXMLBGAME-25JUN28COLMIL-MIL,KXMLBGAME-25JUN28COLMIL,Milwaukee,Milwaukee,71,73,0.72,2914.00,11583.00,yes,1751137237
2025-06-28,KXMLBGAME-25JUN28ATHNYY-NYY,KXMLBGAME-25JUN28ATHNYY,New York Y,A's,72,73,0.725,9555.00,25202.00,no,1751128583
2025-06-28,KXMLBGAME-25JUN28CHCHOU-HOU,KXMLBGAME-25JUN28CHCHOU,Houston,Chicago C,50,51,0.505,639.00,3714.00,no,1751150561
2025-06-28,KXMLBGAME-25JUN27SEATEX-TEX,KXMLBGAME-25JUN27SEATEX,Texas,Seattle,47,48,0.475,1848.00,8880.00,no,1751070141
2025-06-28,KXMLBGAME-25JUN27WSHLAA-WSH,KXMLBGAME-25JUN27WSHLAA,Washington,Washington,39,40,0.395,540.00,2952.00,yes,1751074106
2025-06-28,KXMLBGAME-25JUN27PHIATL-PHI,KXMLBGAME-25JUN27PHIATL,Philadelphia,Philadelphia,36,39,0.375,1097.00,21361.00,yes,1751072899
2025-06-28,KXMLBGAME-25JUN27MIAARI-MIA,KXMLBGAME-25JUN27MIAARI,Miami,Miami,39,40,0.395,1732.00,7635.00,yes,1751074351
2025-06-29,KXMLBGAME-25JUN29COLMIL-MIL,KXMLBGAME-25JUN29COLMIL,Milwaukee,Colorado,69,70,0.695,4290.00,10088.00,no,1751221116
2025-06-29,KXMLBGAME-25JUN29STLCLE-STL,KXMLBGAME-25JUN29STLCLE,St. Louis,St. Louis,50,51,0.505,3479.00,7644.00,yes,1751211210
2025-06-29,KXMLBGAME-25JUN29SEATEX-TEX,KXMLBGAME-25JUN29SEATEX,Texas,Seattle,46,47,0.465,649.00,2140.00,no,1751222559
2025-06-29,KXMLBGAME-25JUN29SFCWS-SF,KXMLBGAME-25JUN29SFCWS,San Francisco,Chicago WS,58,59,0.585,433.00,2459.00,no,1751218584
2025-06-29,KXMLBGAME-25JUN29TORBOS-TOR,KXMLBGAME-25JUN29TORBOS,Toronto,Toronto,50,51,0.505,6277.00,12208.00,yes,1751217154
2025-06-29,KXMLBGAME-25JUN29ATHNYY-NYY,KXMLBGAME-25JUN29ATHNYY,New York Y,New York Y,65,67,0.66,3248.00,8204.00,yes,1751217864
2025-06-29,KXMLBGAME-25JUN29SDCIN-SD,KXMLBGAME-25JUN29SDCIN,San Diego,Cincinnati,44,45,0.445,277.00,1801.00,no,1751216911
2025-06-29,KXMLBGAME-25JUN29TBBAL-TB,KXMLBGAME-25JUN29TBBAL,Tampa Bay,Baltimore,48,49,0.485,8932.00,11018.00,no,1751215720
2025-06-29,KXMLBGAME-25JUN29LADKC-LAD,KXMLBGAME-25JUN29LADKC,Los Angeles D,Los Angeles D,55,56,0.555,14158.00,20994.00,yes,1751221115
2025-06-29,KXMLBGAME-25JUN29CHCHOU-HOU,KXMLBGAME-25JUN29CHCHOU,Houston,Houston,55,56,0.555,6094.00,6629.00,yes,1751217651
2025-06-29,KXMLBGAME-25JUN29PHIATL-PHI,KXMLBGAME-25JUN29PHIATL,Philadelphia,Philadelphia,39,41,0.4,4470.00,8917.00,yes,1751214868
2025-06-29,KXMLBGAME-25JUN29MINDET-MIN,KXMLBGAME-25JUN29MINDET,Minnesota,Detroit,27,28,0.275,1244.00,13311.00,no,1751234675
2025-06-29,KXMLBGAME-25JUN29MIAARI-MIA,KXMLBGAME-25JUN29MIAARI,Miami,Miami,36,37,0.365,474.00,2340.00,yes,1751226992
2025-06-29,KXMLBGAME-25JUN29WSHLAA-WSH,KXMLBGAME-25JUN29WSHLAA,Washington,Washington,46,47,0.465,160.00,1785.00,yes,1751226991
2025-06-29,KXMLBGAME-25JUN29NYMPIT-PIT,KXMLBGAME-25JUN29NYMPIT,Pittsburgh,Pittsburgh,43,44,0.435,868.00,6947.00,yes,1751215721
2025-06-29,KXMLBGAME-25JUN28WSHLAA-WSH,KXMLBGAME-25JUN28WSHLAA,Washington,Los Angeles A,47,48,0.475,1744.00,2633.00,no,1751158252
2025-06-30,KXMLBGAME-25JUN30NYYTOR-TOR,KXMLBGAME-25JUN30NYYTOR,Toronto,Toronto,41,42,0.415,7601.00,17547.00,yes,1751322403
2025-06-30,KXMLBGAME-25JUN30CINBOS-CIN,KXMLBGAME-25JUN30CINBOS,Cincinnati,Boston,38,39,0.385,2343.00,5963.00,no,1751322876
2025-06-30,KXMLBGAME-25JUN30ATHTB-TB,KXMLBGAME-25JUN30ATHTB,Tampa Bay,A's,62,63,0.625,2304.00,18714.00,no,1751322877
2025-06-30,KXMLBGAME-25JUN30STLPIT-STL,KXMLBGAME-25JUN30STLPIT,St. Louis,Pittsburgh,49,50,0.495,10724.00,31711.00,no,1751323374
2025-06-30,KXMLBGAME-25JUN30SDPHI-SD,KXMLBGAME-25JUN30SDPHI,San Diego,Philadelphia,31,33,0.32,2351.00,12703.00,no,1751319762
2025-07-01,KXMLBGAME-25JUL01LAAATL-LAA,KXMLBGAME-25JUL01LAAATL,Los Angeles A,Los Angeles A,35,36,0.355,1478.00,13544.00,yes,1751410268
2025-07-01,KXMLBGAME-25JUL01BALTEX-TEX,KXMLBGAME-25JUL01BALTEX,Texas,Texas,63,64,0.635,6792.00,16667.00,yes,1751412537
2025-07-01,KXMLBGAME-25JUL01NYYTOR-NYY,KXMLBGAME-25JUL01NYYTOR,New York Y,Toronto,60,61,0.605,21214.00,44426.00,no,1751397528
2025-07-01,KXMLBGAME-25JUL01CLECHC-CLE,KXMLBGAME-25JUL01CLECHC,Cleveland,Chicago C,36,37,0.365,1301.00,9561.00,no,1751411332
2025-07-01,KXMLBGAME-25JUL01STLPIT-STL,KXMLBGAME-25JUL01STLPIT,St. Louis,Pittsburgh,41,42,0.415,286.00,4234.00,no,1751407147
2025-07-01,KXMLBGAME-25JUL01MINMIA-MIN,KXMLBGAME-25JUL01MINMIA,Minnesota,Miami,56,57,0.565,1643.00,6217.00,no,1751405327
2025-07-01,KXMLBGAME-25JUL01ATHTB-TB,KXMLBGAME-25JUL01ATHTB,Tampa Bay,A's,61,63,0.62,1659.00,6220.00,no,1751409756
2025-07-01,KXMLBGAME-25JUN30SFARI-SF,KXMLBGAME-25JUN30SFARI,San Francisco,Arizona,56,58,0.57,290.00,5567.00,no,1751330322
2025-07-01,KXMLBGAME-25JUN30BALTEX-BAL,KXMLBGAME-25JUN30BALTEX,Baltimore,Baltimore,50,51,0.505,2225.00,11981.00,yes,1751329240
2025-07-01,KXMLBGAME-25JUN30KCSEA-SEA,KXMLBGAME-25JUN30KCSEA,Seattle,Seattle,59,60,0.595,461.00,5606.00,yes,1751330323
2025-07-02,KXMLBGAME-25JUL02CINBOS-CIN,KXMLBGAME-25JUL02CINBOS,Cincinnati,Cincinnati,46,47,0.465,1209.00,29398.00,yes,1751498719
2025-07-02,KXMLBGAME-25JUL02LAAATL-LAA,KXMLBGAME-25JUL02LAAATL,Los Angeles A,Atlanta,42,43,0.425,4729.00,20408.00,no,1751498119
2025-07-02,KXMLBGAME-25JUL02BALTEX-TEX,KXMLBGAME-25JUL02BALTEX,Texas,Texas,58,59,0.585,1565.00,8822.00,yes,1751499795
2025-07-02,KXMLBGAME-25JUL02MILNYMG2-NYM,KXMLBGAME-25JUL02MILNYMG2,New York M,New York M,47,48,0.475,856.00,4200.00,yes,1751498118
2025-07-02,KXMLBGAME-25JUL02ATHTB-TB,KXMLBGAME-25JUL02ATHTB,Tampa Bay,Tampa Bay,64,65,0.645,2481.00,2978.00,yes,1751470165
2025-07-02,KXMLBGAME-25JUL02SDPHIG1-SD,KXMLBGAME-25JUL02SDPHIG1,San Diego,San Diego,51,52,0.515,2632.00,3655.00,yes,1751474393
2025-07-02,KXMLBGAME-25JUL02STLPIT-STL,KXMLBGAME-25JUL02STLPIT,St. Louis,Pittsburgh,53,54,0.535,4078.00,9260.00,no,1751470728
2025-07-02,KXMLBGAME-25JUL02MINMIA-MIN,KXMLBGAME-25JUL02MINMIA,Minnesota,Minnesota,52,53,0.525,1728.00,5205.00,yes,1751495757
2025-07-02,KXMLBGAME-25JUL02DETWSHG2-WSH,KXMLBGAME-25JUL02DETWSHG2,Washington,Washington,50,52,0.51,1579.00,23795.00,yes,1751497014
2025-07-02,KXMLBGAME-25JUL02NYYTOR-TOR,KXMLBGAME-25JUL02NYYTOR,Toronto,Toronto,45,46,0.455,3964.00,31685.00,yes,1751499260
2025-07-02,KXMLBGAME-25JUL01CINBOS-CIN,KXMLBGAME-25JUL01CINBOS,Cincinnati,Boston,34,40,0.37,355.00,20232.00,no,1751475221
2025-07-02,KXMLBGAME-25JUL01HOUCOL-HOU,KXMLBGAME-25JUL01HOUCOL,Houston,Houston,58,59,0.585,8462.00,39164.00,yes,1751414953
2025-07-02,KXMLBGAME-25JUL01SDPHI-SD,KXMLBGAME-25JUL01SDPHI,San Diego,Philadelphia,41,42,0.415,4133.00,50778.00,no,1751495226
2025-07-02,KXMLBGAME-25JUL01CWSLAD-LAD,KXMLBGAME-25JUL01CWSLAD,Los Angeles D,Los Angeles D,75,76,0.755,606.00,11826.00,yes,1751418546
2025-07-02,KXMLBGAME-25JUL01DETWSH-WSH,KXMLBGAME-25JUL01DETWSH,Washington,Detroit,41,43,0.42,3947.00,10319.00,no,1751474119
2025-07-02,KXMLBGAME-25JUL01MILNYM-NYM,KXMLBGAME-25JUL01MILNYM,New York M,Milwaukee,53,54,0.535,1334.00,16422.00,no,1751473253
2025-07-02,KXMLBGAME-25JUL01SFARI-SF,KXMLBGAME-25JUL01SFARI,San Francisco,Arizona,45,46,0.455,3634.00,9831.00,no,1751416657
2025-07-02,KXMLBGAME-25JUL01KCSEA-KC,KXMLBGAME-25JUL01KCSEA,Kansas City,Kansas City,43,44,0.435,502.00,7485.00,yes,1751417966
2025-07-03,KXMLBGAME-25JUL03MINMIA-MIN,KXMLBGAME-25JUL03MINMIA,Minnesota,Miami,50,51,0.505,3046.00,4260.00,no,1751556981
2025-07-03,KXMLBGAME-25JUL03NYYTOR-TOR,KXMLBGAME-25JUL03NYYTOR,Toronto,Toronto,45,46,0.455,12112.00,39482.00,yes,1751584236
2025-07-03,KXMLBGAME-25JUL03CLECHC-CLE,KXMLBGAME-25JUL03CLECHC,Cleveland,Chicago C,44,45,0.445,735.00,11148.00,no,1751585183
2025-07-03,KXMLBGAME-25JUL03HOUCOL-HOU,KXMLBGAME-25JUL03HOUCOL,Houston,Colorado,62,63,0.625,45041.00,50431.00,no,1751567653
2025-07-03,KXMLBGAME-25JUL03MILNYM-NYM,KXMLBGAME-25JUL03MILNYM,New York M,New York M,58,59,0.585,1508.00,15026.00,yes,1751583017
2025-07-03,KXMLBGAME-25JUL03LAAATL-LAA,KXMLBGAME-25JUL03LAAATL,Los Angeles A,Los Angeles A,42,43,0.425,13555.00,27181.00,yes,1751581243
2025-07-03,KXMLBGAME-25JUL03DETWSH-DET,KXMLBGAME-25JUL03DETWSH,Detroit,Washington,55,56,0.555,20712.00,45181.00,no,1751580977
2025-07-03,KXMLBGAME-25JUL02KCSEA-SEA,KXMLBGAME-25JUL02KCSEA,Seattle,Seattle,60,61,0.605,2498.00,5464.00,yes,1751506324
2025-07-03,KXMLBGAME-25JUL02CWSLAD-LAD,KXMLBGAME-25JUL02CWSLAD,Los Angeles D,Los Angeles D,74,75,0.745,5594.00,20553.00,yes,1751508938
2025-07-03,KXMLBGAME-25JUL02SFARI-SF,KXMLBGAME-25JUL02SFARI,San Francisco,San Francisco,43,44,0.435,5933.00,18876.00,yes,1751507545
2025-07-03,KXMLBGAME-25JUL02CLECHC-CLE,KXMLBGAME-25JUL02CLECHC,Cleveland,Chicago C,39,41,0.4,1762.00,9793.00,no,1751501921
2025-07-03,KXMLBGAME-25JUL02HOUCOL-HOU,KXMLBGAME-25JUL02HOUCOL,Houston,Houston,71,72,0.715,5260.00,32073.00,yes,1751502805
2025-07-04,KXMLBGAME-25JUL04CINPHI-PHI,KXMLBGAME-25JUL04CINPHI,Philadelphia,Cincinnati,58,59,0.585,9118.00,10779.00,no,1751648076
2025-07-04,KXMLBGAME-25JUL04MILMIA-MIL,KXMLBGAME-25JUL04MILMIA,Milwaukee,Milwaukee,56,57,0.565,7972.00,16695.00,yes,1751668458
2025-07-04,KXMLBGAME-25JUL04NYYNYM-NYY,KXMLBGAME-25JUL04NYYNYM,New York Y,New York M,45,47,0.46,4935.00,9219.00,no,1751654019
2025-07-04,KXMLBGAME-25JUL04PITSEA-SEA,KXMLBGAME-25JUL04PITSEA,Seattle,Seattle,61,63,0.62,4126.00,9591.00,yes,1751655667
2025-07-04,KXMLBGAME-25JUL04STLCHC-STL,KXMLBGAME-25JUL04STLCHC,St. Louis,Chicago C,42,44,0.43,4082.00,9222.00,no,1751649749
2025-07-04,KXMLBGAME-25JUL04TBMIN-TB,KXMLBGAME-25JUL04TBMIN,Tampa Bay,Minnesota,49,50,0.495,3991.00,7412.00,no,1751657577
2025-07-04,KXMLBGAME-25JUL04BOSWSH-WSH,KXMLBGAME-25JUL04BOSWSH,Washington,Boston,49,50,0.495,1060.00,2366.00,no,1751639300
2025-07-04,KXMLBGAME-25JUL04LAATOR-TOR,KXMLBGAME-25JUL04LAATOR,Toronto,Toronto,56,58,0.57,21454.00,32957.00,yes,1751670262
2025-07-04,KXMLBGAME-25JUL04CWSCOL-CWS,KXMLBGAME-25JUL04CWSCOL,Chicago WS,Chicago WS,52,54,0.53,4334.00,8878.00,yes,1751671243
2025-07-04,KXMLBGAME-25JUL04BALATL-BAL,KXMLBGAME-25JUL04BALATL,Baltimore,Baltimore,37,38,0.375,358.00,1631.00,yes,1751667936
2025-07-04,KXMLBGAME-25JUL04DETCLE-DET,KXMLBGAME-25JUL04DETCLE,Detroit,Detroit,53,54,0.535,2052.00,10284.00,yes,1751668457
2025-07-04,KXMLBGAME-25JUL04TEXSD-TEX,KXMLBGAME-25JUL04TEXSD,Texas,San Diego,49,51,0.5,6359.00,11475.00,no,1751668099
2025-07-04,KXMLBGAME-25JUL03SFARI-SF,KXMLBGAME-25JUL03SFARI,San Francisco,San Francisco,53,54,0.535,933.00,12592.00,yes,1751590468
2025-07-04,KXMLBGAME-25JUL03KCSEA-SEA,KXMLBGAME-25JUL03KCSEA,Seattle,Kansas City,53,54,0.535,949.00,18357.00,no,1751592841
2025-07-04,KXMLBGAME-25JUL03CWSLAD-LAD,KXMLBGAME-25JUL03CWSLAD,Los Angeles D,Los Angeles D,72,73,0.725,878.00,23307.00,yes,1751591318
2025-07-05,KXMLBGAME-25JUL05HOULAD-HOU,KXMLBGAME-25JUL05HOULAD,Houston,Houston,42,43,0.425,703.00,11623.00,yes,1751755588
2025-07-05,KXMLBGAME-25JUL05LAATOR-TOR,KXMLBGAME-25JUL05LAATOR,Toronto,Toronto,64,65,0.645,5207.00,13343.00,yes,1751742141
2025-07-05,KXMLBGAME-25JUL05STLCHC-STL,KXMLBGAME-25JUL05STLCHC,St. Louis,St. Louis,39,40,0.395,25583.00,33757.00,yes,1751737837
2025-07-05,KXMLBGAME-25JUL05TBMIN-TB,KXMLBGAME-25JUL05TBMIN,Tampa Bay,Minnesota,50,51,0.505,10142.00,14147.00,no,1751738063
2025-07-05,KXMLBGAME-25JUL05MILMIA-MIL,KXMLBGAME-25JUL05MILMIA,Milwaukee,Miami,55,56,0.555,2589.00,3589.00,no,1751743471
2025-07-05,KXMLBGAME-25JUL05CINPHI-PHI,KXMLBGAME-25JUL05CINPHI,Philadelphia,Philadelphia,63,64,0.635,1259.00,49291.00,yes,1751742640
2025-07-05,KXMLBGAME-25JUL05DETCLE-DET,KXMLBGAME-25JUL05DETCLE,Detroit,Detroit,54,56,0.55,960.00,15573.00,yes,1751753313
2025-07-05,KXMLBGAME-25JUL05BALATL-BAL,KXMLBGAME-25JUL05BALATL,Baltimore,Baltimore,42,43,0.425,819.00,5972.00,yes,1751745754
2025-07-05,KXMLBGAME-25JUL05KCARI-KC,KXMLBGAME-25JUL05KCARI,Kansas City,Arizona,44,46,0.45,379.00,6257.00,no,1751744012
2025-07-05,KXMLBGAME-25JUL05BOSWSH-BOS,KXMLBGAME-25JUL05BOSWSH,Boston,Boston,51,52,0.515,5110.00,6711.00,yes,1751742389
2025-07-05,KXMLBGAME-25JUL05NYYNYM-NYY,KXMLBGAME-25JUL05NYYNYM,New York Y,New York M,57,58,0.575,4569.00,18169.00,no,1751745657
2025-07-05,KXMLBGAME-25JUL04KCARI-KC,KXMLBGAME-25JUL04KCARI,Kansas City,Kansas City,48,49,0.485,938.00,5042.00,yes,1751677591
2025-07-05,KXMLBGAME-25JUL04HOULAD-LAD,KXMLBGAME-25JUL04HOULAD,Los Angeles D,Houston,62,63,0.625,6792.00,20516.00,no,1751675917
2025-07-05,KXMLBGAME-25JUL04SFATH-SF,KXMLBGAME-25JUL04SFATH,San Francisco,A's,49,51,0.5,3865.00,10343.00,no,1751678900
2025-07-06,KXMLBGAME-25JUL06DETCLE-DET,KXMLBGAME-25JUL06DETCLE,Detroit,Detroit,67,68,0.675,3017.00,11281.00,yes,1751822081
2025-07-06,KXMLBGAME-25JUL06CINPHI-PHI,KXMLBGAME-25JUL06CINPHI,Philadelphia,Philadelphia,67,68,0.675,2572.00,9105.00,yes,1751820395
2025-07-06,KXMLBGAME-25JUL06NYYNYM-NYY,KXMLBGAME-25JUL06NYYNYM,New York Y,New York Y,62,63,0.625,4075.00,7551.00,yes,1751822543
2025-07-06,KXMLBGAME-25JUL06PITSEA-SEA,KXMLBGAME-25JUL06PITSEA,Seattle,Seattle,51,52,0.515,1174.00,3033.00,yes,1751829636
2025-07-06,KXMLBGAME-25JUL06CWSCOL-CWS,KXMLBGAME-25JUL06CWSCOL,Chicago WS,Colorado,52,53,0.525,716.00,4851.00,no,1751826881
2025-07-06,KXMLBGAME-25JUL06TBMIN-TB,KXMLBGAME-25JUL06TBMIN,Tampa Bay,Tampa Bay,46,47,0.465,5561.00,6744.00,yes,1751824369
2025-07-06,KXMLBGAME-25JUL06HOULAD-HOU,KXMLBGAME-25JUL06HOULAD,Houston,Houston,36,37,0.365,1799.00,7956.00,yes,1751829737
2025-07-06,KXMLBGAME-25JUL06KCARI-KC,KXMLBGAME-25JUL06KCARI,Kansas City,Kansas City,41,42,0.415,5559.00,6988.00,yes,1751829045
2025-07-06,KXMLBGAME-25JUL06LAATOR-TOR,KXMLBGAME-25JUL06LAATOR,Toronto,Toronto,62,64,0.63,2398.00,5536.00,yes,1751820997
2025-07-06,KXMLBGAME-25JUL06BOSWSH-BOS,KXMLBGAME-25JUL06BOSWSH,Boston,Boston,68,69,0.685,6354.00,10951.00,yes,1751822781
2025-07-06,KXMLBGAME-25JUL06STLCHC-STL,KXMLBGAME-25JUL06STLCHC,St. Louis,Chicago C,30,32,0.31,6618.00,19309.00,no,1751842851
2025-07-06,KXMLBGAME-25JUL06MILMIA-MIL,KXMLBGAME-25JUL06MILMIA,Milwaukee,Milwaukee,48,49,0.485,2331.00,2555.00,yes,1751819198
2025-07-06,KXMLBGAME-25JUL06BALATL-BAL,KXMLBGAME-25JUL06BALATL,Baltimore,Baltimore,42,43,0.425,1533.00,3122.00,yes,1751813456
2025-07-06,KXMLBGAME-25JUL05TEXSD-TEX,KXMLBGAME-25JUL05TEXSD,Texas,Texas,46,47,0.465,427.00,2399.00,yes,1751764604
2025-07-06,KXMLBGAME-25JUL05PITSEA-SEA,KXMLBGAME-25JUL05PITSEA,Seattle,Seattle,60,62,0.61,1164.00,14138.00,yes,1751763986
2025-07-06,KXMLBGAME-25JUL05CWSCOL-CWS,KXMLBGAME-25JUL05CWSCOL,Chicago WS,Chicago WS,44,45,0.445,1747.00,5904.00,yes,1751761702
2025-07-06,KXMLBGAME-25JUL05SFATH-SF,KXMLBGAME-25JUL05SFATH,San Francisco,San Francisco,62,63,0.625,1939.00,9925.00,yes,1751764714
2025-07-07,KXMLBGAME-25JUL07MIACIN-MIA,KXMLBGAME-25JUL07MIACIN,Miami,Miami,43,45,0.44,3548.00,6440.00,yes,1751930913
2025-07-07,KXMLBGAME-25JUL07COLBOS-COL,KXMLBGAME-25JUL07COLBOS,Colorado,Boston,31,32,0.315,447.00,3129.00,no,1751928498
2025-07-07,KXMLBGAME-25JUL07CLEHOU-CLE,KXMLBGAME-25JUL07CLEHOU,Cleveland,Cleveland,45,46,0.455,274.00,10766.00,yes,1751931259
2025-07-07,KXMLBGAME-25JUL07TBDET-TB,KXMLBGAME-25JUL07TBDET,Tampa Bay,Detroit,50,51,0.505,8931.00,14228.00,no,1751923977
2025-07-07,KXMLBGAME-25JUL07PITKC-PIT,KXMLBGAME-25JUL07PITKC,Pittsburgh,Kansas City,42,43,0.425,164.00,9224.00,no,1751928659
2025-07-07,KXMLBGAME-25JUL07TORCWS-TOR,KXMLBGAME-25JUL07TORCWS,Toronto,Toronto,60,61,0.605,9305.00,26728.00,yes,1751928658
2025-07-07,KXMLBGAME-25JUL07LADMIL-MIL,KXMLBGAME-25JUL07LADMIL,Milwaukee,Milwaukee,44,45,0.445,979.00,7382.00,yes,1751929121
2025-07-07,KXMLBGAME-25JUL06SFATH-SF,KXMLBGAME-25JUL06SFATH,San Francisco,San Francisco,46,47,0.465,18185.00,43507.00,yes,1751851696
2025-07-07,KXMLBGAME-25JUL06TEXSD-TEX,KXMLBGAME-25JUL06TEXSD,Texas,San Diego,44,45,0.445,7500.00,17676.00,no,1751849184
2025-07-08,KXMLBGAME-25JUL08LADMIL-MIL,KXMLBGAME-25JUL08LADMIL,Milwaukee,Milwaukee,49,51,0.5,2453.00,13364.00,yes,1752014202
2025-07-08,KXMLBGAME-25JUL08TBDET-TB,KXMLBGAME-25JUL08TBDET,Tampa Bay,Detroit,46,47,0.465,1721.00,13725.00,no,1752010944
2025-07-08,KXMLBGAME-25JUL08PITKC-PIT,KXMLBGAME-25JUL08PITKC,Pittsburgh,Kansas City,44,45,0.445,631.00,1302.00,no,1752014029
2025-07-08,KXMLBGAME-25JUL08NYMBAL-NYM,KXMLBGAME-25JUL08NYMBAL,New York M,New York M,53,56,0.545,28215.00,107296.00,yes,1752016108
2025-07-08,KXMLBGAME-25JUL08CHCMIN-MIN,KXMLBGAME-25JUL08CHCMIN,Minnesota,Minnesota,44,45,0.445,125.00,7788.00,yes,1752014542
2025-07-08,KXMLBGAME-25JUL08COLBOS-COL,KXMLBGAME-25JUL08COLBOS,Colorado,Boston,27,28,0.275,181.00,1469.00,no,1752012876
2025-07-08,KXMLBGAME-25JUL08SEANYY-SEA,KXMLBGAME-25JUL08SEANYY,Seattle,New York Y,45,47,0.46,7831.00,24588.00,no,1752015874
2025-07-08,KXMLBGAME-25JUL08TORCWS-TOR,KXMLBGAME-25JUL08TORCWS,Toronto,Toronto,64,65,0.645,7402.00,29737.00,yes,1752018598
2025-07-08,KXMLBGAME-25JUL08MIACIN-MIA,KXMLBGAME-25JUL08MIACIN,Miami,Miami,47,48,0.475,564.00,8552.00,yes,1752014297
2025-07-08,KXMLBGAME-25JUL07TEXLAA-TEX,KXMLBGAME-25JUL07TEXLAA,Texas,Los Angeles A,55,56,0.555,7258.00,14585.00,no,1751936900
2025-07-08,KXMLBGAME-25JUL07PHISF-SF,KXMLBGAME-25JUL07PHISF,San Francisco,San Francisco,44,45,0.445,177.00,2896.00,yes,1751936180
2025-07-08,KXMLBGAME-25JUL07ARISD-SD,KXMLBGAME-25JUL07ARISD,San Diego,Arizona,52,53,0.525,2162.00,11316.00,no,1751938103
2025-07-09,KXMLBGAME-25JUL09MIACIN-MIA,KXMLBGAME-25JUL09MIACIN,Miami,Cincinnati,43,44,0.435,3460.00,5646.00,no,1752099517
2025-07-09,KXMLBGAME-25JUL09PHISF-PHI,KXMLBGAME-25JUL09PHISF,Philadelphia,Philadelphia,54,55,0.545,3399.00,9834.00,yes,1752088573
2025-07-09,KXMLBGAME-25JUL09WSHSTL-WSH,KXMLBGAME-25JUL09WSHSTL,Washington,Washington,43,44,0.435,301.00,605.00,yes,1752101560
2025-07-09,KXMLBGAME-25JUL09SEANYY-SEA,KXMLBGAME-25JUL09SEANYY,Seattle,New York Y,41,42,0.415,3424.00,13794.00,no,1752099875
2025-07-09,KXMLBGAME-25JUL09COLBOS-COL,KXMLBGAME-25JUL09COLBOS,Colorado,Boston,24,25,0.245,9253.00,9503.00,no,1752099269
2025-07-09,KXMLBGAME-25JUL09PITKC-PIT,KXMLBGAME-25JUL09PITKC,Pittsburgh,Kansas City,36,37,0.365,687.00,1577.00,no,1752101671
2025-07-09,KXMLBGAME-25JUL09TORCWS-TOR,KXMLBGAME-25JUL09TORCWS,Toronto,Chicago WS,56,58,0.57,8368.00,40240.00,no,1752082473
2025-07-09,KXMLBGAME-25JUL09TBDET-TB,KXMLBGAME-25JUL09TBDET,Tampa Bay,Tampa Bay,42,43,0.425,1251.00,2693.00,yes,1752093236
2025-07-09,KXMLBGAME-25JUL09LADMIL-MIL,KXMLBGAME-25JUL09LADMIL,Milwaukee,Milwaukee,41,43,0.42,13390.00,29721.00,yes,1752084061
2025-07-09,KXMLBGAME-25JUL09CHCMIN-MIN,KXMLBGAME-25JUL09CHCMIN,Minnesota,Minnesota,50,51,0.505,1439.00,7821.00,yes,1752100705
2025-07-09,KXMLBGAME-25JUL09CLEHOU-CLE,KXMLBGAME-25JUL09CLEHOU,Cleveland,Cleveland,40,42,0.41,29.00,4928.00,yes,1752102276
2025-07-09,KXMLBGAME-25JUL08ATLATH-ATL,KXMLBGAME-25JUL08ATLATH,Atlanta,A's,51,52,0.515,105.00,2157.00,no,1752023548
2025-07-09,KXMLBGAME-25JUL08CLEHOU-HOU,KXMLBGAME-25JUL08CLEHOU,Houston,Cleveland,65,66,0.655,944.00,45089.00,no,1752019583
2025-07-09,KXMLBGAME-25JUL08ARISD-SD,KXMLBGAME-25JUL08ARISD,San Diego,San Diego,56,57,0.565,315.00,4256.00,yes,1752022338
2025-07-09,KXMLBGAME-25JUL08WSHSTL-WSH,KXMLBGAME-25JUL08WSHSTL,Washington,St. Louis,31,32,0.315,44.00,2992.00,no,1752023058
2025-07-09,KXMLBGAME-25JUL08PHISF-PHI,KXMLBGAME-25JUL08PHISF,Philadelphia,San Francisco,40,41,0.405,255.00,10010.00,no,1752023294
2025-07-09,KXMLBGAME-25JUL08TEXLAA-TEX,KXMLBGAME-25JUL08TEXLAA,Texas,Texas,49,50,0.495,271.00,9130.00,yes,1752021983
2025-07-10,KXMLBGAME-25JUL10NYMBALG1-NYM,KXMLBGAME-25JUL10NYMBALG1,New York M,Baltimore,55,57,0.56,3027.00,6580.00,no,1752160722
2025-07-10,KXMLBGAME-25JUL10WSHSTL-WSH,KXMLBGAME-25JUL10WSHSTL,Washington,St. Louis,43,44,0.435,1601.00,2425.00,no,1752188191
2025-07-10,KXMLBGAME-25JUL10TBBOS-TB,KXMLBGAME-25JUL10TBBOS,Tampa Bay,Boston,48,49,0.485,2559.00,8574.00,no,1752185182
2025-07-10,KXMLBGAME-25JUL10MIACIN-MIA,KXMLBGAME-25JUL10MIACIN,Miami,Cincinnati,39,40,0.395,5269.00,7008.00,no,1752179174
2025-07-10,KXMLBGAME-25JUL10SEANYY-SEA,KXMLBGAME-25JUL10SEANYY,Seattle,New York Y,51,52,0.515,3429.00,13491.00,no,1752188192
2025-07-10,KXMLBGAME-25JUL10CHCMIN-CHC,KXMLBGAME-25JUL10CHCMIN,Chicago C,Chicago C,52,53,0.525,13282.00,19423.00,yes,1752163833
2025-07-10,KXMLBGAME-25JUL09ATLATH-ATL,KXMLBGAME-25JUL09ATLATH,Atlanta,Atlanta,52,53,0.525,852.00,7407.00,yes,1752109345
2025-07-10,KXMLBGAME-25JUL09NYMBAL-NYM,KXMLBGAME-25JUL09NYMBAL,New York M,Baltimore,54,57,0.555,6641.00,40712.00,no,1752178851
2025-07-10,KXMLBGAME-25JUL09TEXLAA-TEX,KXMLBGAME-25JUL09TEXLAA,Texas,Los Angeles A,51,52,0.515,2265.00,8565.00,no,1752109957
2025-07-10,KXMLBGAME-25JUL09ARISD-SD,KXMLBGAME-25JUL09ARISD,San Diego,Arizona,59,60,0.595,496.00,5268.00,no,1752108156
2025-07-11,KXMLBGAME-25JUL11COLCIN-COL,KXMLBGAME-25JUL11COLCIN,Colorado,Colorado,30,31,0.305,2203.00,8411.00,yes,1752272445
2025-07-11,KXMLBGAME-25JUL11MIABAL-MIA,KXMLBGAME-25JUL11MIABAL,Miami,Baltimore,43,44,0.435,2735.00,5117.00,no,1752271947
2025-07-11,KXMLBGAME-25JUL11TBBOS-TB,KXMLBGAME-25JUL11TBBOS,Tampa Bay,Boston,48,49,0.485,2388.00,4343.00,no,1752273507
2025-07-11,KXMLBGAME-25JUL11CHCNYY-NYY,KXMLBGAME-25JUL11CHCNYY,New York Y,New York Y,60,61,0.605,11092.00,18232.00,yes,1752272543
2025-07-11,KXMLBGAME-25JUL11PITMIN-PIT,KXMLBGAME-25JUL11PITMIN,Pittsburgh,Minnesota,43,44,0.435,1350.00,4149.00,no,1752276765
2025-07-11,KXMLBGAME-25JUL11SEADET-SEA,KXMLBGAME-25JUL11SEADET,Seattle,Seattle,28,29,0.285,4932.00,20850.00,yes,1752274223
2025-07-11,KXMLBGAME-25JUL11ATLSTL-STL,KXMLBGAME-25JUL11ATLSTL,St. Louis,Atlanta,52,54,0.53,133.00,17904.00,no,1752277852
2025-07-11,KXMLBGAME-25JUL11TEXHOU-TEX,KXMLBGAME-25JUL11TEXHOU,Texas,Texas,46,47,0.465,850.00,2696.00,yes,1752278187
2025-07-11,KXMLBGAME-25JUL11WSHMIL-WSH,KXMLBGAME-25JUL11WSHMIL,Washington,Milwaukee,34,35,0.345,47.00,3620.00,no,1752275057
2025-07-11,KXMLBGAME-25JUL10ARISD-SD,KXMLBGAME-25JUL10ARISD,San Diego,San Diego,46,47,0.465,7528.00,21082.00,yes,1752196476
2025-07-11,KXMLBGAME-25JUL10TEXLAA-TEX,KXMLBGAME-25JUL10TEXLAA,Texas,Texas,49,50,0.495,3076.00,15772.00,yes,1752195753
2025-07-11,KXMLBGAME-25JUL10CLECWS-CWS,KXMLBGAME-25JUL10CLECWS,Chicago WS,Cleveland,45,46,0.455,927.00,19748.00,no,1752256469
2025-07-11,KXMLBGAME-25JUL10ATLATH-ATL,KXMLBGAME-25JUL10ATLATH,Atlanta,A's,64,65,0.645,1683.00,7659.00,no,1752194664
2025-07-12,KXMLBGAME-25JUL12PITMIN-PIT,KXMLBGAME-25JUL12PITMIN,Pittsburgh,Minnesota,45,46,0.455,4697.00,9059.00,no,1752342150
2025-07-12,KXMLBGAME-25JUL12ATLSTL-STL,KXMLBGAME-25JUL12ATLSTL,St. Louis,Atlanta,49,50,0.495,920.00,2765.00,no,1752341304
2025-07-12,KXMLBGAME-25JUL12LADSF-SF,KXMLBGAME-25JUL12LADSF,San Francisco,Los Angeles D,40,41,0.405,1608.00,5620.00,no,1752346455
2025-07-12,KXMLBGAME-25JUL12CHCNYY-NYY,KXMLBGAME-25JUL12CHCNYY,New York Y,Chicago C,59,60,0.595,9197.00,24298.00,no,1752337115
2025-07-12,KXMLBGAME-25JUL12TBBOS-TB,KXMLBGAME-25JUL12TBBOS,Tampa Bay,Boston,38,39,0.385,1460.00,10273.00,no,1752346454
2025-07-12,KXMLBGAME-25JUL12SEADET-SEA,KXMLBGAME-25JUL12SEADET,Seattle,Seattle,48,50,0.49,4123.00,15936.00,yes,1752345869
2025-07-12,KXMLBGAME-25JUL12MIABAL-MIA,KXMLBGAME-25JUL12MIABAL,Miami,Miami,39,40,0.395,859.00,1946.00,yes,1752347314
2025-07-12,KXMLBGAME-25JUL12TEXHOU-TEX,KXMLBGAME-25JUL12TEXHOU,Texas,Houston,47,49,0.48,14589.00,19730.00,no,1752363265
2025-07-12,KXMLBGAME-25JUL12CLECWS-CWS,KXMLBGAME-25JUL12CLECWS,Chicago WS,Cleveland,43,44,0.435,95.00,2381.00,no,1752350305
2025-07-12,KXMLBGAME-25JUL12WSHMIL-WSH,KXMLBGAME-25JUL12WSHMIL,Washington,Milwaukee,29,30,0.295,2547.00,4023.00,no,1752348788
2025-07-12,KXMLBGAME-25JUL12PHISD-SD,KXMLBGAME-25JUL12PHISD,San Diego,San Diego,37,39,0.38,55844.00,67932.00,yes,1752361236
2025-07-12,KXMLBGAME-25JUL12COLCIN-COL,KXMLBGAME-25JUL12COLCIN,Colorado,Cincinnati,27,28,0.275,235.00,2068.00,no,1752348033
2025-07-12,KXMLBGAME-25JUL12NYMKC-NYM,KXMLBGAME-25JUL12NYMKC,New York M,New York M,54,55,0.545,5605.00,10506.00,yes,1752348759
2025-07-12,KXMLBGAME-25JUL11TORATH-TOR,KXMLBGAME-25JUL11TORATH,Toronto,Toronto,61,62,0.615,1154.00,10924.00,yes,1752284659
2025-07-12,KXMLBGAME-25JUL11PHISD-SD,KXMLBGAME-25JUL11PHISD,San Diego,San Diego,40,41,0.405,713.00,12227.00,yes,1752281203
2025-07-12,KXMLBGAME-25JUL11ARILAA-ARI,KXMLBGAME-25JUL11ARILAA,Arizona,Los Angeles A,49,50,0.495,1627.00,8472.00,no,1752283244
2025-07-12,KXMLBGAME-25JUL11NYMKC-NYM,KXMLBGAME-25JUL11NYMKC,New York M,New York M,54,55,0.545,2307.00,8999.00,yes,1752281797
2025-07-12,KXMLBGAME-25JUL11CLECWSG2-CWS,KXMLBGAME-25JUL11CLECWSG2,Chicago WS,Chicago WS,45,46,0.455,940.00,3595.00,yes,1752281436
2025-07-12,KXMLBGAME-25JUL11LADSF-LAD,KXMLBGAME-25JUL11LADSF,Los Angeles D,San Francisco,44,45,0.445,3161.00,19018.00,no,1752284454
2025-07-13,KXMLBGAME-25JUL13CLECWS-CWS,KXMLBGAME-25JUL13CLECWS,Chicago WS,Cleveland,44,45,0.445,76.00,399.00,no,1752428791
2025-07-13,KXMLBGAME-25JUL13COLCIN-COL,KXMLBGAME-25JUL13COLCIN,Colorado,Cincinnati,30,31,0.305,606.00,2345.00,no,1752426149
2025-07-13,KXMLBGAME-25JUL13TORATH-TOR,KXMLBGAME-25JUL13TORATH,Toronto,A's,53,54,0.535,3521.00,7037.00,no,1752434440
2025-07-13,KXMLBGAME-25JUL13SEADET-SEA,KXMLBGAME-25JUL13SEADET,Seattle,Seattle,49,50,0.495,4169.00,8577.00,yes,1752426868
2025-07-13,KXMLBGAME-25JUL13TEXHOU-TEX,KXMLBGAME-25JUL13TEXHOU,Texas,Texas,44,45,0.445,2101.00,2927.00,yes,1752427345
2025-07-13,KXMLBGAME-25JUL13WSHMIL-WSH,KXMLBGAME-25JUL13WSHMIL,Washington,Milwaukee,28,29,0.285,791.00,3036.00,no,1752427720
2025-07-13,KXMLBGAME-25JUL13LADSF-SF,KXMLBGAME-25JUL13LADSF,San Francisco,Los Angeles D,44,45,0.445,1286.00,10802.00,no,1752435864
2025-07-13,KXMLBGAME-25JUL13MIABAL-MIA,KXMLBGAME-25JUL13MIABAL,Miami,Miami,42,44,0.43,3523.00,8800.00,yes,1752431629
2025-07-13,KXMLBGAME-25JUL13PITMIN-PIT,KXMLBGAME-25JUL13PITMIN,Pittsburgh,Pittsburgh,41,42,0.415,756.00,8882.00,yes,1752426869
2025-07-13,KXMLBGAME-25JUL13ARILAA-LAA,KXMLBGAME-25JUL13ARILAA,Los Angeles A,Arizona,53,54,0.535,6000.00,11123.00,no,1752435189
2025-07-13,KXMLBGAME-25JUL13NYMKC-NYM,KXMLBGAME-25JUL13NYMKC,New York M,Kansas City,49,50,0.495,2024.00,13313.00,no,1752429878
2025-07-13,KXMLBGAME-25JUL13PHISD-SD,KXMLBGAME-25JUL13PHISD,San Diego,Philadelphia,45,46,0.455,265.00,8270.00,no,1752434915
2025-07-13,KXMLBGAME-25JUL13TBBOS-TB,KXMLBGAME-25JUL13TBBOS,Tampa Bay,Boston,48,49,0.485,1221.00,4649.00,no,1752424943
2025-07-13,KXMLBGAME-25JUL13ATLSTL-STL,KXMLBGAME-25JUL13ATLSTL,St. Louis,St. Louis,18,49,0.335,9866.00,14645.00,yes,1752442464
2025-07-13,KXMLBGAME-25JUL13CHCNYY-CHC,KXMLBGAME-25JUL13CHCNYY,Chicago C,Chicago C,44,46,0.45,3367.00,12211.00,yes,1752425444
2025-07-13,KXMLBGAME-25JUL12ARILAA-LAA,KXMLBGAME-25JUL12ARILAA,Los Angeles A,Los Angeles A,53,54,0.535,778.00,5841.00,yes,1752368542
2025-07-13,KXMLBGAME-25JUL12TORATH-TOR,KXMLBGAME-25JUL12TORATH,Toronto,A's,56,57,0.565,2501.00,14796.00,no,1752370574
2025-07-18,KXMLBGAME-25JUL18SFTOR-SF,KXMLBGAME-25JUL18SFTOR,San Francisco,Toronto,43,44,0.435,3253.00,7331.00,no,1752877467
2025-07-18,KXMLBGAME-25JUL18CWSPIT-CWS,KXMLBGAME-25JUL18CWSPIT,Chicago WS,Chicago WS,41,42,0.415,6145.00,10284.00,yes,1752876865
2025-07-18,KXMLBGAME-25JUL18LAAPHI-PHI,KXMLBGAME-25JUL18LAAPHI,Philadelphia,Los Angeles A,65,66,0.655,14037.00,23927.00,no,1752876864
2025-07-18,KXMLBGAME-25JUL18MINCOL-MIN,KXMLBGAME-25JUL18MINCOL,Minnesota,Colorado,61,62,0.615,1072.00,19115.00,no,1752882861
2025-07-18,KXMLBGAME-25JUL18BOSCHC-BOS,KXMLBGAME-25JUL18BOSCHC,Boston,Chicago C,45,46,0.455,4412.00,61227.00,no,1752860295
2025-07-18,KXMLBGAME-25JUL18NYYATL-NYY,KXMLBGAME-25JUL18NYYATL,New York Y,Atlanta,44,45,0.445,2485.00,13513.00,no,1752878661
2025-07-18,KXMLBGAME-25JUL18SDWSH-WSH,KXMLBGAME-25JUL18SDWSH,Washington,San Diego,42,43,0.425,4862.00,4983.00,no,1752877580
2025-07-18,KXMLBGAME-25JUL18ATHCLE-CLE,KXMLBGAME-25JUL18ATHCLE,Cleveland,Cleveland,54,55,0.545,9255.00,37405.00,yes,1752877466
2025-07-18,KXMLBGAME-25JUL18BALTB-BAL,KXMLBGAME-25JUL18BALTB,Baltimore,Tampa Bay,45,47,0.46,44.00,1168.00,no,1752878662
2025-07-18,KXMLBGAME-25JUL18CINNYM-NYM,KXMLBGAME-25JUL18CINNYM,New York M,Cincinnati,58,59,0.585,1228.00,5055.00,no,1752878791
2025-07-18,KXMLBGAME-25JUL18DETTEX-TEX,KXMLBGAME-25JUL18DETTEX,Texas,Texas,50,51,0.505,4534.00,12372.00,yes,1752881064
2025-07-18,KXMLBGAME-25JUL18KCMIA-KC,KXMLBGAME-25JUL18KCMIA,Kansas City,Miami,51,52,0.515,3483.00,12392.00,no,1752878447
2025-07-19,KXMLBGAME-25JUL19CWSPIT-PIT,KXMLBGAME-25JUL19CWSPIT,Pittsburgh,Chicago WS,55,56,0.555,3214.00,4798.00,no,1752962661
2025-07-19,KXMLBGAME-25JUL19CINNYM-NYM,KXMLBGAME-25JUL19CINNYM,New York M,Cincinnati,62,63,0.625,4612.00,30731.00,no,1752955821
2025-07-19,KXMLBGAME-25JUL19BOSCHC-CHC,KXMLBGAME-25JUL19BOSCHC,Chicago C,Chicago C,57,58,0.575,127.00,2393.00,yes,1752963654
2025-07-19,KXMLBGAME-25JUL19ATHCLE-ATH,KXMLBGAME-25JUL19ATHCLE,A's,A's,45,46,0.455,67.00,18668.00,yes,1752963038
2025-07-19,KXMLBGAME-25JUL19MINCOL-MIN,KXMLBGAME-25JUL19MINCOL,Minnesota,Colorado,64,65,0.645,254.00,5501.00,no,1752969274
2025-07-19,KXMLBGAME-25JUL19SDWSH-SD,KXMLBGAME-25JUL19SDWSH,San Diego,Washington,55,56,0.555,10162.00,12485.00,no,1752965789
2025-07-19,KXMLBGAME-25JUL19STLARI-STL,KXMLBGAME-25JUL19STLARI,St. Louis,Arizona,53,54,0.535,3686.00,5145.00,no,1752963864
2025-07-19,KXMLBGAME-25JUL19NYYATL-NYY,KXMLBGAME-25JUL19NYYATL,New York Y,New York Y,53,54,0.535,8348.00,12079.00,yes,1752967227
2025-07-19,KXMLBGAME-25JUL19LAAPHI-PHI,KXMLBGAME-25JUL19LAAPHI,Philadelphia,Philadelphia,54,55,0.545,850.00,7617.00,yes,1752960989
2025-07-19,KXMLBGAME-25JUL19KCMIA-MIA,KXMLBGAME-25JUL19KCMIA,Miami,Miami,48,49,0.485,1303.00,7351.00,yes,1752951757
2025-07-19,KXMLBGAME-25JUL19SFTOR-TOR,KXMLBGAME-25JUL19SFTOR,Toronto,Toronto,46,47,0.465,9167.00,21779.00,yes,1752947897
2025-07-19,KXMLBGAME-25JUL19DETTEX-TEX,KXMLBGAME-25JUL19DETTEX,Texas,Texas,52,53,0.525,1044.00,18015.00,yes,1752963277
2025-07-19,KXMLBGAME-25JUL19BALTB-BAL,KXMLBGAME-25JUL19BALTB,Baltimore,Tampa Bay,47,48,0.475,79.00,12085.00,no,1752963983
2025-07-19,KXMLBGAME-25JUL18HOUSEA-SEA,KXMLBGAME-25JUL18HOUSEA,Seattle,Seattle,56,58,0.57,1079.00,6335.00,yes,1752887684
2025-07-19,KXMLBGAME-25JUL18STLARI-STL,KXMLBGAME-25JUL18STLARI,St. Louis,Arizona,49,50,0.495,567.00,15305.00,no,1752885861
2025-07-19,KXMLBGAME-25JUL18MILLAD-MIL,KXMLBGAME-25JUL18MILLAD,Milwaukee,Milwaukee,36,37,0.365,1733.00,7032.00,yes,1752887055
2025-07-20,KXMLBGAME-25JUL20CINNYM-NYM,KXMLBGAME-25JUL20CINNYM,New York M,New York M,55,56,0.555,447.00,3255.00,yes,1753030851
2025-07-20,KXMLBGAME-25JUL20HOUSEA-SEA,KXMLBGAME-25JUL20HOUSEA,Seattle,Houston,57,58,0.575,1475.00,6127.00,no,1753041143
2025-07-20,KXMLBGAME-25JUL20SFTOR-TOR,KXMLBGAME-25JUL20SFTOR,Toronto,Toronto,50,51,0.505,4526.00,9174.00,yes,1753026503
2025-07-20,KXMLBGAME-25JUL20BALTB-BAL,KXMLBGAME-25JUL20BALTB,Baltimore,Baltimore,81,95,0.88,17400.00,37959.00,yes,1753034896
2025-07-20,KXMLBGAME-25JUL20KCMIA-MIA,KXMLBGAME-25JUL20KCMIA,Miami,Kansas City,47,48,0.475,3655.00,7069.00,no,1753031071
2025-07-20,KXMLBGAME-25JUL20CWSPIT-CWS,KXMLBGAME-25JUL20CWSPIT,Chicago WS,Chicago WS,44,45,0.445,192.00,1258.00,yes,1753030336
2025-07-20,KXMLBGAME-25JUL20STLARI-STL,KXMLBGAME-25JUL20STLARI,St. Louis,Arizona,43,44,0.435,5076.00,4349.00,no,1753038498
2025-07-20,KXMLBGAME-25JUL20LAAPHI-PHI,KXMLBGAME-25JUL20LAAPHI,Philadelphia,Los Angeles A,60,61,0.605,3126.00,12383.00,no,1753032989
2025-07-20,KXMLBGAME-25JUL20DETTEX-DET,KXMLBGAME-25JUL20DETTEX,Detroit,Detroit,62,63,0.625,11553.00,23185.00,yes,1753051355
2025-07-20,KXMLBGAME-25JUL20MILLAD-MIL,KXMLBGAME-25JUL20MILLAD,Milwaukee,Milwaukee,39,40,0.395,1201.00,14496.00,yes,1753040421
2025-07-20,KXMLBGAME-25JUL20SDWSH-WSH,KXMLBGAME-25JUL20SDWSH,Washington,San Diego,45,46,0.455,773.00,1213.00,no,1753030852
2025-07-20,KXMLBGAME-25JUL20NYYATL-NYY,KXMLBGAME-25JUL20NYYATL,New York Y,New York Y,45,46,0.455,1040.00,2324.00,yes,1753029628
2025-07-20,KXMLBGAME-25JUL20MINCOL-MIN,KXMLBGAME-25JUL20MINCOL,Minnesota,Minnesota,68,69,0.685,2176.00,5027.00,yes,1753034663
2025-07-20,KXMLBGAME-25JUL20BOSCHC-BOS,KXMLBGAME-25JUL20BOSCHC,Boston,Boston,55,56,0.555,7179.00,8966.00,yes,1753032840
2025-07-20,KXMLBGAME-25JUL20ATHCLE-ATH,KXMLBGAME-25JUL20ATHCLE,A's,Cleveland,50,51,0.505,1052.00,14796.00,no,1753029863
2025-07-20,KXMLBGAME-25JUL19MILLAD-MIL,KXMLBGAME-25JUL19MILLAD,Milwaukee,Milwaukee,46,47,0.465,350.00,4267.00,yes,1752971915
2025-07-20,KXMLBGAME-25JUL19HOUSEA-SEA,KXMLBGAME-25JUL19HOUSEA,Seattle,Seattle,53,54,0.535,26636.00,23312.00,yes,1752977434
2025-07-21,KXMLBGAME-25JUL21BALCLE-CLE,KXMLBGAME-25JUL21BALCLE,Cleveland,Cleveland,56,57,0.565,3002.00,6102.00,yes,1753135476
2025-07-21,KXMLBGAME-25JUL21KCCHC-KC,KXMLBGAME-25JUL21KCCHC,Kansas City,Kansas City,42,43,0.425,55.00,1024.00,yes,1753140111
2025-07-21,KXMLBGAME-25JUL21NYYTOR-NYY,KXMLBGAME-25JUL21NYYTOR,New York Y,Toronto,51,52,0.515,4809.00,21555.00,no,1753136437
2025-07-21,KXMLBGAME-25JUL21ATHTEX-TEX,KXMLBGAME-25JUL21ATHTEX,Texas,Texas,52,53,0.525,2734.00,7028.00,yes,1753139779
2025-07-21,KXMLBGAME-25JUL21CWSTB-CWS,KXMLBGAME-25JUL21CWSTB,Chicago WS,Chicago WS,33,34,0.335,1355.00,4304.00,yes,1753139778
2025-07-21,KXMLBGAME-25JUL21DETPIT-PIT,KXMLBGAME-25JUL21DETPIT,Pittsburgh,Pittsburgh,54,56,0.55,3455.00,17843.00,yes,1753134371
2025-07-21,KXMLBGAME-25JUL21SFATL-SF,KXMLBGAME-25JUL21SFATL,San Francisco,Atlanta,44,45,0.445,1742.00,7136.00,no,1753138098
2025-07-21,KXMLBGAME-25JUL21LAANYM-NYM,KXMLBGAME-25JUL21LAANYM,New York M,New York M,62,63,0.625,1273.00,8153.00,yes,1753137378
2025-07-21,KXMLBGAME-25JUL21STLCOL-STL,KXMLBGAME-25JUL21STLCOL,St. Louis,St. Louis,60,61,0.605,262.00,8024.00,yes,1753141591
2025-07-21,KXMLBGAME-25JUL21BOSPHI-BOS,KXMLBGAME-25JUL21BOSPHI,Boston,Philadelphia,31,32,0.315,2643.00,10988.00,no,1753135478
2025-07-21,KXMLBGAME-25JUL21CINWSH-WSH,KXMLBGAME-25JUL21CINWSH,Washington,Washington,46,47,0.465,423.00,3251.00,yes,1753137207
2025-07-21,KXMLBGAME-25JUL21SDMIA-SD,KXMLBGAME-25JUL21SDMIA,San Diego,San Diego,44,45,0.445,1100.00,13540.00,yes,1753134372
2025-07-22,KXMLBGAME-25JUL22LAANYM-NYM,KXMLBGAME-25JUL22LAANYM,New York M,New York M,60,61,0.605,604.00,2310.00,yes,1753223667
2025-07-22,KXMLBGAME-25JUL22STLCOL-STL,KXMLBGAME-25JUL22STLCOL,St. Louis,Colorado,60,61,0.605,2856.00,14308.00,no,1753228109
2025-07-22,KXMLBGAME-25JUL22DETPIT-PIT,KXMLBGAME-25JUL22DETPIT,Pittsburgh,Pittsburgh,45,46,0.455,1443.00,2843.00,yes,1753222104
2025-07-22,KXMLBGAME-25JUL22CWSTB-CWS,KXMLBGAME-25JUL22CWSTB,Chicago WS,Tampa Bay,31,32,0.315,6103.00,10185.00,no,1753222105
2025-07-22,KXMLBGAME-25JUL22BALCLE-BAL,KXMLBGAME-25JUL22BALCLE,Baltimore,Cleveland,39,40,0.395,1567.00,9255.00,no,1753222102
2025-07-22,KXMLBGAME-25JUL22NYYTOR-NYY,KXMLBGAME-25JUL22NYYTOR,New York Y,New York Y,48,49,0.485,642.00,12923.00,yes,1753223897
2025-07-22,KXMLBGAME-25JUL22SDMIA-SD,KXMLBGAME-25JUL22SDMIA,San Diego,Miami,44,45,0.445,1815.00,17590.00,no,1753221275
2025-07-22,KXMLBGAME-25JUL22CINWSH-CIN,KXMLBGAME-25JUL22CINWSH,Cincinnati,Washington,56,57,0.565,466.00,3105.00,no,1753220442
2025-07-22,KXMLBGAME-25JUL22SFATL-SF,KXMLBGAME-25JUL22SFATL,San Francisco,San Francisco,47,48,0.475,4163.00,9631.00,yes,1753223668
2025-07-22,KXMLBGAME-25JUL22BOSPHI-PHI,KXMLBGAME-25JUL22BOSPHI,Philadelphia,Philadelphia,64,65,0.645,4599.00,30602.00,yes,1753223669
2025-07-22,KXMLBGAME-25JUL22KCCHC-KC,KXMLBGAME-25JUL22KCCHC,Kansas City,Chicago C,30,31,0.305,3549.00,7354.00,no,1753225933
2025-07-22,KXMLBGAME-25JUL22ATHTEX-TEX,KXMLBGAME-25JUL22ATHTEX,Texas,Texas,67,68,0.675,914.00,8081.00,yes,1753225253
2025-07-22,KXMLBGAME-25JUL21HOUARI-HOU,KXMLBGAME-25JUL21HOUARI,Houston,Houston,44,45,0.445,2410.00,20400.00,yes,1753145686
2025-07-22,KXMLBGAME-25JUL21MINLAD-MIN,KXMLBGAME-25JUL21MINLAD,Minnesota,Los Angeles D,37,38,0.375,270.00,6933.00,no,1753147705
2025-07-22,KXMLBGAME-25JUL21MILSEA-SEA,KXMLBGAME-25JUL21MILSEA,Seattle,Milwaukee,53,54,0.535,725.00,17526.00,no,1753144603
2025-07-23,KXMLBGAME-25JUL23HOUARI-HOU,KXMLBGAME-25JUL23HOUARI,Houston,Houston,44,45,0.445,5602.00,10594.00,yes,1753297479
2025-07-23,KXMLBGAME-25JUL23STLCOL-STL,KXMLBGAME-25JUL23STLCOL,St. Louis,Colorado,62,63,0.625,2541.00,4522.00,no,1753294708
2025-07-23,KXMLBGAME-25JUL23LAANYM-NYM,KXMLBGAME-25JUL23LAANYM,New York M,New York M,61,62,0.615,2573.00,4966.00,yes,1753288093
2025-07-23,KXMLBGAME-25JUL23BOSPHI-PHI,KXMLBGAME-25JUL23BOSPHI,Philadelphia,Boston,59,60,0.595,3387.00,7409.00,no,1753312594
2025-07-23,KXMLBGAME-25JUL23MILSEA-MIL,KXMLBGAME-25JUL23MILSEA,Milwaukee,Milwaukee,46,47,0.465,132.00,9408.00,yes,1753296513
2025-07-23,KXMLBGAME-25JUL23KCCHC-KC,KXMLBGAME-25JUL23KCCHC,Kansas City,Kansas City,39,40,0.395,7369.00,9968.00,yes,1753292212
2025-07-23,KXMLBGAME-25JUL23DETPIT-PIT,KXMLBGAME-25JUL23DETPIT,Pittsburgh,Pittsburgh,45,46,0.455,21316.00,23855.00,yes,1753284984
2025-07-23,KXMLBGAME-25JUL23BALCLE-CLE,KXMLBGAME-25JUL23BALCLE,Cleveland,Cleveland,54,55,0.545,1214.00,7036.00,yes,1753306478
2025-07-23,KXMLBGAME-25JUL23SDMIA-SD,KXMLBGAME-25JUL23SDMIA,San Diego,Miami,57,58,0.575,9085.00,14986.00,no,1753284161
2025-07-23,KXMLBGAME-25JUL23CWSTB-TB,KXMLBGAME-25JUL23CWSTB,Tampa Bay,Chicago WS,65,67,0.66,1223.00,5133.00,no,1753313778
2025-07-23,KXMLBGAME-25JUL23MINLAD-MIN,KXMLBGAME-25JUL23MINLAD,Minnesota,Los Angeles D,33,34,0.335,383.00,4698.00,no,1753299758
2025-07-23,KXMLBGAME-25JUL23CINWSH-CIN,KXMLBGAME-25JUL23CINWSH,Cincinnati,Cincinnati,54,55,0.545,3155.00,8291.00,yes,1753283172
2025-07-23,KXMLBGAME-25JUL23NYYTOR-TOR,KXMLBGAME-25JUL23NYYTOR,Toronto,Toronto,44,45,0.445,2906.00,16353.00,yes,1753309691
2025-07-23,KXMLBGAME-25JUL23SFATL-SF,KXMLBGAME-25JUL23SFATL,San Francisco,San Francisco,40,41,0.405,2102.00,4326.00,yes,1753285595
2025-07-23,KXMLBGAME-25JUL23ATHTEX-TEX,KXMLBGAME-25JUL23ATHTEX,Texas,Texas,55,56,0.555,2109.00,5903.00,yes,1753311373
2025-07-23,KXMLBGAME-25JUL22MILSEA-MIL,KXMLBGAME-25JUL22MILSEA,Milwaukee,Seattle,45,46,0.455,2598.00,29059.00,no,1753231944
2025-07-23,KXMLBGAME-25JUL22MINLAD-MIN,KXMLBGAME-25JUL22MINLAD,Minnesota,Minnesota,35,36,0.355,3187.00,41657.00,yes,1753236154
2025-07-23,KXMLBGAME-25JUL22HOUARI-HOU,KXMLBGAME-25JUL22HOUARI,Houston,Houston,52,53,0.525,4115.00,26969.00,yes,1753232669
2025-07-24,KXMLBGAME-25JUL24BALCLE-BAL,KXMLBGAME-25JUL24BALCLE,Baltimore,Baltimore,48,49,0.485,13155.00,18521.00,yes,1753374270
2025-07-24,KXMLBGAME-25JUL24SDSTL-STL,KXMLBGAME-25JUL24SDSTL,St. Louis,St. Louis,59,60,0.595,1538.00,10876.00,yes,1753398860
2025-07-24,KXMLBGAME-25JUL24TORDET-TOR,KXMLBGAME-25JUL24TORDET,Toronto,Toronto,45,46,0.455,5844.00,24488.00,yes,1753393844
2025-07-24,KXMLBGAME-25JUL24ATHHOU-HOU,KXMLBGAME-25JUL24ATHHOU,Houston,A's,58,59,0.585,9371.00,50344.00,no,1753398640
2025-07-25,KXMLBGAME-25JUL25SDSTL-SD,KXMLBGAME-25JUL25SDSTL,San Diego,St. Louis,53,54,0.535,644.00,14392.00,no,1753481319
2025-07-25,KXMLBGAME-25JUL25TBCIN-TB,KXMLBGAME-25JUL25TBCIN,Tampa Bay,Cincinnati,48,49,0.485,298.00,3152.00,no,1753482988
2025-07-25,KXMLBGAME-25JUL25CHCCWS-CWS,KXMLBGAME-25JUL25CHCCWS,Chicago WS,Chicago WS,37,38,0.375,698.00,3974.00,yes,1753485032
2025-07-25,KXMLBGAME-25JUL25ATLTEX-TEX,KXMLBGAME-25JUL25ATLTEX,Texas,Texas,58,59,0.585,12201.00,21962.00,yes,1753487184
2025-07-25,KXMLBGAME-25JUL25LADBOS-LAD,KXMLBGAME-25JUL25LADBOS,Los Angeles D,Los Angeles D,48,49,0.485,1021.00,4603.00,yes,1753483250
2025-07-25,KXMLBGAME-25JUL25PHINYY-PHI,KXMLBGAME-25JUL25PHINYY,Philadelphia,Philadelphia,41,42,0.415,2671.00,10053.00,yes,1753483249
2025-07-25,KXMLBGAME-25JUL25WSHMIN-WSH,KXMLBGAME-25JUL25WSHMIN,Washington,Minnesota,40,41,0.405,25823.00,27687.00,no,1753484551
2025-07-25,KXMLBGAME-25JUL25ATHHOU-ATH,KXMLBGAME-25JUL25ATHHOU,A's,A's,44,46,0.45,195.00,12433.00,yes,1753487428
2025-07-25,KXMLBGAME-25JUL25COLBAL-COL,KXMLBGAME-25JUL25COLBAL,Colorado,Colorado,35,36,0.355,1609.00,3703.00,yes,1753481784
2025-07-25,KXMLBGAME-25JUL25TORDET-TOR,KXMLBGAME-25JUL25TORDET,Toronto,Toronto,48,49,0.485,4667.00,12647.00,yes,1753482027
2025-07-25,KXMLBGAME-25JUL25ARIPIT-ARI,KXMLBGAME-25JUL25ARIPIT,Arizona,Arizona,51,52,0.515,1467.00,17033.00,yes,1753481784
2025-07-25,KXMLBGAME-25JUL25MIAMIL-MIA,KXMLBGAME-25JUL25MIAMIL,Miami,Miami,33,34,0.335,3332.00,9887.00,yes,1753472118
2025-07-25,KXMLBGAME-25JUL24SEALAA-SEA,KXMLBGAME-25JUL24SEALAA,Seattle,Seattle,42,43,0.425,9063.00,31850.00,yes,1753405830
2025-07-26,KXMLBGAME-25JUL26COLBAL-COL,KXMLBGAME-25JUL26COLBAL,Colorado,Baltimore,30,32,0.31,3165.00,8146.00,no,1753568301
2025-07-26,KXMLBGAME-25JUL26ATLTEX-TEX,KXMLBGAME-25JUL26ATLTEX,Texas,Texas,49,51,0.5,16214.00,24513.00,yes,1753569739
2025-07-26,KXMLBGAME-25JUL26MIAMIL-MIL,KXMLBGAME-25JUL26MIAMIL,Milwaukee,Miami,58,60,0.59,5716.00,8078.00,no,1753568786
2025-07-26,KXMLBGAME-25JUL26CHCCWS-CWS,KXMLBGAME-25JUL26CHCCWS,Chicago WS,Chicago C,36,37,0.365,1592.00,5610.00,no,1753568785
2025-07-26,KXMLBGAME-25JUL26LADBOS-LAD,KXMLBGAME-25JUL26LADBOS,Los Angeles D,Boston,39,40,0.395,4084.00,19514.00,no,1753569220
2025-07-26,KXMLBGAME-25JUL26TORDET-TOR,KXMLBGAME-25JUL26TORDET,Toronto,Toronto,38,39,0.385,2649.00,24929.00,yes,1753564945
2025-07-26,KXMLBGAME-25JUL26ATHHOU-HOU,KXMLBGAME-25JUL26ATHHOU,Houston,A's,63,64,0.635,1798.00,10144.00,no,1753569504
2025-07-26,KXMLBGAME-25JUL26WSHMIN-WSH,KXMLBGAME-25JUL26WSHMIN,Washington,Washington,30,31,0.305,536.00,4144.00,yes,1753570113
2025-07-26,KXMLBGAME-25JUL26PHINYY-PHI,KXMLBGAME-25JUL26PHINYY,Philadelphia,Philadelphia,54,55,0.545,59048.00,93860.00,yes,1753549589
2025-07-26,KXMLBGAME-25JUL26CLEKCG2-KC,KXMLBGAME-25JUL26CLEKCG2,Kansas City,Cleveland,54,55,0.545,2335.00,4154.00,no,1753569503
2025-07-26,KXMLBGAME-25JUL26TBCIN-TB,KXMLBGAME-25JUL26TBCIN,Tampa Bay,Cincinnati,47,48,0.475,2458.00,4498.00,no,1753567251
2025-07-26,KXMLBGAME-25JUL26ARIPIT-PIT,KXMLBGAME-25JUL26ARIPIT,Pittsburgh,Pittsburgh,42,43,0.425,2198.00,4966.00,yes,1753568550
2025-07-26,KXMLBGAME-25JUL26SDSTL-STL,KXMLBGAME-25JUL26SDSTL,St. Louis,San Diego,56,57,0.565,1836.00,2777.00,no,1753569864
2025-07-26,KXMLBGAME-25JUL25CLEKC-KC,KXMLBGAME-25JUL25CLEKC,Kansas City,Kansas City,51,52,0.515,759.00,7871.00,yes,1753552844
2025-07-26,KXMLBGAME-25JUL25NYMSF-NYM,KXMLBGAME-25JUL25NYMSF,New York M,New York M,43,44,0.435,5802.00,10829.00,yes,1753493660
2025-07-26,KXMLBGAME-25JUL25SEALAA-SEA,KXMLBGAME-25JUL25SEALAA,Seattle,Los Angeles A,53,55,0.54,3496.00,11259.00,no,1753492704
2025-07-27,KXMLBGAME-25JUL27CHCCWS-CHC,KXMLBGAME-25JUL27CHCCWS,Chicago C,Chicago C,59,60,0.595,611.00,4782.00,yes,1753637911
2025-07-27,KXMLBGAME-25JUL27SDSTL-SD,KXMLBGAME-25JUL27SDSTL,San Diego,San Diego,46,47,0.465,718.00,5591.00,yes,1753638257
2025-07-27,KXMLBGAME-25JUL27WSHMIN-WSH,KXMLBGAME-25JUL27WSHMIN,Washington,Washington,39,40,0.395,596.00,5094.00,yes,1753637179
2025-07-27,KXMLBGAME-25JUL27SEALAA-SEA,KXMLBGAME-25JUL27SEALAA,Seattle,Los Angeles A,61,62,0.615,1935.00,4570.00,no,1753643664
2025-07-27,KXMLBGAME-25JUL27NYMSF-SF,KXMLBGAME-25JUL27NYMSF,San Francisco,New York M,46,47,0.465,15493.00,22479.00,no,1753657098
2025-07-27,KXMLBGAME-25JUL27CLEKC-CLE,KXMLBGAME-25JUL27CLEKC,Cleveland,Kansas City,45,46,0.455,1465.00,7967.00,no,1753636227
2025-07-27,KXMLBGAME-25JUL27COLBAL-COL,KXMLBGAME-25JUL27COLBAL,Colorado,Baltimore,35,36,0.355,4606.00,5084.00,no,1753635381
2025-07-27,KXMLBGAME-25JUL27TORDET-TOR,KXMLBGAME-25JUL27TORDET,Toronto,Detroit,49,50,0.495,9842.00,45616.00,no,1753635978
2025-07-27,KXMLBGAME-25JUL27TBCIN-TB,KXMLBGAME-25JUL27TBCIN,Tampa Bay,Cincinnati,49,50,0.495,481.00,1411.00,no,1753634197
2025-07-27,KXMLBGAME-25JUL27ARIPIT-PIT,KXMLBGAME-25JUL27ARIPIT,Pittsburgh,Pittsburgh,56,57,0.565,863.00,4033.00,yes,1753634543
2025-07-27,KXMLBGAME-25JUL27LADBOS-LAD,KXMLBGAME-25JUL27LADBOS,Los Angeles D,Boston,50,52,0.51,13473.00,17751.00,no,1753637910
2025-07-27,KXMLBGAME-25JUL27ATHHOU-ATH,KXMLBGAME-25JUL27ATHHOU,A's,A's,43,44,0.435,2172.00,7719.00,yes,1753637631
2025-07-27,KXMLBGAME-25JUL27MIAMIL-MIL,KXMLBGAME-25JUL27MIAMIL,Milwaukee,Milwaukee,58,59,0.585,7265.00,9450.00,yes,1753637679
2025-07-27,KXMLBGAME-25JUL27PHINYY-PHI,KXMLBGAME-25JUL27PHINYY,Philadelphia,New York Y,55,56,0.555,5417.00,40089.00,no,1753636844
2025-07-27,KXMLBGAME-25JUL27ATLTEX-TEX,KXMLBGAME-25JUL27ATLTEX,Texas,Texas,53,55,0.54,3534.00,12235.00,yes,1753638630
2025-07-27,KXMLBGAME-25JUL26NYMSF-NYM,KXMLBGAME-25JUL26NYMSF,New York M,New York M,49,50,0.495,1354.00,6848.00,yes,1753575742
2025-07-27,KXMLBGAME-25JUL26SEALAA-SEA,KXMLBGAME-25JUL26SEALAA,Seattle,Seattle,55,56,0.555,7157.00,10312.00,yes,1753578732
2025-07-28,KXMLBGAME-25JUL28ATLKC-ATL,KXMLBGAME-25JUL28ATLKC,Atlanta,Atlanta,62,63,0.625,33125.00,43907.00,yes,1753745187
2025-07-28,KXMLBGAME-25JUL28CHCMIL-MIL,KXMLBGAME-25JUL28CHCMIL,Milwaukee,Milwaukee,48,49,0.485,618.00,9696.00,yes,1753743379
2025-07-28,KXMLBGAME-25JUL28LADCIN-LAD,KXMLBGAME-25JUL28LADCIN,Los Angeles D,Los Angeles D,57,58,0.575,3899.00,13187.00,yes,1753742429
2025-07-28,KXMLBGAME-25JUL28ARIDET-DET,KXMLBGAME-25JUL28ARIDET,Detroit,Detroit,55,56,0.555,5772.00,13013.00,yes,1753738405
2025-07-28,KXMLBGAME-25JUL28MIASTL-MIA,KXMLBGAME-25JUL28MIASTL,Miami,St. Louis,48,49,0.485,147.00,7503.00,no,1753742906
2025-07-28,KXMLBGAME-25JUL28TORBAL-TOR,KXMLBGAME-25JUL28TORBAL,Toronto,Baltimore,50,51,0.505,9791.00,64456.00,no,1753740373
2025-07-28,KXMLBGAME-25JUL28TBNYY-TB,KXMLBGAME-25JUL28TBNYY,Tampa Bay,Tampa Bay,45,46,0.455,6588.00,19780.00,yes,1753742545
2025-07-28,KXMLBGAME-25JUL28PHICWS-PHI,KXMLBGAME-25JUL28PHICWS,Philadelphia,Chicago WS,67,68,0.675,800.00,7106.00,no,1753742546
2025-07-28,KXMLBGAME-25JUL28WSHHOU-WSH,KXMLBGAME-25JUL28WSHHOU,Washington,Washington,29,31,0.3,1771.00,5097.00,yes,1753744100
2025-07-29,KXMLBGAME-25JUL29MIASTL-STL,KXMLBGAME-25JUL29MIASTL,St. Louis,Miami,57,58,0.575,1529.00,10683.00,no,1753831455
2025-07-29,KXMLBGAME-25JUL29BOSMIN-BOS,KXMLBGAME-25JUL29BOSMIN,Boston,Boston,53,55,0.54,7370.00,15245.00,yes,1753830876
2025-07-29,KXMLBGAME-25JUL29ARIDET-DET,KXMLBGAME-25JUL29ARIDET,Detroit,Detroit,58,59,0.585,5762.00,24122.00,yes,1753826655
2025-07-29,KXMLBGAME-25JUL29WSHHOU-WSH,KXMLBGAME-25JUL29WSHHOU,Washington,Houston,46,47,0.465,67.00,6171.00,no,1753832893
2025-07-29,KXMLBGAME-25JUL29TORBALG2-TOR,KXMLBGAME-25JUL29TORBALG2,Toronto,Baltimore,53,54,0.535,5293.00,11828.00,no,1753826058
2025-07-29,KXMLBGAME-25JUL29LADCIN-LAD,KXMLBGAME-25JUL29LADCIN,Los Angeles D,Los Angeles D,57,59,0.58,726.00,4993.00,yes,1753828954
2025-07-29,KXMLBGAME-25JUL29CHCMIL-MIL,KXMLBGAME-25JUL29CHCMIL,Milwaukee,Milwaukee,53,54,0.535,1574.00,8400.00,yes,1753830875
2025-07-29,KXMLBGAME-25JUL29PHICWS-PHI,KXMLBGAME-25JUL29PHICWS,Philadelphia,Philadelphia,62,63,0.625,9455.00,13557.00,yes,1753828405
2025-07-29,KXMLBGAME-25JUL29TBNYY-TB,KXMLBGAME-25JUL29TBNYY,Tampa Bay,New York Y,37,38,0.375,14375.00,19537.00,no,1753828406
2025-07-29,KXMLBGAME-25JUL29TORBALG1-TOR,KXMLBGAME-25JUL29TORBALG1,Toronto,Baltimore,48,49,0.485,18108.00,34941.00,no,1753805553
2025-07-29,KXMLBGAME-25JUL29COLCLE-COL,KXMLBGAME-25JUL29COLCLE,Colorado,Cleveland,36,37,0.365,917.00,4476.00,no,1753826178
2025-07-29,KXMLBGAME-25JUL29ATLKC-ATL,KXMLBGAME-25JUL29ATLKC,Atlanta,Kansas City,46,47,0.465,50.00,6162.00,no,1753831235
2025-07-29,KXMLBGAME-25JUL28PITSF-PIT,KXMLBGAME-25JUL28PITSF,Pittsburgh,Pittsburgh,44,45,0.445,614.00,5803.00,yes,1753751676
2025-07-29,KXMLBGAME-25JUL28SEAATH-SEA,KXMLBGAME-25JUL28SEAATH,Seattle,Seattle,52,53,0.525,960.00,7738.00,yes,1753752025
2025-07-29,KXMLBGAME-25JUL28TEXLAA-TEX,KXMLBGAME-25JUL28TEXLAA,Texas,Los Angeles A,66,67,0.665,2958.00,10224.00,no,1753750862
2025-07-29,KXMLBGAME-25JUL28NYMSD-NYM,KXMLBGAME-25JUL28NYMSD,New York M,San Diego,45,46,0.455,2282.00,12096.00,no,1753753350
2025-07-29,KXMLBGAME-25JUL28COLCLE-COL,KXMLBGAME-25JUL28COLCLE,Colorado,Colorado,28,29,0.285,4176.00,17533.00,yes,1753750342
2025-07-29,KXMLBGAME-25JUL28BOSMIN-BOS,KXMLBGAME-25JUL28BOSMIN,Boston,Minnesota,42,45,0.435,30816.00,27701.00,no,1753750343
2025-07-30,KXMLBGAME-25JUL30LADCIN-LAD,KXMLBGAME-25JUL30LADCIN,Los Angeles D,Cincinnati,59,60,0.595,3160.00,9371.00,no,1753914860
2025-07-30,KXMLBGAME-25JUL30PHICWS-PHI,KXMLBGAME-25JUL30PHICWS,Philadelphia,Chicago WS,55,56,0.555,3303.00,15510.00,no,1753909714
2025-07-30,KXMLBGAME-25JUL30WSHHOU-WSH,KXMLBGAME-25JUL30WSHHOU,Washington,Houston,48,49,0.485,111.00,1388.00,no,1753896959
2025-07-30,KXMLBGAME-25JUL30COLCLE-COL,KXMLBGAME-25JUL30COLCLE,Colorado,Cleveland,38,39,0.385,461.00,1602.00,no,1753910303
2025-07-30,KXMLBGAME-25JUL30TBNYY-TB,KXMLBGAME-25JUL30TBNYY,Tampa Bay,New York Y,44,45,0.445,21374.00,24985.00,no,1753916895
2025-07-30,KXMLBGAME-25JUL30NYMSD-SD,KXMLBGAME-25JUL30NYMSD,San Diego,San Diego,51,52,0.515,5091.00,5897.00,yes,1753902757
2025-07-30,KXMLBGAME-25JUL30CHCMIL-MIL,KXMLBGAME-25JUL30CHCMIL,Milwaukee,Chicago C,52,53,0.525,642.00,6299.00,no,1753897026
2025-07-30,KXMLBGAME-25JUL30ATLKC-KC,KXMLBGAME-25JUL30ATLKC,Kansas City,Kansas City,52,53,0.525,15.00,10257.00,yes,1753896497
2025-07-30,KXMLBGAME-25JUL30PITSF-SF,KXMLBGAME-25JUL30PITSF,San Francisco,Pittsburgh,65,66,0.655,6078.00,9870.00,no,1753902385
2025-07-30,KXMLBGAME-25JUL30MIASTL-STL,KXMLBGAME-25JUL30MIASTL,St. Louis,Miami,56,57,0.565,187.00,532.00,no,1753916059
2025-07-30,KXMLBGAME-25JUL30TORBAL-TOR,KXMLBGAME-25JUL30TORBAL,Toronto,Toronto,47,48,0.475,23492.00,33756.00,yes,1753893404
2025-07-30,KXMLBGAME-25JUL30BOSMIN-MIN,KXMLBGAME-25JUL30BOSMIN,Minnesota,Boston,51,53,0.52,810.00,2676.00,no,1753893405
2025-07-30,KXMLBGAME-25JUL30ARIDET-DET,KXMLBGAME-25JUL30ARIDET,Detroit,Detroit,54,55,0.545,1374.00,5500.00,yes,1753892077
2025-07-30,KXMLBGAME-25JUL29TEXLAA-TEX,KXMLBGAME-25JUL29TEXLAA,Texas,Los Angeles A,44,45,0.445,1820.00,5602.00,no,1753840724
2025-07-30,KXMLBGAME-25JUL29NYMSD-NYM,KXMLBGAME-25JUL29NYMSD,New York M,San Diego,54,55,0.545,1043.00,5457.00,no,1753837336
2025-07-30,KXMLBGAME-25JUL29SEAATH-SEA,KXMLBGAME-25JUL29SEAATH,Seattle,A's,50,51,0.505,2201.00,18713.00,no,1753837600
2025-07-30,KXMLBGAME-25JUL29PITSF-PIT,KXMLBGAME-25JUL29PITSF,Pittsburgh,Pittsburgh,39,40,0.395,86.00,17013.00,yes,1753836494
2025-07-31,KXMLBGAME-25JUL31ATLCIN-ATL,KXMLBGAME-25JUL31ATLCIN,Atlanta,Atlanta,40,41,0.405,11346.00,28666.00,yes,1754003084
2025-07-31,KXMLBGAME-25JUL31TBNYY-TB,KXMLBGAME-25JUL31TBNYY,Tampa Bay,New York Y,4,10,0.07,31051.00,126903.00,no,1753988903
2025-07-31,KXMLBGAME-25JUL30SEAATH-SEA,KXMLBGAME-25JUL30SEAATH,Seattle,A's,57,58,0.575,6021.00,13695.00,no,1753923741
2025-07-31,KXMLBGAME-25JUL30TEXLAA-TEX,KXMLBGAME-25JUL30TEXLAA,Texas,Texas,53,54,0.535,4339.00,31013.00,yes,1753923660
2025-08-01,KXMLBGAME-25AUG01DETPHI-PHI,KXMLBGAME-25AUG01DETPHI,Philadelphia,Philadelphia,57,59,0.58,6729.00,13272.00,yes,1754086119
2025-08-01,KXMLBGAME-25AUG01SFNYM-SF,KXMLBGAME-25AUG01SFNYM,San Francisco,San Francisco,42,43,0.425,3783.00,8140.00,yes,1754088755
2025-08-01,KXMLBGAME-25AUG01BALCHC-BAL,KXMLBGAME-25AUG01BALCHC,Baltimore,Chicago C,41,42,0.415,6890.00,8677.00,no,1754067046
2025-08-01,KXMLBGAME-25AUG01NYYMIA-NYY,KXMLBGAME-25AUG01NYYMIA,New York Y,Miami,59,60,0.595,14248.00,20903.00,no,1754091412
2025-08-01,KXMLBGAME-25AUG01MINCLE-MIN,KXMLBGAME-25AUG01MINCLE,Minnesota,Cleveland,47,48,0.475,5424.00,8349.00,no,1754087910
2025-08-01,KXMLBGAME-25AUG01MILWSH-MIL,KXMLBGAME-25AUG01MILWSH,Milwaukee,Milwaukee,59,60,0.595,13336.00,55606.00,yes,1754088408
2025-08-01,KXMLBGAME-25AUG01ATLCIN-CIN,KXMLBGAME-25AUG01ATLCIN,Cincinnati,Cincinnati,56,57,0.565,3430.00,22936.00,yes,1754062735
2025-08-01,KXMLBGAME-25AUG01LADTB-LAD,KXMLBGAME-25AUG01LADTB,Los Angeles D,Los Angeles D,53,54,0.535,10815.00,17263.00,yes,1754087910
2025-08-01,KXMLBGAME-25AUG01HOUBOS-HOU,KXMLBGAME-25AUG01HOUBOS,Houston,Boston,54,55,0.545,582.00,6409.00,no,1754087602
2025-08-01,KXMLBGAME-25AUG01KCTOR-TOR,KXMLBGAME-25AUG01KCTOR,Toronto,Kansas City,59,60,0.595,2909.00,34546.00,no,1754087202
2025-08-01,KXMLBGAME-25JUL31TEXSEA-TEX,KXMLBGAME-25JUL31TEXSEA,Texas,Seattle,39,40,0.395,5574.00,25295.00,no,1754009673
2025-08-02,KXMLBGAME-25AUG02MILWSH-MIL,KXMLBGAME-25AUG02MILWSH,Milwaukee,Milwaukee,63,64,0.635,2876.00,10333.00,yes,1754161970
2025-08-02,KXMLBGAME-25AUG02MINCLE-MIN,KXMLBGAME-25AUG02MINCLE,Minnesota,Cleveland,40,41,0.405,142.00,6508.00,no,1754163283
2025-08-02,KXMLBGAME-25AUG02BALCHC-CHC,KXMLBGAME-25AUG02BALCHC,Chicago C,Baltimore,67,68,0.675,2555.00,9685.00,no,1754156910
2025-08-02,KXMLBGAME-25AUG02LADTB-LAD,KXMLBGAME-25AUG02LADTB,Los Angeles D,Tampa Bay,52,53,0.525,15707.00,58882.00,no,1754150553
2025-08-02,KXMLBGAME-25AUG02SFNYM-SF,KXMLBGAME-25AUG02SFNYM,San Francisco,New York M,36,37,0.365,2181.00,6443.00,no,1754164955
2025-08-02,KXMLBGAME-25AUG02NYYMIA-NYY,KXMLBGAME-25AUG02NYYMIA,New York Y,Miami,48,49,0.485,5961.00,10144.00,no,1754162199
2025-08-02,KXMLBGAME-25AUG02DETPHI-PHI,KXMLBGAME-25AUG02DETPHI,Philadelphia,Detroit,51,52,0.515,2606.00,9426.00,no,1754162693
2025-08-02,KXMLBGAME-25AUG02TEXSEA-TEX,KXMLBGAME-25AUG02TEXSEA,Texas,Texas,46,47,0.465,683.00,2969.00,yes,1754165454
2025-08-02,KXMLBGAME-25AUG02KCTOR-KC,KXMLBGAME-25AUG02KCTOR,Kansas City,Toronto,43,45,0.44,2740.00,11657.00,no,1754158959
2025-08-02,KXMLBGAME-25AUG02HOUBOS-HOU,KXMLBGAME-25AUG02HOUBOS,Houston,Boston,46,47,0.465,1705.00,11122.00,no,1754163523
2025-08-02,KXMLBGAME-25AUG02PITCOL-PIT,KXMLBGAME-25AUG02PITCOL,Pittsburgh,Colorado,68,69,0.685,5089.00,19599.00,no,1754164236
2025-08-02,KXMLBGAME-25AUG01CWSLAA-LAA,KXMLBGAME-25AUG01CWSLAA,Los Angeles A,Chicago WS,54,55,0.545,2015.00,4891.00,no,1754097035
2025-08-02,KXMLBGAME-25AUG01PITCOL-PIT,KXMLBGAME-25AUG01PITCOL,Pittsburgh,Colorado,55,56,0.555,4349.00,17538.00,no,1754094826
2025-08-02,KXMLBGAME-25AUG01ARIATH-ATH,KXMLBGAME-25AUG01ARIATH,A's,A's,54,55,0.545,897.00,3206.00,yes,1754098734
2025-08-02,KXMLBGAME-25AUG01TEXSEA-TEX,KXMLBGAME-25AUG01TEXSEA,Texas,Seattle,36,37,0.365,944.00,3644.00,no,1754099685
2025-08-02,KXMLBGAME-25AUG01STLSD-STL,KXMLBGAME-25AUG01STLSD,St. Louis,San Diego,35,36,0.355,2736.00,4846.00,no,1754094410
2025-08-03,KXMLBGAME-25AUG03PITCOL-PIT,KXMLBGAME-25AUG03PITCOL,Pittsburgh,Pittsburgh,58,59,0.585,165.00,1935.00,yes,1754246475
2025-08-03,KXMLBGAME-25AUG03DETPHI-PHI,KXMLBGAME-25AUG03DETPHI,Philadelphia,Philadelphia,62,63,0.625,922.00,2261.00,yes,1754258075
2025-08-03,KXMLBGAME-25AUG03MILWSH-WSH,KXMLBGAME-25AUG03MILWSH,Washington,Milwaukee,41,42,0.415,946.00,3077.00,no,1754241636
2025-08-03,KXMLBGAME-25AUG03NYYMIA-NYY,KXMLBGAME-25AUG03NYYMIA,New York Y,Miami,50,51,0.505,1789.00,7720.00,no,1754241139
2025-08-03,KXMLBGAME-25AUG03HOUBOS-HOU,KXMLBGAME-25AUG03HOUBOS,Houston,Boston,54,55,0.545,11819.00,18084.00,no,1754232174
2025-08-03,KXMLBGAME-25AUG03LADTB-TB,KXMLBGAME-25AUG03LADTB,Tampa Bay,Los Angeles D,40,41,0.405,1589.00,8248.00,no,1754235661
2025-08-03,KXMLBGAME-25AUG03ARIATH-ARI,KXMLBGAME-25AUG03ARIATH,Arizona,Arizona,46,47,0.465,324.00,1720.00,yes,1754249593
2025-08-03,KXMLBGAME-25AUG03TEXSEA-TEX,KXMLBGAME-25AUG03TEXSEA,Texas,Seattle,56,57,0.565,63.00,1712.00,no,1754248107
2025-08-03,KXMLBGAME-25AUG03MINCLE-MIN,KXMLBGAME-25AUG03MINCLE,Minnesota,Minnesota,39,40,0.395,1849.00,3165.00,yes,1754240474
2025-08-03,KXMLBGAME-25AUG03BALCHC-CHC,KXMLBGAME-25AUG03BALCHC,Chicago C,Chicago C,61,62,0.615,1417.00,13354.00,yes,1754243200
2025-08-03,KXMLBGAME-25AUG03CWSLAA-LAA,KXMLBGAME-25AUG03CWSLAA,Los Angeles A,Los Angeles A,54,55,0.545,183.00,1363.00,yes,1754249592
2025-08-03,KXMLBGAME-25AUG03STLSD-STL,KXMLBGAME-25AUG03STLSD,St. Louis,San Diego,35,36,0.355,443.00,9783.00,no,1754250540
2025-08-03,KXMLBGAME-25AUG03SFNYM-SF,KXMLBGAME-25AUG03SFNYM,San Francisco,San Francisco,40,41,0.405,685.00,1301.00,yes,1754242017
2025-08-03,KXMLBGAME-25AUG03KCTOR-TOR,KXMLBGAME-25AUG03KCTOR,Toronto,Kansas City,56,57,0.565,333.00,2766.00,no,1754241418
2025-08-03,KXMLBGAME-25AUG02STLSD-STL,KXMLBGAME-25AUG02STLSD,St. Louis,St. Louis,42,43,0.425,2158.00,14543.00,yes,1754184396
2025-08-03,KXMLBGAME-25AUG02CWSLAA-LAA,KXMLBGAME-25AUG02CWSLAA,Los Angeles A,Chicago WS,55,56,0.555,5176.00,13001.00,no,1754182958
2025-08-03,KXMLBGAME-25AUG02ATLCIN-ATL,KXMLBGAME-25AUG02ATLCIN,Atlanta,Atlanta,36,42,0.39,2687.00,71319.00,yes,1754237219
2025-08-03,KXMLBGAME-25AUG02ARIATH-ATH,KXMLBGAME-25AUG02ARIATH,A's,Arizona,54,55,0.545,12815.00,22033.00,no,1754185128
2025-08-04,KXMLBGAME-25AUG04KCBOS-KC,KXMLBGAME-25AUG04KCBOS,Kansas City,Boston,39,41,0.4,423.00,3546.00,no,1754347839
2025-08-04,KXMLBGAME-25AUG04MILATL-MIL,KXMLBGAME-25AUG04MILATL,Milwaukee,Milwaukee,55,56,0.555,5470.00,38507.00,yes,1754345189
2025-08-04,KXMLBGAME-25AUG04CLENYM-NYM,KXMLBGAME-25AUG04CLENYM,New York M,Cleveland,64,65,0.645,1549.00,8285.00,no,1754347250
2025-08-04,KXMLBGAME-25AUG04HOUMIA-MIA,KXMLBGAME-25AUG04HOUMIA,Miami,Houston,54,55,0.545,7650.00,12979.00,no,1754344246
2025-08-04,KXMLBGAME-25AUG04MINDET-MIN,KXMLBGAME-25AUG04MINDET,Minnesota,Detroit,36,37,0.365,338.00,3267.00,no,1754342314
2025-08-04,KXMLBGAME-25AUG04CINCHC-CIN,KXMLBGAME-25AUG04CINCHC,Cincinnati,Cincinnati,44,45,0.445,653.00,10738.00,yes,1754349395
2025-08-04,KXMLBGAME-25AUG04NYYTEX-TEX,KXMLBGAME-25AUG04NYYTEX,Texas,Texas,44,45,0.445,663.00,5973.00,yes,1754351698
2025-08-04,KXMLBGAME-25AUG04SFPIT-SF,KXMLBGAME-25AUG04SFPIT,San Francisco,Pittsburgh,53,54,0.535,4124.00,23843.00,no,1754347249
2025-08-04,KXMLBGAME-25AUG04BALPHI-PHI,KXMLBGAME-25AUG04BALPHI,Philadelphia,Philadelphia,65,66,0.655,903.00,8313.00,yes,1754344620
2025-08-05,KXMLBGAME-25AUG05BALPHI-PHI,KXMLBGAME-25AUG05BALPHI,Philadelphia,Philadelphia,55,56,0.555,622.00,5308.00,yes,1754430160
2025-08-05,KXMLBGAME-25AUG05MINDET-MIN,KXMLBGAME-25AUG05MINDET,Minnesota,Minnesota,43,44,0.435,5442.00,15681.00,yes,1754431611
2025-08-05,KXMLBGAME-25AUG05NYYTEX-TEX,KXMLBGAME-25AUG05NYYTEX,Texas,Texas,53,54,0.535,8166.00,17799.00,yes,1754435806
2025-08-05,KXMLBGAME-25AUG05HOUMIA-MIA,KXMLBGAME-25AUG05HOUMIA,Miami,Houston,49,50,0.495,2026.00,11231.00,no,1754431348
2025-08-05,KXMLBGAME-25AUG05CINCHC-CIN,KXMLBGAME-25AUG05CINCHC,Cincinnati,Cincinnati,37,38,0.375,493.00,10452.00,yes,1754436061
2025-08-05,KXMLBGAME-25AUG05MILATL-MIL,KXMLBGAME-25AUG05MILATL,Milwaukee,Milwaukee,57,58,0.575,4852.00,16846.00,yes,1754434629
2025-08-05,KXMLBGAME-25AUG05KCBOS-KC,KXMLBGAME-25AUG05KCBOS,Kansas City,Boston,31,32,0.315,150.00,5377.00,no,1754431737
2025-08-05,KXMLBGAME-25AUG05SFPIT-SF,KXMLBGAME-25AUG05SFPIT,San Francisco,San Francisco,56,57,0.565,3215.00,6553.00,yes,1754430159
2025-08-05,KXMLBGAME-25AUG05CLENYM-NYM,KXMLBGAME-25AUG05CLENYM,New York M,Cleveland,59,60,0.595,178.00,1624.00,no,1754432208
2025-08-05,KXMLBGAME-25AUG05ATHWSH-ATH,KXMLBGAME-25AUG05ATHWSH,A's,A's,45,46,0.455,5702.00,16390.00,yes,1754433238
2025-08-05,KXMLBGAME-25AUG04STLLAD-STL,KXMLBGAME-25AUG04STLLAD,St. Louis,St. Louis,39,40,0.395,522.00,12710.00,yes,1754356256
2025-08-05,KXMLBGAME-25AUG04SDARI-SD,KXMLBGAME-25AUG04SDARI,San Diego,Arizona,54,56,0.55,1112.00,21943.00,no,1754355519
2025-08-05,KXMLBGAME-25AUG04TORCOL-TOR,KXMLBGAME-25AUG04TORCOL,Toronto,Toronto,65,66,0.655,2961.00,25853.00,yes,1754352888
2025-08-05,KXMLBGAME-25AUG04TBLAA-TB,KXMLBGAME-25AUG04TBLAA,Tampa Bay,Los Angeles A,47,49,0.48,10118.00,17167.00,no,1754355083
2025-08-06,KXMLBGAME-25AUG06MILATL-MIL,KXMLBGAME-25AUG06MILATL,Milwaukee,Milwaukee,45,46,0.455,5197.00,21544.00,yes,1754519643
2025-08-06,KXMLBGAME-25AUG06CLENYM-NYM,KXMLBGAME-25AUG06CLENYM,New York M,Cleveland,62,63,0.625,1922.00,10895.00,no,1754496170
2025-08-06,KXMLBGAME-25AUG06KCBOS-KC,KXMLBGAME-25AUG06KCBOS,Kansas City,Kansas City,43,44,0.435,2994.00,7738.00,yes,1754519642
2025-08-06,KXMLBGAME-25AUG06ATHWSH-WSH,KXMLBGAME-25AUG06ATHWSH,Washington,Washington,43,44,0.435,34.00,374.00,yes,1754517297
2025-08-06,KXMLBGAME-25AUG06TBLAA-TB,KXMLBGAME-25AUG06TBLAA,Tampa Bay,Tampa Bay,52,53,0.525,281.00,1435.00,yes,1754509249
2025-08-06,KXMLBGAME-25AUG06HOUMIA-HOU,KXMLBGAME-25AUG06HOUMIA,Houston,Miami,48,49,0.485,4495.00,12953.00,no,1754511650
2025-08-06,KXMLBGAME-25AUG06NYYTEX-TEX,KXMLBGAME-25AUG06NYYTEX,Texas,New York Y,45,47,0.46,3530.00,19894.00,no,1754504334
2025-08-06,KXMLBGAME-25AUG06CINCHC-CIN,KXMLBGAME-25AUG06CINCHC,Cincinnati,Chicago C,44,45,0.445,1054.00,8874.00,no,1754500477
2025-08-06,KXMLBGAME-25AUG06BALPHI-PHI,KXMLBGAME-25AUG06BALPHI,Philadelphia,Baltimore,61,62,0.615,5476.00,16383.00,no,1754495019
2025-08-06,KXMLBGAME-25AUG06SFPIT-SF,KXMLBGAME-25AUG06SFPIT,San Francisco,San Francisco,58,59,0.585,4274.00,17569.00,yes,1754496525
2025-08-06,KXMLBGAME-25AUG06MINDET-MIN,KXMLBGAME-25AUG06MINDET,Minnesota,Minnesota,36,37,0.365,240.00,5415.00,yes,1754498274
2025-08-06,KXMLBGAME-25AUG06TORCOL-TOR,KXMLBGAME-25AUG06TORCOL,Toronto,Toronto,70,71,0.705,1838.00,36222.00,yes,1754505640
2025-08-06,KXMLBGAME-25AUG06STLLAD-STL,KXMLBGAME-25AUG06STLLAD,St. Louis,St. Louis,33,35,0.34,652.00,2300.00,yes,1754509083
2025-08-06,KXMLBGAME-25AUG05CWSSEA-CWS,KXMLBGAME-25AUG05CWSSEA,Chicago WS,Seattle,30,31,0.305,1201.00,4235.00,no,1754442188
2025-08-06,KXMLBGAME-25AUG05STLLAD-STL,KXMLBGAME-25AUG05STLLAD,St. Louis,Los Angeles D,37,38,0.375,300.00,10068.00,no,1754444501
2025-08-06,KXMLBGAME-25AUG05SDARI-SD,KXMLBGAME-25AUG05SDARI,San Diego,San Diego,31,33,0.32,36677.00,38176.00,yes,1754446118
2025-08-06,KXMLBGAME-25AUG05TORCOL-TOR,KXMLBGAME-25AUG05TORCOL,Toronto,Toronto,68,69,0.685,3316.00,34409.00,yes,1754438827
2025-08-06,KXMLBGAME-25AUG05TBLAA-TB,KXMLBGAME-25AUG05TBLAA,Tampa Bay,Tampa Bay,46,47,0.465,535.00,3526.00,yes,1754441124
2025-08-07,KXMLBGAME-25AUG07ATHWSH-ATH,KXMLBGAME-25AUG07ATHWSH,A's,A's,58,59,0.585,24692.00,45062.00,yes,1754580292
2025-08-07,KXMLBGAME-25AUG07MIAATL-MIA,KXMLBGAME-25AUG07MIAATL,Miami,Atlanta,55,56,0.555,1867.00,19515.00,no,1754607288
2025-08-07,KXMLBGAME-25AUG07CWSSEA-CWS,KXMLBGAME-25AUG07CWSSEA,Chicago WS,Seattle,27,28,0.275,5639.00,15428.00,no,1754598178
2025-08-07,KXMLBGAME-25AUG07CINPIT-PIT,KXMLBGAME-25AUG07CINPIT,Pittsburgh,Pittsburgh,60,61,0.605,20715.00,24140.00,yes,1754604163
2025-08-07,KXMLBGAME-25AUG06SDAZ-SD,KXMLBGAME-25AUG06SDAZ,San Diego,San Diego,55,56,0.555,1402.00,10942.00,yes,1754528559
2025-08-07,KXMLBGAME-25AUG06CWSSEA-SEA,KXMLBGAME-25AUG06CWSSEA,Seattle,Seattle,70,71,0.705,1593.00,14722.00,yes,1754529148
2025-08-08,KXMLBGAME-25AUG08CLECWS-CWS,KXMLBGAME-25AUG08CLECWS,Chicago WS,Cleveland,44,46,0.45,653.00,2716.00,no,1754694519
2025-08-08,KXMLBGAME-25AUG08PHITEX-PHI,KXMLBGAME-25AUG08PHITEX,Philadelphia,Philadelphia,54,55,0.545,847.00,5449.00,yes,1754697173
2025-08-08,KXMLBGAME-25AUG08CHCSTL-STL,KXMLBGAME-25AUG08CHCSTL,St. Louis,St. Louis,39,40,0.395,3506.00,13227.00,yes,1754696238
2025-08-08,KXMLBGAME-25AUG08NYMMIL-NYM,KXMLBGAME-25AUG08NYMMIL,New York M,Milwaukee,41,42,0.415,10104.00,25529.00,no,1754694870
2025-08-08,KXMLBGAME-25AUG08HOUNYY-NYY,KXMLBGAME-25AUG08HOUNYY,New York Y,Houston,51,52,0.515,11371.00,17776.00,no,1754694409
2025-08-08,KXMLBGAME-25AUG08KCMIN-MIN,KXMLBGAME-25AUG08KCMIN,Minnesota,Minnesota,55,56,0.555,207.00,1514.00,yes,1754695510
2025-08-08,KXMLBGAME-25AUG08CINPIT-PIT,KXMLBGAME-25AUG08CINPIT,Pittsburgh,Pittsburgh,46,47,0.465,3419.00,13150.00,yes,1754689744
2025-08-08,KXMLBGAME-25AUG08MIAATL-MIA,KXMLBGAME-25AUG08MIAATL,Miami,Miami,54,55,0.545,1016.00,8249.00,yes,1754690919
2025-08-08,KXMLBGAME-25AUG08ATHBAL-ATH,KXMLBGAME-25AUG08ATHBAL,A's,Baltimore,49,51,0.5,317.00,2375.00,no,1754690099
2025-08-08,KXMLBGAME-25AUG08LAADET-LAA,KXMLBGAME-25AUG08LAADET,Los Angeles A,Detroit,28,29,0.285,666.00,3884.00,no,1754692491
2025-08-09,KXMLBGAME-25AUG09NYMMIL-NYM,KXMLBGAME-25AUG09NYMMIL,New York M,Milwaukee,47,48,0.475,398.00,4722.00,no,1754778835
2025-08-09,KXMLBGAME-25AUG09WSHSF-WSH,KXMLBGAME-25AUG09WSHSF,Washington,Washington,39,40,0.395,531.00,2127.00,yes,1754766538
2025-08-09,KXMLBGAME-25AUG09COLAZ-COL,KXMLBGAME-25AUG09COLAZ,Colorado,Arizona,32,33,0.325,59.00,451.00,no,1754783322
2025-08-09,KXMLBGAME-25AUG09CINPIT-CIN,KXMLBGAME-25AUG09CINPIT,Cincinnati,Cincinnati,50,51,0.505,782.00,4568.00,yes,1754776255
2025-08-09,KXMLBGAME-25AUG09KCMIN-KC,KXMLBGAME-25AUG09KCMIN,Kansas City,Kansas City,52,53,0.525,1506.00,3618.00,yes,1754777940
2025-08-09,KXMLBGAME-25AUG09MIAATLG1-MIA,KXMLBGAME-25AUG09MIAATLG1,Miami,Atlanta,49,50,0.495,19509.00,21859.00,no,1754756440
2025-08-09,KXMLBGAME-25AUG09HOUNYY-NYY,KXMLBGAME-25AUG09HOUNYY,New York Y,New York Y,50,51,0.505,703.00,13257.00,yes,1754760405
2025-08-09,KXMLBGAME-25AUG09CLECWS-CWS,KXMLBGAME-25AUG09CLECWS,Chicago WS,Cleveland,44,46,0.45,38.00,563.00,no,1754779001
2025-08-09,KXMLBGAME-25AUG09CHCSTL-STL,KXMLBGAME-25AUG09CHCSTL,St. Louis,Chicago C,47,48,0.475,2677.00,9471.00,no,1754780468
2025-08-09,KXMLBGAME-25AUG09MIAATLG2-MIA,KXMLBGAME-25AUG09MIAATLG2,Miami,Atlanta,50,51,0.505,226.00,4172.00,no,1754779245
2025-08-09,KXMLBGAME-25AUG09LAADET-LAA,KXMLBGAME-25AUG09LAADET,Los Angeles A,Los Angeles A,45,46,0.455,4882.00,12207.00,yes,1754775899
2025-08-09,KXMLBGAME-25AUG09PHITEX-TEX,KXMLBGAME-25AUG09PHITEX,Texas,Philadelphia,54,55,0.545,396.00,3811.00,no,1754778864
2025-08-09,KXMLBGAME-25AUG09ATHBAL-BAL,KXMLBGAME-25AUG09ATHBAL,Baltimore,A's,50,51,0.505,261.00,2040.00,no,1754778833
2025-08-09,KXMLBGAME-25AUG08COLAZ-COL,KXMLBGAME-25AUG08COLAZ,Colorado,Arizona,33,34,0.335,25.00,2607.00,no,1754699924
2025-08-09,KXMLBGAME-25AUG08TORLAD-TOR,KXMLBGAME-25AUG08TORLAD,Toronto,Los Angeles D,44,45,0.445,345.00,11938.00,no,1754701729
2025-08-09,KXMLBGAME-25AUG08WSHSF-WSH,KXMLBGAME-25AUG08WSHSF,Washington,San Francisco,40,41,0.405,62.00,1253.00,no,1754702310
2025-08-09,KXMLBGAME-25AUG08TBSEA-TB,KXMLBGAME-25AUG08TBSEA,Tampa Bay,Seattle,45,46,0.455,255.00,4695.00,no,1754699092
2025-08-09,KXMLBGAME-25AUG08BOSSD-SD,KXMLBGAME-25AUG08BOSSD,San Diego,Boston,61,62,0.615,860.00,5145.00,no,1754702308
2025-08-10,KXMLBGAME-25AUG10TORLAD-TOR,KXMLBGAME-25AUG10TORLAD,Toronto,Toronto,37,38,0.375,11203.00,19384.00,yes,1754856681
2025-08-10,KXMLBGAME-25AUG10CINPIT-PIT,KXMLBGAME-25AUG10CINPIT,Pittsburgh,Cincinnati,50,51,0.505,894.00,4986.00,no,1754848266
2025-08-10,KXMLBGAME-25AUG10KCMIN-MIN,KXMLBGAME-25AUG10KCMIN,Minnesota,Minnesota,49,50,0.495,1246.00,5170.00,yes,1754845481
2025-08-10,KXMLBGAME-25AUG10CHCSTL-STL,KXMLBGAME-25AUG10CHCSTL,St. Louis,St. Louis,45,46,0.455,2815.00,14845.00,yes,1754867568
2025-08-10,KXMLBGAME-25AUG10CLECWS-CWS,KXMLBGAME-25AUG10CLECWS,Chicago WS,Chicago WS,46,47,0.465,219.00,1222.00,yes,1754846683
2025-08-10,KXMLBGAME-25AUG10COLAZ-COL,KXMLBGAME-25AUG10COLAZ,Colorado,Arizona,27,28,0.275,0.00,3365.00,no,1754854425
2025-08-10,KXMLBGAME-25AUG10MIAATL-MIA,KXMLBGAME-25AUG10MIAATL,Miami,Atlanta,45,46,0.455,667.00,7520.00,no,1754845274
2025-08-10,KXMLBGAME-25AUG10NYMMIL-NYM,KXMLBGAME-25AUG10NYMMIL,New York M,Milwaukee,49,50,0.495,8491.00,15538.00,no,1754847654
2025-08-10,KXMLBGAME-25AUG10TBSEA-TB,KXMLBGAME-25AUG10TBSEA,Tampa Bay,Seattle,36,37,0.365,3173.00,10938.00,no,1754854601
2025-08-10,KXMLBGAME-25AUG10LAADET-LAA,KXMLBGAME-25AUG10LAADET,Los Angeles A,Detroit,37,38,0.375,2154.00,9987.00,no,1754845852
2025-08-10,KXMLBGAME-25AUG10HOUNYY-HOU,KXMLBGAME-25AUG10HOUNYY,Houston,Houston,33,34,0.335,3463.00,14657.00,yes,1754845602
2025-08-10,KXMLBGAME-25AUG10BOSSD-SD,KXMLBGAME-25AUG10BOSSD,San Diego,San Diego,57,58,0.575,628.00,1707.00,yes,1754855681
2025-08-10,KXMLBGAME-25AUG10ATHBAL-ATH,KXMLBGAME-25AUG10ATHBAL,A's,A's,47,48,0.475,4890.00,5551.00,yes,1754845601
2025-08-10,KXMLBGAME-25AUG10WSHSF-WSH,KXMLBGAME-25AUG10WSHSF,Washington,Washington,40,41,0.405,60.00,1106.00,yes,1754852931
2025-08-10,KXMLBGAME-25AUG10PHITEX-TEX,KXMLBGAME-25AUG10PHITEX,Texas,Philadelphia,40,41,0.405,5064.00,10459.00,no,1754848128
2025-08-10,KXMLBGAME-25AUG09TORLAD-TOR,KXMLBGAME-25AUG09TORLAD,Toronto,Los Angeles D,40,41,0.405,248.00,5251.00,no,1754786320
2025-08-10,KXMLBGAME-25AUG09TBSEA-TB,KXMLBGAME-25AUG09TBSEA,Tampa Bay,Seattle,43,44,0.435,473.00,10271.00,no,1754789220
2025-08-10,KXMLBGAME-25AUG09BOSSD-SD,KXMLBGAME-25AUG09BOSSD,San Diego,San Diego,54,55,0.545,4063.00,6824.00,yes,1754786553
2025-08-11,KXMLBGAME-25AUG11COLSTL-STL,KXMLBGAME-25AUG11COLSTL,St. Louis,St. Louis,65,66,0.655,3439.00,12762.00,yes,1754952194
2025-08-11,KXMLBGAME-25AUG11AZTEX-TEX,KXMLBGAME-25AUG11AZTEX,Texas,Texas,59,60,0.595,832.00,5165.00,yes,1754956499
2025-08-11,KXMLBGAME-25AUG11MINNYY-MIN,KXMLBGAME-25AUG11MINNYY,Minnesota,New York Y,37,38,0.375,15417.00,28071.00,no,1754950026
2025-08-11,KXMLBGAME-25AUG11BOSHOU-BOS,KXMLBGAME-25AUG11BOSHOU,Boston,Houston,60,61,0.605,855.00,3661.00,no,1754955281
2025-08-11,KXMLBGAME-25AUG11PHICIN-PHI,KXMLBGAME-25AUG11PHICIN,Philadelphia,Philadelphia,46,47,0.465,16492.00,45137.00,yes,1754946666
2025-08-11,KXMLBGAME-25AUG11PITMIL-PIT,KXMLBGAME-25AUG11PITMIL,Pittsburgh,Milwaukee,34,35,0.345,3613.00,23546.00,no,1754952080
2025-08-11,KXMLBGAME-25AUG11DETCWS-DET,KXMLBGAME-25AUG11DETCWS,Detroit,Detroit,57,58,0.575,5861.00,19614.00,yes,1754956108
2025-08-11,KXMLBGAME-25AUG11WSHKC-WSH,KXMLBGAME-25AUG11WSHKC,Washington,Kansas City,43,44,0.435,384.00,6177.00,no,1754953608
2025-08-12,KXMLBGAME-25AUG12MIACLE-MIA,KXMLBGAME-25AUG12MIACLE,Miami,Cleveland,44,45,0.445,974.00,10589.00,no,1755036076
2025-08-12,KXMLBGAME-25AUG12WSHKC-WSH,KXMLBGAME-25AUG12WSHKC,Washington,Kansas City,36,37,0.365,103.00,1123.00,no,1755040753
2025-08-12,KXMLBGAME-25AUG12MINNYY-MIN,KXMLBGAME-25AUG12MINNYY,Minnesota,New York Y,33,34,0.335,952.00,5511.00,no,1755039670
2025-08-12,KXMLBGAME-25AUG12BOSHOU-HOU,KXMLBGAME-25AUG12BOSHOU,Houston,Boston,49,51,0.5,425.00,2687.00,no,1755042801
2025-08-12,KXMLBGAME-25AUG12PHICIN-PHI,KXMLBGAME-25AUG12PHICIN,Philadelphia,Cincinnati,56,57,0.565,2780.00,14601.00,no,1755036465
2025-08-12,KXMLBGAME-25AUG12PITMIL-PIT,KXMLBGAME-25AUG12PITMIL,Pittsburgh,Milwaukee,43,44,0.435,1090.00,5701.00,no,1755039758
2025-08-12,KXMLBGAME-25AUG12CHCTOR-CHC,KXMLBGAME-25AUG12CHCTOR,Chicago C,Toronto,45,46,0.455,6079.00,14833.00,no,1755038359
2025-08-12,KXMLBGAME-25AUG12COLSTL-COL,KXMLBGAME-25AUG12COLSTL,Colorado,Colorado,34,35,0.345,883.00,7438.00,yes,1755042014
2025-08-12,KXMLBGAME-25AUG12ATLNYM-NYM,KXMLBGAME-25AUG12ATLNYM,New York M,New York M,56,57,0.565,2164.00,9830.00,yes,1755038589
2025-08-12,KXMLBGAME-25AUG12AZTEX-AZ,KXMLBGAME-25AUG12AZTEX,Arizona,Arizona,42,43,0.425,2118.00,11050.00,yes,1755042508
2025-08-12,KXMLBGAME-25AUG12SEABAL-SEA,KXMLBGAME-25AUG12SEABAL,Seattle,Seattle,58,59,0.585,2030.00,32827.00,yes,1755035634
2025-08-12,KXMLBGAME-25AUG11SDSF-SF,KXMLBGAME-25AUG11SDSF,San Francisco,San Diego,53,54,0.535,1343.00,4337.00,no,1754960227
2025-08-12,KXMLBGAME-25AUG11TBATH-TB,KXMLBGAME-25AUG11TBATH,Tampa Bay,Tampa Bay,49,50,0.495,3445.00,7611.00,yes,1754962120
2025-08-12,KXMLBGAME-25AUG11LADLAA-LAD,KXMLBGAME-25AUG11LADLAA,Los Angeles D,Los Angeles A,60,62,0.61,46454.00,64946.00,no,1754961070
2025-08-13,KXMLBGAME-25AUG13PHICIN-PHI,KXMLBGAME-25AUG13PHICIN,Philadelphia,Cincinnati,53,54,0.535,40271.00,95089.00,no,1755121184
2025-08-13,KXMLBGAME-25AUG13WSHKC-WSH,KXMLBGAME-25AUG13WSHKC,Washington,Washington,39,40,0.395,9576.00,15453.00,yes,1755109059
2025-08-13,KXMLBGAME-25AUG13PITMIL-PIT,KXMLBGAME-25AUG13PITMIL,Pittsburgh,Milwaukee,32,33,0.325,12355.00,45038.00,no,1755109687
2025-08-13,KXMLBGAME-25AUG13AZTEX-AZ,KXMLBGAME-25AUG13AZTEX,Arizona,Arizona,41,44,0.425,7669.00,11514.00,yes,1755110253
2025-08-13,KXMLBGAME-25AUG13SEABAL-SEA,KXMLBGAME-25AUG13SEABAL,Seattle,Baltimore,55,57,0.56,3375.00,49123.00,no,1755128477
2025-08-13,KXMLBGAME-25AUG13DETCWS-DET,KXMLBGAME-25AUG13DETCWS,Detroit,Detroit,56,58,0.57,21000.00,28105.00,yes,1755107239
2025-08-13,KXMLBGAME-25AUG13BOSHOU-BOS,KXMLBGAME-25AUG13BOSHOU,Boston,Houston,41,42,0.415,3707.00,10088.00,no,1755124219
2025-08-13,KXMLBGAME-25AUG13CHCTOR-TOR,KXMLBGAME-25AUG13CHCTOR,Toronto,Chicago C,54,56,0.55,1327.00,3544.00,no,1755124714
2025-08-13,KXMLBGAME-25AUG13MIACLE-MIA,KXMLBGAME-25AUG13MIACLE,Miami,Miami,44,46,0.45,781.00,4152.00,yes,1755123993
2025-08-13,KXMLBGAME-25AUG13SDSF-SD,KXMLBGAME-25AUG13SDSF,San Diego,San Diego,56,57,0.565,2200.00,7417.00,yes,1755113052
2025-08-13,KXMLBGAME-25AUG13COLSTL-COL,KXMLBGAME-25AUG13COLSTL,Colorado,Colorado,32,33,0.325,544.00,1333.00,yes,1755107908
2025-08-13,KXMLBGAME-25AUG12DETCWS-DET,KXMLBGAME-25AUG12DETCWS,Detroit,Chicago WS,54,62,0.58,1074.00,6430.00,no,1755045602
2025-08-13,KXMLBGAME-25AUG12SDSF-SD,KXMLBGAME-25AUG12SDSF,San Diego,San Diego,47,48,0.475,3578.00,14314.00,yes,1755048151
2025-08-13,KXMLBGAME-25AUG12TBATH-TB,KXMLBGAME-25AUG12TBATH,Tampa Bay,A's,49,50,0.495,8432.00,11701.00,no,1755047362
2025-08-13,KXMLBGAME-25AUG12LADLAA-LAD,KXMLBGAME-25AUG12LADLAA,Los Angeles D,Los Angeles A,61,62,0.615,29049.00,39578.00,no,1755049129
2025-08-14,KXMLBGAME-25AUG14MIACLE-MIA,KXMLBGAME-25AUG14MIACLE,Miami,Cleveland,46,47,0.465,18274.00,35513.00,no,1755211745
2025-08-14,KXMLBGAME-25AUG14DETMIN-DET,KXMLBGAME-25AUG14DETMIN,Detroit,Detroit,63,64,0.635,11076.00,25098.00,yes,1755214879
2025-08-14,KXMLBGAME-25AUG14PHIWSH-WSH,KXMLBGAME-25AUG14PHIWSH,Washington,Washington,37,38,0.375,1681.00,4849.00,yes,1755209445
2025-08-14,KXMLBGAME-25AUG14SEABAL-SEA,KXMLBGAME-25AUG14SEABAL,Seattle,Baltimore,4,9,0.065,75056.00,131178.00,no,1755200303
2025-08-14,KXMLBGAME-25AUG14ATLNYM-NYM,KXMLBGAME-25AUG14ATLNYM,New York M,Atlanta,62,63,0.625,2014.00,7002.00,no,1755211320
2025-08-14,KXMLBGAME-25AUG14CHCTOR-CHC,KXMLBGAME-25AUG14CHCTOR,Chicago C,Toronto,51,52,0.515,1486.00,48125.00,no,1755195374
2025-08-14,KXMLBGAME-25AUG13ATLNYM-ATL,KXMLBGAME-25AUG13ATLNYM,Atlanta,Atlanta,35,36,0.355,7036.00,9705.00,yes,1755132937
2025-08-14,KXMLBGAME-25AUG13LADLAA-LAD,KXMLBGAME-25AUG13LADLAA,Los Angeles D,Los Angeles A,63,64,0.635,8197.00,16443.00,no,1755135534
2025-08-14,KXMLBGAME-25AUG13TBATH-TB,KXMLBGAME-25AUG13TBATH,Tampa Bay,Tampa Bay,55,56,0.555,1030.00,7898.00,yes,1755135393
2025-08-14,KXMLBGAME-25AUG13MINNYY-MIN,KXMLBGAME-25AUG13MINNYY,Minnesota,Minnesota,41,42,0.415,1324.00,18654.00,yes,1755132083
2025-08-15,KXMLBGAME-25AUG15SEANYM-SEA,KXMLBGAME-25AUG15SEANYM,Seattle,Seattle,45,47,0.46,9796.00,29251.00,yes,1755299481
2025-08-15,KXMLBGAME-25AUG15TEXTOR-TOR,KXMLBGAME-25AUG15TEXTOR,Toronto,Toronto,50,51,0.505,10669.00,43393.00,yes,1755299345
2025-08-15,KXMLBGAME-25AUG15PHIWSH-WSH,KXMLBGAME-25AUG15PHIWSH,Washington,Philadelphia,35,37,0.36,1192.00,3960.00,no,1755297327
2025-08-15,KXMLBGAME-25AUG15CWSKC-KC,KXMLBGAME-25AUG15CWSKC,Kansas City,Kansas City,61,63,0.62,425.00,2578.00,yes,1755300167
2025-08-15,KXMLBGAME-25AUG15MILCIN-MIL,KXMLBGAME-25AUG15MILCIN,Milwaukee,Milwaukee,55,57,0.56,57102.00,77114.00,yes,1755298625
2025-08-15,KXMLBGAME-25AUG15ATLCLE-CLE,KXMLBGAME-25AUG15ATLCLE,Cleveland,Atlanta,51,52,0.515,202.00,3458.00,no,1755297562
2025-08-15,KXMLBGAME-25AUG15PITCHC-PIT,KXMLBGAME-25AUG15PITCHC,Pittsburgh,Pittsburgh,36,37,0.365,2719.00,16460.00,yes,1755280808
2025-08-15,KXMLBGAME-25AUG15MIABOS-MIA,KXMLBGAME-25AUG15MIABOS,Miami,Boston,39,40,0.395,755.00,2158.00,no,1755297563
2025-08-15,KXMLBGAME-25AUG15BALHOU-BAL,KXMLBGAME-25AUG15BALHOU,Baltimore,Baltimore,33,34,0.335,456.00,10588.00,yes,1755300386
2025-08-15,KXMLBGAME-25AUG14AZCOL-COL,KXMLBGAME-25AUG14AZCOL,Colorado,Arizona,38,39,0.385,286.00,7472.00,no,1755217484
2025-08-16,KXMLBGAME-25AUG16SEANYM-SEA,KXMLBGAME-25AUG16SEANYM,Seattle,New York M,51,52,0.515,3517.00,20785.00,no,1755374639
2025-08-16,KXMLBGAME-25AUG16PITCHC-PIT,KXMLBGAME-25AUG16PITCHC,Pittsburgh,Chicago C,33,34,0.335,1406.00,4883.00,no,1755364730
2025-08-16,KXMLBGAME-25AUG16CWSKC-KC,KXMLBGAME-25AUG16CWSKC,Kansas City,Kansas City,56,57,0.565,702.00,2715.00,yes,1755387429
2025-08-16,KXMLBGAME-25AUG16BALHOU-BAL,KXMLBGAME-25AUG16BALHOU,Baltimore,Houston,44,45,0.445,328.00,11697.00,no,1755387971
2025-08-16,KXMLBGAME-25AUG16ATLCLE-ATL,KXMLBGAME-25AUG16ATLCLE,Atlanta,Atlanta,50,51,0.505,58.00,5524.00,yes,1755384507
2025-08-16,KXMLBGAME-25AUG16NYYSTL-STL,KXMLBGAME-25AUG16NYYSTL,St. Louis,New York Y,43,44,0.435,127.00,17287.00,no,1755387970
2025-08-16,KXMLBGAME-25AUG16PHIWSH-PHI,KXMLBGAME-25AUG16PHIWSH,Philadelphia,Washington,56,57,0.565,2380.00,8096.00,no,1755372902
2025-08-16,KXMLBGAME-25AUG16MILCIN-MIL,KXMLBGAME-25AUG16MILCIN,Milwaukee,Milwaukee,64,65,0.645,37440.00,143161.00,yes,1755387294
2025-08-16,KXMLBGAME-25AUG16DETMIN-DET,KXMLBGAME-25AUG16DETMIN,Detroit,Detroit,50,51,0.505,2117.00,39699.00,yes,1755387900
2025-08-16,KXMLBGAME-25AUG16TEXTOR-TOR,KXMLBGAME-25AUG16TEXTOR,Toronto,Toronto,62,63,0.625,1201.00,18940.00,yes,1755370311
2025-08-16,KXMLBGAME-25AUG16MIABOS-MIA,KXMLBGAME-25AUG16MIABOS,Miami,Boston,36,37,0.365,412.00,4705.00,no,1755374638
2025-08-16,KXMLBGAME-25AUG16AZCOL-COL,KXMLBGAME-25AUG16AZCOL,Colorado,Colorado,39,40,0.395,23.00,2564.00,yes,1755388062
2025-08-16,KXMLBGAME-25AUG15AZCOL-COL,KXMLBGAME-25AUG15AZCOL,Colorado,Colorado,36,37,0.365,8.00,2868.00,yes,1755302594
2025-08-16,KXMLBGAME-25AUG15TBSF-TB,KXMLBGAME-25AUG15TBSF,Tampa Bay,Tampa Bay,48,49,0.485,6549.00,8074.00,yes,1755309435
2025-08-16,KXMLBGAME-25AUG15LAAATH-LAA,KXMLBGAME-25AUG15LAAATH,Los Angeles A,A's,50,51,0.505,38.00,21438.00,no,1755308810
2025-08-16,KXMLBGAME-25AUG15DETMIN-MIN,KXMLBGAME-25AUG15DETMIN,Minnesota,Detroit,45,46,0.455,73.00,3712.00,no,1755302858
2025-08-16,KXMLBGAME-25AUG15NYYSTL-NYY,KXMLBGAME-25AUG15NYYSTL,New York Y,New York Y,56,58,0.57,5003.00,10309.00,yes,1755302672
2025-08-16,KXMLBGAME-25AUG15SDLAD-SD,KXMLBGAME-25AUG15SDLAD,San Diego,Los Angeles D,43,44,0.435,1401.00,13680.00,no,1755307424
2025-08-17,KXMLBGAME-25AUG17BALHOU-HOU,KXMLBGAME-25AUG17BALHOU,Houston,Baltimore,54,55,0.545,7028.00,34736.00,no,1755453693
2025-08-17,KXMLBGAME-25AUG17PHIWSH-WSH,KXMLBGAME-25AUG17PHIWSH,Washington,Philadelphia,35,36,0.355,2203.00,3403.00,no,1755445079
2025-08-17,KXMLBGAME-25AUG17LAAATH-LAA,KXMLBGAME-25AUG17LAAATH,Los Angeles A,Los Angeles A,49,51,0.5,2042.00,3182.00,yes,1755461947
2025-08-17,KXMLBGAME-25AUG17MIABOS-MIA,KXMLBGAME-25AUG17MIABOS,Miami,Miami,30,31,0.305,1393.00,17259.00,yes,1755448971
2025-08-17,KXMLBGAME-25AUG17MILCIN-MIL,KXMLBGAME-25AUG17MILCIN,Milwaukee,Cincinnati,47,48,0.475,4227.00,20170.00,no,1755449904
2025-08-17,KXMLBGAME-25AUG17SEANYM-SEA,KXMLBGAME-25AUG17SEANYM,Seattle,New York M,52,53,0.525,13501.00,35726.00,no,1755473739
2025-08-17,KXMLBGAME-25AUG17PITCHC-PIT,KXMLBGAME-25AUG17PITCHC,Pittsburgh,Chicago C,37,38,0.375,68.00,961.00,no,1755452514
2025-08-17,KXMLBGAME-25AUG17NYYSTL-STL,KXMLBGAME-25AUG17NYYSTL,St. Louis,New York Y,40,41,0.405,7313.00,8675.00,no,1755454146
2025-08-17,KXMLBGAME-25AUG17SDLAD-SD,KXMLBGAME-25AUG17SDLAD,San Diego,Los Angeles D,45,46,0.455,1854.00,12444.00,no,1755459426
2025-08-17,KXMLBGAME-25AUG17TEXTOR-TOR,KXMLBGAME-25AUG17TEXTOR,Toronto,Texas,54,55,0.545,13864.00,46113.00,no,1755451381
2025-08-17,KXMLBGAME-25AUG17CWSKC-CWS,KXMLBGAME-25AUG17CWSKC,Chicago WS,Kansas City,39,40,0.395,258.00,3829.00,no,1755452168
2025-08-17,KXMLBGAME-25AUG17TBSF-TB,KXMLBGAME-25AUG17TBSF,Tampa Bay,San Francisco,46,47,0.465,195.00,14846.00,no,1755457295
2025-08-17,KXMLBGAME-25AUG17AZCOL-COL,KXMLBGAME-25AUG17AZCOL,Colorado,Colorado,42,43,0.425,34.00,2472.00,yes,1755456286
2025-08-17,KXMLBGAME-25AUG17ATLCLE-CLE,KXMLBGAME-25AUG17ATLCLE,Cleveland,Atlanta,50,51,0.505,3952.00,6954.00,no,1755450889
2025-08-17,KXMLBGAME-25AUG17DETMIN-DET,KXMLBGAME-25AUG17DETMIN,Detroit,Minnesota,54,55,0.545,1384.00,3364.00,no,1755452516
2025-08-17,KXMLBGAME-25AUG16LAAATH-LAA,KXMLBGAME-25AUG16LAAATH,Los Angeles A,A's,46,47,0.465,605.00,1712.00,no,1755394613
2025-08-17,KXMLBGAME-25AUG16TBSF-TB,KXMLBGAME-25AUG16TBSF,Tampa Bay,Tampa Bay,50,51,0.505,2930.00,11312.00,yes,1755389557
2025-08-17,KXMLBGAME-25AUG16SDLAD-SD,KXMLBGAME-25AUG16SDLAD,San Diego,Los Angeles D,48,49,0.485,974.00,12908.00,no,1755390154
2025-08-18,KXMLBGAME-25AUG18STLMIA-STL,KXMLBGAME-25AUG18STLMIA,St. Louis,St. Louis,43,44,0.435,4655.00,7770.00,yes,1755554617
2025-08-18,KXMLBGAME-25AUG18BALBOS-BOS,KXMLBGAME-25AUG18BALBOS,Boston,Baltimore,52,53,0.525,1693.00,6331.00,no,1755556842
2025-08-18,KXMLBGAME-25AUG18HOUDET-HOU,KXMLBGAME-25AUG18HOUDET,Houston,Detroit,42,43,0.425,6450.00,16233.00,no,1755553570
2025-08-18,KXMLBGAME-25AUG18CWSATL-CWS,KXMLBGAME-25AUG18CWSATL,Chicago WS,Chicago WS,33,35,0.34,993.00,2536.00,yes,1755560937
2025-08-18,KXMLBGAME-25AUG18TORPIT-TOR,KXMLBGAME-25AUG18TORPIT,Toronto,Pittsburgh,50,51,0.505,51167.00,62058.00,no,1755554850
2025-08-18,KXMLBGAME-25AUG18TEXKC-TEX,KXMLBGAME-25AUG18TEXKC,Texas,Kansas City,46,47,0.465,888.00,2818.00,no,1755557574
2025-08-18,KXMLBGAME-25AUG18LADCOL-LAD,KXMLBGAME-25AUG18LADCOL,Los Angeles D,Colorado,72,73,0.725,2748.00,18584.00,no,1755560725
2025-08-18,KXMLBGAME-25AUG18SEAPHI-SEA,KXMLBGAME-25AUG18SEAPHI,Seattle,Philadelphia,48,49,0.485,3274.00,8634.00,no,1755555314
2025-08-18,KXMLBGAME-25JUN18MILCHC-MIL,KXMLBGAME-25JUN18MILCHC,Milwaukee,Milwaukee,48,49,0.485,18493.00,104760.00,yes,1755539152
2025-08-19,KXMLBGAME-25AUG19SEAPHI-SEA,KXMLBGAME-25AUG19SEAPHI,Seattle,Philadelphia,34,35,0.345,8549.00,18315.00,no,1755642562
2025-08-19,KXMLBGAME-25AUG19CWSATL-CWS,KXMLBGAME-25AUG19CWSATL,Chicago WS,Atlanta,40,41,0.405,127.00,1747.00,no,1755644463
2025-08-19,KXMLBGAME-25AUG19HOUDET-HOU,KXMLBGAME-25AUG19HOUDET,Houston,Detroit,41,42,0.415,7181.00,20101.00,no,1755645035
2025-08-19,KXMLBGAME-25AUG19TEXKC-TEX,KXMLBGAME-25AUG19TEXKC,Texas,Kansas City,51,52,0.515,2460.00,5074.00,no,1755644076
2025-08-19,KXMLBGAME-25AUG19STLMIA-STL,KXMLBGAME-25AUG19STLMIA,St. Louis,St. Louis,43,44,0.435,948.00,6189.00,yes,1755642830
2025-08-19,KXMLBGAME-25AUG19NYMWSH-WSH,KXMLBGAME-25AUG19NYMWSH,Washington,New York M,35,36,0.355,6956.00,10249.00,no,1755641780
2025-08-19,KXMLBGAME-25AUG19MILCHCG2-MIL,KXMLBGAME-25AUG19MILCHCG2,Milwaukee,Chicago C,53,54,0.535,4711.00,24199.00,no,1755645861
2025-08-19,KXMLBGAME-25AUG19ATHMIN-MIN,KXMLBGAME-25AUG19ATHMIN,Minnesota,A's,55,56,0.555,4097.00,4397.00,no,1755645156
2025-08-19,KXMLBGAME-25AUG19TORPIT-TOR,KXMLBGAME-25AUG19TORPIT,Toronto,Toronto,57,58,0.575,4797.00,15684.00,yes,1755643193
2025-08-19,KXMLBGAME-25AUG19LADCOL-LAD,KXMLBGAME-25AUG19LADCOL,Los Angeles D,Los Angeles D,71,73,0.72,2406.00,9822.00,yes,1755647998
2025-08-19,KXMLBGAME-25AUG19BALBOS-BAL,KXMLBGAME-25AUG19BALBOS,Baltimore,Baltimore,43,44,0.435,4945.00,17213.00,yes,1755645714
2025-08-19,KXMLBGAME-25AUG18CINLAA-CIN,KXMLBGAME-25AUG18CINLAA,Cincinnati,Cincinnati,51,52,0.515,2583.00,15523.00,yes,1755565029
2025-08-19,KXMLBGAME-25AUG18SFSD-SF,KXMLBGAME-25AUG18SFSD,San Francisco,San Francisco,42,43,0.425,1453.00,10417.00,yes,1755565367
2025-08-19,KXMLBGAME-25AUG18CLEAZ-CLE,KXMLBGAME-25AUG18CLEAZ,Cleveland,Cleveland,47,48,0.475,200.00,2867.00,yes,1755564777
2025-08-19,KXMLBGAME-25AUG18MILCHCG2-MIL,KXMLBGAME-25AUG18MILCHCG2,Milwaukee,Chicago C,42,43,0.425,18658.00,122450.00,no,1755624960
2025-08-20,KXMLBGAME-25AUG20CLEAZ-CLE,KXMLBGAME-25AUG20CLEAZ,Cleveland,Arizona,49,50,0.495,1032.00,17693.00,no,1755716804
2025-08-20,KXMLBGAME-25AUG20CWSATL-CWS,KXMLBGAME-25AUG20CWSATL,Chicago WS,Atlanta,35,36,0.355,669.00,2226.00,no,1755727034
2025-08-20,KXMLBGAME-25AUG20ATHMIN-MIN,KXMLBGAME-25AUG20ATHMIN,Minnesota,A's,53,54,0.535,192.00,2676.00,no,1755732558
2025-08-20,KXMLBGAME-25AUG20STLMIA-STL,KXMLBGAME-25AUG20STLMIA,St. Louis,Miami,48,49,0.485,4298.00,7951.00,no,1755727644
2025-08-20,KXMLBGAME-25AUG20MILCHC-MIL,KXMLBGAME-25AUG20MILCHC,Milwaukee,Chicago C,52,53,0.525,10340.00,24532.00,no,1755731590
2025-08-20,KXMLBGAME-25AUG20HOUDET-HOU,KXMLBGAME-25AUG20HOUDET,Houston,Detroit,50,52,0.51,920.00,5732.00,no,1755706945
2025-08-20,KXMLBGAME-25AUG20NYMWSH-NYM,KXMLBGAME-25AUG20NYMWSH,New York M,Washington,60,61,0.605,2890.00,13275.00,no,1755727410
2025-08-20,KXMLBGAME-25AUG20TORPIT-TOR,KXMLBGAME-25AUG20TORPIT,Toronto,Pittsburgh,60,61,0.605,8255.00,21269.00,no,1755705453
2025-08-20,KXMLBGAME-25AUG20TEXKC-TEX,KXMLBGAME-25AUG20TEXKC,Texas,Texas,44,45,0.445,4288.00,28969.00,yes,1755732404
2025-08-20,KXMLBGAME-25AUG20NYYTB-TB,KXMLBGAME-25AUG20NYYTB,Tampa Bay,New York Y,51,52,0.515,10074.00,21513.00,no,1755732169
2025-08-20,KXMLBGAME-25AUG20SEAPHI-SEA,KXMLBGAME-25AUG20SEAPHI,Seattle,Philadelphia,43,44,0.435,12995.00,21275.00,no,1755708287
2025-08-20,KXMLBGAME-25AUG20LADCOL-LAD,KXMLBGAME-25AUG20LADCOL,Los Angeles D,Colorado,72,73,0.725,6425.00,15580.00,no,1755733209
2025-08-20,KXMLBGAME-25AUG19SFSD-SF,KXMLBGAME-25AUG19SFSD,San Francisco,San Diego,34,35,0.345,2348.00,5583.00,no,1755652045
2025-08-20,KXMLBGAME-25AUG19CINLAA-LAA,KXMLBGAME-25AUG19CINLAA,Los Angeles A,Cincinnati,44,45,0.445,221.00,1903.00,no,1755650954
2025-08-20,KXMLBGAME-25AUG19NYYTB-TB,KXMLBGAME-25AUG19NYYTB,Tampa Bay,New York Y,44,46,0.45,919.00,13743.00,no,1755651775
2025-08-20,KXMLBGAME-25AUG19CLEAZ-CLE,KXMLBGAME-25AUG19CLEAZ,Cleveland,Arizona,47,48,0.475,997.00,3279.00,no,1755651521
2025-08-21,KXMLBGAME-25AUG21SFSD-SF,KXMLBGAME-25AUG21SFSD,San Francisco,San Diego,37,38,0.375,2417.00,10355.00,no,1755805557
2025-08-21,KXMLBGAME-25AUG21TEXKC-TEX,KXMLBGAME-25AUG21TEXKC,Texas,Kansas City,47,48,0.475,110.00,5339.00,no,1755798417
2025-08-21,KXMLBGAME-25AUG21HOUBAL-HOU,KXMLBGAME-25AUG21HOUBAL,Houston,Houston,47,48,0.475,5019.00,12506.00,yes,1755816018
2025-08-21,KXMLBGAME-25AUG21STLTB-STL,KXMLBGAME-25AUG21STLTB,St. Louis,St. Louis,51,53,0.52,3340.00,6378.00,yes,1755817529
2025-08-21,KXMLBGAME-25AUG21MILCHC-MIL,KXMLBGAME-25AUG21MILCHC,Milwaukee,Milwaukee,43,44,0.435,5320.00,22310.00,yes,1755798700
2025-08-21,KXMLBGAME-25AUG21NYMWSH-NYM,KXMLBGAME-25AUG21NYMWSH,New York M,Washington,54,56,0.55,12602.00,20193.00,no,1755805283
2025-08-21,KXMLBGAME-25AUG21BOSNYY-NYY,KXMLBGAME-25AUG21BOSNYY,New York Y,Boston,56,57,0.565,13191.00,63875.00,no,1755818481
2025-08-21,KXMLBGAME-25AUG21LADCOL-LAD,KXMLBGAME-25AUG21LADCOL,Los Angeles D,Los Angeles D,65,66,0.655,11204.00,27214.00,yes,1755803075
2025-08-21,KXMLBGAME-25AUG21ATHMIN-MIN,KXMLBGAME-25AUG21ATHMIN,Minnesota,A's,47,48,0.475,8776.00,15151.00,no,1755794357
2025-08-21,KXMLBGAME-25AUG20SFSD-SF,KXMLBGAME-25AUG20SFSD,San Francisco,San Diego,43,44,0.435,19470.00,24627.00,no,1755738288
2025-08-21,KXMLBGAME-25AUG20CINLAA-LAA,KXMLBGAME-25AUG20CINLAA,Los Angeles A,Los Angeles A,53,54,0.535,199.00,7735.00,yes,1755736587
2025-08-22,KXMLBGAME-25AUG22STLTB-TB,KXMLBGAME-25AUG22STLTB,Tampa Bay,Tampa Bay,56,57,0.565,2222.00,3784.00,yes,1755903772
2025-08-22,KXMLBGAME-25AUG22TORMIA-TOR,KXMLBGAME-25AUG22TORMIA,Toronto,Toronto,59,60,0.595,560.00,2388.00,yes,1755901371
2025-08-22,KXMLBGAME-25AUG22NYMATL-NYM,KXMLBGAME-25AUG22NYMATL,New York M,New York M,49,50,0.495,2447.00,9793.00,yes,1755903532
2025-08-22,KXMLBGAME-25AUG22HOUBAL-HOU,KXMLBGAME-25AUG22HOUBAL,Houston,Houston,51,52,0.515,15334.00,22176.00,yes,1755903291
2025-08-22,KXMLBGAME-25AUG22SFMIL-SF,KXMLBGAME-25AUG22SFMIL,San Francisco,Milwaukee,38,39,0.385,2083.00,3816.00,no,1755906678
2025-08-22,KXMLBGAME-25AUG22CLETEX-TEX,KXMLBGAME-25AUG22CLETEX,Texas,Texas,59,60,0.595,1096.00,8769.00,yes,1755904972
2025-08-22,KXMLBGAME-25AUG22BOSNYY-NYY,KXMLBGAME-25AUG22BOSNYY,New York Y,Boston,63,64,0.635,5703.00,12026.00,no,1755901617
2025-08-22,KXMLBGAME-25AUG22COLPIT-PIT,KXMLBGAME-25AUG22COLPIT,Pittsburgh,Pittsburgh,64,66,0.65,1106.00,6451.00,yes,1755899940
2025-08-22,KXMLBGAME-25AUG22KCDET-KC,KXMLBGAME-25AUG22KCDET,Kansas City,Detroit,41,42,0.415,3017.00,7920.00,no,1755902475
2025-08-22,KXMLBGAME-25AUG22MINCWS-MIN,KXMLBGAME-25AUG22MINCWS,Minnesota,Minnesota,54,55,0.545,94.00,6604.00,yes,1755905871
2025-08-22,KXMLBGAME-25AUG22WSHPHI-WSH,KXMLBGAME-25AUG22WSHPHI,Washington,Washington,36,37,0.365,14123.00,18612.00,yes,1755900395
2025-08-23,KXMLBGAME-25AUG23LADSD-SD,KXMLBGAME-25AUG23LADSD,San Diego,San Diego,44,45,0.445,2419.00,14732.00,yes,1755992292
2025-08-23,KXMLBGAME-25AUG23COLPIT-PIT,KXMLBGAME-25AUG23COLPIT,Pittsburgh,Pittsburgh,62,63,0.625,33434.00,38844.00,yes,1755987098
2025-08-23,KXMLBGAME-25AUG23HOUBAL-HOU,KXMLBGAME-25AUG23HOUBAL,Houston,Houston,47,49,0.48,2349.00,6145.00,yes,1755989767
2025-08-23,KXMLBGAME-25AUG23TORMIA-TOR,KXMLBGAME-25AUG23TORMIA,Toronto,Toronto,65,68,0.665,55692.00,64421.00,yes,1755983775
2025-08-23,KXMLBGAME-25AUG23BOSNYY-BOS,KXMLBGAME-25AUG23BOSNYY,Boston,Boston,51,52,0.515,2802.00,16470.00,yes,1755967719
2025-08-23,KXMLBGAME-25AUG23NYMATL-NYM,KXMLBGAME-25AUG23NYMATL,New York M,New York M,51,53,0.52,495.00,4441.00,yes,1755989545
2025-08-23,KXMLBGAME-25AUG23KCDET-KC,KXMLBGAME-25AUG23KCDET,Kansas City,Detroit,47,48,0.475,6080.00,22131.00,no,1755984848
2025-08-23,KXMLBGAME-25AUG23CINAZ-CIN,KXMLBGAME-25AUG23CINAZ,Cincinnati,Arizona,52,53,0.525,2351.00,17880.00,no,1755990982
2025-08-23,KXMLBGAME-25AUG23WSHPHI-WSH,KXMLBGAME-25AUG23WSHPHI,Washington,Philadelphia,30,31,0.305,3625.00,8124.00,no,1755985391
2025-08-23,KXMLBGAME-25AUG23SFMIL-SF,KXMLBGAME-25AUG23SFMIL,San Francisco,San Francisco,42,43,0.425,267.00,14525.00,yes,1755988665
2025-08-23,KXMLBGAME-25AUG23MINCWS-MIN,KXMLBGAME-25AUG23MINCWS,Minnesota,Chicago WS,50,51,0.505,1525.00,4528.00,no,1755987452
2025-08-23,KXMLBGAME-25AUG23CLETEX-CLE,KXMLBGAME-25AUG23CLETEX,Cleveland,Texas,45,46,0.455,1204.00,5558.00,no,1755987097
2025-08-23,KXMLBGAME-25AUG22CHCLAA-LAA,KXMLBGAME-25AUG22CHCLAA,Los Angeles A,Chicago C,45,46,0.455,463.00,7803.00,no,1755909660
2025-08-23,KXMLBGAME-25AUG22ATHSEA-SEA,KXMLBGAME-25AUG22ATHSEA,Seattle,Seattle,65,66,0.655,1086.00,5446.00,yes,1755911224
2025-08-23,KXMLBGAME-25AUG22CINAZ-CIN,KXMLBGAME-25AUG22CINAZ,Cincinnati,Arizona,45,46,0.455,16006.00,20896.00,no,1755911810
2025-08-23,KXMLBGAME-25AUG22LADSD-SD,KXMLBGAME-25AUG22LADSD,San Diego,San Diego,47,48,0.475,554.00,14896.00,yes,1755909442
2025-08-24,KXMLBGAME-25AUG24CHCLAA-LAA,KXMLBGAME-25AUG24CHCLAA,Los Angeles A,Chicago C,44,45,0.445,219.00,8144.00,no,1756065504
2025-08-24,KXMLBGAME-25AUG24HOUBAL-HOU,KXMLBGAME-25AUG24HOUBAL,Houston,Baltimore,44,45,0.445,1899.00,6774.00,no,1756057850
2025-08-24,KXMLBGAME-25AUG24LADSD-SD,KXMLBGAME-25AUG24LADSD,San Diego,Los Angeles D,49,50,0.495,1439.00,5554.00,no,1756065665
2025-08-24,KXMLBGAME-25AUG24BOSNYY-NYY,KXMLBGAME-25AUG24BOSNYY,New York Y,New York Y,59,60,0.595,87232.00,96654.00,yes,1756077324
2025-08-24,KXMLBGAME-25AUG24WSHPHI-WSH,KXMLBGAME-25AUG24WSHPHI,Washington,Philadelphia,30,31,0.305,5477.00,6176.00,no,1756057849
2025-08-24,KXMLBGAME-25AUG24CINAZ-CIN,KXMLBGAME-25AUG24CINAZ,Cincinnati,Cincinnati,46,47,0.465,594.00,2999.00,yes,1756065502
2025-08-24,KXMLBGAME-25AUG24COLPIT-PIT,KXMLBGAME-25AUG24COLPIT,Pittsburgh,Pittsburgh,72,73,0.725,8271.00,10147.00,yes,1756048499
2025-08-24,KXMLBGAME-25AUG24CLETEX-TEX,KXMLBGAME-25AUG24CLETEX,Texas,Texas,53,54,0.535,389.00,4502.00,yes,1756060253
2025-08-24,KXMLBGAME-25AUG24TORMIA-TOR,KXMLBGAME-25AUG24TORMIA,Toronto,Miami,53,54,0.535,622.00,4620.00,no,1756058226
2025-08-24,KXMLBGAME-25AUG24MINCWS-MIN,KXMLBGAME-25AUG24MINCWS,Minnesota,Chicago WS,51,52,0.515,511.00,4148.00,no,1756059152
2025-08-24,KXMLBGAME-25AUG24KCDET-KC,KXMLBGAME-25AUG24KCDET,Kansas City,Kansas City,37,39,0.38,5010.00,8421.00,yes,1756058633
2025-08-24,KXMLBGAME-25AUG24ATHSEA-SEA,KXMLBGAME-25AUG24ATHSEA,Seattle,Seattle,62,63,0.625,2872.00,8094.00,yes,1756065503
2025-08-24,KXMLBGAME-25AUG24SFMIL-SF,KXMLBGAME-25AUG24SFMIL,San Francisco,San Francisco,44,45,0.445,2619.00,7779.00,yes,1756060866
2025-08-24,KXMLBGAME-25AUG24NYMATL-NYM,KXMLBGAME-25AUG24NYMATL,New York M,Atlanta,56,57,0.565,4725.00,12748.00,no,1756058074
2025-08-24,KXMLBGAME-25AUG24STLTB-TB,KXMLBGAME-25AUG24STLTB,Tampa Bay,Tampa Bay,57,58,0.575,69.00,16302.00,yes,1756065795
2025-08-24,KXMLBGAME-25AUG23ATHSEA-SEA,KXMLBGAME-25AUG23ATHSEA,Seattle,A's,61,62,0.615,2773.00,7211.00,no,1755997875
2025-08-24,KXMLBGAME-25AUG23CHCLAA-LAA,KXMLBGAME-25AUG23CHCLAA,Los Angeles A,Chicago C,42,43,0.425,111.00,777.00,no,1755996451
2025-08-25,KXMLBGAME-25AUG25BOSBAL-BOS,KXMLBGAME-25AUG25BOSBAL,Boston,Boston,52,53,0.525,3667.00,8394.00,yes,1756158202
2025-08-25,KXMLBGAME-25AUG25LAATEX-LAA,KXMLBGAME-25AUG25LAATEX,Los Angeles A,Los Angeles A,36,37,0.365,511.00,19279.00,yes,1756164538
2025-08-25,KXMLBGAME-25AUG25MINTOR-MIN,KXMLBGAME-25AUG25MINTOR,Minnesota,Toronto,43,44,0.435,1321.00,4776.00,no,1756160482
2025-08-25,KXMLBGAME-25AUG25TBCLE-TB,KXMLBGAME-25AUG25TBCLE,Tampa Bay,Tampa Bay,48,49,0.485,1835.00,13181.00,yes,1756160483
2025-08-25,KXMLBGAME-25AUG25ATLMIA-ATL,KXMLBGAME-25AUG25ATLMIA,Atlanta,Miami,51,53,0.52,525.00,5152.00,no,1756157659
2025-08-25,KXMLBGAME-25AUG25AZMIL-MIL,KXMLBGAME-25AUG25AZMIL,Milwaukee,Milwaukee,62,63,0.625,2326.00,12779.00,yes,1756163017
2025-08-25,KXMLBGAME-25AUG25KCCWS-KC,KXMLBGAME-25AUG25KCCWS,Kansas City,Chicago WS,55,56,0.555,1336.00,9171.00,no,1756160584
2025-08-25,KXMLBGAME-25AUG25WSHNYY-WSH,KXMLBGAME-25AUG25WSHNYY,Washington,New York Y,32,33,0.325,414.00,2281.00,no,1756160820
2025-08-25,KXMLBGAME-25AUG25PHINYM-PHI,KXMLBGAME-25AUG25PHINYM,Philadelphia,New York M,54,55,0.545,3245.00,23606.00,no,1756163016
2025-08-25,KXMLBGAME-25AUG25PITSTL-STL,KXMLBGAME-25AUG25PITSTL,St. Louis,St. Louis,54,55,0.545,1380.00,3844.00,yes,1756163934
2025-08-26,KXMLBGAME-25AUG26AZMIL-AZ,KXMLBGAME-25AUG26AZMIL,Arizona,Milwaukee,38,39,0.385,52.00,1235.00,no,1756252137
2025-08-26,KXMLBGAME-25AUG26LAATEX-TEX,KXMLBGAME-25AUG26LAATEX,Texas,Texas,49,51,0.5,417.00,5887.00,yes,1756250213
2025-08-26,KXMLBGAME-25AUG26MINTOR-TOR,KXMLBGAME-25AUG26MINTOR,Toronto,Minnesota,64,65,0.645,614.00,20744.00,no,1756249014
2025-08-26,KXMLBGAME-25AUG26COLHOU-HOU,KXMLBGAME-25AUG26COLHOU,Houston,Colorado,76,77,0.765,8240.00,24950.00,no,1756251338
2025-08-26,KXMLBGAME-25AUG26PITSTL-STL,KXMLBGAME-25AUG26PITSTL,St. Louis,Pittsburgh,53,54,0.535,83.00,2201.00,no,1756249322
2025-08-26,KXMLBGAME-25AUG26ATLMIA-MIA,KXMLBGAME-25AUG26ATLMIA,Miami,Atlanta,46,47,0.465,3678.00,6857.00,no,1756246627
2025-08-26,KXMLBGAME-25AUG26WSHNYY-WSH,KXMLBGAME-25AUG26WSHNYY,Washington,New York Y,34,36,0.35,163.00,1568.00,no,1756248090
2025-08-26,KXMLBGAME-25AUG26BOSBAL-BOS,KXMLBGAME-25AUG26BOSBAL,Boston,Boston,51,53,0.52,2611.00,21073.00,yes,1756244477
2025-08-26,KXMLBGAME-25AUG26PHINYM-PHI,KXMLBGAME-25AUG26PHINYM,Philadelphia,New York M,49,50,0.495,6837.00,15030.00,no,1756249500
2025-08-26,KXMLBGAME-25AUG26TBCLE-TB,KXMLBGAME-25AUG26TBCLE,Tampa Bay,Cleveland,48,49,0.485,726.00,2415.00,no,1756243410
2025-08-26,KXMLBGAME-25AUG26KCCWS-KC,KXMLBGAME-25AUG26KCCWS,Kansas City,Kansas City,52,53,0.525,2340.00,6178.00,yes,1756249323
2025-08-26,KXMLBGAME-25AUG25SDSEA-SD,KXMLBGAME-25AUG25SDSEA,San Diego,Seattle,46,47,0.465,12415.00,17210.00,no,1756170090
2025-08-26,KXMLBGAME-25AUG25CINLAD-LAD,KXMLBGAME-25AUG25CINLAD,Los Angeles D,Los Angeles D,56,57,0.565,1771.00,7668.00,yes,1756171376
2025-08-27,KXMLBGAME-25AUG27TBCLE-TB,KXMLBGAME-25AUG27TBCLE,Tampa Bay,Cleveland,56,58,0.57,8754.00,12361.00,no,1756313004
2025-08-27,KXMLBGAME-25AUG27BOSBAL-BOS,KXMLBGAME-25AUG27BOSBAL,Boston,Boston,57,58,0.575,8608.00,17917.00,yes,1756330889
2025-08-27,KXMLBGAME-25AUG27MINTOR-TOR,KXMLBGAME-25AUG27MINTOR,Toronto,Toronto,62,63,0.625,2095.00,12591.00,yes,1756335101
2025-08-27,KXMLBGAME-25AUG27PITSTL-STL,KXMLBGAME-25AUG27PITSTL,St. Louis,Pittsburgh,60,61,0.605,380.00,1780.00,no,1756334547
2025-08-27,KXMLBGAME-25AUG27LAATEX-TEX,KXMLBGAME-25AUG27LAATEX,Texas,Texas,60,61,0.605,2779.00,8830.00,yes,1756337793
2025-08-27,KXMLBGAME-25AUG27COLHOU-HOU,KXMLBGAME-25AUG27COLHOU,Houston,Houston,72,73,0.725,671.00,6909.00,yes,1756336021
2025-08-27,KXMLBGAME-25AUG27ATLMIA-MIA,KXMLBGAME-25AUG27ATLMIA,Miami,Atlanta,45,46,0.455,6152.00,14444.00,no,1756313003
2025-08-27,KXMLBGAME-25AUG27KCCWS-KC,KXMLBGAME-25AUG27KCCWS,Kansas City,Kansas City,54,56,0.55,5802.00,16392.00,yes,1756335909
2025-08-27,KXMLBGAME-25AUG27SDSEA-SD,KXMLBGAME-25AUG27SDSEA,San Diego,Seattle,41,42,0.415,6951.00,10808.00,no,1756323420
2025-08-27,KXMLBGAME-25AUG27AZMIL-MIL,KXMLBGAME-25AUG27AZMIL,Milwaukee,Arizona,56,57,0.565,3287.00,17303.00,no,1756335908
2025-08-27,KXMLBGAME-25AUG27PHINYM-PHI,KXMLBGAME-25AUG27PHINYM,Philadelphia,New York M,41,42,0.415,7889.00,16399.00,no,1756332102
2025-08-27,KXMLBGAME-25AUG27WSHNYY-WSH,KXMLBGAME-25AUG27WSHNYY,Washington,New York Y,28,29,0.285,1896.00,4886.00,no,1756313273
2025-08-27,KXMLBGAME-25AUG26CINLAD-CIN,KXMLBGAME-25AUG26CINLAD,Cincinnati,Los Angeles D,37,38,0.375,490.00,2384.00,no,1756257304
2025-08-27,KXMLBGAME-25AUG26SDSEA-SEA,KXMLBGAME-25AUG26SDSEA,Seattle,San Diego,51,52,0.515,1641.00,20294.00,no,1756257532
2025-08-27,KXMLBGAME-25AUG26DETATH-DET,KXMLBGAME-25AUG26DETATH,Detroit,A's,54,55,0.545,2493.00,5584.00,no,1756259490
2025-08-27,KXMLBGAME-25AUG26CHCSF-SF,KXMLBGAME-25AUG26CHCSF,San Francisco,San Francisco,43,44,0.435,165.00,890.00,yes,1756255883
2025-08-28,KXMLBGAME-25AUG28COLHOU-COL,KXMLBGAME-25AUG28COLHOU,Colorado,Houston,30,31,0.305,314.00,1124.00,no,1756401196
2025-08-28,KXMLBGAME-25AUG28NYYCWS-NYY,KXMLBGAME-25AUG28NYYCWS,New York Y,New York Y,63,64,0.635,8201.00,17770.00,yes,1756422413
2025-08-28,KXMLBGAME-25AUG28ATLPHI-PHI,KXMLBGAME-25AUG28ATLPHI,Philadelphia,Philadelphia,61,62,0.615,3213.00,7977.00,yes,1756419280
2025-08-28,KXMLBGAME-25AUG28MIANYM-MIA,KXMLBGAME-25AUG28MIANYM,Miami,Miami,29,30,0.295,711.00,2143.00,yes,1756421239
2025-08-28,KXMLBGAME-25AUG28CHCSF-SF,KXMLBGAME-25AUG28CHCSF,San Francisco,San Francisco,49,50,0.495,346.00,11174.00,yes,1756406093
2025-08-28,KXMLBGAME-25AUG28PITSTL-PIT,KXMLBGAME-25AUG28PITSTL,Pittsburgh,St. Louis,47,48,0.475,3908.00,13497.00,no,1756402142
2025-08-28,KXMLBGAME-25AUG28BOSBAL-BOS,KXMLBGAME-25AUG28BOSBAL,Boston,Boston,65,66,0.655,4042.00,24559.00,yes,1756397370
2025-08-28,KXMLBGAME-25AUG28AZMIL-MIL,KXMLBGAME-25AUG28AZMIL,Milwaukee,Arizona,59,60,0.595,5840.00,12382.00,no,1756403239
2025-08-28,KXMLBGAME-25AUG27CHCSF-SF,KXMLBGAME-25AUG27CHCSF,San Francisco,San Francisco,45,46,0.455,134.00,9798.00,yes,1756342011
2025-08-28,KXMLBGAME-25AUG27CINLAD-LAD,KXMLBGAME-25AUG27CINLAD,Los Angeles D,Los Angeles D,62,63,0.625,2199.00,6450.00,yes,1756339997
2025-08-28,KXMLBGAME-25AUG27DETATH-DET,KXMLBGAME-25AUG27DETATH,Detroit,A's,54,55,0.545,2964.00,11965.00,no,1756343127
2025-08-29,KXMLBGAME-25AUG29ATLPHI-PHI,KXMLBGAME-25AUG29ATLPHI,Philadelphia,Philadelphia,64,65,0.645,5421.00,20413.00,yes,1756506335
2025-08-29,KXMLBGAME-25AUG29MILTOR-TOR,KXMLBGAME-25AUG29MILTOR,Toronto,Milwaukee,55,56,0.555,2132.00,9584.00,no,1756509053
2025-08-29,KXMLBGAME-25AUG29MIANYM-NYM,KXMLBGAME-25AUG29MIANYM,New York M,New York M,61,62,0.615,4095.00,16823.00,yes,1756511098
2025-08-29,KXMLBGAME-25AUG29NYYCWS-NYY,KXMLBGAME-25AUG29NYYCWS,New York Y,New York Y,66,67,0.665,3578.00,20461.00,yes,1756511719
2025-08-29,KXMLBGAME-25AUG29TBWSH-WSH,KXMLBGAME-25AUG29TBWSH,Washington,Tampa Bay,42,43,0.425,1255.00,1800.00,no,1756507636
2025-08-29,KXMLBGAME-25AUG29PITBOS-PIT,KXMLBGAME-25AUG29PITBOS,Pittsburgh,Pittsburgh,47,49,0.48,780.00,7236.00,yes,1756507825
2025-08-29,KXMLBGAME-25AUG29STLCIN-STL,KXMLBGAME-25AUG29STLCIN,St. Louis,St. Louis,44,45,0.445,1554.00,13327.00,yes,1756508385
2025-08-29,KXMLBGAME-25AUG29SEACLE-SEA,KXMLBGAME-25AUG29SEACLE,Seattle,Cleveland,58,60,0.59,411.00,4697.00,no,1756508078
2025-08-30,KXMLBGAME-25AUG30CHCCOL-COL,KXMLBGAME-25AUG30CHCCOL,Colorado,Chicago C,34,35,0.345,416.00,1147.00,no,1756597500
2025-08-30,KXMLBGAME-25AUG30ATLPHI-ATL,KXMLBGAME-25AUG30ATLPHI,Atlanta,Philadelphia,42,43,0.425,643.00,3930.00,no,1756589307
2025-08-30,KXMLBGAME-25AUG30SDMIN-SD,KXMLBGAME-25AUG30SDMIN,San Diego,San Diego,58,60,0.59,2410.00,8271.00,yes,1756594264
2025-08-30,KXMLBGAME-25AUG30TBWSH-WSH,KXMLBGAME-25AUG30TBWSH,Washington,Tampa Bay,41,42,0.415,836.00,3274.00,no,1756580813
2025-08-30,KXMLBGAME-25AUG30DETKC-KC,KXMLBGAME-25AUG30DETKC,Kansas City,Kansas City,47,48,0.475,8811.00,9310.00,yes,1756592929
2025-08-30,KXMLBGAME-25AUG30MIANYM-NYM,KXMLBGAME-25AUG30MIANYM,New York M,Miami,61,62,0.615,2939.00,8449.00,no,1756584755
2025-08-30,KXMLBGAME-25AUG30STLCIN-STL,KXMLBGAME-25AUG30STLCIN,St. Louis,St. Louis,43,44,0.435,171.00,898.00,yes,1756591501
2025-08-30,KXMLBGAME-25AUG30MILTOR-TOR,KXMLBGAME-25AUG30MILTOR,Toronto,Milwaukee,55,56,0.555,260.00,1287.00,no,1756577815
2025-08-30,KXMLBGAME-25AUG30SEACLE-SEA,KXMLBGAME-25AUG30SEACLE,Seattle,Cleveland,58,59,0.585,336.00,4856.00,no,1756592690
2025-08-30,KXMLBGAME-25AUG30PITBOS-PIT,KXMLBGAME-25AUG30PITBOS,Pittsburgh,Pittsburgh,39,40,0.395,235.00,11499.00,yes,1756583690
2025-08-30,KXMLBGAME-25AUG30NYYCWS-NYY,KXMLBGAME-25AUG30NYYCWS,New York Y,New York Y,63,64,0.635,15538.00,29522.00,yes,1756594975
2025-08-30,KXMLBGAME-25AUG30BALSF-SF,KXMLBGAME-25AUG30BALSF,San Francisco,Baltimore,48,49,0.485,8961.00,12834.00,no,1756593885
2025-08-30,KXMLBGAME-25AUG30LAAHOU-LAA,KXMLBGAME-25AUG30LAAHOU,Los Angeles A,Los Angeles A,40,41,0.405,287.00,8317.00,yes,1756593385
2025-08-30,KXMLBGAME-25AUG29CHCCOL-COL,KXMLBGAME-25AUG29CHCCOL,Colorado,Chicago C,33,34,0.335,16.00,732.00,no,1756515357
2025-08-30,KXMLBGAME-25AUG29DETKC-DET,KXMLBGAME-25AUG29DETKC,Detroit,Detroit,47,48,0.475,451.00,2478.00,yes,1756512551
2025-08-30,KXMLBGAME-25AUG29AZLAD-LAD,KXMLBGAME-25AUG29AZLAD,Los Angeles D,Arizona,65,67,0.66,173.00,7560.00,no,1756518743
2025-08-30,KXMLBGAME-25AUG29LAAHOU-LAA,KXMLBGAME-25AUG29LAAHOU,Los Angeles A,Houston,41,42,0.415,625.00,8457.00,no,1756512255
2025-08-30,KXMLBGAME-25AUG29BALSF-BAL,KXMLBGAME-25AUG29BALSF,Baltimore,San Francisco,42,43,0.425,129.00,4335.00,no,1756521083
2025-08-30,KXMLBGAME-25AUG29SDMIN-SD,KXMLBGAME-25AUG29SDMIN,San Diego,Minnesota,53,54,0.535,2998.00,11627.00,no,1756513288
2025-08-30,KXMLBGAME-25AUG29TEXATH-TEX,KXMLBGAME-25AUG29TEXATH,Texas,Texas,42,43,0.425,435.00,3432.00,yes,1756518577
2025-08-31,KXMLBGAME-25AUG31TEXATH-TEX,KXMLBGAME-25AUG31TEXATH,Texas,Texas,56,58,0.57,7732.00,12219.00,yes,1756670811
2025-08-31,KXMLBGAME-25AUG31PITBOS-PIT,KXMLBGAME-25AUG31PITBOS,Pittsburgh,Boston,37,38,0.375,821.00,7895.00,no,1756658674
2025-08-31,KXMLBGAME-25AUG31LAAHOU-LAA,KXMLBGAME-25AUG31LAAHOU,Los Angeles A,Los Angeles A,39,40,0.395,295.00,8609.00,yes,1756661791
2025-08-31,KXMLBGAME-25AUG31DETKC-KC,KXMLBGAME-25AUG31DETKC,Kansas City,Detroit,38,39,0.385,440.00,1169.00,no,1756660727
2025-08-31,KXMLBGAME-25AUG31AZLAD-LAD,KXMLBGAME-25AUG31AZLAD,Los Angeles D,Los Angeles D,67,68,0.675,1132.00,2478.00,yes,1756667706
2025-08-31,KXMLBGAME-25AUG31TBWSH-TB,KXMLBGAME-25AUG31TBWSH,Tampa Bay,Tampa Bay,56,57,0.565,1345.00,2653.00,yes,1756658448
2025-08-31,KXMLBGAME-25AUG31BALSF-BAL,KXMLBGAME-25AUG31BALSF,Baltimore,San Francisco,42,43,0.425,15031.00,15898.00,no,1756670458
2025-08-31,KXMLBGAME-25AUG31STLCIN-STL,KXMLBGAME-25AUG31STLCIN,St. Louis,Cincinnati,42,43,0.425,7446.00,8518.00,no,1756654747
2025-08-31,KXMLBGAME-25AUG31NYYCWS-NYY,KXMLBGAME-25AUG31NYYCWS,New York Y,Chicago WS,61,62,0.615,1756.00,4203.00,no,1756661219
2025-08-31,KXMLBGAME-25AUG31CHCCOL-COL,KXMLBGAME-25AUG31CHCCOL,Colorado,Colorado,30,31,0.305,4382.00,5241.00,yes,1756664818
2025-08-31,KXMLBGAME-25AUG31SEACLE-SEA,KXMLBGAME-25AUG31SEACLE,Seattle,Seattle,49,51,0.5,1597.00,7320.00,yes,1756658673
2025-08-31,KXMLBGAME-25AUG31MILTOR-TOR,KXMLBGAME-25AUG31MILTOR,Toronto,Toronto,49,50,0.495,1249.00,9393.00,yes,1756659691
2025-08-31,KXMLBGAME-25AUG31MIANYM-NYM,KXMLBGAME-25AUG31MIANYM,New York M,Miami,62,63,0.625,2030.00,8103.00,no,1756659889
2025-08-31,KXMLBGAME-25AUG31SDMIN-SD,KXMLBGAME-25AUG31SDMIN,San Diego,Minnesota,47,48,0.475,2815.00,5889.00,no,1756658215
2025-08-31,KXMLBGAME-25AUG31ATLPHI-PHI,KXMLBGAME-25AUG31ATLPHI,Philadelphia,Atlanta,59,60,0.595,1847.00,5567.00,no,1756679986
2025-08-31,KXMLBGAME-25AUG30TEXATH-TEX,KXMLBGAME-25AUG30TEXATH,Texas,Texas,54,55,0.545,116.00,3760.00,yes,1756603493
2025-08-31,KXMLBGAME-25AUG30AZLAD-LAD,KXMLBGAME-25AUG30AZLAD,Los Angeles D,Arizona,67,68,0.675,2235.00,6416.00,no,1756600464
2025-09-01,KXMLBGAME-25SEP01BALSD-SD,KXMLBGAME-25SEP01BALSD,San Diego,Baltimore,61,62,0.615,12794.00,19802.00,no,1756765616
2025-09-01,KXMLBGAME-25SEP01SFCOL-SF,KXMLBGAME-25SEP01SFCOL,San Francisco,San Francisco,56,57,0.565,873.00,4372.00,yes,1756755476
2025-09-01,KXMLBGAME-25SEP01TORCIN-TOR,KXMLBGAME-25SEP01TORCIN,Toronto,Cincinnati,47,48,0.475,1561.00,6893.00,no,1756745269
2025-09-01,KXMLBGAME-25SEP01PHIMIL-PHI,KXMLBGAME-25SEP01PHIMIL,Philadelphia,Philadelphia,41,42,0.415,3125.00,7873.00,yes,1756757804
2025-09-01,KXMLBGAME-25SEP01LAAHOU-LAA,KXMLBGAME-25SEP01LAAHOU,Los Angeles A,Houston,41,42,0.415,2115.00,9800.00,no,1756748726
2025-09-01,KXMLBGAME-25SEP01SEATB-TB,KXMLBGAME-25SEP01SEATB,Tampa Bay,Tampa Bay,50,51,0.505,1707.00,13967.00,yes,1756766576
2025-09-01,KXMLBGAME-25SEP01ATHSTL-ATH,KXMLBGAME-25SEP01ATHSTL,A's,A's,42,43,0.425,1480.00,12629.00,yes,1756748450
2025-09-01,KXMLBGAME-25SEP01MIAWSH-WSH,KXMLBGAME-25SEP01MIAWSH,Washington,Washington,52,53,0.525,435.00,4502.00,yes,1756742209
2025-09-01,KXMLBGAME-25SEP01NYMDET-NYM,KXMLBGAME-25SEP01NYMDET,New York M,New York M,50,51,0.505,2226.00,8389.00,yes,1756745837
2025-09-01,KXMLBGAME-25SEP01CLEBOS-CLE,KXMLBGAME-25SEP01CLEBOS,Cleveland,Boston,43,44,0.435,1334.00,9302.00,no,1756746686
2025-09-01,KXMLBGAME-25SEP01ATLCHC-CHC,KXMLBGAME-25SEP01ATLCHC,Chicago C,Chicago C,52,53,0.525,1558.00,8645.00,yes,1756756610
2025-09-01,KXMLBGAME-25SEP01CWSMIN-MIN,KXMLBGAME-25SEP01CWSMIN,Minnesota,Chicago WS,62,63,0.625,81.00,717.00,no,1756748247
2025-09-02,KXMLBGAME-25SEP02NYMDET-NYM,KXMLBGAME-25SEP02NYMDET,New York M,New York M,53,54,0.535,3642.00,24089.00,yes,1756850490
2025-09-02,KXMLBGAME-25SEP02NYYHOU-NYY,KXMLBGAME-25SEP02NYYHOU,New York Y,New York Y,53,55,0.54,15859.00,23582.00,yes,1756856555
2025-09-02,KXMLBGAME-25SEP02ATHSTL-STL,KXMLBGAME-25SEP02ATHSTL,St. Louis,St. Louis,49,50,0.495,46.00,933.00,yes,1756851676
2025-09-02,KXMLBGAME-25SEP02SEATB-TB,KXMLBGAME-25SEP02SEATB,Tampa Bay,Tampa Bay,48,49,0.485,5246.00,16005.00,yes,1756854270
2025-09-02,KXMLBGAME-25SEP02LAAKC-LAA,KXMLBGAME-25SEP02LAAKC,Los Angeles A,Los Angeles A,40,41,0.405,255.00,10166.00,yes,1756853099
2025-09-02,KXMLBGAME-25SEP02ATLCHC-CHC,KXMLBGAME-25SEP02ATLCHC,Chicago C,Chicago C,61,62,0.615,444.00,6938.00,yes,1756853488
2025-09-02,KXMLBGAME-25SEP02MIAWSH-MIA,KXMLBGAME-25SEP02MIAWSH,Miami,Washington,47,48,0.475,2833.00,8117.00,no,1756849900
2025-09-02,KXMLBGAME-25SEP02LADPIT-PIT,KXMLBGAME-25SEP02LADPIT,Pittsburgh,Pittsburgh,38,39,0.385,10429.00,24298.00,yes,1756851361
2025-09-02,KXMLBGAME-25SEP02TORCIN-TOR,KXMLBGAME-25SEP02TORCIN,Toronto,Toronto,53,54,0.535,8557.00,30579.00,yes,1756852125
2025-09-02,KXMLBGAME-25SEP02CLEBOS-CLE,KXMLBGAME-25SEP02CLEBOS,Cleveland,Boston,29,30,0.295,559.00,2238.00,no,1756850121
2025-09-02,KXMLBGAME-25SEP02CWSMIN-CWS,KXMLBGAME-25SEP02CWSMIN,Chicago WS,Chicago WS,43,44,0.435,886.00,2326.00,yes,1756854890
2025-09-02,KXMLBGAME-25SEP01TEXAZ-TEX,KXMLBGAME-25SEP01TEXAZ,Texas,Texas,43,44,0.435,2586.00,11256.00,yes,1756771988
2025-09-03,KXMLBGAME-25SEP03BALSD-SD,KXMLBGAME-25SEP03BALSD,San Diego,Baltimore,62,63,0.625,2424.00,33552.00,no,1756928305
2025-09-03,KXMLBGAME-25SEP03CLEBOS-CLE,KXMLBGAME-25SEP03CLEBOS,Cleveland,Cleveland,42,43,0.425,412.00,2447.00,yes,1756938290
2025-09-03,KXMLBGAME-25SEP03ATLCHC-CHC,KXMLBGAME-25SEP03ATLCHC,Chicago C,Atlanta,57,58,0.575,616.00,11013.00,no,1756939515
2025-09-03,KXMLBGAME-25SEP03TORCIN-TOR,KXMLBGAME-25SEP03TORCIN,Toronto,Toronto,57,58,0.575,6479.00,23772.00,yes,1756938951
2025-09-03,KXMLBGAME-25SEP03NYMDET-NYM,KXMLBGAME-25SEP03NYMDET,New York M,Detroit,51,52,0.515,1168.00,8111.00,no,1756918117
2025-09-03,KXMLBGAME-25SEP03PHIMIL-PHI,KXMLBGAME-25SEP03PHIMIL,Philadelphia,Milwaukee,49,50,0.495,595.00,2023.00,no,1756940094
2025-09-03,KXMLBGAME-25SEP03LAAKC-LAA,KXMLBGAME-25SEP03LAAKC,Los Angeles A,Los Angeles A,40,41,0.405,22165.00,23008.00,yes,1756940708
2025-09-03,KXMLBGAME-25SEP03TEXAZ-TEX,KXMLBGAME-25SEP03TEXAZ,Texas,Arizona,45,47,0.46,3250.00,5863.00,no,1756925610
2025-09-03,KXMLBGAME-25SEP03SEATB-TB,KXMLBGAME-25SEP03SEATB,Tampa Bay,Tampa Bay,46,47,0.465,250.00,10772.00,yes,1756939028
2025-09-03,KXMLBGAME-25SEP03ATHSTL-STL,KXMLBGAME-25SEP03ATHSTL,St. Louis,St. Louis,49,51,0.5,252.00,570.00,yes,1756939513
2025-09-03,KXMLBGAME-25SEP03NYYHOU-NYY,KXMLBGAME-25SEP03NYYHOU,New York Y,Houston,54,55,0.545,1467.00,4665.00,no,1756943819
2025-09-03,KXMLBGAME-25SEP03LADPIT-PIT,KXMLBGAME-25SEP03LADPIT,Pittsburgh,Pittsburgh,39,41,0.4,575.00,21785.00,yes,1756936377
2025-09-03,KXMLBGAME-25SEP03MIAWSH-MIA,KXMLBGAME-25SEP03MIAWSH,Miami,Washington,56,57,0.565,3821.00,11943.00,no,1756918242
2025-09-03,KXMLBGAME-25SEP03CWSMIN-MIN,KXMLBGAME-25SEP03CWSMIN,Minnesota,Chicago WS,61,62,0.615,200.00,2988.00,no,1756940838
2025-09-03,KXMLBGAME-25SEP02BALSD-SD,KXMLBGAME-25SEP02BALSD,San Diego,Baltimore,62,63,0.625,3074.00,9723.00,no,1756862923
2025-09-03,KXMLBGAME-25SEP02SFCOL-SF,KXMLBGAME-25SEP02SFCOL,San Francisco,San Francisco,68,69,0.685,2874.00,6787.00,yes,1756858111
2025-09-03,KXMLBGAME-25SEP02TEXAZ-TEX,KXMLBGAME-25SEP02TEXAZ,Texas,Arizona,49,50,0.495,941.00,3597.00,no,1756860717
2025-09-04,KXMLBGAME-25SEP04PHIMIL-PHI,KXMLBGAME-25SEP04PHIMIL,Philadelphia,Philadelphia,47,48,0.475,10143.00,37907.00,yes,1757015461
2025-09-04,KXMLBGAME-25SEP04NYYHOU-NYY,KXMLBGAME-25SEP04NYYHOU,New York Y,New York Y,55,57,0.56,2211.00,10228.00,yes,1757029605
2025-09-04,KXMLBGAME-25SEP04LAAKC-LAA,KXMLBGAME-25SEP04LAAKC,Los Angeles A,Kansas City,41,42,0.415,133.00,1666.00,no,1757025206
2025-09-04,KXMLBGAME-25SEP04CLETB-TB,KXMLBGAME-25SEP04CLETB,Tampa Bay,Tampa Bay,60,61,0.605,778.00,2372.00,yes,1757026036
2025-09-04,KXMLBGAME-25SEP04LADPIT-PIT,KXMLBGAME-25SEP04LADPIT,Pittsburgh,Pittsburgh,48,49,0.485,632.00,15899.00,yes,1757022780
2025-09-04,KXMLBGAME-25SEP03SFCOL-SF,KXMLBGAME-25SEP03SFCOL,San Francisco,San Francisco,63,64,0.635,1170.00,33571.00,yes,1756944785
2025-09-05,KXMLBGAME-25SEP05CWSDET-DET,KXMLBGAME-25SEP05CWSDET,Detroit,Chicago WS,63,64,0.635,11225.00,16824.00,no,1757110952
2025-09-05,KXMLBGAME-25SEP05PHIMIA-PHI,KXMLBGAME-25SEP05PHIMIA,Philadelphia,Philadelphia,67,68,0.675,3209.00,7513.00,yes,1757111587
2025-09-05,KXMLBGAME-25SEP05TORNYY-TOR,KXMLBGAME-25SEP05TORNYY,Toronto,Toronto,46,47,0.465,2181.00,7733.00,yes,1757111941
2025-09-05,KXMLBGAME-25SEP05CLETB-TB,KXMLBGAME-25SEP05CLETB,Tampa Bay,Cleveland,57,58,0.575,609.00,2251.00,no,1757113259
2025-09-05,KXMLBGAME-25SEP05WSHCHC-WSH,KXMLBGAME-25SEP05WSHCHC,Washington,Chicago C,33,35,0.34,5176.00,21043.00,no,1757095848
2025-09-05,KXMLBGAME-25SEP05MINKC-MIN,KXMLBGAME-25SEP05MINKC,Minnesota,Kansas City,45,46,0.455,857.00,10803.00,no,1757112299
2025-09-05,KXMLBGAME-25SEP05MILPIT-MIL,KXMLBGAME-25SEP05MILPIT,Milwaukee,Milwaukee,55,57,0.56,11792.00,26727.00,yes,1757109876
2025-09-05,KXMLBGAME-25SEP05NYMCIN-NYM,KXMLBGAME-25SEP05NYMCIN,New York M,New York M,50,52,0.51,7823.00,25437.00,yes,1757111112
2025-09-05,KXMLBGAME-25SEP05SFSTL-STL,KXMLBGAME-25SEP05SFSTL,St. Louis,San Francisco,52,53,0.525,73.00,10098.00,no,1757115309
2025-09-05,KXMLBGAME-25SEP05SEAATL-SEA,KXMLBGAME-25SEP05SEAATL,Seattle,Atlanta,45,46,0.455,631.00,6547.00,no,1757110508
2025-09-05,KXMLBGAME-25SEP05SDCOL-SD,KXMLBGAME-25SEP05SDCOL,San Diego,Colorado,66,67,0.665,4093.00,8015.00,no,1757115307
2025-09-05,KXMLBGAME-25SEP05LADBAL-LAD,KXMLBGAME-25SEP05LADBAL,Los Angeles D,Baltimore,60,61,0.605,8292.00,12788.00,no,1757112539
2025-09-05,KXMLBGAME-25SEP04CWSMIN-MIN,KXMLBGAME-25SEP04CWSMIN,Minnesota,Chicago WS,56,58,0.57,1266.00,5567.00,no,1757034898
2025-09-06,KXMLBGAME-25SEP06HOUTEX-TEX,KXMLBGAME-25SEP06HOUTEX,Texas,Houston,51,52,0.515,182.00,3170.00,no,1757202222
2025-09-06,KXMLBGAME-25SEP06MILPIT-PIT,KXMLBGAME-25SEP06MILPIT,Pittsburgh,Milwaukee,43,44,0.435,77.00,8363.00,no,1757195487
2025-09-06,KXMLBGAME-25SEP06SFSTL-SF,KXMLBGAME-25SEP06SFSTL,San Francisco,St. Louis,52,53,0.525,1149.00,3559.00,no,1757198478
2025-09-06,KXMLBGAME-25SEP06WSHCHC-WSH,KXMLBGAME-25SEP06WSHCHC,Washington,Washington,29,30,0.295,495.00,753.00,yes,1757180840
2025-09-06,KXMLBGAME-25SEP06PHIMIA-PHI,KXMLBGAME-25SEP06PHIMIA,Philadelphia,Philadelphia,59,60,0.595,1172.00,10614.00,yes,1757188609
2025-09-06,KXMLBGAME-25SEP06SEAATL-SEA,KXMLBGAME-25SEP06SEAATL,Seattle,Seattle,47,48,0.475,1338.00,13104.00,yes,1757199531
2025-09-06,KXMLBGAME-25SEP06NYMCIN-NYM,KXMLBGAME-25SEP06NYMCIN,New York M,Cincinnati,55,56,0.555,1175.00,5479.00,no,1757195687
2025-09-06,KXMLBGAME-25SEP06MINKC-MIN,KXMLBGAME-25SEP06MINKC,Minnesota,Kansas City,51,52,0.515,93.00,3716.00,no,1757198935
2025-09-06,KXMLBGAME-25SEP06BOSAZ-BOS,KXMLBGAME-25SEP06BOSAZ,Boston,Arizona,52,53,0.525,486.00,10920.00,no,1757202428
2025-09-06,KXMLBGAME-25SEP06CLETB-TB,KXMLBGAME-25SEP06CLETB,Tampa Bay,Cleveland,55,56,0.555,87.00,969.00,no,1757198695
2025-09-06,KXMLBGAME-25SEP06LADBAL-LAD,KXMLBGAME-25SEP06LADBAL,Los Angeles D,Baltimore,56,57,0.565,658.00,6946.00,no,1757199312
2025-09-06,KXMLBGAME-25SEP06CWSDET-DET,KXMLBGAME-25SEP06CWSDET,Detroit,Detroit,72,73,0.725,1024.00,3368.00,yes,1757192827
2025-09-06,KXMLBGAME-25SEP06TORNYY-TOR,KXMLBGAME-25SEP06TORNYY,Toronto,New York Y,19,21,0.2,34467.00,61667.00,no,1757183976
2025-09-06,KXMLBGAME-25SEP05BOSAZ-BOS,KXMLBGAME-25SEP05BOSAZ,Boston,Arizona,54,55,0.545,1745.00,10679.00,no,1757121085
2025-09-06,KXMLBGAME-25SEP05HOUTEX-HOU,KXMLBGAME-25SEP05HOUTEX,Houston,Texas,45,47,0.46,464.00,1907.00,no,1757118560
2025-09-06,KXMLBGAME-25SEP05ATHLAA-ATH,KXMLBGAME-25SEP05ATHLAA,A's,A's,42,43,0.425,129.00,1483.00,yes,1757121320
2025-09-07,KXMLBGAME-25SEP07HOUTEX-TEX,KXMLBGAME-25SEP07HOUTEX,Texas,Texas,44,55,0.495,2948.00,12214.00,yes,1757272463
2025-09-07,KXMLBGAME-25SEP07SDCOL-SD,KXMLBGAME-25SEP07SDCOL,San Diego,San Diego,87,90,0.885,4559.00,6723.00,yes,1757277177
2025-09-07,KXMLBGAME-25SEP07SEAATL-SEA,KXMLBGAME-25SEP07SEAATL,Seattle,Seattle,51,52,0.515,4839.00,17608.00,yes,1757259597
2025-09-07,KXMLBGAME-25SEP07BOSAZ-BOS,KXMLBGAME-25SEP07BOSAZ,Boston,Boston,31,34,0.325,12866.00,19008.00,yes,1757281395
2025-09-07,KXMLBGAME-25SEP07WSHCHC-WSH,KXMLBGAME-25SEP07WSHCHC,Washington,Washington,25,27,0.26,5085.00,3726.00,yes,1757272040
2025-09-07,KXMLBGAME-25SEP07ATHLAA-LAA,KXMLBGAME-25SEP07ATHLAA,Los Angeles A,Los Angeles A,48,49,0.485,654.00,11389.00,yes,1757278757
2025-09-07,KXMLBGAME-25SEP07PHIMIA-PHI,KXMLBGAME-25SEP07PHIMIA,Philadelphia,Miami,14,17,0.155,3835.00,4814.00,no,1757269123
2025-09-07,KXMLBGAME-25SEP07NYMCIN-NYM,KXMLBGAME-25SEP07NYMCIN,New York M,Cincinnati,47,48,0.475,326.00,837.00,no,1757262895
2025-09-07,KXMLBGAME-25SEP07CWSDET-CWS,KXMLBGAME-25SEP07CWSDET,Chicago WS,Chicago WS,21,23,0.22,22165.00,18562.00,yes,1757272461
2025-09-07,KXMLBGAME-25SEP07MILPIT-PIT,KXMLBGAME-25SEP07MILPIT,Pittsburgh,Milwaukee,43,44,0.435,237.00,2529.00,no,1757267542
2025-09-07,KXMLBGAME-25SEP07TORNYY-TOR,KXMLBGAME-25SEP07TORNYY,Toronto,New York Y,38,39,0.385,652.00,11700.00,no,1757265047
2025-09-07,KXMLBGAME-25SEP07CLETB-TB,KXMLBGAME-25SEP07CLETB,Tampa Bay,Cleveland,59,60,0.595,587.00,5014.00,no,1757258938
2025-09-07,KXMLBGAME-25SEP07SFSTL-STL,KXMLBGAME-25SEP07SFSTL,St. Louis,St. Louis,53,59,0.56,1610.00,2954.00,yes,1757272462
2025-09-07,KXMLBGAME-25SEP07MINKC-MIN,KXMLBGAME-25SEP07MINKC,Minnesota,Minnesota,76,77,0.765,42069.00,37720.00,yes,1757273144
2025-09-07,KXMLBGAME-25SEP07LADBAL-LAD,KXMLBGAME-25SEP07LADBAL,Los Angeles D,Los Angeles D,64,66,0.65,23410.00,27953.00,yes,1757268389
2025-09-07,KXMLBGAME-25SEP06SDCOL-SD,KXMLBGAME-25SEP06SDCOL,San Diego,San Diego,63,64,0.635,7065.00,18822.00,yes,1757204479
2025-09-07,KXMLBGAME-25SEP06ATHLAA-LAA,KXMLBGAME-25SEP06ATHLAA,Los Angeles A,A's,53,54,0.535,319.00,6986.00,no,1757209005
2025-09-08,KXMLBGAME-25SEP08CHCATL-CHC,KXMLBGAME-25SEP08CHCATL,Chicago C,Atlanta,51,52,0.515,13189.00,36799.00,no,1757369212
2025-09-08,KXMLBGAME-25SEP08WSHMIA-WSH,KXMLBGAME-25SEP08WSHMIA,Washington,Washington,45,46,0.455,1905.00,13879.00,yes,1757371117
2025-09-08,KXMLBGAME-25SEP08MILTEX-TEX,KXMLBGAME-25SEP08MILTEX,Texas,Texas,47,48,0.475,4647.00,7583.00,yes,1757372806
2025-09-08,KXMLBGAME-25SEP08KCCLE-KC,KXMLBGAME-25SEP08KCCLE,Kansas City,Cleveland,49,50,0.495,8760.00,18316.00,no,1757368734
2025-09-08,KXMLBGAME-25SEP08NYMPHI-PHI,KXMLBGAME-25SEP08NYMPHI,Philadelphia,Philadelphia,46,47,0.465,3513.00,8025.00,yes,1757368934
2025-09-09,KXMLBGAME-25SEP09MILTEX-TEX,KXMLBGAME-25SEP09MILTEX,Texas,Texas,49,50,0.495,9557.00,31541.00,yes,1757460788
2025-09-09,KXMLBGAME-25SEP09CHCATL-CHC,KXMLBGAME-25SEP09CHCATL,Chicago C,Chicago C,49,50,0.495,8180.00,22654.00,yes,1757456259
2025-09-09,KXMLBGAME-25SEP09WSHMIA-WSH,KXMLBGAME-25SEP09WSHMIA,Washington,Washington,46,47,0.465,2959.00,14420.00,yes,1757456700
2025-09-09,KXMLBGAME-25SEP09NYMPHI-PHI,KXMLBGAME-25SEP09NYMPHI,Philadelphia,Philadelphia,54,55,0.545,13289.00,28922.00,yes,1757455498
2025-09-09,KXMLBGAME-25SEP09HOUTOR-HOU,KXMLBGAME-25SEP09HOUTOR,Houston,Toronto,42,43,0.425,15594.00,20230.00,no,1757458868
2025-09-09,KXMLBGAME-25SEP09DETNYY-NYY,KXMLBGAME-25SEP09DETNYY,New York Y,Detroit,59,60,0.595,3065.00,25747.00,no,1757457495
2025-09-09,KXMLBGAME-25SEP09PITBAL-PIT,KXMLBGAME-25SEP09PITBAL,Pittsburgh,Baltimore,43,44,0.435,3498.00,13004.00,no,1757456258
2025-09-09,KXMLBGAME-25SEP09KCCLE-KC,KXMLBGAME-25SEP09KCCLE,Kansas City,Cleveland,48,49,0.485,3306.00,8379.00,no,1757452584
2025-09-09,KXMLBGAME-25SEP09TBCWS-TB,KXMLBGAME-25SEP09TBCWS,Tampa Bay,Tampa Bay,54,55,0.545,2077.00,34965.00,yes,1757458459
2025-09-09,KXMLBGAME-25SEP08COLLAD-LAD,KXMLBGAME-25SEP08COLLAD,Los Angeles D,Los Angeles D,76,77,0.765,2470.00,12982.00,yes,1757380612
2025-09-09,KXMLBGAME-25SEP08AZSF-SF,KXMLBGAME-25SEP08AZSF,San Francisco,San Francisco,62,63,0.625,456.00,8449.00,yes,1757378701
2025-09-09,KXMLBGAME-25SEP08MINLAA-MIN,KXMLBGAME-25SEP08MINLAA,Minnesota,Minnesota,47,48,0.475,3570.00,6157.00,yes,1757381318
2025-09-09,KXMLBGAME-25SEP08BOSATH-BOS,KXMLBGAME-25SEP08BOSATH,Boston,Boston,60,61,0.605,1026.00,7094.00,yes,1757379778
2025-09-09,KXMLBGAME-25SEP08STLSEA-STL,KXMLBGAME-25SEP08STLSEA,St. Louis,Seattle,31,32,0.315,321.00,11470.00,no,1757378490
2025-09-09,KXMLBGAME-25SEP08CINSD-CIN,KXMLBGAME-25SEP08CINSD,Cincinnati,San Diego,44,45,0.445,425.00,12975.00,no,1757379995
2025-09-10,KXMLBGAME-25SEP10HOUTOR-TOR,KXMLBGAME-25SEP10HOUTOR,Toronto,Houston,58,59,0.585,930.00,4538.00,no,1757543076
2025-09-10,KXMLBGAME-25SEP10WSHMIA-WSH,KXMLBGAME-25SEP10WSHMIA,Washington,Miami,41,42,0.415,4163.00,13553.00,no,1757542749
2025-09-10,KXMLBGAME-25SEP10CINSD-SD,KXMLBGAME-25SEP10CINSD,San Diego,Cincinnati,56,57,0.565,9907.00,20881.00,no,1757548371
2025-09-10,KXMLBGAME-25SEP10KCCLE-KC,KXMLBGAME-25SEP10KCCLE,Kansas City,Kansas City,49,50,0.495,1378.00,2131.00,yes,1757541321
2025-09-10,KXMLBGAME-25SEP10TBCWS-TB,KXMLBGAME-25SEP10TBCWS,Tampa Bay,Chicago WS,54,55,0.545,768.00,4360.00,no,1757545699
2025-09-10,KXMLBGAME-25SEP10CHCATL-CHC,KXMLBGAME-25SEP10CHCATL,Chicago C,Chicago C,38,39,0.385,508.00,7715.00,yes,1757543946
2025-09-10,KXMLBGAME-25SEP10AZSF-AZ,KXMLBGAME-25SEP10AZSF,Arizona,Arizona,46,47,0.465,4666.00,16683.00,yes,1757531454
2025-09-10,KXMLBGAME-25SEP10BOSATH-BOS,KXMLBGAME-25SEP10BOSATH,Boston,A's,51,52,0.515,10594.00,32760.00,no,1757531931
2025-09-10,KXMLBGAME-25SEP10DETNYY-NYY,KXMLBGAME-25SEP10DETNYY,New York Y,Detroit,60,61,0.605,7846.00,16188.00,no,1757545156
2025-09-10,KXMLBGAME-25SEP10MILTEX-TEX,KXMLBGAME-25SEP10MILTEX,Texas,Texas,46,47,0.465,5753.00,34329.00,yes,1757527615
2025-09-10,KXMLBGAME-25SEP10PITBAL-PIT,KXMLBGAME-25SEP10PITBAL,Pittsburgh,Baltimore,58,59,0.585,4089.00,7298.00,no,1757542300
2025-09-10,KXMLBGAME-25SEP10MINLAA-MIN,KXMLBGAME-25SEP10MINLAA,Minnesota,Los Angeles A,47,48,0.475,6506.00,10621.00,no,1757531709
2025-09-10,KXMLBGAME-25SEP10NYMPHI-PHI,KXMLBGAME-25SEP10NYMPHI,Philadelphia,Philadelphia,58,59,0.585,5614.00,13597.00,yes,1757543077
2025-09-10,KXMLBGAME-25SEP09COLLAD-LAD,KXMLBGAME-25SEP09COLLAD,Los Angeles D,Los Angeles D,74,75,0.745,1396.00,31470.00,yes,1757466195
2025-09-10,KXMLBGAME-25SEP09MINLAA-MIN,KXMLBGAME-25SEP09MINLAA,Minnesota,Los Angeles A,51,52,0.515,1401.00,2607.00,no,1757466196
2025-09-10,KXMLBGAME-25SEP09STLSEA-STL,KXMLBGAME-25SEP09STLSEA,St. Louis,Seattle,36,37,0.365,2651.00,8888.00,no,1757466600
2025-09-10,KXMLBGAME-25SEP09BOSATH-BOS,KXMLBGAME-25SEP09BOSATH,Boston,Boston,49,50,0.495,1671.00,14528.00,yes,1757467617
2025-09-10,KXMLBGAME-25SEP09CINSD-SD,KXMLBGAME-25SEP09CINSD,San Diego,Cincinnati,63,64,0.635,679.00,7079.00,no,1757465329
2025-09-10,KXMLBGAME-25SEP09AZSF-SF,KXMLBGAME-25SEP09AZSF,San Francisco,San Francisco,56,57,0.565,1392.00,6555.00,yes,1757465735
2025-09-11,KXMLBGAME-25SEP11DETNYY-NYY,KXMLBGAME-25SEP11DETNYY,New York Y,New York Y,59,60,0.595,3001.00,47705.00,yes,1757631432
2025-09-11,KXMLBGAME-25SEP11KCCLE-KC,KXMLBGAME-25SEP11KCCLE,Kansas City,Cleveland,44,45,0.445,1014.00,14189.00,no,1757629604
2025-09-11,KXMLBGAME-25SEP11TBCWS-TB,KXMLBGAME-25SEP11TBCWS,Tampa Bay,Chicago WS,53,54,0.535,5250.00,17853.00,no,1757612681
2025-09-11,KXMLBGAME-25SEP11PITBAL-PIT,KXMLBGAME-25SEP11PITBAL,Pittsburgh,Baltimore,46,47,0.465,10184.00,26772.00,no,1757607752
2025-09-11,KXMLBGAME-25SEP11WSHMIA-WSH,KXMLBGAME-25SEP11WSHMIA,Washington,Miami,45,46,0.455,12881.00,12310.00,no,1757627322
2025-09-11,KXMLBGAME-25SEP11NYMPHI-PHI,KXMLBGAME-25SEP11NYMPHI,Philadelphia,Philadelphia,53,54,0.535,1548.00,23434.00,yes,1757628528
2025-09-11,KXMLBGAME-25SEP11HOUTOR-HOU,KXMLBGAME-25SEP11HOUTOR,Houston,Toronto,40,41,0.405,2791.00,5354.00,no,1757613301
2025-09-11,KXMLBGAME-25SEP10COLLAD-LAD,KXMLBGAME-25SEP10COLLAD,Los Angeles D,Los Angeles D,75,76,0.755,2323.00,17129.00,yes,1757554654
2025-09-11,KXMLBGAME-25SEP10STLSEA-STL,KXMLBGAME-25SEP10STLSEA,St. Louis,Seattle,46,47,0.465,75019.00,99875.00,no,1757556278
2025-09-12,KXMLBGAME-25SEP12STLMIL-STL,KXMLBGAME-25SEP12STLMIL,St. Louis,Milwaukee,36,37,0.365,879.00,17307.00,no,1757719989
2025-09-12,KXMLBGAME-25SEP12NYYBOS-NYY,KXMLBGAME-25SEP12NYYBOS,New York Y,New York Y,51,52,0.515,3154.00,10022.00,yes,1757717207
2025-09-12,KXMLBGAME-25SEP12HOUATL-HOU,KXMLBGAME-25SEP12HOUATL,Houston,Houston,46,47,0.465,9191.00,14657.00,yes,1757716012
2025-09-12,KXMLBGAME-25SEP12KCPHI-KC,KXMLBGAME-25SEP12KCPHI,Kansas City,Philadelphia,42,43,0.425,1775.00,4064.00,no,1757715172
2025-09-12,KXMLBGAME-25SEP12BALTOR-BAL,KXMLBGAME-25SEP12BALTOR,Baltimore,Toronto,44,45,0.445,1117.00,4143.00,no,1757716434
2025-09-12,KXMLBGAME-25SEP12DETMIA-MIA,KXMLBGAME-25SEP12DETMIA,Miami,Miami,35,36,0.355,1038.00,2305.00,yes,1757714580
2025-09-12,KXMLBGAME-25SEP12PITWSH-WSH,KXMLBGAME-25SEP12PITWSH,Washington,Washington,50,51,0.505,2219.00,1836.00,yes,1757713131
2025-09-12,KXMLBGAME-25SEP12TEXNYM-TEX,KXMLBGAME-25SEP12TEXNYM,Texas,Texas,48,49,0.485,4655.00,90857.00,yes,1757716011
2025-09-12,KXMLBGAME-25SEP12AZMIN-MIN,KXMLBGAME-25SEP12AZMIN,Minnesota,Minnesota,56,57,0.565,2199.00,13712.00,yes,1757720777
2025-09-12,KXMLBGAME-25SEP12TBCHC-TB,KXMLBGAME-25SEP12TBCHC,Tampa Bay,Chicago C,39,40,0.395,1656.00,18386.00,no,1757699076
2025-09-12,KXMLBGAME-25SEP12CWSCLE-CWS,KXMLBGAME-25SEP12CWSCLE,Chicago WS,Cleveland,43,44,0.435,355.00,1595.00,no,1757714329
2025-09-12,KXMLBGAME-25SEP11COLSD-SD,KXMLBGAME-25SEP11COLSD,San Diego,San Diego,69,70,0.695,2491.00,21256.00,yes,1757637351
2025-09-12,KXMLBGAME-25SEP11LAASEA-LAA,KXMLBGAME-25SEP11LAASEA,Los Angeles A,Seattle,40,42,0.41,25072.00,41382.00,no,1757643781
2025-09-13,KXMLBGAME-25SEP13NYYBOS-NYY,KXMLBGAME-25SEP13NYYBOS,New York Y,New York Y,58,59,0.585,2056.00,8991.00,yes,1757793800
2025-09-13,KXMLBGAME-25SEP13AZMIN-AZ,KXMLBGAME-25SEP13AZMIN,Arizona,Arizona,44,45,0.445,12826.00,13475.00,yes,1757805412
2025-09-13,KXMLBGAME-25SEP13DETMIA-DET,KXMLBGAME-25SEP13DETMIA,Detroit,Miami,54,55,0.545,2044.00,7779.00,no,1757794037
2025-09-13,KXMLBGAME-25SEP13TBCHC-TB,KXMLBGAME-25SEP13TBCHC,Tampa Bay,Tampa Bay,50,51,0.505,3079.00,8094.00,yes,1757785005
2025-09-13,KXMLBGAME-25SEP13BALTOR-TOR,KXMLBGAME-25SEP13BALTOR,Toronto,Toronto,61,62,0.615,1133.00,3574.00,yes,1757788467
2025-09-13,KXMLBGAME-25SEP13HOUATL-HOU,KXMLBGAME-25SEP13HOUATL,Houston,Houston,55,56,0.555,3742.00,12229.00,yes,1757803223
2025-09-13,KXMLBGAME-25SEP13TEXNYM-TEX,KXMLBGAME-25SEP13TEXNYM,Texas,Texas,40,41,0.405,1595.00,16146.00,yes,1757794277
2025-09-13,KXMLBGAME-25SEP13CWSCLE-CWS,KXMLBGAME-25SEP13CWSCLE,Chicago WS,Cleveland,38,39,0.385,13.00,1061.00,no,1757797010
2025-09-13,KXMLBGAME-25SEP13PITWSH-WSH,KXMLBGAME-25SEP13PITWSH,Washington,Pittsburgh,48,49,0.485,249.00,1858.00,no,1757790783
2025-09-13,KXMLBGAME-25SEP13KCPHI-PHI,KXMLBGAME-25SEP13KCPHI,Philadelphia,Philadelphia,57,58,0.575,2328.00,15814.00,yes,1757798832
2025-09-13,KXMLBGAME-25SEP12CINATH-CIN,KXMLBGAME-25SEP12CINATH,Cincinnati,A's,47,48,0.475,730.00,12747.00,no,1757726091
2025-09-13,KXMLBGAME-25SEP12LAASEA-LAA,KXMLBGAME-25SEP12LAASEA,Los Angeles A,Seattle,38,39,0.385,536.00,17474.00,no,1757726565
2025-09-13,KXMLBGAME-25SEP12COLSD-SD,KXMLBGAME-25SEP12COLSD,San Diego,Colorado,71,72,0.715,4076.00,9054.00,no,1757724534
2025-09-13,KXMLBGAME-25SEP12LADSF-LAD,KXMLBGAME-25SEP12LADSF,Los Angeles D,San Francisco,57,58,0.575,4272.00,14903.00,no,1757727168
2025-09-14,KXMLBGAME-25SEP14TEXNYM-TEX,KXMLBGAME-25SEP14TEXNYM,Texas,New York M,38,39,0.385,1609.00,2848.00,no,1757870693
2025-09-14,KXMLBGAME-25SEP14TBCHC-TB,KXMLBGAME-25SEP14TBCHC,Tampa Bay,Chicago C,39,40,0.395,60.00,137.00,no,1757871383
2025-09-14,KXMLBGAME-25SEP14NYYBOS-NYY,KXMLBGAME-25SEP14NYYBOS,New York Y,Boston,41,42,0.415,10788.00,23676.00,no,1757888493
2025-09-14,KXMLBGAME-25SEP14STLMIL-STL,KXMLBGAME-25SEP14STLMIL,St. Louis,St. Louis,36,37,0.365,549.00,2109.00,yes,1757871679
2025-09-14,KXMLBGAME-25SEP14AZMIN-MIN,KXMLBGAME-25SEP14AZMIN,Minnesota,Arizona,52,53,0.525,1516.00,2156.00,no,1757872284
2025-09-14,KXMLBGAME-25SEP14PITWSH-WSH,KXMLBGAME-25SEP14PITWSH,Washington,Washington,50,51,0.505,988.00,1430.00,yes,1757860952
2025-09-14,KXMLBGAME-25SEP14KCPHI-KC,KXMLBGAME-25SEP14KCPHI,Kansas City,Kansas City,41,42,0.415,1526.00,2174.00,yes,1757869012
2025-09-14,KXMLBGAME-25SEP14BALTOR-TOR,KXMLBGAME-25SEP14BALTOR,Toronto,Toronto,65,66,0.655,420.00,3053.00,yes,1757868287
2025-09-14,KXMLBGAME-25SEP14COLSD-SD,KXMLBGAME-25SEP14COLSD,San Diego,San Diego,72,73,0.725,524.00,4636.00,yes,1757878981
2025-09-14,KXMLBGAME-25SEP14LAASEA-SEA,KXMLBGAME-25SEP14LAASEA,Seattle,Seattle,66,67,0.665,962.00,3827.00,yes,1757878712
2025-09-14,KXMLBGAME-25SEP14HOUATL-HOU,KXMLBGAME-25SEP14HOUATL,Houston,Atlanta,55,56,0.555,5595.00,18827.00,no,1757870099
2025-09-14,KXMLBGAME-25SEP14CINATH-CIN,KXMLBGAME-25SEP14CINATH,Cincinnati,A's,50,51,0.505,9.00,1360.00,no,1757877564
2025-09-14,KXMLBGAME-25SEP14CWSCLE-CWS,KXMLBGAME-25SEP14CWSCLE,Chicago WS,Cleveland,40,41,0.405,92.00,906.00,no,1757869301
2025-09-14,KXMLBGAME-25SEP14DETMIA-MIA,KXMLBGAME-25SEP14DETMIA,Miami,Detroit,44,45,0.445,0.00,154.00,no,1757868679
2025-09-14,KXMLBGAME-25SEP14LADSF-SF,KXMLBGAME-25SEP14LADSF,San Francisco,Los Angeles D,45,46,0.455,2134.00,14752.00,no,1757879564
2025-09-14,KXMLBGAME-25SEP13COLSD-SD,KXMLBGAME-25SEP13COLSD,San Diego,San Diego,75,76,0.755,850.00,4630.00,yes,1757808158
2025-09-14,KXMLBGAME-25SEP13STLMIL-STL,KXMLBGAME-25SEP13STLMIL,St. Louis,Milwaukee,37,38,0.375,6469.00,12957.00,no,1757810094
2025-09-14,KXMLBGAME-25SEP13LAASEA-SEA,KXMLBGAME-25SEP13LAASEA,Seattle,Seattle,67,68,0.675,654.00,4146.00,yes,1757810761
2025-09-14,KXMLBGAME-25SEP13LADSF-SF,KXMLBGAME-25SEP13LADSF,San Francisco,Los Angeles D,51,52,0.515,4160.00,9443.00,no,1757811418
2025-09-14,KXMLBGAME-25SEP13CINATH-CIN,KXMLBGAME-25SEP13CINATH,Cincinnati,A's,52,53,0.525,1265.00,6406.00,no,1757813733
2025-09-15,KXMLBGAME-25SEP15ATLWSH-WSH,KXMLBGAME-25SEP15ATLWSH,Washington,Atlanta,39,40,0.395,4435.00,7681.00,no,1757974630
2025-09-15,KXMLBGAME-25SEP15CINSTL-CIN,KXMLBGAME-25SEP15CINSTL,Cincinnati,Cincinnati,48,49,0.485,451.00,16775.00,yes,1757979993
2025-09-15,KXMLBGAME-25SEP15TEXHOU-TEX,KXMLBGAME-25SEP15TEXHOU,Texas,Houston,45,46,0.455,1248.00,7923.00,no,1757978215
2025-09-15,KXMLBGAME-25SEP15NYYMIN-NYY,KXMLBGAME-25SEP15NYYMIN,New York Y,Minnesota,63,64,0.635,1499.00,32773.00,no,1757977473
2025-09-15,KXMLBGAME-25SEP15BALCWS-BAL,KXMLBGAME-25SEP15BALCWS,Baltimore,Baltimore,56,57,0.565,9151.00,19175.00,yes,1757977953
2025-09-15,KXMLBGAME-25SEP15TORTB-TOR,KXMLBGAME-25SEP15TORTB,Toronto,Toronto,53,54,0.535,9835.00,22103.00,yes,1757977389
2025-09-15,KXMLBGAME-25SEP15CHCPIT-CHC,KXMLBGAME-25SEP15CHCPIT,Chicago C,Chicago C,51,52,0.515,16048.00,44966.00,yes,1757974124
2025-09-16,KXMLBGAME-25SEP16SDNYM-SD,KXMLBGAME-25SEP16SDNYM,San Diego,New York M,46,47,0.465,8216.00,42387.00,no,1758062005
2025-09-16,KXMLBGAME-25SEP16NYYMIN-NYY,KXMLBGAME-25SEP16NYYMIN,New York Y,New York Y,60,61,0.605,6969.00,30983.00,yes,1758065019
2025-09-16,KXMLBGAME-25SEP16LAAMIL-MIL,KXMLBGAME-25SEP16LAAMIL,Milwaukee,Milwaukee,70,71,0.705,23790.00,99171.00,yes,1758063687
2025-09-16,KXMLBGAME-25SEP16BALCWS-CWS,KXMLBGAME-25SEP16BALCWS,Chicago WS,Baltimore,50,51,0.505,77.00,15658.00,no,1758065182
2025-09-16,KXMLBGAME-25SEP16CINSTL-STL,KXMLBGAME-25SEP16CINSTL,St. Louis,St. Louis,47,48,0.475,1211.00,7676.00,yes,1758062495
2025-09-16,KXMLBGAME-25SEP16CLEDET-DET,KXMLBGAME-25SEP16CLEDET,Detroit,Cleveland,55,56,0.555,18196.00,35852.00,no,1758062157
2025-09-16,KXMLBGAME-25SEP16ATHBOS-BOS,KXMLBGAME-25SEP16ATHBOS,Boston,A's,59,60,0.595,8156.00,28832.00,no,1758060774
2025-09-16,KXMLBGAME-25SEP16TORTB-TOR,KXMLBGAME-25SEP16TORTB,Toronto,Toronto,49,50,0.495,12350.00,14130.00,yes,1758065018
2025-09-16,KXMLBGAME-25SEP16SEAKC-SEA,KXMLBGAME-25SEP16SEAKC,Seattle,Seattle,55,56,0.555,11939.00,22524.00,yes,1758065017
2025-09-16,KXMLBGAME-25SEP16CHCPIT-PIT,KXMLBGAME-25SEP16CHCPIT,Pittsburgh,Chicago C,53,54,0.535,8113.00,18977.00,no,1758060120
2025-09-16,KXMLBGAME-25SEP16TEXHOU-TEX,KXMLBGAME-25SEP16TEXHOU,Texas,Houston,51,52,0.515,7691.00,8689.00,no,1758066883
2025-09-16,KXMLBGAME-25SEP15PHILAD-PHI,KXMLBGAME-25SEP15PHILAD,Philadelphia,Philadelphia,47,48,0.475,1192.00,14627.00,yes,1757987309
2025-09-16,KXMLBGAME-25SEP15SFAZ-SF,KXMLBGAME-25SEP15SFAZ,San Francisco,Arizona,45,46,0.455,1064.00,24823.00,no,1757984947
2025-09-16,KXMLBGAME-25MAY21ATLWSH-WSH,KXMLBGAME-25MAY21ATLWSH,Washington,Atlanta,41,42,0.415,8189.00,45946.00,no,1758039079
2025-09-17,KXMLBGAME-25SEP17ATHBOS-BOS,KXMLBGAME-25SEP17ATHBOS,Boston,Boston,65,66,0.655,163045.00,318176.00,yes,1758150306
2025-09-17,KXMLBGAME-25SEP17NYYMIN-NYY,KXMLBGAME-25SEP17NYYMIN,New York Y,New York Y,59,60,0.595,59554.00,79390.00,yes,1758150906
2025-09-17,KXMLBGAME-25SEP17LAAMIL-MIL,KXMLBGAME-25SEP17LAAMIL,Milwaukee,Milwaukee,67,68,0.675,10619.00,26632.00,yes,1758149127
2025-09-17,KXMLBGAME-25SEP17ATLWSH-WSH,KXMLBGAME-25SEP17ATLWSH,Washington,Atlanta,42,43,0.425,225.00,2798.00,no,1758138109
2025-09-17,KXMLBGAME-25SEP17CINSTL-STL,KXMLBGAME-25SEP17CINSTL,St. Louis,Cincinnati,47,48,0.475,3456.00,10389.00,no,1758127391
2025-09-17,KXMLBGAME-25SEP17TORTB-TOR,KXMLBGAME-25SEP17TORTB,Toronto,Tampa Bay,53,54,0.535,3258.00,29125.00,no,1758148870
2025-09-17,KXMLBGAME-25SEP17SEAKC-SEA,KXMLBGAME-25SEP17SEAKC,Seattle,Kansas City,47,48,0.475,19731.00,56842.00,no,1758150527
2025-09-17,KXMLBGAME-25SEP17SFAZ-SF,KXMLBGAME-25SEP17SFAZ,San Francisco,San Francisco,50,51,0.505,3543.00,56863.00,yes,1758136139
2025-09-17,KXMLBGAME-25SEP17CHCPIT-PIT,KXMLBGAME-25SEP17CHCPIT,Pittsburgh,Chicago C,42,43,0.425,26574.00,37731.00,no,1758127001
2025-09-17,KXMLBGAME-25SEP17TEXHOU-TEX,KXMLBGAME-25SEP17TEXHOU,Texas,Houston,56,57,0.565,5368.00,14863.00,no,1758151306
2025-09-17,KXMLBGAME-25SEP17CLEDET-DET,KXMLBGAME-25SEP17CLEDET,Detroit,Cleveland,56,57,0.565,41543.00,44053.00,no,1758148611
2025-09-17,KXMLBGAME-25SEP17SDNYM-SD,KXMLBGAME-25SEP17SDNYM,San Diego,San Diego,45,46,0.455,72013.00,87236.00,yes,1758150114
2025-09-17,KXMLBGAME-25SEP17BALCWS-CWS,KXMLBGAME-25SEP17BALCWS,Chicago WS,Baltimore,46,47,0.465,1261.00,5046.00,no,1758130655
2025-09-17,KXMLBGAME-25SEP16ATLWSHG2-WSH,KXMLBGAME-25SEP16ATLWSHG2,Washington,Atlanta,35,38,0.365,12248.00,24193.00,no,1758067883
2025-09-17,KXMLBGAME-25SEP16SFAZ-SF,KXMLBGAME-25SEP16SFAZ,San Francisco,Arizona,46,47,0.465,361.00,8810.00,no,1758070600
2025-09-17,KXMLBGAME-25SEP16MIACOL-MIA,KXMLBGAME-25SEP16MIACOL,Miami,Miami,56,57,0.565,3915.00,10025.00,yes,1758069668
2025-09-17,KXMLBGAME-25SEP16PHILAD-PHI,KXMLBGAME-25SEP16PHILAD,Philadelphia,Philadelphia,45,46,0.455,3939.00,38848.00,yes,1758073095
2025-09-18,KXMLBGAME-25SEP18SEAKC-SEA,KXMLBGAME-25SEP18SEAKC,Seattle,Seattle,51,52,0.515,5060.00,14975.00,yes,1758215696
2025-09-18,KXMLBGAME-25SEP18LAAMIL-MIL,KXMLBGAME-25SEP18LAAMIL,Milwaukee,Milwaukee,68,69,0.685,234236.00,246728.00,yes,1758236106
2025-09-18,KXMLBGAME-25SEP18ATHBOS-BOS,KXMLBGAME-25SEP18ATHBOS,Boston,A's,58,59,0.585,6819.00,26373.00,no,1758213819
2025-09-18,KXMLBGAME-25SEP18CLEDET-DET,KXMLBGAME-25SEP18CLEDET,Detroit,Cleveland,67,68,0.675,11302.00,30568.00,no,1758212915
2025-09-18,KXMLBGAME-25SEP18CHCCIN-CIN,KXMLBGAME-25SEP18CHCCIN,Cincinnati,Cincinnati,56,57,0.565,6470.00,11984.00,yes,1758232470
2025-09-18,KXMLBGAME-25SEP18MIACOL-MIA,KXMLBGAME-25SEP18MIACOL,Miami,Miami,61,62,0.615,2722.00,12992.00,yes,1758219889
2025-09-18,KXMLBGAME-25SEP18NYYBAL-NYY,KXMLBGAME-25SEP18NYYBAL,New York Y,New York Y,65,66,0.655,24906.00,56248.00,yes,1758235029
2025-09-18,KXMLBGAME-25SEP18TORTB-TOR,KXMLBGAME-25SEP18TORTB,Toronto,Tampa Bay,54,55,0.545,12651.00,35448.00,no,1758213430
2025-09-18,KXMLBGAME-25SEP18SDNYM-SD,KXMLBGAME-25SEP18SDNYM,San Diego,New York M,43,44,0.435,6663.00,32550.00,no,1758213551
2025-09-18,KXMLBGAME-25SEP17PHILAD-PHI,KXMLBGAME-25SEP17PHILAD,Philadelphia,Los Angeles D,41,42,0.415,17195.00,27694.00,no,1758157867
2025-09-18,KXMLBGAME-25SEP17MIACOL-MIA,KXMLBGAME-25SEP17MIACOL,Miami,Miami,59,60,0.595,180806.00,197551.00,yes,1758156888
2025-09-19,KXMLBGAME-25SEP19ATHPIT-ATH,KXMLBGAME-25SEP19ATHPIT,A's,A's,50,51,0.505,13765.00,32082.00,yes,1758318780
2025-09-19,KXMLBGAME-25SEP19TORKC-TOR,KXMLBGAME-25SEP19TORKC,Toronto,Kansas City,55,56,0.555,4456.00,39956.00,no,1758323715
2025-09-19,KXMLBGAME-25SEP19BOSTB-BOS,KXMLBGAME-25SEP19BOSTB,Boston,Boston,56,57,0.565,10207.00,31535.00,yes,1758323811
2025-09-19,KXMLBGAME-25SEP19WSHNYM-WSH,KXMLBGAME-25SEP19WSHNYM,Washington,New York M,31,32,0.315,902.00,7512.00,no,1758321664
2025-09-19,KXMLBGAME-25SEP19SEAHOU-SEA,KXMLBGAME-25SEP19SEAHOU,Seattle,Seattle,50,51,0.505,10781.00,25724.00,yes,1758324841
2025-09-19,KXMLBGAME-25SEP19LAACOL-LAA,KXMLBGAME-25SEP19LAACOL,Los Angeles A,Colorado,54,55,0.545,56345.00,189290.00,no,1758324044
2025-09-19,KXMLBGAME-25SEP19ATLDET-DET,KXMLBGAME-25SEP19ATLDET,Detroit,Atlanta,52,53,0.525,21973.00,33493.00,no,1758318083
2025-09-19,KXMLBGAME-25SEP19CLEMIN-MIN,KXMLBGAME-25SEP19CLEMIN,Minnesota,Cleveland,49,50,0.495,8615.00,12808.00,no,1758325035
2025-09-19,KXMLBGAME-25SEP19NYYBAL-NYY,KXMLBGAME-25SEP19NYYBAL,New York Y,Baltimore,51,52,0.515,17533.00,69387.00,no,1758320213
2025-09-19,KXMLBGAME-25SEP19SDCWS-SD,KXMLBGAME-25SEP19SDCWS,San Diego,Chicago WS,63,64,0.635,4501.00,47507.00,no,1758320937
2025-09-19,KXMLBGAME-25SEP19CHCCIN-CIN,KXMLBGAME-25SEP19CHCCIN,Cincinnati,Cincinnati,48,49,0.485,4629.00,9976.00,yes,1758319129
2025-09-19,KXMLBGAME-25SEP19MILSTL-MIL,KXMLBGAME-25SEP19MILSTL,Milwaukee,St. Louis,53,54,0.535,4628.00,110959.00,no,1758325259
2025-09-19,KXMLBGAME-25SEP18SFLAD-SF,KXMLBGAME-25SEP18SFLAD,San Francisco,Los Angeles D,38,39,0.385,8860.00,16803.00,no,1758245365
2025-09-20,KXMLBGAME-25SEP20ATLDET-DET,KXMLBGAME-25SEP20ATLDET,Detroit,Atlanta,51,52,0.515,16520.00,22349.00,no,1758387443
2025-09-20,KXMLBGAME-25SEP20PHIAZ-PHI,KXMLBGAME-25SEP20PHIAZ,Philadelphia,Arizona,48,49,0.485,509.00,6085.00,no,1758410850
2025-09-20,KXMLBGAME-25SEP20TORKC-TOR,KXMLBGAME-25SEP20TORKC,Toronto,Kansas City,55,56,0.555,343.00,4428.00,no,1758407979
2025-09-20,KXMLBGAME-25SEP20BOSTB-BOS,KXMLBGAME-25SEP20BOSTB,Boston,Boston,48,49,0.485,2728.00,5420.00,yes,1758408983
2025-09-20,KXMLBGAME-25SEP20CHCCIN-CHC,KXMLBGAME-25SEP20CHCCIN,Chicago C,Cincinnati,49,50,0.495,3690.00,15896.00,no,1758406828
2025-09-20,KXMLBGAME-25SEP20WSHNYM-WSH,KXMLBGAME-25SEP20WSHNYM,Washington,Washington,28,29,0.285,2214.00,5398.00,yes,1758400649
2025-09-20,KXMLBGAME-25SEP20CLEMING2-MIN,KXMLBGAME-25SEP20CLEMING2,Minnesota,Cleveland,49,50,0.495,520.00,6358.00,no,1758407246
2025-09-20,KXMLBGAME-25SEP20NYYBAL-NYY,KXMLBGAME-25SEP20NYYBAL,New York Y,New York Y,63,64,0.635,679.00,16433.00,yes,1758408293
2025-09-20,KXMLBGAME-25SEP20MIATEX-TEX,KXMLBGAME-25SEP20MIATEX,Texas,Miami,57,58,0.575,499.00,20220.00,no,1758408984
2025-09-20,KXMLBGAME-25SEP20SDCWS-SD,KXMLBGAME-25SEP20SDCWS,San Diego,San Diego,62,63,0.625,3753.00,9784.00,yes,1758409309
2025-09-20,KXMLBGAME-25SEP20ATHPIT-PIT,KXMLBGAME-25SEP20ATHPIT,Pittsburgh,Pittsburgh,49,50,0.495,362.00,5062.00,yes,1758403204
2025-09-20,KXMLBGAME-25SEP20LAACOL-LAA,KXMLBGAME-25SEP20LAACOL,Los Angeles A,Los Angeles A,53,54,0.535,1150.00,2934.00,yes,1758410280
2025-09-20,KXMLBGAME-25SEP20MILSTL-MIL,KXMLBGAME-25SEP20MILSTL,Milwaukee,Milwaukee,56,57,0.565,851.00,8613.00,yes,1758409175
2025-09-20,KXMLBGAME-25SEP20SEAHOU-SEA,KXMLBGAME-25SEP20SEAHOU,Seattle,Seattle,49,50,0.495,3180.00,25401.00,yes,1758409901
2025-09-20,KXMLBGAME-25SEP19SFLAD-SF,KXMLBGAME-25SEP19SFLAD,San Francisco,Los Angeles D,38,39,0.385,3263.00,22213.00,no,1758332221
2025-09-20,KXMLBGAME-25SEP19PHIAZ-PHI,KXMLBGAME-25SEP19PHIAZ,Philadelphia,Philadelphia,46,47,0.465,588.00,14400.00,yes,1758331258
2025-09-20,KXMLBGAME-25SEP19MIATEX-TEX,KXMLBGAME-25SEP19MIATEX,Texas,Miami,56,57,0.565,4910.00,16017.00,no,1758328436
2025-09-20,KXMLBGAME-25MAY20CLEMIN-MIN,KXMLBGAME-25MAY20CLEMIN,Minnesota,Cleveland,51,52,0.515,254.00,12728.00,no,1758388015
2025-09-21,KXMLBGAME-25SEP21WSHNYM-WSH,KXMLBGAME-25SEP21WSHNYM,Washington,Washington,27,28,0.275,221.00,4249.00,yes,1758474330
2025-09-21,KXMLBGAME-25SEP21CHCCIN-CHC,KXMLBGAME-25SEP21CHCCIN,Chicago C,Cincinnati,46,47,0.465,1576.00,4928.00,no,1758477272
2025-09-21,KXMLBGAME-25SEP21SFLAD-SF,KXMLBGAME-25SEP21SFLAD,San Francisco,San Francisco,33,34,0.335,1634.00,4002.00,yes,1758482086
2025-09-21,KXMLBGAME-25SEP21PHIAZ-PHI,KXMLBGAME-25SEP21PHIAZ,Philadelphia,Arizona,54,55,0.545,1437.00,9818.00,no,1758483449
2025-09-21,KXMLBGAME-25SEP21MIATEX-TEX,KXMLBGAME-25SEP21MIATEX,Texas,Miami,53,54,0.535,810.00,2077.00,no,1758478294
2025-09-21,KXMLBGAME-25SEP21SDCWS-SD,KXMLBGAME-25SEP21SDCWS,San Diego,San Diego,61,62,0.615,1305.00,9095.00,yes,1758476303
2025-09-21,KXMLBGAME-25SEP21CLEMIN-CLE,KXMLBGAME-25SEP21CLEMIN,Cleveland,Minnesota,56,57,0.565,8722.00,15737.00,no,1758477271
2025-09-21,KXMLBGAME-25SEP21ATLDET-ATL,KXMLBGAME-25SEP21ATLDET,Atlanta,Atlanta,47,48,0.475,2152.00,4441.00,yes,1758476791
2025-09-21,KXMLBGAME-25SEP21NYYBAL-NYY,KXMLBGAME-25SEP21NYYBAL,New York Y,New York Y,54,55,0.545,8480.00,14415.00,yes,1758476792
2025-09-21,KXMLBGAME-25SEP21LAACOL-LAA,KXMLBGAME-25SEP21LAACOL,Los Angeles A,Colorado,48,49,0.485,328.00,3153.00,no,1758477776
2025-09-21,KXMLBGAME-25SEP21TORKC-TOR,KXMLBGAME-25SEP21TORKC,Toronto,Toronto,53,54,0.535,1068.00,5158.00,yes,1758475735
2025-09-21,KXMLBGAME-25SEP21BOSTB-TB,KXMLBGAME-25SEP21BOSTB,Tampa Bay,Tampa Bay,45,46,0.455,800.00,2150.00,yes,1758496155
2025-09-21,KXMLBGAME-25SEP21MILSTL-STL,KXMLBGAME-25SEP21MILSTL,St. Louis,St. Louis,44,45,0.445,3381.00,3330.00,yes,1758476790
2025-09-21,KXMLBGAME-25SEP21ATHPIT-PIT,KXMLBGAME-25SEP21ATHPIT,Pittsburgh,Pittsburgh,51,52,0.515,369.00,4644.00,yes,1758473798
2025-09-21,KXMLBGAME-25SEP21SEAHOU-SEA,KXMLBGAME-25SEP21SEAHOU,Seattle,Seattle,56,57,0.565,6272.00,14167.00,yes,1758494713
2025-09-21,KXMLBGAME-25SEP20SFLAD-SF,KXMLBGAME-25SEP20SFLAD,San Francisco,Los Angeles D,31,32,0.315,1688.00,6489.00,no,1758415965
2025-09-22,KXMLBGAME-25SEP22WSHATL-WSH,KXMLBGAME-25SEP22WSHATL,Washington,Atlanta,29,30,0.295,11416.00,28589.00,no,1758582671
2025-09-23,KXMLBGAME-25SEP23TBBAL-TB,KXMLBGAME-25SEP23TBBAL,Tampa Bay,Baltimore,50,51,0.505,6729.00,28981.00,no,1758668068
2025-09-23,KXMLBGAME-25SEP23WSHATL-WSH,KXMLBGAME-25SEP23WSHATL,Washington,Atlanta,35,36,0.355,1224.00,5547.00,no,1758665236
2025-09-23,KXMLBGAME-25SEP23BOSTOR-TOR,KXMLBGAME-25SEP23BOSTOR,Toronto,Boston,59,60,0.595,19078.00,26060.00,no,1758667465
2025-09-23,KXMLBGAME-25SEP23NYMCHC-NYM,KXMLBGAME-25SEP23NYMCHC,New York M,New York M,49,50,0.495,6378.00,22809.00,yes,1758669278
2025-09-23,KXMLBGAME-25SEP23MINTEX-MIN,KXMLBGAME-25SEP23MINTEX,Minnesota,Minnesota,44,45,0.445,939.00,8860.00,yes,1758671339
2025-09-23,KXMLBGAME-25SEP23PITCIN-PIT,KXMLBGAME-25SEP23PITCIN,Pittsburgh,Pittsburgh,38,39,0.385,75.00,5025.00,yes,1758664357
2025-09-23,KXMLBGAME-25SEP23CWSNYY-CWS,KXMLBGAME-25SEP23CWSNYY,Chicago WS,New York Y,32,33,0.325,2839.00,5895.00,no,1758667310
2025-09-23,KXMLBGAME-25SEP23DETCLE-DET,KXMLBGAME-25SEP23DETCLE,Detroit,Cleveland,58,59,0.585,986.00,19099.00,no,1758664587
2025-09-23,KXMLBGAME-25SEP22STLSF-STL,KXMLBGAME-25SEP22STLSF,St. Louis,St. Louis,42,43,0.425,1392.00,7744.00,yes,1758589008
2025-09-23,KXMLBGAME-25SEP22MILSD-SD,KXMLBGAME-25SEP22MILSD,San Diego,San Diego,49,50,0.495,8848.00,67260.00,yes,1758592371
2025-09-24,KXMLBGAME-25SEP24CWSNYY-NYY,KXMLBGAME-25SEP24CWSNYY,New York Y,New York Y,76,77,0.765,13461.00,23217.00,yes,1758753255
2025-09-24,KXMLBGAME-25SEP24DETCLE-DET,KXMLBGAME-25SEP24DETCLE,Detroit,Cleveland,43,44,0.435,2907.00,29999.00,no,1758753574
2025-09-24,KXMLBGAME-25SEP24TBBAL-TB,KXMLBGAME-25SEP24TBBAL,Tampa Bay,Tampa Bay,47,48,0.475,800.00,2939.00,yes,1758750273
2025-09-24,KXMLBGAME-25SEP24MINTEX-TEX,KXMLBGAME-25SEP24MINTEX,Texas,Texas,62,63,0.625,4387.00,6216.00,yes,1758755005
2025-09-24,KXMLBGAME-25SEP24BOSTOR-TOR,KXMLBGAME-25SEP24BOSTOR,Toronto,Boston,45,46,0.455,4321.00,185137.00,no,1758752800
2025-09-24,KXMLBGAME-25SEP24WSHATL-WSH,KXMLBGAME-25SEP24WSHATL,Washington,Washington,37,38,0.375,11305.00,17238.00,yes,1758727596
2025-09-24,KXMLBGAME-25SEP24PITCIN-PIT,KXMLBGAME-25SEP24PITCIN,Pittsburgh,Pittsburgh,46,47,0.465,4130.00,10819.00,yes,1758754491
2025-09-24,KXMLBGAME-25SEP24MILSD-SD,KXMLBGAME-25SEP24MILSD,San Diego,Milwaukee,53,54,0.535,46249.00,53101.00,no,1758742907
2025-09-24,KXMLBGAME-25SEP24MIAPHI-PHI,KXMLBGAME-25SEP24MIAPHI,Philadelphia,Philadelphia,60,61,0.605,3183.00,12944.00,yes,1758750055
2025-09-24,KXMLBGAME-25SEP24NYMCHC-NYM,KXMLBGAME-25SEP24NYMCHC,New York M,Chicago C,48,49,0.485,1284.00,17653.00,no,1758756907
2025-09-24,KXMLBGAME-25SEP23LADAZ-LAD,KXMLBGAME-25SEP23LADAZ,Los Angeles D,Arizona,59,60,0.595,645.00,19862.00,no,1758675555
2025-09-24,KXMLBGAME-25SEP23STLSF-STL,KXMLBGAME-25SEP23STLSF,St. Louis,St. Louis,35,36,0.355,288.00,2851.00,yes,1758677990
2025-09-24,KXMLBGAME-25SEP23MIAPHI-PHI,KXMLBGAME-25SEP23MIAPHI,Philadelphia,Miami,90,91,0.905,32909.00,250020.00,no,1758672441
2025-09-24,KXMLBGAME-25SEP23MILSD-SD,KXMLBGAME-25SEP23MILSD,San Diego,San Diego,47,48,0.475,5798.00,10161.00,yes,1758674083
2025-09-24,KXMLBGAME-25SEP23HOUATH-HOU,KXMLBGAME-25SEP23HOUATH,Houston,A's,50,51,0.505,47790.00,184545.00,no,1758676375
2025-09-24,KXMLBGAME-25SEP23KCLAA-LAA,KXMLBGAME-25SEP23KCLAA,Los Angeles A,Kansas City,39,40,0.395,696.00,8716.00,no,1758675697
2025-09-24,KXMLBGAME-25SEP23COLSEA-COL,KXMLBGAME-25SEP23COLSEA,Colorado,Seattle,27,28,0.275,6195.00,5629.00,no,1758675050
2025-09-25,KXMLBGAME-25SEP25TBBAL-TB,KXMLBGAME-25SEP25TBBAL,Tampa Bay,Baltimore,51,52,0.515,16559.00,31869.00,no,1758818530
2025-09-25,KXMLBGAME-25SEP25NYMCHC-NYM,KXMLBGAME-25SEP25NYMCHC,New York M,New York M,51,52,0.515,4026.00,17637.00,yes,1758841128
2025-09-25,KXMLBGAME-25SEP25MIAPHI-PHI,KXMLBGAME-25SEP25MIAPHI,Philadelphia,Philadelphia,58,59,0.585,99547.00,119899.00,yes,1758838877
2025-09-25,KXMLBGAME-25SEP25DETCLE-DET,KXMLBGAME-25SEP25DETCLE,Detroit,Detroit,41,42,0.415,10378.00,27585.00,yes,1758836780
2025-09-25,KXMLBGAME-25SEP25BOSTOR-TOR,KXMLBGAME-25SEP25BOSTOR,Toronto,Toronto,55,56,0.555,4813.00,10095.00,yes,1758839082
2025-09-25,KXMLBGAME-25SEP25CWSNYY-NYY,KXMLBGAME-25SEP25CWSNYY,New York Y,New York Y,73,74,0.735,23831.00,35877.00,yes,1758839874
2025-09-25,KXMLBGAME-25SEP25LADAZ-LAD,KXMLBGAME-25SEP25LADAZ,Los Angeles D,Los Angeles D,59,60,0.595,11208.00,30043.00,yes,1758826412
2025-09-25,KXMLBGAME-25SEP25HOUATH-HOU,KXMLBGAME-25SEP25HOUATH,Houston,Houston,51,52,0.515,10960.00,21523.00,yes,1758828057
2025-09-25,KXMLBGAME-25SEP25PITCIN-PIT,KXMLBGAME-25SEP25PITCIN,Pittsburgh,Cincinnati,38,39,0.385,19136.00,67625.00,no,1758819509
2025-09-25,KXMLBGAME-25SEP25MINTEX-TEX,KXMLBGAME-25SEP25MINTEX,Texas,Minnesota,57,58,0.575,1560.00,10432.00,no,1758822649
2025-09-25,KXMLBGAME-25SEP24HOUATH-HOU,KXMLBGAME-25SEP24HOUATH,Houston,A's,54,55,0.545,6840.00,176589.00,no,1758762102
2025-09-25,KXMLBGAME-25SEP24LADAZ-LAD,KXMLBGAME-25SEP24LADAZ,Los Angeles D,Los Angeles D,56,57,0.565,5419.00,25242.00,yes,1758764482
2025-09-25,KXMLBGAME-25SEP24KCLAA-LAA,KXMLBGAME-25SEP24KCLAA,Los Angeles A,Los Angeles A,49,50,0.495,1756.00,3736.00,yes,1758760863
2025-09-25,KXMLBGAME-25SEP24COLSEA-SEA,KXMLBGAME-25SEP24COLSEA,Seattle,Seattle,73,74,0.735,3437.00,18469.00,yes,1758761154
2025-09-25,KXMLBGAME-25SEP24STLSF-STL,KXMLBGAME-25SEP24STLSF,St. Louis,San Francisco,51,52,0.515,4332.00,24585.00,no,1758761622
2025-09-26,KXMLBGAME-25SEP26BALNYY-NYY,KXMLBGAME-25SEP26BALNYY,New York Y,New York Y,56,57,0.565,9890.00,59185.00,yes,1758926910
2025-09-26,KXMLBGAME-25SEP26CINMIL-MIL,KXMLBGAME-25SEP26CINMIL,Milwaukee,Cincinnati,60,61,0.605,3845.00,15950.00,no,1758928001
2025-09-26,KXMLBGAME-25SEP26NYMMIA-NYM,KXMLBGAME-25SEP26NYMMIA,New York M,Miami,56,57,0.565,12123.00,41761.00,no,1758926172
2025-09-26,KXMLBGAME-25SEP26DETBOS-DET,KXMLBGAME-25SEP26DETBOS,Detroit,Boston,46,47,0.465,4719.00,9768.00,no,1758926002
2025-09-26,KXMLBGAME-25SEP26TEXCLE-TEX,KXMLBGAME-25SEP26TEXCLE,Texas,Texas,41,42,0.415,300.00,2709.00,yes,1758926003
2025-09-26,KXMLBGAME-25SEP26TBTOR-TOR,KXMLBGAME-25SEP26TBTOR,Toronto,Toronto,62,63,0.625,2126.00,18866.00,yes,1758926004
2025-09-26,KXMLBGAME-25SEP26CWSWSH-WSH,KXMLBGAME-25SEP26CWSWSH,Washington,Chicago WS,55,56,0.555,7186.00,31733.00,no,1758925125
2025-09-26,KXMLBGAME-25SEP26STLCHC-STL,KXMLBGAME-25SEP26STLCHC,St. Louis,Chicago C,36,37,0.365,5611.00,38404.00,no,1758908456
2025-09-26,KXMLBGAME-25SEP26MINPHI-PHI,KXMLBGAME-25SEP26MINPHI,Philadelphia,Philadelphia,58,59,0.585,9465.00,28911.00,yes,1758923200
2025-09-26,KXMLBGAME-25SEP26PITATL-PIT,KXMLBGAME-25SEP26PITATL,Pittsburgh,Pittsburgh,41,42,0.415,122.00,6959.00,yes,1758930112
2025-09-26,KXMLBGAME-25SEP25COLSEA-SEA,KXMLBGAME-25SEP25COLSEA,Seattle,Seattle,74,75,0.745,8439.00,160845.00,yes,1758847738
2025-09-26,KXMLBGAME-25SEP25KCLAA-LAA,KXMLBGAME-25SEP25KCLAA,Los Angeles A,Kansas City,45,46,0.455,200.00,32996.00,no,1758847965
2025-09-27,KXMLBGAME-25SEP27CINMIL-MIL,KXMLBGAME-25SEP27CINMIL,Milwaukee,Cincinnati,54,55,0.545,3083.00,8168.00,no,1759014071
2025-09-27,KXMLBGAME-25SEP27STLCHC-STL,KXMLBGAME-25SEP27STLCHC,St. Louis,Chicago C,38,39,0.385,2494.00,8130.00,no,1758994529
2025-09-27,KXMLBGAME-25SEP27AZSD-SD,KXMLBGAME-25SEP27AZSD,San Diego,San Diego,58,59,0.585,2660.00,9254.00,yes,1759017290
2025-09-27,KXMLBGAME-25SEP27TBTOR-TOR,KXMLBGAME-25SEP27TBTOR,Toronto,Toronto,59,60,0.595,439.00,3314.00,yes,1758997273
2025-09-27,KXMLBGAME-25SEP27CWSWSH-WSH,KXMLBGAME-25SEP27CWSWSH,Washington,Washington,50,51,0.505,806.00,2236.00,yes,1759003648
2025-09-27,KXMLBGAME-25SEP27MINPHI-PHI,KXMLBGAME-25SEP27MINPHI,Philadelphia,Minnesota,67,68,0.675,9669.00,30720.00,no,1759007930
2025-09-27,KXMLBGAME-25SEP27PITATL-PIT,KXMLBGAME-25SEP27PITATL,Pittsburgh,Pittsburgh,38,39,0.385,39.00,2033.00,yes,1759011751
2025-09-27,KXMLBGAME-25SEP27TEXCLE-TEX,KXMLBGAME-25SEP27TEXCLE,Texas,Cleveland,41,42,0.415,1054.00,1768.00,no,1759012478
2025-09-27,KXMLBGAME-25SEP27COLSF-SF,KXMLBGAME-25SEP27COLSF,San Francisco,San Francisco,68,69,0.685,51795.00,181079.00,yes,1759000260
2025-09-27,KXMLBGAME-25SEP27NYMMIA-NYM,KXMLBGAME-25SEP27NYMMIA,New York M,New York M,56,57,0.565,4620.00,12099.00,yes,1759001743
2025-09-27,KXMLBGAME-25SEP27DETBOS-DET,KXMLBGAME-25SEP27DETBOS,Detroit,Detroit,46,47,0.465,1680.00,11894.00,yes,1759000719
2025-09-27,KXMLBGAME-25SEP27BALNYY-NYY,KXMLBGAME-25SEP27BALNYY,New York Y,New York Y,66,67,0.665,7776.00,19923.00,yes,1758989686
2025-09-27,KXMLBGAME-25SEP26HOULAA-LAA,KXMLBGAME-25SEP26HOULAA,Los Angeles A,Los Angeles A,44,45,0.445,227.00,2588.00,yes,1758934730
2025-09-27,KXMLBGAME-25SEP26KCATH-KC,KXMLBGAME-25SEP26KCATH,Kansas City,A's,52,54,0.53,207.00,2485.00,no,1758936067
2025-09-27,KXMLBGAME-25SEP26LADSEA-SEA,KXMLBGAME-25SEP26LADSEA,Seattle,Los Angeles D,58,59,0.585,3136.00,32304.00,no,1758935572
2025-09-27,KXMLBGAME-25SEP26COLSF-SF,KXMLBGAME-25SEP26COLSF,San Francisco,San Francisco,69,70,0.695,229.00,28040.00,yes,1758936068
2025-09-27,KXMLBGAME-25SEP26AZSD-SD,KXMLBGAME-25SEP26AZSD,San Diego,San Diego,56,57,0.565,869.00,6413.00,yes,1758936892
2025-09-28,KXMLBGAME-25SEP28MINPHI-PHI,KXMLBGAME-25SEP28MINPHI,Philadelphia,Philadelphia,69,70,0.695,122.00,4033.00,yes,1759083785
2025-09-28,KXMLBGAME-25SEP28DETBOS-DET,KXMLBGAME-25SEP28DETBOS,Detroit,Boston,50,51,0.505,561.00,1159.00,no,1759083444
2025-09-28,KXMLBGAME-25SEP28STLCHC-STL,KXMLBGAME-25SEP28STLCHC,St. Louis,Chicago C,42,43,0.425,350.00,5334.00,no,1759082509
2025-09-28,KXMLBGAME-25SEP28KCATH-KC,KXMLBGAME-25SEP28KCATH,Kansas City,Kansas City,57,58,0.575,61.00,534.00,yes,1759084005
2025-09-28,KXMLBGAME-25SEP28PITATL-PIT,KXMLBGAME-25SEP28PITATL,Pittsburgh,Atlanta,36,37,0.365,994.00,6860.00,no,1759083786
2025-09-28,KXMLBGAME-25SEP28BALNYY-NYY,KXMLBGAME-25SEP28BALNYY,New York Y,New York Y,62,63,0.625,43275.00,69822.00,yes,1759084006
2025-09-28,KXMLBGAME-25SEP28TEXCLE-TEX,KXMLBGAME-25SEP28TEXCLE,Texas,Cleveland,43,44,0.435,521.00,1669.00,no,1759086303
2025-09-28,KXMLBGAME-25SEP28CINMIL-MIL,KXMLBGAME-25SEP28CINMIL,Milwaukee,Milwaukee,54,55,0.545,1753.00,3894.00,yes,1759084007
2025-09-28,KXMLBGAME-25SEP28HOULAA-LAA,KXMLBGAME-25SEP28HOULAA,Los Angeles A,Houston,47,48,0.475,278.00,581.00,no,1759084406
2025-09-28,KXMLBGAME-25SEP28CWSWSH-WSH,KXMLBGAME-25SEP28CWSWSH,Washington,Chicago WS,51,52,0.515,125.00,863.00,no,1759082934
2025-09-28,KXMLBGAME-25SEP28COLSF-SF,KXMLBGAME-25SEP28COLSF,San Francisco,San Francisco,72,73,0.725,161.00,3100.00,yes,1759082510
2025-09-28,KXMLBGAME-25SEP28LADSEA-SEA,KXMLBGAME-25SEP28LADSEA,Seattle,Los Angeles D,45,46,0.455,2543.00,4652.00,no,1759084666
2025-09-28,KXMLBGAME-25SEP28AZSD-SD,KXMLBGAME-25SEP28AZSD,San Diego,San Diego,56,57,0.565,2016.00,3502.00,yes,1759086302
2025-09-28,KXMLBGAME-25SEP28NYMMIA-NYM,KXMLBGAME-25SEP28NYMMIA,New York M,Miami,56,57,0.565,3692.00,7869.00,no,1759084689
2025-09-28,KXMLBGAME-25SEP28TBTOR-TOR,KXMLBGAME-25SEP28TBTOR,Toronto,Toronto,65,66,0.655,8074.00,11423.00,yes,1759085238
2025-09-28,KXMLBGAME-25SEP27KCATH-KC,KXMLBGAME-25SEP27KCATH,Kansas City,Kansas City,47,48,0.475,720.00,1952.00,yes,1759022911
2025-09-28,KXMLBGAME-25SEP27LADSEA-SEA,KXMLBGAME-25SEP27LADSEA,Seattle,Los Angeles D,54,55,0.545,2073.00,28417.00,no,1759021137
2025-09-28,KXMLBGAME-25SEP27HOULAA-LAA,KXMLBGAME-25SEP27HOULAA,Los Angeles A,Houston,42,43,0.425,148.00,396.00,no,1759020416
2025-09-30,KXMLBGAME-25SEP30BOSNYY-NYY,KXMLBGAME-25SEP30BOSNYY,New York Y,Boston,55,56,0.555,229044.00,731296.00,no,1759268788
2025-09-30,KXMLBGAME-25SEP30SDCHC-SD,KXMLBGAME-25SEP30SDCHC,San Diego,Chicago C,45,46,0.455,109687.00,254793.00,no,1759256116
2025-09-30,KXMLBGAME-25SEP30DETCLE-DET,KXMLBGAME-25SEP30DETCLE,Detroit,Detroit,60,61,0.605,271413.00,460118.00,yes,1759250854
2025-10-01,KXMLBGAME-25OCT01BOSNYY-NYY,KXMLBGAME-25OCT01BOSNYY,New York Y,,63,64,0.635,476928.00,957835.00,yes,1759354478
2025-10-01,KXMLBGAME-25OCT01DETCLE-DET,KXMLBGAME-25OCT01DETCLE,Detroit,,44,45,0.445,101674.00,552266.00,no,1759337978
2025-10-01,KXMLBGAME-25OCT01SDCHC-SD,KXMLBGAME-25OCT01SDCHC,San Diego,,48,49,0.485,44933.00,194988.00,yes,1759343688
2025-10-01,KXMLBGAME-25SEP30CINLAD-LAD,KXMLBGAME-25SEP30CINLAD,Los Angeles D,Los Angeles D,64,65,0.645,624026.00,2229318.00,yes,1759283854
2025-10-02,KXMLBGAME-25OCT01CINLAD-LAD,KXMLBGAME-25OCT01CINLAD,Los Angeles D,,72,73,0.725,179735.00,1514420.00,yes,1759365573
2025-10-04,KXMLBGAME-25OCT04CHCMIL-MIL,KXMLBGAME-25OCT04CHCMIL,Milwaukee,,56,57,0.565,110257.00,444879.00,yes,1759600178
2025-10-04,KXMLBGAME-25OCT04NYYTOR-TOR,KXMLBGAME-25OCT04NYYTOR,Toronto,,51,52,0.515,132684.00,176281.00,yes,1759607373
2025-10-04,KXMLBGAME-25OCT04LADPHI-PHI,KXMLBGAME-25OCT04LADPHI,Philadelphia,,51,52,0.515,73621.00,340306.00,no,1759616376
2025-10-05,KXMLBGAME-25OCT05DETSEA-SEA,KXMLBGAME-25OCT05DETSEA,Seattle,Seattle,42,44,0.43,141015.00,576044.00,yes,1759706678
2025-10-05,KXMLBGAME-25OCT05NYYTOR-TOR,KXMLBGAME-25OCT05NYYTOR,Toronto,,42,43,0.425,40884.00,185614.00,yes,1759693481
2025-10-05,KXMLBGAME-25OCT04DETSEA-SEA,KXMLBGAME-25OCT04DETSEA,Seattle,,63,65,0.64,213624.00,415016.00,no,1759624774
2025-10-06,KXMLBGAME-25OCT06LADPHI-PHI,KXMLBGAME-25OCT06LADPHI,Philadelphia,Los Angeles D,49,50,0.495,219173.00,1021154.00,no,1759787286
2025-10-07,KXMLBGAME-25OCT07SEADET-SEA,KXMLBGAME-25OCT07SEADET,Seattle,,56,57,0.565,194435.00,2220529.00,yes,1759876185
2025-10-07,KXMLBGAME-25OCT06CHCMIL-MIL,KXMLBGAME-25OCT06CHCMIL,Milwaukee,,55,56,0.555,97046.00,520706.00,yes,1759797578
2025-10-08,KXMLBGAME-25OCT08TORNYY-TOR,KXMLBGAME-25OCT08TORNYY,Toronto,,39,40,0.395,816914.00,1452076.00,yes,1759964675
2025-10-08,KXMLBGAME-25OCT08SEADET-SEA,KXMLBGAME-25OCT08SEADET,Seattle,,50,51,0.505,174217.00,1175006.00,no,1759948480
2025-10-08,KXMLBGAME-25OCT08MILCHC-MIL,KXMLBGAME-25OCT08MILCHC,Milwaukee,,50,51,0.505,61242.00,615870.00,no,1759957180
2025-10-08,KXMLBGAME-25OCT07TORNYY-TOR,KXMLBGAME-25OCT07TORNYY,Toronto,,38,40,0.39,529138.00,1787052.00,no,1759882177
2025-10-09,KXMLBGAME-25OCT09PHILAD-PHI,KXMLBGAME-25OCT09PHILAD,Philadelphia,,43,44,0.435,348737.00,1112350.00,no,1760048411
2025-10-09,KXMLBGAME-25OCT08PHILAD-PHI,KXMLBGAME-25OCT08PHILAD,Philadelphia,,37,38,0.375,220315.00,781109.00,yes,1759970077
2025-10-10,KXMLBGAME-25OCT09MILCHC-MIL,KXMLBGAME-25OCT09MILCHC,Milwaukee,,52,53,0.525,92662.00,1439615.00,no,1760057079
2025-10-12,KXMLBGAME-25OCT12SEATOR-TOR,KXMLBGAME-25OCT12SEATOR,Toronto,,60,61,0.605,167626.00,771189.00,no,1760311792
2025-10-13,KXMLBGAME-25OCT13LADMIL-MIL,KXMLBGAME-25OCT13LADMIL,Milwaukee,Los Angeles D,42,43,0.425,621258.00,954647.00,no,1760398577
2025-10-13,KXMLBGAME-25OCT13SEATOR-TOR,KXMLBGAME-25OCT13SEATOR,Toronto,,53,54,0.535,564723.00,1360414.00,no,1760389488
2025-10-14,KXMLBGAME-25OCT14LADMIL-MIL,KXMLBGAME-25OCT14LADMIL,Milwaukee,,47,48,0.475,308510.00,1767228.00,no,1760484879
2025-10-15,KXMLBGAME-25OCT15TORSEA-TOR,KXMLBGAME-25OCT15TORSEA,Toronto,,46,47,0.465,176766.00,1531875.00,yes,1760570990
2025-10-16,KXMLBGAME-25OCT16MILLAD-MIL,KXMLBGAME-25OCT16MILLAD,Milwaukee,,39,40,0.395,154888.00,1050767.00,no,1760650488
2025-10-16,KXMLBGAME-25OCT16TORSEA-TOR,KXMLBGAME-25OCT16TORSEA,Toronto,,46,47,0.465,68789.00,675479.00,yes,1760659193
2025-10-17,KXMLBGAME-25OCT17TORSEA-TOR,KXMLBGAME-25OCT17TORSEA,Toronto,,51,52,0.515,262592.00,776988.00,no,1760737488
2025-10-17,KXMLBGAME-25OCT17MILLAD-MIL,KXMLBGAME-25OCT17MILLAD,Milwaukee,,34,35,0.345,116956.00,843069.00,no,1760745271
2025-10-19,KXMLBGAME-25OCT19SEATOR-TOR,KXMLBGAME-25OCT19SEATOR,Toronto,,52,53,0.525,97960.00,477249.00,yes,1760916585
2025-10-25,KXMLBGAME-25OCT25LADTOR-TOR,KXMLBGAME-25OCT25LADTOR,Toronto,,43,44,0.435,161235.00,603644.00,no,1761434216
2025-10-25,KXMLBGAME-25OCT24LADTOR-TOR,KXMLBGAME-25OCT24LADTOR,Toronto,,41,43,0.42,297339.00,1178288.00,yes,1761350487
2025-10-26,KXMLBGAME-25OCT12ALLSALHS-ALLS,KXMLBGAME-25OCT12ALLSALHS,AL,,0,100,0.5,0.00,0.00,no,1761453000
2025-10-27,KXMLBGAME-25OCT13NLLSNLHS-NLLS,KXMLBGAME-25OCT13NLLSNLHS,NL,,0,100,0.5,0.00,0.00,no,1761539400
2025-10-28,KXMLBGAME-25OCT28TORLAD-TOR,KXMLBGAME-25OCT28TORLAD,Toronto,,35,36,0.355,236877.00,1098991.00,yes,1761694784
2025-10-28,KXMLBGAME-25OCT27TORLAD-TOR,KXMLBGAME-25OCT27TORLAD,Toronto,,38,40,0.39,1448560.00,2902958.00,no,1761621883
2025-10-29,KXMLBGAME-25OCT29TORLAD-TOR,KXMLBGAME-25OCT29TORLAD,Toronto,,35,36,0.355,330771.00,1433219.00,yes,1761781492
2025-10-31,KXMLBGAME-25OCT31LADTOR-TOR,KXMLBGAME-25OCT31LADTOR,Toronto,Los Angeles D,43,44,0.435,255832.00,1954515.00,no,1761954617
2026-03-25,KXMLBGAME-26MAR252005NYYSF-SF,KXMLBGAME-26MAR252005NYYSF,San Francisco,New York Y,46,47,0.465,257880.00,755844.00,no,1774482000
2026-03-26,KXMLBGAME-26MAR262030AZLAD-LAD,KXMLBGAME-26MAR262030AZLAD,Los Angeles D,Los Angeles D,71,72,0.715,88501.00,357642.00,yes,1774569004
2026-03-26,KXMLBGAME-26MAR261610BOSCIN-CIN,KXMLBGAME-26MAR261610BOSCIN,Cincinnati,Boston,41,42,0.415,6247.00,46167.00,no,1774554038
2026-03-26,KXMLBGAME-26MAR261505MINBAL-MIN,KXMLBGAME-26MAR261505MINBAL,Minnesota,Baltimore,44,45,0.445,13543.00,40835.00,no,1774548905
2026-03-26,KXMLBGAME-26MAR261410CWSMIL-MIL,KXMLBGAME-26MAR261410CWSMIL,Milwaukee,Milwaukee,63,64,0.635,146921.00,431756.00,yes,1774548632
2026-03-26,KXMLBGAME-26MAR261420WSHCHC-WSH,KXMLBGAME-26MAR261420WSHCHC,Washington,Washington,34,35,0.345,9415.00,23306.00,yes,1774548631
2026-03-26,KXMLBGAME-26MAR261610DETSD-SD,KXMLBGAME-26MAR261610DETSD,San Diego,Detroit,46,47,0.465,15669.00,64903.00,no,1774554035
2026-03-26,KXMLBGAME-26MAR261315PITNYM-PIT,KXMLBGAME-26MAR261315PITNYM,Pittsburgh,New York M,47,48,0.475,188258.00,389054.00,no,1774545314
2026-03-26,KXMLBGAME-26MAR261615TBSTL-TB,KXMLBGAME-26MAR261615TBSTL,Tampa Bay,St. Louis,55,56,0.555,10619.00,63561.00,no,1774556099
2026-03-26,KXMLBGAME-26MAR261610LAAHOU-LAA,KXMLBGAME-26MAR261610LAAHOU,Los Angeles A,Los Angeles A,38,39,0.385,4166.00,24258.00,yes,1774554620
2026-03-26,KXMLBGAME-26MAR261615TEXPHI-TEX,KXMLBGAME-26MAR261615TEXPHI,Texas,Philadelphia,39,41,0.4,5904.00,52423.00,no,1774554297
2026-03-27,KXMLBGAME-26MAR271910COLMIA-MIA,KXMLBGAME-26MAR271910COLMIA,Miami,Miami,63,64,0.635,13075.00,69953.00,yes,1774649695
2026-03-27,KXMLBGAME-26MAR271635NYYSF-SF,KXMLBGAME-26MAR271635NYYSF,San Francisco,New York Y,45,46,0.455,76070.00,264104.00,no,1774641900
2026-03-27,KXMLBGAME-26MAR271907ATHTOR-TOR,KXMLBGAME-26MAR271907ATHTOR,Toronto,Toronto,60,62,0.61,24698.00,140451.00,yes,1774651491
2026-03-27,KXMLBGAME-26MAR272015LAAHOU-LAA,KXMLBGAME-26MAR272015LAAHOU,Los Angeles A,Los Angeles A,39,40,0.395,6405.00,52313.00,yes,1774655419
2026-03-27,KXMLBGAME-26MAR271915KCATL-KC,KXMLBGAME-26MAR271915KCATL,Kansas City,Atlanta,43,44,0.435,3873.00,71091.00,no,1774650633
2026-03-27,KXMLBGAME-26MAR262210CLESEA-SEA,KXMLBGAME-26MAR262210CLESEA,Seattle,Cleveland,62,63,0.625,25186.00,169222.00,no,1774575292
2026-03-28,KXMLBGAME-26MAR282040DETSD-SD,KXMLBGAME-26MAR282040DETSD,San Diego,San Diego,50,51,0.505,6719.00,60846.00,yes,1774742080
2026-03-28,KXMLBGAME-26MAR281910LAAHOU-LAA,KXMLBGAME-26MAR281910LAAHOU,Los Angeles A,Houston,44,45,0.445,6921.00,53767.00,no,1774738482
2026-03-28,KXMLBGAME-26MAR281915NYYSF-SF,KXMLBGAME-26MAR281915NYYSF,San Francisco,New York Y,45,47,0.46,19736.00,62972.00,no,1774737625
2026-03-28,KXMLBGAME-26MAR281910CWSMIL-MIL,KXMLBGAME-26MAR281910CWSMIL,Milwaukee,Milwaukee,64,65,0.645,124907.00,201742.00,yes,1774738229
2026-03-28,KXMLBGAME-26MAR281915KCATL-KC,KXMLBGAME-26MAR281915KCATL,Kansas City,Atlanta,42,43,0.425,1499.00,19769.00,no,1774737027
2026-03-28,KXMLBGAME-26MAR281610BOSCIN-CIN,KXMLBGAME-26MAR281610BOSCIN,Cincinnati,Cincinnati,45,46,0.455,26197.00,51269.00,yes,1774729222
2026-03-28,KXMLBGAME-26MAR281610PITNYM-PIT,KXMLBGAME-26MAR281610PITNYM,Pittsburgh,New York M,37,38,0.375,4266.00,29913.00,no,1774728897
2026-03-28,KXMLBGAME-26MAR281605TEXPHI-TEX,KXMLBGAME-26MAR281605TEXPHI,Texas,Texas,42,43,0.425,40808.00,145217.00,yes,1774727443
2026-03-28,KXMLBGAME-26MAR281605MINBAL-MIN,KXMLBGAME-26MAR281605MINBAL,Minnesota,Minnesota,39,40,0.395,32383.00,47824.00,yes,1774726822
2026-03-28,KXMLBGAME-26MAR281610COLMIA-MIA,KXMLBGAME-26MAR281610COLMIA,Miami,Miami,64,65,0.645,3869.00,30626.00,yes,1774725631
2026-03-28,KXMLBGAME-26MAR281507ATHTOR-TOR,KXMLBGAME-26MAR281507ATHTOR,Toronto,Toronto,64,65,0.645,69852.00,171474.00,yes,1774726501
2026-03-28,KXMLBGAME-26MAR281420WSHCHC-WSH,KXMLBGAME-26MAR281420WSHCHC,Washington,Chicago C,31,32,0.315,28057.00,51202.00,no,1774718709
2026-03-28,KXMLBGAME-26MAR281415TBSTL-TB,KXMLBGAME-26MAR281415TBSTL,Tampa Bay,St. Louis,50,51,0.505,92208.00,230226.00,no,1774719305
2026-03-28,KXMLBGAME-26MAR272210AZLAD-LAD,KXMLBGAME-26MAR272210AZLAD,Los Angeles D,Los Angeles D,68,69,0.685,23710.00,266795.00,yes,1774662001
2026-03-28,KXMLBGAME-26MAR272140DETSD-SD,KXMLBGAME-26MAR272140DETSD,San Diego,Detroit,55,56,0.555,16778.00,119186.00,no,1774659882
2026-03-28,KXMLBGAME-26MAR272145CLESEA-SEA,KXMLBGAME-26MAR272145CLESEA,Seattle,Seattle,61,62,0.615,7665.00,52174.00,yes,1774659280
2026-03-29,KXMLBGAME-26MAR291920CLESEA-SEA,KXMLBGAME-26MAR291920CLESEA,Seattle,Seattle,57,58,0.575,141375.00,223162.00,yes,1774823680
2026-03-29,KXMLBGAME-26MAR291420WSHCHC-WSH,KXMLBGAME-26MAR291420WSHCHC,Washington,Washington,30,31,0.305,6747.00,13025.00,yes,1774805445
2026-03-29,KXMLBGAME-26MAR291415TBSTL-TB,KXMLBGAME-26MAR291415TBSTL,Tampa Bay,Tampa Bay,52,53,0.525,48068.00,79164.00,yes,1774806619
2026-03-29,KXMLBGAME-26MAR291410CWSMIL-MIL,KXMLBGAME-26MAR291410CWSMIL,Milwaukee,Milwaukee,60,61,0.605,61049.00,216576.00,yes,1774807218
2026-03-29,KXMLBGAME-26MAR291410LAAHOU-LAA,KXMLBGAME-26MAR291410LAAHOU,Los Angeles A,Houston,38,39,0.385,20888.00,56846.00,no,1774807810
2026-03-29,KXMLBGAME-26MAR291337ATHTOR-TOR,KXMLBGAME-26MAR291337ATHTOR,Toronto,Toronto,58,59,0.585,15340.00,88941.00,yes,1774802097
2026-03-29,KXMLBGAME-26MAR291335MINBAL-MIN,KXMLBGAME-26MAR291335MINBAL,Minnesota,Baltimore,41,42,0.415,14177.00,51574.00,no,1774805443
2026-03-29,KXMLBGAME-26MAR291340COLMIA-MIA,KXMLBGAME-26MAR291340COLMIA,Miami,Miami,63,65,0.64,8522.00,26992.00,yes,1774803889
2026-03-29,KXMLBGAME-26MAR291335TEXPHI-TEX,KXMLBGAME-26MAR291335TEXPHI,Texas,Texas,39,40,0.395,34071.00,48368.00,yes,1774803650
2026-03-29,KXMLBGAME-26MAR291340BOSCIN-CIN,KXMLBGAME-26MAR291340BOSCIN,Cincinnati,Cincinnati,45,46,0.455,42144.00,78206.00,yes,1774803647
2026-03-29,KXMLBGAME-26MAR291340PITNYM-PIT,KXMLBGAME-26MAR291340PITNYM,Pittsburgh,Pittsburgh,36,37,0.365,7259.00,96028.00,yes,1774805099
2026-03-29,KXMLBGAME-26MAR291335KCATL-KC,KXMLBGAME-26MAR291335KCATL,Kansas City,Kansas City,40,41,0.405,6509.00,85114.00,yes,1774801501
2026-03-29,KXMLBGAME-26MAR282140CLESEA-SEA,KXMLBGAME-26MAR282140CLESEA,Seattle,Cleveland,62,63,0.625,20251.00,87568.00,no,1774748689
2026-03-29,KXMLBGAME-26MAR282110AZLAD-LAD,KXMLBGAME-26MAR282110AZLAD,Los Angeles D,Los Angeles D,69,70,0.695,18326.00,144504.00,yes,1774743284
2026-03-30,KXMLBGAME-26MAR302010BOSHOU-HOU,KXMLBGAME-26MAR302010BOSHOU,Houston,Houston,46,47,0.465,7296.00,67791.00,yes,1774913085
2026-03-30,KXMLBGAME-26MAR301940LAACHC-LAA,KXMLBGAME-26MAR301940LAACHC,Los Angeles A,Chicago C,37,38,0.375,25434.00,56488.00,no,1774910698
2026-03-30,KXMLBGAME-26MAR301940TBMIL-TB,KXMLBGAME-26MAR301940TBMIL,Tampa Bay,Tampa Bay,40,41,0.405,2730.00,26207.00,yes,1774911031
2026-03-30,KXMLBGAME-26MAR301945NYMSTL-STL,KXMLBGAME-26MAR301945NYMSTL,St. Louis,New York M,42,43,0.425,1452.00,18826.00,no,1774911284
2026-03-30,KXMLBGAME-26MAR301907COLTOR-TOR,KXMLBGAME-26MAR301907COLTOR,Toronto,Colorado,72,73,0.725,23978.00,103205.00,no,1774911285
2026-03-30,KXMLBGAME-26MAR301915ATHATL-ATL,KXMLBGAME-26MAR301915ATHATL,Atlanta,Atlanta,56,57,0.565,16337.00,85379.00,yes,1774908904
2026-03-30,KXMLBGAME-26MAR301840PITCIN-PIT,KXMLBGAME-26MAR301840PITCIN,Pittsburgh,Cincinnati,43,44,0.435,7463.00,34139.00,no,1774906509
2026-03-30,KXMLBGAME-26MAR301840WSHPHI-WSH,KXMLBGAME-26MAR301840WSHPHI,Washington,Washington,38,39,0.385,27739.00,38462.00,yes,1774909235
2026-03-30,KXMLBGAME-26MAR301835TEXBAL-TEX,KXMLBGAME-26MAR301835TEXBAL,Texas,Texas,45,46,0.455,38064.00,102430.00,yes,1774908087
2026-03-30,KXMLBGAME-26MAR301840CWSMIA-MIA,KXMLBGAME-26MAR301840CWSMIA,Miami,Chicago WS,58,59,0.585,41117.00,325658.00,no,1774908092
2026-03-30,KXMLBGAME-26MAR301610MINKC-MIN,KXMLBGAME-26MAR301610MINKC,Minnesota,Kansas City,39,40,0.395,54711.00,113624.00,no,1774897254
2026-03-31,KXMLBGAME-26MAR312010BOSHOU-HOU,KXMLBGAME-26MAR312010BOSHOU,Houston,Houston,57,58,0.575,16278.00,126885.00,yes,1774999223
2026-03-31,KXMLBGAME-26MAR311940TBMIL-TB,KXMLBGAME-26MAR311940TBMIL,Tampa Bay,Milwaukee,46,47,0.465,9198.00,35585.00,no,1774997427
2026-03-31,KXMLBGAME-26MAR311945NYMSTL-STL,KXMLBGAME-26MAR311945NYMSTL,St. Louis,St. Louis,40,41,0.405,31674.00,60323.00,yes,1774997094
2026-03-31,KXMLBGAME-26MAR311940LAACHC-LAA,KXMLBGAME-26MAR311940LAACHC,Los Angeles A,Los Angeles A,43,44,0.435,3117.00,31624.00,yes,1774998291
2026-03-31,KXMLBGAME-26MAR311915ATHATL-ATL,KXMLBGAME-26MAR311915ATHATL,Atlanta,A's,59,60,0.595,24649.00,231634.00,no,1774995903
2026-03-31,KXMLBGAME-26MAR311907COLTOR-TOR,KXMLBGAME-26MAR311907COLTOR,Toronto,Toronto,71,72,0.715,33730.00,109119.00,yes,1774996502
2026-03-31,KXMLBGAME-26MAR311840WSHPHI-WSH,KXMLBGAME-26MAR311840WSHPHI,Washington,Philadelphia,37,38,0.375,30858.00,80283.00,no,1774993257
2026-03-31,KXMLBGAME-26MAR311840CWSMIA-MIA,KXMLBGAME-26MAR311840CWSMIA,Miami,Miami,58,59,0.585,77770.00,154728.00,yes,1774994466
2026-03-31,KXMLBGAME-26MAR311840PITCIN-PIT,KXMLBGAME-26MAR311840PITCIN,Pittsburgh,Pittsburgh,53,54,0.535,43235.00,96073.00,yes,1774995056
2026-03-31,KXMLBGAME-26MAR311835TEXBAL-TEX,KXMLBGAME-26MAR311835TEXBAL,Texas,Texas,53,54,0.535,99512.00,307429.00,yes,1774993839
2026-03-31,KXMLBGAME-26MAR302210DETAZ-DET,KXMLBGAME-26MAR302210DETAZ,Detroit,Arizona,46,47,0.465,16059.00,59852.00,no,1774922074
2026-03-31,KXMLBGAME-26MAR302210CLELAD-LAD,KXMLBGAME-26MAR302210CLELAD,Los Angeles D,Cleveland,62,63,0.625,40523.00,269807.00,no,1774919993
2026-03-31,KXMLBGAME-26MAR302140NYYSEA-SEA,KXMLBGAME-26MAR302140NYYSEA,Seattle,Seattle,47,48,0.475,46983.00,183754.00,yes,1774919081
2026-03-31,KXMLBGAME-26MAR302140SFSD-SF,KXMLBGAME-26MAR302140SFSD,San Francisco,San Francisco,48,49,0.485,6763.00,47025.00,yes,1774917289
2026-04-01,KXMLBGAME-26APR012020CLELAD-LAD,KXMLBGAME-26APR012020CLELAD,Los Angeles D,Cleveland,71,72,0.715,110173.00,277468.00,no,1775085883
2026-04-01,KXMLBGAME-26APR011940MINKC-MIN,KXMLBGAME-26APR011940MINKC,Minnesota,Kansas City,50,51,0.505,122554.00,203684.00,no,1775087682
2026-04-01,KXMLBGAME-26APR011610NYYSEA-SEA,KXMLBGAME-26APR011610NYYSEA,Seattle,New York Y,51,52,0.515,28827.00,73065.00,no,1775071486
2026-04-01,KXMLBGAME-26APR011610SFSD-SF,KXMLBGAME-26APR011610SFSD,San Francisco,San Diego,41,42,0.415,12221.00,56040.00,no,1775072422
2026-04-01,KXMLBGAME-26APR011540DETAZ-DET,KXMLBGAME-26APR011540DETAZ,Detroit,Arizona,57,58,0.575,14281.00,53469.00,no,1775068240
2026-04-01,KXMLBGAME-26APR011420LAACHC-LAA,KXMLBGAME-26APR011420LAACHC,Los Angeles A,Chicago C,39,40,0.395,5639.00,28393.00,no,1775065225
2026-04-01,KXMLBGAME-26APR011410BOSHOU-HOU,KXMLBGAME-26APR011410BOSHOU,Houston,Houston,42,43,0.425,8755.00,54516.00,yes,1775064300
2026-04-01,KXMLBGAME-26APR011340TBMIL-TB,KXMLBGAME-26APR011340TBMIL,Tampa Bay,Milwaukee,43,44,0.435,7467.00,31919.00,no,1775063438
2026-04-01,KXMLBGAME-26APR011310CWSMIA-MIA,KXMLBGAME-26APR011310CWSMIA,Miami,Miami,58,59,0.585,15581.00,94929.00,yes,1775059258
2026-04-01,KXMLBGAME-26APR011305WSHPHI-WSH,KXMLBGAME-26APR011305WSHPHI,Washington,Philadelphia,28,29,0.285,27951.00,54385.00,no,1775062840
2026-04-01,KXMLBGAME-26APR011315NYMSTL-STL,KXMLBGAME-26APR011315NYMSTL,St. Louis,St. Louis,38,39,0.385,5776.00,38636.00,yes,1775066685
2026-04-01,KXMLBGAME-26APR011307COLTOR-TOR,KXMLBGAME-26APR011307COLTOR,Toronto,Colorado,72,73,0.725,22503.00,73912.00,no,1775062507
2026-04-01,KXMLBGAME-26APR011240PITCIN-PIT,KXMLBGAME-26APR011240PITCIN,Pittsburgh,Pittsburgh,57,58,0.575,43459.00,162592.00,yes,1775059260
2026-04-01,KXMLBGAME-26APR011235TEXBAL-TEX,KXMLBGAME-26APR011235TEXBAL,Texas,Baltimore,47,48,0.475,22153.00,124239.00,no,1775058648
2026-04-01,KXMLBGAME-26APR011215ATHATL-ATL,KXMLBGAME-26APR011215ATHATL,Atlanta,Atlanta,67,68,0.675,128428.00,256057.00,yes,1775056869
2026-04-01,KXMLBGAME-26MAR312210CLELAD-LAD,KXMLBGAME-26MAR312210CLELAD,Los Angeles D,Los Angeles D,71,72,0.715,17885.00,119173.00,yes,1775007592
2026-04-01,KXMLBGAME-26MAR312140DETAZ-DET,KXMLBGAME-26MAR312140DETAZ,Detroit,Arizona,48,49,0.485,4606.00,47595.00,no,1775004604
2026-04-01,KXMLBGAME-26MAR312140NYYSEA-SEA,KXMLBGAME-26MAR312140NYYSEA,Seattle,New York Y,48,50,0.49,15557.00,118026.00,no,1775004285
2026-04-01,KXMLBGAME-26MAR312140SFSD-SF,KXMLBGAME-26MAR312140SFSD,San Francisco,San Francisco,55,56,0.555,13245.00,91995.00,yes,1775005814
2026-04-02,KXMLBGAME-26APR021410MINKC-MIN,KXMLBGAME-26APR021410MINKC,Minnesota,Minnesota,41,42,0.415,117944.00,373087.00,yes,1775151610
2026-04-03,KXMLBGAME-26APR031610CHCCLE-CLE,KXMLBGAME-26APR031610CHCCLE,Cleveland,Cleveland,48,49,0.485,10550.00,51914.00,yes,1775244294
2026-04-03,KXMLBGAME-26APR031612BALPIT-PIT,KXMLBGAME-26APR031612BALPIT,Pittsburgh,Pittsburgh,47,48,0.475,7681.00,101386.00,yes,1775244891
2026-04-03,KXMLBGAME-26APR031610PHICOL-PHI,KXMLBGAME-26APR031610PHICOL,Philadelphia,Philadelphia,63,64,0.635,11616.00,34869.00,yes,1775244294
2026-04-03,KXMLBGAME-26APR031610TBMIN-TB,KXMLBGAME-26APR031610TBMIN,Tampa Bay,Minnesota,49,50,0.495,46898.00,202371.00,no,1775249423
2026-04-03,KXMLBGAME-26APR031605CINTEX-TEX,KXMLBGAME-26APR031605CINTEX,Texas,Cincinnati,61,62,0.615,25796.00,131762.00,no,1775243435
2026-04-03,KXMLBGAME-26APR031410SDBOS-SD,KXMLBGAME-26APR031410SDBOS,San Diego,Boston,46,47,0.465,54262.00,353536.00,no,1775236512
2026-04-03,KXMLBGAME-26APR031335MIANYY-NYY,KXMLBGAME-26APR031335MIANYY,New York Y,New York Y,60,61,0.605,174547.00,617430.00,yes,1775235641
2026-04-03,KXMLBGAME-26APR031310STLDET-STL,KXMLBGAME-26APR031310STLDET,St. Louis,Detroit,38,39,0.385,31852.00,102982.00,no,1775233499
2026-04-03,KXMLBGAME-26APR031305LADWSH-WSH,KXMLBGAME-26APR031305LADWSH,Washington,Los Angeles D,28,29,0.285,83587.00,133705.00,no,1775233892
2026-04-03,KXMLBGAME-26APR022140ATLAZ-AZ,KXMLBGAME-26APR022140ATLAZ,Arizona,Atlanta,49,50,0.495,28611.00,206735.00,no,1775178882
2026-04-03,KXMLBGAME-26APR022145NYMSF-SF,KXMLBGAME-26APR022145NYMSF,San Francisco,San Francisco,47,48,0.475,96727.00,274133.00,yes,1775178012
2026-04-03,KXMLBGAME-26APR021610TORCWS-TOR,KXMLBGAME-26APR021610TORCWS,Toronto,Chicago WS,64,65,0.645,65733.00,232226.00,no,1775239505
2026-04-04,KXMLBGAME-26APR042010PHICOL-PHI,KXMLBGAME-26APR042010PHICOL,Philadelphia,Philadelphia,69,70,0.695,9927.00,40100.00,yes,1775345424
2026-04-04,KXMLBGAME-26APR041905CINTEX-TEX,KXMLBGAME-26APR041905CINTEX,Texas,Cincinnati,57,58,0.575,24228.00,102518.00,no,1775340609
2026-04-04,KXMLBGAME-26APR041910TBMIN-TB,KXMLBGAME-26APR041910TBMIN,Tampa Bay,Tampa Bay,52,53,0.525,5792.00,24419.00,yes,1775341847
2026-04-04,KXMLBGAME-26APR041905MIANYY-NYY,KXMLBGAME-26APR041905MIANYY,New York Y,New York Y,64,65,0.645,166859.00,331013.00,yes,1775345686
2026-04-04,KXMLBGAME-26APR041915ATLAZ-AZ,KXMLBGAME-26APR041915ATLAZ,Arizona,Arizona,52,53,0.525,7911.00,44060.00,yes,1775340298
2026-04-04,KXMLBGAME-26APR041605LADWSH-WSH,KXMLBGAME-26APR041605LADWSH,Washington,Los Angeles D,27,28,0.275,5571.00,38814.00,no,1775331059
2026-04-04,KXMLBGAME-26APR041605HOUATH-HOU,KXMLBGAME-26APR041605HOUATH,Houston,Houston,51,52,0.515,11102.00,65235.00,yes,1775332506
2026-04-04,KXMLBGAME-26APR041605BALPIT-PIT,KXMLBGAME-26APR041605BALPIT,Pittsburgh,Pittsburgh,51,52,0.515,21199.00,62461.00,yes,1775332506
2026-04-04,KXMLBGAME-26APR041610MILKC-MIL,KXMLBGAME-26APR041610MILKC,Milwaukee,Milwaukee,52,53,0.525,58868.00,242375.00,yes,1775325055
2026-04-04,KXMLBGAME-26APR041610SDBOS-SD,KXMLBGAME-26APR041610SDBOS,San Diego,San Diego,42,43,0.425,4484.00,34365.00,yes,1775331628
2026-04-04,KXMLBGAME-26APR041410TORCWS-TOR,KXMLBGAME-26APR041410TORCWS,Toronto,Chicago WS,58,59,0.585,110415.00,377742.00,no,1775324113
2026-04-04,KXMLBGAME-26APR041310STLDET-STL,KXMLBGAME-26APR041310STLDET,St. Louis,Detroit,38,39,0.385,55526.00,94009.00,no,1775325060
2026-04-04,KXMLBGAME-26APR032215NYMSF-SF,KXMLBGAME-26APR032215NYMSF,San Francisco,New York M,45,46,0.455,72365.00,186337.00,no,1775267679
2026-04-04,KXMLBGAME-26APR032138SEALAA-SEA,KXMLBGAME-26APR032138SEALAA,Seattle,Seattle,59,60,0.595,95871.00,329360.00,yes,1775266480
2026-04-04,KXMLBGAME-26APR032140HOUATH-HOU,KXMLBGAME-26APR032140HOUATH,Houston,A's,49,50,0.495,161803.00,525230.00,no,1775265353
2026-04-04,KXMLBGAME-26APR032145ATLAZ-AZ,KXMLBGAME-26APR032145ATLAZ,Arizona,Atlanta,49,50,0.495,20371.00,116955.00,no,1775263203
2026-04-04,KXMLBGAME-26APR031945MILKC-MIL,KXMLBGAME-26APR031945MILKC,Milwaukee,Kansas City,46,48,0.47,57886.00,423362.00,no,1775342689
2026-04-05,KXMLBGAME-26APR051920STLDET-STL,KXMLBGAME-26APR051920STLDET,St. Louis,St. Louis,44,45,0.445,64851.00,90461.00,yes,1775429704
2026-04-05,KXMLBGAME-26APR051605NYMSF-SF,KXMLBGAME-26APR051605NYMSF,San Francisco,New York M,52,53,0.525,17462.00,65378.00,no,1775416831
2026-04-05,KXMLBGAME-26APR051605HOUATH-HOU,KXMLBGAME-26APR051605HOUATH,Houston,A's,54,55,0.545,351627.00,720592.00,no,1775421895
2026-04-05,KXMLBGAME-26APR051610ATLAZ-AZ,KXMLBGAME-26APR051610ATLAZ,Arizona,Arizona,49,50,0.495,3333.00,9415.00,yes,1775418299
2026-04-05,KXMLBGAME-26APR051607SEALAA-SEA,KXMLBGAME-26APR051607SEALAA,Seattle,Los Angeles A,60,61,0.605,24248.00,92801.00,no,1775420682
2026-04-05,KXMLBGAME-26APR051510PHICOL-PHI,KXMLBGAME-26APR051510PHICOL,Philadelphia,Colorado,57,59,0.58,8846.00,81656.00,no,1775412913
2026-04-05,KXMLBGAME-26APR051435CINTEX-TEX,KXMLBGAME-26APR051435CINTEX,Texas,Cincinnati,53,54,0.535,20467.00,108107.00,no,1775412631
2026-04-05,KXMLBGAME-26APR051410MILKC-MIL,KXMLBGAME-26APR051410MILKC,Milwaukee,Milwaukee,47,48,0.475,15016.00,87007.00,yes,1775411714
2026-04-05,KXMLBGAME-26APR051410TORCWS-TOR,KXMLBGAME-26APR051410TORCWS,Toronto,Chicago WS,60,61,0.605,35206.00,206211.00,no,1775409902
2026-04-05,KXMLBGAME-26APR051410TBMIN-TB,KXMLBGAME-26APR051410TBMIN,Tampa Bay,Tampa Bay,49,50,0.495,2360.00,14038.00,yes,1775410302
2026-04-05,KXMLBGAME-26APR051340CHCCLE-CLE,KXMLBGAME-26APR051340CHCCLE,Cleveland,Chicago C,44,45,0.445,42095.00,151811.00,no,1775406314
2026-04-05,KXMLBGAME-26APR051335MIANYY-NYY,KXMLBGAME-26APR051335MIANYY,New York Y,Miami,73,74,0.735,65785.00,286794.00,no,1775423411
2026-04-05,KXMLBGAME-26APR051335SDBOS-SD,KXMLBGAME-26APR051335SDBOS,San Diego,San Diego,40,41,0.405,34284.00,74378.00,yes,1775409036
2026-04-05,KXMLBGAME-26APR051335LADWSH-WSH,KXMLBGAME-26APR051335LADWSH,Washington,Los Angeles D,38,39,0.385,2785.00,85352.00,no,1775417093
2026-04-05,KXMLBGAME-26APR051335BALPIT-PIT,KXMLBGAME-26APR051335BALPIT,Pittsburgh,Pittsburgh,54,55,0.545,24327.00,156517.00,yes,1775407513
2026-04-05,KXMLBGAME-26APR042138SEALAA-SEA,KXMLBGAME-26APR042138SEALAA,Seattle,Los Angeles A,58,60,0.59,23377.00,86203.00,no,1775349883
2026-04-05,KXMLBGAME-26APR042105NYMSF-SF,KXMLBGAME-26APR042105NYMSF,San Francisco,New York M,52,53,0.525,24509.00,71486.00,no,1775347809
2026-04-05,KXMLBGAME-26APR041915CHCCLE-CLE,KXMLBGAME-26APR041915CHCCLE,Cleveland,Cleveland,45,47,0.46,19493.00,54301.00,yes,1775420682
2026-04-06,KXMLBGAME-26APR062005SEATEX-TEX,KXMLBGAME-26APR062005SEATEX,Texas,Texas,52,53,0.525,9809.00,31501.00,yes,1775517605
2026-04-06,KXMLBGAME-26APR061940BALCWS-CWS,KXMLBGAME-26APR061940BALCWS,Chicago WS,Baltimore,44,45,0.445,5477.00,19635.00,no,1775515212
2026-04-06,KXMLBGAME-26APR061940DETMIN-MIN,KXMLBGAME-26APR061940DETMIN,Minnesota,Minnesota,52,53,0.525,6875.00,17703.00,yes,1775517287
2026-04-06,KXMLBGAME-26APR061907LADTOR-TOR,KXMLBGAME-26APR061907LADTOR,Toronto,Los Angeles D,44,45,0.445,16004.00,85111.00,no,1775515212
2026-04-06,KXMLBGAME-26APR061845STLWSH-WSH,KXMLBGAME-26APR061845STLWSH,Washington,Washington,48,49,0.485,1267.00,15713.00,yes,1775514649
2026-04-06,KXMLBGAME-26APR061840SDPIT-SD,KXMLBGAME-26APR061840SDPIT,San Diego,San Diego,43,44,0.435,12786.00,48726.00,yes,1775513697
2026-04-06,KXMLBGAME-26APR061845MILBOS-MIL,KXMLBGAME-26APR061845MILBOS,Milwaukee,Milwaukee,53,54,0.535,44383.00,347214.00,yes,1775514894
2026-04-06,KXMLBGAME-26APR061840CINMIA-MIA,KXMLBGAME-26APR061840CINMIA,Miami,Cincinnati,55,56,0.555,7726.00,43416.00,no,1775511298
2026-04-06,KXMLBGAME-26APR061810KCCLE-KC,KXMLBGAME-26APR061810KCCLE,Kansas City,Kansas City,47,48,0.475,7903.00,31143.00,yes,1775510707
2026-04-06,KXMLBGAME-26APR061610CHCTB-TB,KXMLBGAME-26APR061610CHCTB,Tampa Bay,Tampa Bay,54,55,0.545,78903.00,366756.00,yes,1775502056
2026-04-07,KXMLBGAME-26APR072040HOUCOL-HOU,KXMLBGAME-26APR072040HOUCOL,Houston,Colorado,60,61,0.605,5476.00,60554.00,no,1775605216
2026-04-07,KXMLBGAME-26APR072005SEATEX-TEX,KXMLBGAME-26APR072005SEATEX,Texas,Texas,47,48,0.475,5973.00,24620.00,yes,1775602485
2026-04-07,KXMLBGAME-26APR071940DETMIN-MIN,KXMLBGAME-26APR071940DETMIN,Minnesota,Minnesota,39,40,0.395,2759.00,17530.00,yes,1775603440
2026-04-07,KXMLBGAME-26APR071940BALCWS-CWS,KXMLBGAME-26APR071940BALCWS,Chicago WS,Baltimore,41,42,0.415,11428.00,39736.00,no,1775588179
2026-04-07,KXMLBGAME-26APR071907LADTOR-TOR,KXMLBGAME-26APR071907LADTOR,Toronto,Los Angeles D,42,43,0.425,12446.00,117408.00,no,1775601302
2026-04-07,KXMLBGAME-26APR071905ATHNYY-NYY,KXMLBGAME-26APR071905ATHNYY,New York Y,New York Y,68,69,0.685,28297.00,249325.00,yes,1775601895
2026-04-07,KXMLBGAME-26APR071910AZNYM-NYM,KXMLBGAME-26APR071910AZNYM,New York M,New York M,58,59,0.585,18443.00,73538.00,yes,1775591726
2026-04-07,KXMLBGAME-26APR071840CHCTB-TB,KXMLBGAME-26APR071840CHCTB,Tampa Bay,Chicago C,52,53,0.525,24099.00,140597.00,no,1775599504
2026-04-07,KXMLBGAME-26APR071845MILBOS-MIL,KXMLBGAME-26APR071845MILBOS,Milwaukee,Boston,41,42,0.415,56291.00,217857.00,no,1775598710
2026-04-07,KXMLBGAME-26APR071840CINMIA-MIA,KXMLBGAME-26APR071840CINMIA,Miami,Cincinnati,57,58,0.575,27304.00,121713.00,no,1775600420
2026-04-07,KXMLBGAME-26APR071840SDPIT-SD,KXMLBGAME-26APR071840SDPIT,San Diego,Pittsburgh,42,43,0.425,6880.00,70357.00,no,1775598710
2026-04-07,KXMLBGAME-26APR071845STLWSH-WSH,KXMLBGAME-26APR071845STLWSH,Washington,St. Louis,51,52,0.515,7119.00,29217.00,no,1775601898
2026-04-07,KXMLBGAME-26APR071810KCCLE-KC,KXMLBGAME-26APR071810KCCLE,Kansas City,Cleveland,47,48,0.475,52241.00,129212.00,no,1775579478
2026-04-07,KXMLBGAME-26APR062145PHISF-SF,KXMLBGAME-26APR062145PHISF,San Francisco,Philadelphia,48,49,0.485,11154.00,28727.00,no,1775524201
2026-04-07,KXMLBGAME-26APR062138ATLLAA-LAA,KXMLBGAME-26APR062138ATLLAA,Los Angeles A,Los Angeles A,38,39,0.385,4006.00,49359.00,yes,1775521826
2026-04-07,KXMLBGAME-26APR062040HOUCOL-HOU,KXMLBGAME-26APR062040HOUCOL,Houston,Colorado,58,59,0.585,16406.00,83015.00,no,1775520017
2026-04-08,KXMLBGAME-26APR081940DETMIN-MIN,KXMLBGAME-26APR081940DETMIN,Minnesota,Minnesota,41,42,0.415,72954.00,84501.00,yes,1775690084
2026-04-08,KXMLBGAME-26APR081905ATHNYY-NYY,KXMLBGAME-26APR081905ATHNYY,New York Y,A's,64,65,0.645,82572.00,214670.00,no,1775687426
2026-04-08,KXMLBGAME-26APR081910AZNYM-NYM,KXMLBGAME-26APR081910AZNYM,New York M,Arizona,55,56,0.555,7531.00,51736.00,no,1775676656
2026-04-08,KXMLBGAME-26APR081840CINMIA-MIA,KXMLBGAME-26APR081840CINMIA,Miami,Miami,54,55,0.545,33805.00,94748.00,yes,1775686217
2026-04-08,KXMLBGAME-26APR081840CHCTB-TB,KXMLBGAME-26APR081840CHCTB,Tampa Bay,Chicago C,51,52,0.515,8986.00,36329.00,no,1775684690
2026-04-08,KXMLBGAME-26APR081607ATLLAA-LAA,KXMLBGAME-26APR081607ATLLAA,Los Angeles A,Atlanta,46,47,0.465,6033.00,34510.00,no,1775676658
2026-04-08,KXMLBGAME-26APR081605STLWSH-WSH,KXMLBGAME-26APR081605STLWSH,Washington,St. Louis,47,48,0.475,2556.00,10088.00,no,1775676283
2026-04-08,KXMLBGAME-26APR081545PHISF-SF,KXMLBGAME-26APR081545PHISF,San Francisco,San Francisco,44,45,0.445,5273.00,25345.00,yes,1775674262
2026-04-08,KXMLBGAME-26APR081510HOUCOL-HOU,KXMLBGAME-26APR081510HOUCOL,Houston,Colorado,56,57,0.565,15945.00,90290.00,no,1775673923
2026-04-08,KXMLBGAME-26APR081507LADTOR-TOR,KXMLBGAME-26APR081507LADTOR,Toronto,Toronto,41,42,0.415,25588.00,151697.00,yes,1775673318
2026-04-08,KXMLBGAME-26APR081435SEATEX-TEX,KXMLBGAME-26APR081435SEATEX,Texas,Texas,45,46,0.455,7277.00,46701.00,yes,1775669105
2026-04-08,KXMLBGAME-26APR081410BALCWS-CWS,KXMLBGAME-26APR081410BALCWS,Chicago WS,Baltimore,42,43,0.425,4936.00,32396.00,no,1775670641
2026-04-08,KXMLBGAME-26APR081335MILBOS-MIL,KXMLBGAME-26APR081335MILBOS,Milwaukee,Boston,44,45,0.445,28254.00,121331.00,no,1775667044
2026-04-08,KXMLBGAME-26APR081310KCCLE-KC,KXMLBGAME-26APR081310KCCLE,Kansas City,Cleveland,54,55,0.545,27019.00,103857.00,no,1775666117
2026-04-08,KXMLBGAME-26APR081235SDPIT-SD,KXMLBGAME-26APR081235SDPIT,San Diego,San Diego,51,52,0.515,111629.00,543028.00,yes,1775664052
2026-04-08,KXMLBGAME-26APR072145PHISF-SF,KXMLBGAME-26APR072145PHISF,San Francisco,San Francisco,41,42,0.415,10237.00,41143.00,yes,1775610281
2026-04-08,KXMLBGAME-26APR072138ATLLAA-LAA,KXMLBGAME-26APR072138ATLLAA,Los Angeles A,Atlanta,45,46,0.455,9566.00,40799.00,no,1775612080
2026-04-09,KXMLBGAME-26APR091940CWSKC-KC,KXMLBGAME-26APR091940CWSKC,Kansas City,Chicago WS,62,63,0.625,44696.00,210783.00,no,1775775000
2026-04-09,KXMLBGAME-26APR091910AZNYM-NYM,KXMLBGAME-26APR091910AZNYM,New York M,Arizona,62,63,0.625,119807.00,293071.00,no,1775773827
2026-04-09,KXMLBGAME-26APR091335ATHNYY-NYY,KXMLBGAME-26APR091335ATHNYY,New York Y,A's,64,65,0.645,58076.00,326337.00,no,1775752483
2026-04-09,KXMLBGAME-26APR091340DETMIN-MIN,KXMLBGAME-26APR091340DETMIN,Minnesota,Minnesota,45,46,0.455,19697.00,89647.00,yes,1775754287
2026-04-09,KXMLBGAME-26APR091210CINMIA-MIA,KXMLBGAME-26APR091210CINMIA,Miami,Miami,52,53,0.525,51858.00,137041.00,yes,1775750086
2026-04-10,KXMLBGAME-26APR102015BOSSTL-STL,KXMLBGAME-26APR102015BOSSTL,St. Louis,St. Louis,43,44,0.435,8399.00,35644.00,yes,1775863818
2026-04-10,KXMLBGAME-26APR101940WSHMIL-WSH,KXMLBGAME-26APR101940WSHMIL,Washington,Washington,35,36,0.355,1626.00,29690.00,yes,1775862615
2026-04-10,KXMLBGAME-26APR101940CWSKC-KC,KXMLBGAME-26APR101940CWSKC,Kansas City,Kansas City,62,63,0.625,8446.00,40929.00,yes,1775859311
2026-04-10,KXMLBGAME-26APR101910NYYTB-TB,KXMLBGAME-26APR101910NYYTB,Tampa Bay,Tampa Bay,49,50,0.495,46200.00,111761.00,yes,1775859903
2026-04-10,KXMLBGAME-26APR101915CLEATL-CLE,KXMLBGAME-26APR101915CLEATL,Cleveland,Atlanta,44,45,0.445,5771.00,59334.00,no,1775860272
2026-04-10,KXMLBGAME-26APR101910ATHNYM-NYM,KXMLBGAME-26APR101910ATHNYM,New York M,A's,57,58,0.575,28945.00,305033.00,no,1775859635
2026-04-10,KXMLBGAME-26APR101915SFBAL-SF,KXMLBGAME-26APR101915SFBAL,San Francisco,San Francisco,46,47,0.465,9791.00,39418.00,yes,1775860491
2026-04-10,KXMLBGAME-26APR101907MINTOR-TOR,KXMLBGAME-26APR101907MINTOR,Toronto,Toronto,56,57,0.565,25104.00,56955.00,yes,1775860823
2026-04-10,KXMLBGAME-26APR101840MIADET-MIA,KXMLBGAME-26APR101840MIADET,Miami,Detroit,43,44,0.435,29329.00,123543.00,no,1775856718
2026-04-10,KXMLBGAME-26APR101840AZPHI-PHI,KXMLBGAME-26APR101840AZPHI,Philadelphia,Arizona,61,62,0.615,4980.00,35068.00,no,1775858104
2026-04-10,KXMLBGAME-26APR101845LAACIN-LAA,KXMLBGAME-26APR101845LAACIN,Los Angeles A,Los Angeles A,38,39,0.385,13423.00,448769.00,yes,1775858433
2026-04-10,KXMLBGAME-26APR101420PITCHC-PIT,KXMLBGAME-26APR101420PITCHC,Pittsburgh,Pittsburgh,42,43,0.425,47004.00,190337.00,yes,1775842845
2026-04-10,KXMLBGAME-26APR092140COLSD-SD,KXMLBGAME-26APR092140COLSD,San Diego,San Diego,62,63,0.625,281534.00,422995.00,yes,1775787004
2026-04-11,KXMLBGAME-26APR111910WSHMIL-WSH,KXMLBGAME-26APR111910WSHMIL,Washington,Washington,38,39,0.385,21148.00,35333.00,yes,1775946635
2026-04-11,KXMLBGAME-26APR111915SFBAL-SF,KXMLBGAME-26APR111915SFBAL,San Francisco,Baltimore,51,52,0.515,429971.00,606805.00,no,1775947496
2026-04-11,KXMLBGAME-26APR111915CLEATL-CLE,KXMLBGAME-26APR111915CLEATL,Cleveland,Cleveland,47,48,0.475,7890.00,48310.00,yes,1775947266
2026-04-11,KXMLBGAME-26APR111915BOSSTL-STL,KXMLBGAME-26APR111915BOSSTL,St. Louis,Boston,44,45,0.445,20407.00,162440.00,no,1775948085
2026-04-11,KXMLBGAME-26APR111810NYYTB-TB,KXMLBGAME-26APR111810NYYTB,Tampa Bay,Tampa Bay,37,38,0.375,5341.00,35291.00,yes,1775943621
2026-04-11,KXMLBGAME-26APR111610ATHNYM-NYM,KXMLBGAME-26APR111610ATHNYM,New York M,A's,60,61,0.605,100918.00,217766.00,no,1775937621
2026-04-11,KXMLBGAME-26APR111610LAACIN-LAA,KXMLBGAME-26APR111610LAACIN,Los Angeles A,Cincinnati,45,46,0.455,5429.00,26833.00,no,1775937294
2026-04-11,KXMLBGAME-26APR111610CWSKC-KC,KXMLBGAME-26APR111610CWSKC,Kansas City,Kansas City,63,64,0.635,10126.00,60387.00,yes,1775934301
2026-04-11,KXMLBGAME-26APR111507MINTOR-TOR,KXMLBGAME-26APR111507MINTOR,Toronto,Minnesota,52,53,0.525,16783.00,155896.00,no,1775931048
2026-04-11,KXMLBGAME-26APR111420PITCHC-PIT,KXMLBGAME-26APR111420PITCHC,Pittsburgh,Pittsburgh,43,44,0.435,56834.00,127100.00,yes,1775932822
2026-04-11,KXMLBGAME-26APR111310MIADET-MIA,KXMLBGAME-26APR111310MIADET,Miami,Detroit,44,45,0.445,63664.00,165296.00,no,1775924422
2026-04-11,KXMLBGAME-26APR111305AZPHI-PHI,KXMLBGAME-26APR111305AZPHI,Philadelphia,Philadelphia,54,55,0.545,72764.00,243671.00,yes,1775924420
2026-04-11,KXMLBGAME-26APR102210TEXLAD-TEX,KXMLBGAME-26APR102210TEXLAD,Texas,Los Angeles D,33,34,0.335,6134.00,37400.00,no,1775871283
2026-04-11,KXMLBGAME-26APR102140COLSD-SD,KXMLBGAME-26APR102140COLSD,San Diego,San Diego,60,61,0.605,10928.00,42363.00,yes,1775868612
2026-04-11,KXMLBGAME-26APR102140HOUSEA-SEA,KXMLBGAME-26APR102140HOUSEA,Seattle,Seattle,56,57,0.565,113192.00,189421.00,yes,1775871035
2026-04-12,KXMLBGAME-26APR121920CLEATL-CLE,KXMLBGAME-26APR121920CLEATL,Cleveland,Atlanta,36,37,0.365,33030.00,93055.00,no,1776033885
2026-04-12,KXMLBGAME-26APR121610HOUSEA-SEA,KXMLBGAME-26APR121610HOUSEA,Seattle,Seattle,60,61,0.605,128179.00,154581.00,yes,1776021610
2026-04-12,KXMLBGAME-26APR121610TEXLAD-TEX,KXMLBGAME-26APR121610TEXLAD,Texas,Texas,46,47,0.465,29973.00,83820.00,yes,1776023403
2026-04-12,KXMLBGAME-26APR121610COLSD-SD,KXMLBGAME-26APR121610COLSD,San Diego,San Diego,67,68,0.675,21683.00,59372.00,yes,1776024883
2026-04-12,KXMLBGAME-26APR121420PITCHC-PIT,KXMLBGAME-26APR121420PITCHC,Pittsburgh,Chicago C,44,45,0.445,36354.00,84174.00,no,1776016819
2026-04-12,KXMLBGAME-26APR121410CWSKC-KC,KXMLBGAME-26APR121410CWSKC,Kansas City,Chicago WS,62,63,0.625,5478.00,49432.00,no,1776026100
2026-04-12,KXMLBGAME-26APR121415BOSSTL-STL,KXMLBGAME-26APR121415BOSSTL,St. Louis,Boston,47,48,0.475,13896.00,52859.00,no,1776015291
2026-04-12,KXMLBGAME-26APR121410WSHMIL-WSH,KXMLBGAME-26APR121410WSHMIL,Washington,Washington,33,34,0.335,19595.00,42702.00,yes,1776015291
2026-04-12,KXMLBGAME-26APR121340LAACIN-LAA,KXMLBGAME-26APR121340LAACIN,Los Angeles A,Los Angeles A,51,52,0.515,23320.00,70070.00,yes,1776014427
2026-04-12,KXMLBGAME-26APR121340NYYTB-TB,KXMLBGAME-26APR121340NYYTB,Tampa Bay,Tampa Bay,42,43,0.425,24475.00,51169.00,yes,1776012315
2026-04-12,KXMLBGAME-26APR121335SFBAL-SF,KXMLBGAME-26APR121335SFBAL,San Francisco,Baltimore,46,47,0.465,26977.00,379393.00,no,1776013252
2026-04-12,KXMLBGAME-26APR121340MIADET-MIA,KXMLBGAME-26APR121340MIADET,Miami,Detroit,37,38,0.375,25273.00,98393.00,no,1776011708
2026-04-12,KXMLBGAME-26APR121337MINTOR-TOR,KXMLBGAME-26APR121337MINTOR,Toronto,Minnesota,55,56,0.555,24171.00,104374.00,no,1776013823
2026-04-12,KXMLBGAME-26APR121340ATHNYM-NYM,KXMLBGAME-26APR121340ATHNYM,New York M,A's,60,61,0.605,11829.00,66229.00,no,1776012040
2026-04-12,KXMLBGAME-26APR121335AZPHI-PHI,KXMLBGAME-26APR121335AZPHI,Philadelphia,Arizona,57,59,0.58,57338.00,144484.00,no,1776013505
2026-04-12,KXMLBGAME-26APR112140HOUSEA-SEA,KXMLBGAME-26APR112140HOUSEA,Seattle,Seattle,58,59,0.585,15113.00,79101.00,yes,1775957412
2026-04-12,KXMLBGAME-26APR112110TEXLAD-TEX,KXMLBGAME-26APR112110TEXLAD,Texas,Los Angeles D,37,38,0.375,14377.00,82640.00,no,1775953480
2026-04-12,KXMLBGAME-26APR112040COLSD-SD,KXMLBGAME-26APR112040COLSD,San Diego,San Diego,59,60,0.595,27722.00,95796.00,yes,1775953211
2026-04-13,KXMLBGAME-26APR131945CLESTL-STL,KXMLBGAME-26APR131945CLESTL,St. Louis,Cleveland,48,49,0.485,27508.00,56955.00,no,1776122408
2026-04-13,KXMLBGAME-26APR131940BOSMIN-MIN,KXMLBGAME-26APR131940BOSMIN,Minnesota,Minnesota,40,41,0.405,14096.00,56624.00,yes,1776120611
2026-04-13,KXMLBGAME-26APR131915MIAATL-MIA,KXMLBGAME-26APR131915MIAATL,Miami,Miami,42,43,0.425,11181.00,83241.00,yes,1776120610
2026-04-13,KXMLBGAME-26APR131905LAANYY-NYY,KXMLBGAME-26APR131905LAANYY,New York Y,New York Y,62,63,0.625,159249.00,367788.00,yes,1776122686
2026-04-13,KXMLBGAME-26APR131835AZBAL-BAL,KXMLBGAME-26APR131835AZBAL,Baltimore,Baltimore,53,54,0.535,79291.00,161482.00,yes,1776117629
2026-04-13,KXMLBGAME-26APR131840WSHPIT-WSH,KXMLBGAME-26APR131840WSHPIT,Washington,Pittsburgh,33,34,0.335,16860.00,53060.00,no,1776118229
2026-04-13,KXMLBGAME-26APR131840CHCPHI-PHI,KXMLBGAME-26APR131840CHCPHI,Philadelphia,Philadelphia,62,63,0.625,68202.00,171716.00,yes,1776118229
2026-04-13,KXMLBGAME-26APR131610HOUSEA-SEA,KXMLBGAME-26APR131610HOUSEA,Seattle,Seattle,61,62,0.615,82298.00,304031.00,yes,1776106835
2026-04-14,KXMLBGAME-26APR142010COLHOU-HOU,KXMLBGAME-26APR142010COLHOU,Houston,Houston,61,62,0.615,5476.00,94064.00,yes,1776210619
2026-04-14,KXMLBGAME-26APR141940TORMIL-TOR,KXMLBGAME-26APR141940TORMIL,Toronto,Toronto,47,48,0.475,10260.00,69970.00,yes,1776210101
2026-04-14,KXMLBGAME-26APR141945CLESTL-STL,KXMLBGAME-26APR141945CLESTL,St. Louis,St. Louis,46,47,0.465,10835.00,52650.00,yes,1776208813
2026-04-14,KXMLBGAME-26APR141940TBCWS-TB,KXMLBGAME-26APR141940TBCWS,Tampa Bay,Tampa Bay,55,56,0.555,12655.00,78957.00,yes,1776208215
2026-04-14,KXMLBGAME-26APR141940BOSMIN-MIN,KXMLBGAME-26APR141940BOSMIN,Minnesota,Minnesota,44,45,0.445,38983.00,94180.00,yes,1776207034
2026-04-14,KXMLBGAME-26APR141905LAANYY-NYY,KXMLBGAME-26APR141905LAANYY,New York Y,Los Angeles A,61,62,0.615,29970.00,135111.00,no,1776206455
2026-04-14,KXMLBGAME-26APR141915MIAATL-MIA,KXMLBGAME-26APR141915MIAATL,Miami,Atlanta,39,40,0.395,6255.00,40099.00,no,1776205576
2026-04-14,KXMLBGAME-26APR141840SFCIN-SF,KXMLBGAME-26APR141840SFCIN,San Francisco,Cincinnati,48,49,0.485,27237.00,191733.00,no,1776202846
2026-04-14,KXMLBGAME-26APR141840WSHPIT-WSH,KXMLBGAME-26APR141840WSHPIT,Washington,Washington,37,38,0.375,20959.00,51116.00,yes,1776206455
2026-04-14,KXMLBGAME-26APR141840CHCPHI-PHI,KXMLBGAME-26APR141840CHCPHI,Philadelphia,Chicago C,56,58,0.57,48947.00,164940.00,no,1776205577
2026-04-14,KXMLBGAME-26APR141840KCDET-KC,KXMLBGAME-26APR141840KCDET,Kansas City,Detroit,48,49,0.485,32676.00,85874.00,no,1776202511
2026-04-14,KXMLBGAME-26APR141835AZBAL-BAL,KXMLBGAME-26APR141835AZBAL,Baltimore,Arizona,59,60,0.595,68888.00,199018.00,no,1776204310
2026-04-14,KXMLBGAME-26APR132210NYMLAD-NYM,KXMLBGAME-26APR132210NYMLAD,New York M,Los Angeles D,40,41,0.405,19225.00,132373.00,no,1776128422
2026-04-14,KXMLBGAME-26APR132140TEXATH-TEX,KXMLBGAME-26APR132140TEXATH,Texas,Texas,53,54,0.535,26379.00,179716.00,yes,1776127490
2026-04-15,KXMLBGAME-26APR152010COLHOU-HOU,KXMLBGAME-26APR152010COLHOU,Houston,Houston,63,64,0.635,13248.00,54837.00,yes,1776295839
2026-04-15,KXMLBGAME-26APR151940TBCWS-TB,KXMLBGAME-26APR151940TBCWS,Tampa Bay,Tampa Bay,51,52,0.515,26870.00,105785.00,yes,1776294888
2026-04-15,KXMLBGAME-26APR151940TORMIL-TOR,KXMLBGAME-26APR151940TORMIL,Toronto,Milwaukee,52,53,0.525,17006.00,41478.00,no,1776293094
2026-04-15,KXMLBGAME-26APR151915MIAATL-MIA,KXMLBGAME-26APR151915MIAATL,Miami,Atlanta,39,40,0.395,7225.00,28525.00,no,1776292841
2026-04-15,KXMLBGAME-26APR151905LAANYY-NYY,KXMLBGAME-26APR151905LAANYY,New York Y,New York Y,63,64,0.635,40855.00,97420.00,yes,1776291017
2026-04-15,KXMLBGAME-26APR151840WSHPIT-WSH,KXMLBGAME-26APR151840WSHPIT,Washington,Pittsburgh,38,39,0.385,12475.00,29743.00,no,1776288664
2026-04-15,KXMLBGAME-26APR151840SFCIN-SF,KXMLBGAME-26APR151840SFCIN,San Francisco,Cincinnati,50,51,0.505,49885.00,76302.00,no,1776289237
2026-04-15,KXMLBGAME-26APR151840KCDET-KC,KXMLBGAME-26APR151840KCDET,Kansas City,Detroit,45,46,0.455,91631.00,115977.00,no,1776289239
2026-04-15,KXMLBGAME-26APR151840CHCPHI-PHI,KXMLBGAME-26APR151840CHCPHI,Philadelphia,Chicago C,55,57,0.56,23866.00,57827.00,no,1776290099
2026-04-15,KXMLBGAME-26APR151340BOSMIN-MIN,KXMLBGAME-26APR151340BOSMIN,Minnesota,Boston,47,48,0.475,44151.00,333738.00,no,1776272466
2026-04-15,KXMLBGAME-26APR151315CLESTL-STL,KXMLBGAME-26APR151315CLESTL,St. Louis,St. Louis,51,52,0.515,6758.00,55268.00,yes,1776271855
2026-04-15,KXMLBGAME-26APR151235AZBAL-BAL,KXMLBGAME-26APR151235AZBAL,Baltimore,Arizona,54,55,0.545,124884.00,220780.00,no,1776270302
2026-04-15,KXMLBGAME-26APR142210NYMLAD-NYM,KXMLBGAME-26APR142210NYMLAD,New York M,Los Angeles D,35,36,0.355,5594.00,48194.00,no,1776214204
2026-04-15,KXMLBGAME-26APR142140SEASD-SEA,KXMLBGAME-26APR142140SEASD,Seattle,San Diego,52,53,0.525,11896.00,108964.00,no,1776213386
2026-04-15,KXMLBGAME-26APR142140TEXATH-TEX,KXMLBGAME-26APR142140TEXATH,Texas,A's,54,55,0.545,13788.00,97449.00,no,1776214819
2026-04-16,KXMLBGAME-26APR162010COLHOU-HOU,KXMLBGAME-26APR162010COLHOU,Houston,Colorado,59,60,0.595,148152.57,291646.10,no,1776383843
2026-04-16,KXMLBGAME-26APR161810BALCLE-CLE,KXMLBGAME-26APR161810BALCLE,Cleveland,Cleveland,54,55,0.545,185920.67,321448.36,yes,1776374087
2026-04-16,KXMLBGAME-26APR161505TEXATH-TEX,KXMLBGAME-26APR161505TEXATH,Texas,Texas,51,52,0.515,42055.57,89114.61,yes,1776365684
2026-04-16,KXMLBGAME-26APR161410TBCWS-TB,KXMLBGAME-26APR161410TBCWS,Tampa Bay,Tampa Bay,54,55,0.545,136161.20,323119.43,yes,1776362434
2026-04-16,KXMLBGAME-26APR161335LAANYY-NYY,KXMLBGAME-26APR161335LAANYY,New York Y,Los Angeles A,72,73,0.725,49452.71,172733.07,no,1776360291
2026-04-16,KXMLBGAME-26APR161340TORMIL-TOR,KXMLBGAME-26APR161340TORMIL,Toronto,Milwaukee,47,48,0.475,17919.20,52415.49,no,1776357059
2026-04-16,KXMLBGAME-26APR161310KCDET-KC,KXMLBGAME-26APR161310KCDET,Kansas City,Detroit,52,53,0.525,57986.29,292535.25,no,1776365092
2026-04-16,KXMLBGAME-26APR161235WSHPIT-WSH,KXMLBGAME-26APR161235WSHPIT,Washington,Washington,34,36,0.35,187520.36,302129.09,yes,1776358838
2026-04-16,KXMLBGAME-26APR161240SFCIN-SF,KXMLBGAME-26APR161240SFCIN,San Francisco,San Francisco,45,46,0.455,22348.64,94749.20,yes,1776354295
2026-04-16,KXMLBGAME-26APR152210NYMLAD-NYM,KXMLBGAME-26APR152210NYMLAD,New York M,Los Angeles D,36,37,0.365,10348.00,121827.00,no,1776302692
2026-04-16,KXMLBGAME-26APR152140SEASD-SEA,KXMLBGAME-26APR152140SEASD,Seattle,San Diego,49,50,0.495,27811.00,139442.00,no,1776302408
2026-04-16,KXMLBGAME-26APR152140TEXATH-TEX,KXMLBGAME-26APR152140TEXATH,Texas,A's,47,48,0.475,9288.00,67947.00,no,1776302093
2026-04-17,KXMLBGAME-26APR171845SFWSH-WSH,KXMLBGAME-26APR171845SFWSH,Washington,San Francisco,42,43,0.425,19932.90,79295.14,no,1776464113
2026-04-17,KXMLBGAME-26APR171910MILMIA-MIL,KXMLBGAME-26APR171910MILMIA,Milwaukee,Milwaukee,48,49,0.485,23662.44,68702.78,yes,1776467431
2026-04-17,KXMLBGAME-26APR171840ATLPHI-PHI,KXMLBGAME-26APR171840ATLPHI,Philadelphia,Atlanta,48,49,0.485,16586.57,74022.25,no,1776462646
2026-04-17,KXMLBGAME-26APR171845TBPIT-TB,KXMLBGAME-26APR171845TBPIT,Tampa Bay,Pittsburgh,47,48,0.475,48705.93,118614.33,no,1776463506
2026-04-17,KXMLBGAME-26APR172040LADCOL-LAD,KXMLBGAME-26APR172040LADCOL,Los Angeles D,Los Angeles D,73,74,0.735,66517.89,435718.80,yes,1776469823
2026-04-17,KXMLBGAME-26APR172010STLHOU-STL,KXMLBGAME-26APR172010STLHOU,St. Louis,St. Louis,45,46,0.455,22558.32,49247.54,yes,1776468892
2026-04-17,KXMLBGAME-26APR171905KCNYY-NYY,KXMLBGAME-26APR171905KCNYY,New York Y,New York Y,61,62,0.615,68145.73,171968.92,yes,1776464422
2026-04-17,KXMLBGAME-26APR172010CINMIN-MIN,KXMLBGAME-26APR172010CINMIN,Minnesota,Cincinnati,60,61,0.605,8480.06,52419.92,no,1776468027
2026-04-17,KXMLBGAME-26APR171915DETBOS-DET,KXMLBGAME-26APR171915DETBOS,Detroit,Boston,46,47,0.465,12532.43,70852.41,no,1776465031
2026-04-17,KXMLBGAME-26APR171810BALCLE-CLE,KXMLBGAME-26APR171810BALCLE,Cleveland,Baltimore,55,56,0.555,88165.29,182665.34,no,1776462905
2026-04-17,KXMLBGAME-26APR171420NYMCHC-NYM,KXMLBGAME-26APR171420NYMCHC,New York M,Chicago C,41,42,0.415,134686.05,284722.78,no,1776447125
2026-04-17,KXMLBGAME-26APR162040SEASD-SEA,KXMLBGAME-26APR162040SEASD,Seattle,San Diego,52,53,0.525,105824.08,362066.04,no,1776384010
2026-04-18,KXMLBGAME-26APR182010TORAZ-TOR,KXMLBGAME-26APR182010TORAZ,Toronto,Arizona,41,42,0.415,5913.98,32284.77,no,1776553817
2026-04-18,KXMLBGAME-26APR182010LADCOL-LAD,KXMLBGAME-26APR182010LADCOL,Los Angeles D,Colorado,72,73,0.725,66290.53,520856.17,no,1776555016
2026-04-18,KXMLBGAME-26APR181910STLHOU-STL,KXMLBGAME-26APR181910STLHOU,St. Louis,St. Louis,43,44,0.435,15131.21,46519.63,yes,1776552019
2026-04-18,KXMLBGAME-26APR181915TEXSEA-TEX,KXMLBGAME-26APR181915TEXSEA,Texas,Seattle,44,45,0.445,28895.86,119872.37,no,1776553486
2026-04-18,KXMLBGAME-26APR181915ATLPHI-PHI,KXMLBGAME-26APR181915ATLPHI,Philadelphia,Atlanta,52,53,0.525,16607.12,54517.79,no,1776551699
2026-04-18,KXMLBGAME-26APR181810BALCLE-CLE,KXMLBGAME-26APR181810BALCLE,Cleveland,Cleveland,56,57,0.565,60387.13,96200.86,yes,1776546697
2026-04-18,KXMLBGAME-26APR181610MILMIA-MIL,KXMLBGAME-26APR181610MILMIA,Milwaukee,Milwaukee,49,50,0.495,9440.50,46054.44,yes,1776541240
2026-04-18,KXMLBGAME-26APR181605TBPIT-TB,KXMLBGAME-26APR181605TBPIT,Tampa Bay,Tampa Bay,6,7,0.065,82350.01,399783.05,yes,1776552889
2026-04-18,KXMLBGAME-26APR181610DETBOS-DET,KXMLBGAME-26APR181610DETBOS,Detroit,Detroit,57,58,0.575,16051.76,119363.90,yes,1776540039
2026-04-18,KXMLBGAME-26APR181605CWSATH-CWS,KXMLBGAME-26APR181605CWSATH,Chicago WS,A's,40,41,0.405,5700.16,63332.84,no,1776543623
2026-04-18,KXMLBGAME-26APR181605SFWSH-WSH,KXMLBGAME-26APR181605SFWSH,Washington,San Francisco,49,50,0.495,55638.65,108128.34,no,1776543304
2026-04-18,KXMLBGAME-26APR181420NYMCHC-NYM,KXMLBGAME-26APR181420NYMCHC,New York M,Chicago C,48,49,0.485,61493.38,204750.91,no,1776533470
2026-04-18,KXMLBGAME-26APR181410CINMIN-MIN,KXMLBGAME-26APR181410CINMIN,Minnesota,Cincinnati,55,56,0.555,111302.02,373099.20,no,1776534310
2026-04-18,KXMLBGAME-26APR181335KCNYY-NYY,KXMLBGAME-26APR181335KCNYY,New York Y,New York Y,59,60,0.595,72109.42,388272.02,yes,1776530722
2026-04-18,KXMLBGAME-26APR172138SDLAA-SD,KXMLBGAME-26APR172138SDLAA,San Diego,Los Angeles A,45,46,0.455,50209.38,217532.35,no,1776474888
2026-04-18,KXMLBGAME-26APR172140TEXSEA-TEX,KXMLBGAME-26APR172140TEXSEA,Texas,Texas,45,46,0.455,29329.11,158696.58,yes,1776475834
2026-04-18,KXMLBGAME-26APR172140TORAZ-TOR,KXMLBGAME-26APR172140TORAZ,Toronto,Arizona,43,44,0.435,12627.38,26931.98,no,1776472832
2026-04-18,KXMLBGAME-26APR172140CWSATH-CWS,KXMLBGAME-26APR172140CWSATH,Chicago WS,Chicago WS,40,41,0.405,1983.25,18106.86,yes,1776474627
2026-04-19,KXMLBGAME-26APR191920ATLPHI-PHI,KXMLBGAME-26APR191920ATLPHI,Philadelphia,Atlanta,48,49,0.485,215773.83,427587.09,no,1776639622
2026-04-19,KXMLBGAME-26APR191610TEXSEA-TEX,KXMLBGAME-26APR191610TEXSEA,Texas,Seattle,44,45,0.445,19523.74,78916.21,no,1776626415
2026-04-19,KXMLBGAME-26APR191607SDLAA-SD,KXMLBGAME-26APR191607SDLAA,San Diego,San Diego,57,58,0.575,16123.79,149596.78,yes,1776627611
2026-04-19,KXMLBGAME-26APR191605CWSATH-CWS,KXMLBGAME-26APR191605CWSATH,Chicago WS,Chicago WS,41,42,0.415,3661.35,18756.51,yes,1776627285
2026-04-19,KXMLBGAME-26APR191610TORAZ-TOR,KXMLBGAME-26APR191610TORAZ,Toronto,Toronto,50,51,0.505,13020.68,62733.43,yes,1776626415
2026-04-19,KXMLBGAME-26APR191510LADCOL-LAD,KXMLBGAME-26APR191510LADCOL,Los Angeles D,Colorado,66,67,0.665,89083.65,295341.07,no,1776624895
2026-04-19,KXMLBGAME-26APR191420NYMCHC-NYM,KXMLBGAME-26APR191420NYMCHC,New York M,Chicago C,43,44,0.435,69869.33,161601.44,no,1776620438
2026-04-19,KXMLBGAME-26APR191410STLHOU-STL,KXMLBGAME-26APR191410STLHOU,St. Louis,St. Louis,44,45,0.445,70865.41,227468.65,yes,1776621635
2026-04-19,KXMLBGAME-26APR191410CINMIN-MIN,KXMLBGAME-26APR191410CINMIN,Minnesota,Cincinnati,51,52,0.515,14702.36,71406.63,no,1776621896
2026-04-19,KXMLBGAME-26APR191335SFWSH-WSH,KXMLBGAME-26APR191335SFWSH,Washington,Washington,43,44,0.435,34163.82,63887.07,yes,1776616839
2026-04-19,KXMLBGAME-26APR191335TBPIT-TB,KXMLBGAME-26APR191335TBPIT,Tampa Bay,Pittsburgh,49,50,0.495,8821.76,36646.30,no,1776617128
2026-04-19,KXMLBGAME-26APR191340BALCLE-CLE,KXMLBGAME-26APR191340BALCLE,Cleveland,Cleveland,52,53,0.525,9667.31,61755.98,yes,1776617701
2026-04-19,KXMLBGAME-26APR191335DETBOS-DET,KXMLBGAME-26APR191335DETBOS,Detroit,Detroit,42,43,0.425,4674.55,69313.27,yes,1776628217
2026-04-19,KXMLBGAME-26APR191340MILMIA-MIL,KXMLBGAME-26APR191340MILMIA,Milwaukee,Miami,49,50,0.495,42423.79,204993.78,no,1776618924
2026-04-19,KXMLBGAME-26APR191335KCNYY-NYY,KXMLBGAME-26APR191335KCNYY,New York Y,New York Y,59,60,0.595,70296.19,950317.24,yes,1776627031
2026-04-19,KXMLBGAME-26APR182138SDLAA-SD,KXMLBGAME-26APR182138SDLAA,San Diego,San Diego,50,51,0.505,92317.46,231016.32,yes,1776561286
2026-04-20,KXMLBGAME-26APR201940PHICHC-PHI,KXMLBGAME-26APR201940PHICHC,Philadelphia,Chicago C,49,50,0.495,15647.11,59594.71,no,1776725705
2026-04-20,KXMLBGAME-26APR201840STLMIA-STL,KXMLBGAME-26APR201840STLMIA,St. Louis,Miami,45,46,0.455,17799.94,141708.06,no,1776721820
2026-04-20,KXMLBGAME-26APR201845ATLWSH-WSH,KXMLBGAME-26APR201845ATLWSH,Washington,Atlanta,40,41,0.405,3945.11,43367.84,no,1776721818
2026-04-20,KXMLBGAME-26APR201840CINTB-TB,KXMLBGAME-26APR201840CINTB,Tampa Bay,Cincinnati,52,53,0.525,13374.75,66833.53,no,1776721219
2026-04-20,KXMLBGAME-26APR201810HOUCLE-HOU,KXMLBGAME-26APR201810HOUCLE,Houston,Houston,45,46,0.455,57535.04,135394.40,yes,1776720736
2026-04-20,KXMLBGAME-26APR201110DETBOS-DET,KXMLBGAME-26APR201110DETBOS,Detroit,Boston,45,46,0.455,199331.87,660216.02,no,1776696899
2026-04-21,KXMLBGAME-26APR212040SDCOL-SD,KXMLBGAME-26APR212040SDCOL,San Diego,San Diego,58,59,0.585,62562.58,253753.94,yes,1776815096
2026-04-21,KXMLBGAME-26APR212005PITTEX-TEX,KXMLBGAME-26APR212005PITTEX,Texas,Texas,50,51,0.505,7515.04,36530.91,yes,1776813069
2026-04-21,KXMLBGAME-26APR211940BALKC-KC,KXMLBGAME-26APR211940BALKC,Kansas City,Kansas City,52,53,0.525,16356.01,83427.41,yes,1776813641
2026-04-21,KXMLBGAME-26APR211940PHICHC-PHI,KXMLBGAME-26APR211940PHICHC,Philadelphia,Chicago C,45,46,0.455,29089.44,113747.77,no,1776813068
2026-04-21,KXMLBGAME-26APR211910MINNYM-NYM,KXMLBGAME-26APR211910MINNYM,New York M,Minnesota,59,60,0.595,40921.52,344610.23,no,1776810647
2026-04-21,KXMLBGAME-26APR211845NYYBOS-NYY,KXMLBGAME-26APR211845NYYBOS,New York Y,New York Y,46,47,0.465,83035.33,295108.86,yes,1776809173
2026-04-21,KXMLBGAME-26APR211840CINTB-TB,KXMLBGAME-26APR211840CINTB,Tampa Bay,Cincinnati,49,50,0.495,12194.38,77807.51,no,1776810049
2026-04-21,KXMLBGAME-26APR211840STLMIA-STL,KXMLBGAME-26APR211840STLMIA,St. Louis,St. Louis,48,49,0.485,13162.61,47113.39,yes,1776810901
2026-04-21,KXMLBGAME-26APR211840MILDET-MIL,KXMLBGAME-26APR211840MILDET,Milwaukee,Milwaukee,48,51,0.495,146251.33,276914.44,yes,1776812743
2026-04-21,KXMLBGAME-26APR211845ATLWSH-WSH,KXMLBGAME-26APR211845ATLWSH,Washington,Washington,41,42,0.415,15306.34,105666.44,yes,1776810647
2026-04-21,KXMLBGAME-26APR211810HOUCLE-HOU,KXMLBGAME-26APR211810HOUCLE,Houston,Cleveland,41,42,0.415,20102.14,99047.72,no,1776807671
2026-04-21,KXMLBGAME-26APR202138TORLAA-TOR,KXMLBGAME-26APR202138TORLAA,Toronto,Toronto,50,51,0.505,49253.81,166986.87,yes,1776733253
2026-04-21,KXMLBGAME-26APR202140ATHSEA-SEA,KXMLBGAME-26APR202140ATHSEA,Seattle,A's,56,57,0.565,40970.19,157482.08,no,1776733251
2026-04-21,KXMLBGAME-26APR202040LADCOL-LAD,KXMLBGAME-26APR202040LADCOL,Los Angeles D,Los Angeles D,66,67,0.665,154106.45,593758.56,yes,1776729890
2026-04-21,KXMLBGAME-26APR201940BALKC-KC,KXMLBGAME-26APR201940BALKC,Kansas City,Baltimore,49,50,0.495,48275.43,112757.99,no,1776730224
2026-04-22,KXMLBGAME-26APR222005PITTEX-TEX,KXMLBGAME-26APR222005PITTEX,Texas,Pittsburgh,49,50,0.495,5453.91,29109.44,no,1776900016
2026-04-22,KXMLBGAME-26APR221940PHICHC-PHI,KXMLBGAME-26APR221940PHICHC,Philadelphia,Chicago C,36,37,0.365,16475.94,82401.36,no,1776898239
2026-04-22,KXMLBGAME-26APR221910MINNYM-NYM,KXMLBGAME-26APR221910MINNYM,New York M,New York M,59,60,0.595,40857.17,199662.27,yes,1776897055
2026-04-22,KXMLBGAME-26APR221845NYYBOS-NYY,KXMLBGAME-26APR221845NYYBOS,New York Y,New York Y,54,55,0.545,172136.08,412526.64,yes,1776894622
2026-04-22,KXMLBGAME-26APR221845ATLWSH-WSH,KXMLBGAME-26APR221845ATLWSH,Washington,Atlanta,42,43,0.425,8131.83,21575.18,no,1776895834
2026-04-22,KXMLBGAME-26APR221840MILDET-MIL,KXMLBGAME-26APR221840MILDET,Milwaukee,Detroit,45,46,0.455,31490.99,100793.83,no,1776894897
2026-04-22,KXMLBGAME-26APR221610ATHSEA-SEA,KXMLBGAME-26APR221610ATHSEA,Seattle,Seattle,62,63,0.625,62917.63,100956.22,yes,1776886837
2026-04-22,KXMLBGAME-26APR221507TORLAA-TOR,KXMLBGAME-26APR221507TORLAA,Toronto,Los Angeles A,42,43,0.425,28962.66,90040.25,no,1776883288
2026-04-22,KXMLBGAME-26APR221410BALKC-KC,KXMLBGAME-26APR221410BALKC,Kansas City,Baltimore,54,55,0.545,18683.10,59348.22,no,1776879068
2026-04-22,KXMLBGAME-26APR221310CINTB-TB,KXMLBGAME-26APR221310CINTB,Tampa Bay,Tampa Bay,55,56,0.555,11890.30,47429.82,yes,1776873659
2026-04-22,KXMLBGAME-26APR221310HOUCLE-HOU,KXMLBGAME-26APR221310HOUCLE,Houston,Houston,41,42,0.415,36618.32,69009.37,yes,1776875705
2026-04-22,KXMLBGAME-26APR221210STLMIA-STL,KXMLBGAME-26APR221210STLMIA,St. Louis,Miami,44,45,0.445,114905.06,323953.69,no,1776870661
2026-04-22,KXMLBGAME-26APR212138TORLAA-TOR,KXMLBGAME-26APR212138TORLAA,Toronto,Toronto,49,50,0.495,1882.34,18753.79,yes,1776818416
2026-04-22,KXMLBGAME-26APR212140CWSAZ-CWS,KXMLBGAME-26APR212140CWSAZ,Chicago WS,Chicago WS,42,43,0.425,3672.61,18764.00,yes,1776820821
2026-04-22,KXMLBGAME-26APR212145LADSF-SF,KXMLBGAME-26APR212145LADSF,San Francisco,San Francisco,37,38,0.375,4098.25,99016.50,yes,1776819022
2026-04-22,KXMLBGAME-26APR212140ATHSEA-SEA,KXMLBGAME-26APR212140ATHSEA,Seattle,A's,59,60,0.595,10157.97,56124.65,no,1776820509
2026-04-23,KXMLBGAME-26APR232005PITTEX-TEX,KXMLBGAME-26APR232005PITTEX,Texas,Texas,58,59,0.585,44030.80,105760.34,yes,1776986465
2026-04-23,KXMLBGAME-26APR231910MINNYM-NYM,KXMLBGAME-26APR231910MINNYM,New York M,New York M,50,51,0.505,75499.97,126826.83,yes,1776984881
2026-04-23,KXMLBGAME-26APR231810NYYBOS-NYY,KXMLBGAME-26APR231810NYYBOS,New York Y,New York Y,57,58,0.575,109402.22,397339.16,yes,1776978627
2026-04-23,KXMLBGAME-26APR231545LADSF-SF,KXMLBGAME-26APR231545LADSF,San Francisco,Los Angeles D,40,41,0.405,8862.00,49762.30,no,1776969053
2026-04-23,KXMLBGAME-26APR231540CWSAZ-CWS,KXMLBGAME-26APR231540CWSAZ,Chicago WS,Chicago WS,41,42,0.415,1664.32,21139.86,yes,1776970867
2026-04-23,KXMLBGAME-26APR231510SDCOL-SD,KXMLBGAME-26APR231510SDCOL,San Diego,San Diego,58,59,0.585,17831.12,88455.59,yes,1776970494
2026-04-23,KXMLBGAME-26APR231420PHICHC-PHI,KXMLBGAME-26APR231420PHICHC,Philadelphia,Chicago C,51,52,0.515,85749.42,456784.83,no,1776967240
2026-04-23,KXMLBGAME-26APR231305ATLWSH-WSH,KXMLBGAME-26APR231305ATLWSH,Washington,Atlanta,44,45,0.445,56922.75,122586.30,no,1776960902
2026-04-23,KXMLBGAME-26APR231310MILDET-MIL,KXMLBGAME-26APR231310MILDET,Milwaukee,Detroit,32,33,0.325,43204.28,197821.32,no,1776961257
2026-04-23,KXMLBGAME-26APR222145LADSF-SF,KXMLBGAME-26APR222145LADSF,San Francisco,San Francisco,34,35,0.345,8406.16,69519.16,yes,1776904237
2026-04-23,KXMLBGAME-26APR222140CWSAZ-CWS,KXMLBGAME-26APR222140CWSAZ,Chicago WS,Arizona,41,42,0.415,5213.96,32297.36,no,1776907202
2026-04-23,KXMLBGAME-26APR222040SDCOL-SD,KXMLBGAME-26APR222040SDCOL,San Diego,Colorado,59,60,0.595,50141.15,193143.27,no,1776903881
2026-04-24,KXMLBGAME-26APR241910MINTB-TB,KXMLBGAME-26APR241910MINTB,Tampa Bay,Tampa Bay,54,55,0.545,35936.97,100679.84,yes,1777068916
2026-04-24,KXMLBGAME-26APR242010NYYHOU-NYY,KXMLBGAME-26APR242010NYYHOU,New York Y,New York Y,58,59,0.585,83729.44,476487.55,yes,1777074021
2026-04-24,KXMLBGAME-26APR242005ATHTEX-TEX,KXMLBGAME-26APR242005ATHTEX,Texas,A's,54,55,0.545,42491.84,162719.34,no,1777072492
2026-04-24,KXMLBGAME-26APR241940WSHCWS-WSH,KXMLBGAME-26APR241940WSHCWS,Washington,Chicago WS,46,47,0.465,4279.90,14828.72,no,1777071029
2026-04-24,KXMLBGAME-26APR241940PITMIL-PIT,KXMLBGAME-26APR241940PITMIL,Pittsburgh,Pittsburgh,52,53,0.525,14318.50,153665.88,yes,1777070432
2026-04-24,KXMLBGAME-26APR241907CLETOR-TOR,KXMLBGAME-26APR241907CLETOR,Toronto,Cleveland,46,47,0.465,11285.60,59639.19,no,1777069875
2026-04-24,KXMLBGAME-26APR241910COLNYM-NYM,KXMLBGAME-26APR241910COLNYM,New York M,Colorado,65,66,0.655,32845.02,88521.85,no,1777069245
2026-04-24,KXMLBGAME-26APR241905BOSBAL-BOS,KXMLBGAME-26APR241905BOSBAL,Boston,Baltimore,47,48,0.475,56420.47,100137.63,no,1777069870
2026-04-24,KXMLBGAME-26APR242015SEASTL-STL,KXMLBGAME-26APR242015SEASTL,St. Louis,Seattle,43,44,0.435,12509.94,106499.35,no,1777073692
2026-04-24,KXMLBGAME-26APR241915PHIATL-PHI,KXMLBGAME-26APR241915PHIATL,Philadelphia,Atlanta,40,41,0.405,24788.33,121508.22,no,1777069869
2026-04-24,KXMLBGAME-26APR241940LAAKC-LAA,KXMLBGAME-26APR241940LAAKC,Los Angeles A,Kansas City,49,50,0.495,39177.45,122735.30,no,1777071620
2026-04-25,KXMLBGAME-26APR251910PITMIL-PIT,KXMLBGAME-26APR251910PITMIL,Pittsburgh,Pittsburgh,42,43,0.425,10079.70,56663.60,yes,1777157101
2026-04-25,KXMLBGAME-26APR251905ATHTEX-TEX,KXMLBGAME-26APR251905ATHTEX,Texas,Texas,53,54,0.535,13347.25,67917.24,yes,1777155635
2026-04-25,KXMLBGAME-26APR251915DETCIN-DET,KXMLBGAME-26APR251915DETCIN,Detroit,Cincinnati,50,51,0.505,15454.54,40725.77,no,1777157415
2026-04-25,KXMLBGAME-26APR251915PHIATL-PHI,KXMLBGAME-26APR251915PHIATL,Philadelphia,Philadelphia,45,46,0.455,68129.18,205401.95,yes,1777160686
2026-04-25,KXMLBGAME-26APR251910LAAKC-LAA,KXMLBGAME-26APR251910LAAKC,Los Angeles A,Kansas City,43,44,0.435,18292.81,169936.24,no,1777157101
2026-04-25,KXMLBGAME-26APR251910NYYHOU-NYY,KXMLBGAME-26APR251910NYYHOU,New York Y,New York Y,58,59,0.585,58611.50,465136.43,yes,1777157415
2026-04-25,KXMLBGAME-26APR251915CHCLAD-LAD,KXMLBGAME-26APR251915CHCLAD,Los Angeles D,Los Angeles D,53,54,0.535,117763.21,280966.98,yes,1777158609
2026-04-25,KXMLBGAME-26APR251805SDAZ-SD,KXMLBGAME-26APR251805SDAZ,San Diego,San Diego,48,49,0.485,16633.02,141944.23,yes,1777153232
2026-04-25,KXMLBGAME-26APR251605BOSBAL-BOS,KXMLBGAME-26APR251605BOSBAL,Boston,Boston,47,48,0.475,41011.37,157848.84,yes,1777131058
2026-04-25,KXMLBGAME-26APR251610MINTB-TB,KXMLBGAME-26APR251610MINTB,Tampa Bay,Tampa Bay,55,56,0.555,9077.08,59414.09,yes,1777143902
2026-04-25,KXMLBGAME-26APR251610WSHCWS-WSH,KXMLBGAME-26APR251610WSHCWS,Washington,Washington,43,44,0.435,5107.59,29485.30,yes,1777146620
2026-04-25,KXMLBGAME-26APR251605MIASF-SF,KXMLBGAME-26APR251605MIASF,San Francisco,San Francisco,50,51,0.505,14707.65,145909.18,yes,1777145454
2026-04-25,KXMLBGAME-26APR251507CLETOR-TOR,KXMLBGAME-26APR251507CLETOR,Toronto,Toronto,56,57,0.565,30557.84,153122.78,yes,1777141245
2026-04-25,KXMLBGAME-26APR251415SEASTL-STL,KXMLBGAME-26APR251415SEASTL,St. Louis,Seattle,43,44,0.435,50283.40,193408.27,no,1777140709
2026-04-25,KXMLBGAME-26APR242215MIASF-SF,KXMLBGAME-26APR242215MIASF,San Francisco,Miami,49,50,0.495,12232.27,46151.91,no,1777081484
2026-04-25,KXMLBGAME-26APR241840DETCIN-DET,KXMLBGAME-26APR241840DETCIN,Detroit,Cincinnati,92,93,0.925,271958.07,444621.53,no,1777077285
2026-04-25,KXMLBGAME-26APR242215CHCLAD-LAD,KXMLBGAME-26APR242215CHCLAD,Los Angeles D,Chicago C,58,59,0.585,58184.81,252201.09,no,1777080906
2026-04-26,KXMLBGAME-26APR261920LAAKC-LAA,KXMLBGAME-26APR261920LAAKC,Los Angeles A,Kansas City,95,96,0.955,380024.64,294269.87,no,1777240483
2026-04-26,KXMLBGAME-26APR261605SDAZ-SD,KXMLBGAME-26APR261605SDAZ,San Diego,Arizona,55,56,0.555,89978.32,313589.23,no,1777233010
2026-04-26,KXMLBGAME-26APR261610CHCLAD-LAD,KXMLBGAME-26APR261610CHCLAD,Los Angeles D,Los Angeles D,52,53,0.525,48075.30,222051.48,yes,1777230887
2026-04-26,KXMLBGAME-26APR261605MIASF-SF,KXMLBGAME-26APR261605MIASF,San Francisco,San Francisco,54,55,0.545,32130.44,69201.75,yes,1777229684
2026-04-26,KXMLBGAME-26APR261435ATHTEX-TEX,KXMLBGAME-26APR261435ATHTEX,Texas,A's,51,52,0.515,21148.85,46949.58,no,1777226431
2026-04-26,KXMLBGAME-26APR261410WSHCWS-WSH,KXMLBGAME-26APR261410WSHCWS,Washington,Washington,47,48,0.475,8791.77,24170.49,yes,1777223698
2026-04-26,KXMLBGAME-26APR261410NYYHOU-NYY,KXMLBGAME-26APR261410NYYHOU,New York Y,Houston,55,56,0.555,91631.08,291341.13,no,1777224035
2026-04-26,KXMLBGAME-26APR261410PITMIL-PIT,KXMLBGAME-26APR261410PITMIL,Pittsburgh,Milwaukee,47,48,0.475,21865.95,223059.54,no,1777224289
2026-04-26,KXMLBGAME-26APR261415SEASTL-STL,KXMLBGAME-26APR261415SEASTL,St. Louis,Seattle,45,46,0.455,8307.30,47954.81,no,1777224641
2026-04-26,KXMLBGAME-26APR261340DETCIN-DET,KXMLBGAME-26APR261340DETCIN,Detroit,Detroit,49,50,0.495,27991.03,104528.37,yes,1777222927
2026-04-26,KXMLBGAME-26APR261335BOSBAL-BOS,KXMLBGAME-26APR261335BOSBAL,Boston,Boston,43,44,0.435,23981.68,114421.45,yes,1777222248
2026-04-26,KXMLBGAME-26APR261337CLETOR-TOR,KXMLBGAME-26APR261337CLETOR,Toronto,Toronto,54,55,0.545,21623.26,54140.68,yes,1777222246
2026-04-26,KXMLBGAME-26APR261340COLNYM-NYM,KXMLBGAME-26APR261340COLNYM,New York M,Colorado,68,69,0.685,14244.57,83736.96,no,1777222928
2026-04-26,KXMLBGAME-26APR261335PHIATL-PHI,KXMLBGAME-26APR261335PHIATL,Philadelphia,Atlanta,34,35,0.345,47014.90,101943.26,no,1777222502
2026-04-26,KXMLBGAME-26APR261340MINTB-TB,KXMLBGAME-26APR261340MINTB,Tampa Bay,Tampa Bay,56,57,0.565,12267.53,60961.13,yes,1777222247
2026-04-26,KXMLBGAME-26APR251610COLNYM-NYM,KXMLBGAME-26APR251610COLNYM,New York M,Colorado,59,61,0.6,7737.11,41913.97,no,1777233884
2026-04-27,KXMLBGAME-26APR272005NYYTEX-TEX,KXMLBGAME-26APR272005NYYTEX,Texas,New York Y,39,40,0.395,13363.32,59157.22,no,1777332631
2026-04-27,KXMLBGAME-26APR271940SEAMIN-SEA,KXMLBGAME-26APR271940SEAMIN,Seattle,Minnesota,53,54,0.535,18955.72,116094.23,no,1777330854
2026-04-27,KXMLBGAME-26APR271907BOSTOR-TOR,KXMLBGAME-26APR271907BOSTOR,Toronto,Boston,56,57,0.565,93422.92,290641.07,no,1777328096
2026-04-27,KXMLBGAME-26APR271840STLPIT-STL,KXMLBGAME-26APR271840STLPIT,St. Louis,St. Louis,45,46,0.455,85224.53,138318.36,yes,1777327503
2026-04-27,KXMLBGAME-26APR271810TBCLE-TB,KXMLBGAME-26APR271810TBCLE,Tampa Bay,Tampa Bay,44,45,0.445,21575.45,113212.97,yes,1777324829
2026-04-28,KXMLBGAME-26APR282005NYYTEX-TEX,KXMLBGAME-26APR282005NYYTEX,Texas,New York Y,46,47,0.465,6881.89,44519.91,no,1777419030
2026-04-28,KXMLBGAME-26APR281940SEAMIN-SEA,KXMLBGAME-26APR281940SEAMIN,Seattle,Seattle,53,54,0.535,34439.61,90674.48,yes,1777417493
2026-04-28,KXMLBGAME-26APR281940LAACWS-LAA,KXMLBGAME-26APR281940LAACWS,Los Angeles A,Chicago WS,54,55,0.545,127482.80,334020.56,no,1777417493
2026-04-28,KXMLBGAME-26APR281940AZMIL-MIL,KXMLBGAME-26APR281940AZMIL,Milwaukee,Milwaukee,55,56,0.555,35609.78,113401.46,yes,1777418091
2026-04-28,KXMLBGAME-26APR281907BOSTOR-TOR,KXMLBGAME-26APR281907BOSTOR,Toronto,Toronto,51,52,0.515,28210.69,63541.66,yes,1777413899
2026-04-28,KXMLBGAME-26APR281915DETATL-DET,KXMLBGAME-26APR281915DETATL,Detroit,Atlanta,46,47,0.465,20934.95,57034.65,no,1777415456
2026-04-28,KXMLBGAME-26APR281910WSHNYM-WSH,KXMLBGAME-26APR281910WSHNYM,Washington,New York M,37,38,0.375,30316.61,91593.77,no,1777414235
2026-04-28,KXMLBGAME-26APR281840SFPHI-SF,KXMLBGAME-26APR281840SFPHI,San Francisco,Philadelphia,40,41,0.405,20956.92,217651.94,no,1777412722
2026-04-28,KXMLBGAME-26APR281840COLCIN-COL,KXMLBGAME-26APR281840COLCIN,Colorado,Cincinnati,35,36,0.355,4072.92,27658.59,no,1777412462
2026-04-28,KXMLBGAME-26APR281840STLPIT-STL,KXMLBGAME-26APR281840STLPIT,St. Louis,St. Louis,41,42,0.415,11193.02,60175.52,yes,1777413638
2026-04-28,KXMLBGAME-26APR281835HOUBAL-HOU,KXMLBGAME-26APR281835HOUBAL,Houston,Baltimore,44,45,0.445,8221.92,75471.29,no,1777413038
2026-04-28,KXMLBGAME-26APR281810TBCLE-TB,KXMLBGAME-26APR281810TBCLE,Tampa Bay,Tampa Bay,45,46,0.455,86042.33,211935.55,yes,1777411241
2026-04-28,KXMLBGAME-26APR272210MIALAD-MIA,KXMLBGAME-26APR272210MIALAD,Miami,Los Angeles D,26,27,0.265,12601.56,58954.21,no,1777340519
2026-04-28,KXMLBGAME-26APR272140CHCSD-SD,KXMLBGAME-26APR272140CHCSD,San Diego,San Diego,52,53,0.525,95938.09,506130.40,yes,1777339483
2026-04-28,KXMLBGAME-26APR271940LAACWS-LAA,KXMLBGAME-26APR271940LAACWS,Los Angeles A,Chicago WS,47,48,0.475,18351.30,248049.43,no,1777342211
2026-04-29,KXMLBGAME-26APR291940AZMIL-MIL,KXMLBGAME-26APR291940AZMIL,Milwaukee,Arizona,54,55,0.545,17535.05,65205.92,no,1777504237
2026-04-29,KXMLBGAME-26APR291915DETATL-DET,KXMLBGAME-26APR291915DETATL,Detroit,Atlanta,57,58,0.575,10655.75,31416.05,no,1777501246
2026-04-29,KXMLBGAME-26APR291910WSHNYM-WSH,KXMLBGAME-26APR291910WSHNYM,Washington,Washington,40,41,0.405,13495.05,34357.84,yes,1777502421
2026-04-29,KXMLBGAME-26APR291840COLCIN-COL,KXMLBGAME-26APR291840COLCIN,Colorado,Colorado,41,42,0.415,21445.84,40157.79,yes,1777500043
2026-04-29,KXMLBGAME-26APR291840STLPIT-STL,KXMLBGAME-26APR291840STLPIT,St. Louis,St. Louis,45,46,0.455,22987.25,57795.32,yes,1777501238
2026-04-29,KXMLBGAME-26APR291610CHCSD-SD,KXMLBGAME-26APR291610CHCSD,San Diego,Chicago C,51,52,0.515,6269.71,40156.90,no,1777491297
2026-04-29,KXMLBGAME-26APR291510MIALAD-MIA,KXMLBGAME-26APR291510MIALAD,Miami,Miami,32,33,0.325,6759.54,55805.02,yes,1777487484
2026-04-29,KXMLBGAME-26APR291507BOSTOR-TOR,KXMLBGAME-26APR291507BOSTOR,Toronto,Toronto,53,54,0.535,6511.73,41267.26,yes,1777486860
2026-04-29,KXMLBGAME-26APR291435NYYTEX-TEX,KXMLBGAME-26APR291435NYYTEX,Texas,Texas,48,49,0.485,48241.79,109093.55,yes,1777485658
2026-04-29,KXMLBGAME-26APR291340SEAMIN-SEA,KXMLBGAME-26APR291340SEAMIN,Seattle,Seattle,55,56,0.555,48458.87,170565.13,yes,1777483872
2026-04-29,KXMLBGAME-26APR291310TBCLE-TB,KXMLBGAME-26APR291310TBCLE,Tampa Bay,Cleveland,48,49,0.485,67973.31,336208.05,no,1777484461
2026-04-29,KXMLBGAME-26APR291310LAACWS-LAA,KXMLBGAME-26APR291310LAACWS,Los Angeles A,Chicago WS,51,52,0.515,31675.85,150664.86,no,1777481114
2026-04-29,KXMLBGAME-26APR282210MIALAD-MIA,KXMLBGAME-26APR282210MIALAD,Miami,Miami,28,29,0.285,11895.19,135806.03,yes,1777426238
2026-04-29,KXMLBGAME-26APR282140KCATH-KC,KXMLBGAME-26APR282140KCATH,Kansas City,Kansas City,50,51,0.505,10343.77,51593.46,yes,1777426487
2026-04-29,KXMLBGAME-26APR282140CHCSD-SD,KXMLBGAME-26APR282140CHCSD,San Diego,Chicago C,47,48,0.475,29234.61,104598.97,no,1777425020
2026-04-30,KXMLBGAME-26APR301940TORMIN-TOR,KXMLBGAME-26APR301940TORMIN,Toronto,Minnesota,55,56,0.555,59352.41,187531.53,no,1777589090
2026-04-30,KXMLBGAME-26APR301505KCATH-KC,KXMLBGAME-26APR301505KCATH,Kansas City,A's,46,47,0.465,21452.26,46617.39,no,1777573483
2026-04-30,KXMLBGAME-26APR301340AZMIL-MIL,KXMLBGAME-26APR301340AZMIL,Milwaukee,Milwaukee,54,55,0.545,66883.32,104165.93,yes,1777569028
2026-04-30,KXMLBGAME-26APR301305SFPHI-SF,KXMLBGAME-26APR301305SFPHI,San Francisco,Philadelphia,42,43,0.425,10119.12,35801.85,no,1777563644
2026-04-30,KXMLBGAME-26APR301310WSHNYM-WSH,KXMLBGAME-26APR301310WSHNYM,Washington,Washington,36,37,0.365,10228.30,97172.21,yes,1777565693
2026-04-30,KXMLBGAME-26APR301235HOUBAL-HOU,KXMLBGAME-26APR301235HOUBAL,Houston,Baltimore,47,48,0.475,26816.26,71607.75,no,1777563904
2026-04-30,KXMLBGAME-26APR301240COLCIN-COL,KXMLBGAME-26APR301240COLCIN,Colorado,Cincinnati,39,40,0.395,5635.89,82760.25,no,1777563303
2026-04-30,KXMLBGAME-26APR301235STLPIT-STL,KXMLBGAME-26APR301235STLPIT,St. Louis,St. Louis,32,33,0.325,26991.27,197867.07,yes,1777566030
2026-04-30,KXMLBGAME-26APR301215DETATL-DET,KXMLBGAME-26APR301215DETATL,Detroit,Detroit,46,47,0.465,33221.67,90577.02,yes,1777564225
2026-04-30,KXMLBGAME-26APR292140KCATH-KC,KXMLBGAME-26APR292140KCATH,Kansas City,A's,47,48,0.475,21028.47,84389.40,no,1777510202
2026-04-30,KXMLBGAME-26APR291835HOUBAL-HOU,KXMLBGAME-26APR291835HOUBAL,Houston,Houston,44,47,0.455,27606.27,72418.32,yes,1777576487
2026-04-30,KXMLBGAME-26APR291840SFPHI-SF,KXMLBGAME-26APR291840SFPHI,San Francisco,Philadelphia,44,45,0.445,72780.87,217961.13,no,1777586083
2026-05-01,KXMLBGAME-26MAY011910PHIMIA-PHI,KXMLBGAME-26MAY011910PHIMIA,Philadelphia,Philadelphia,51,52,0.515,55979.40,178528.67,yes,1777677000
2026-05-01,KXMLBGAME-26MAY011905BALNYY-NYY,KXMLBGAME-26MAY011905BALNYY,New York Y,New York Y,62,63,0.625,200430.89,554526.22,yes,1777676700
2026-05-01,KXMLBGAME-26MAY011910SFTB-TB,KXMLBGAME-26MAY011910SFTB,Tampa Bay,Tampa Bay,56,57,0.565,21260.81,88071.55,yes,1777677000
2026-05-01,KXMLBGAME-26MAY011910HOUBOS-HOU,KXMLBGAME-26MAY011910HOUBOS,Houston,Boston,47,48,0.475,187086.08,241887.56,no,1777677000
2026-05-01,KXMLBGAME-26MAY011845MILWSH-WSH,KXMLBGAME-26MAY011845MILWSH,Washington,Milwaukee,41,42,0.415,23388.15,62095.56,no,1777675500
2026-05-01,KXMLBGAME-26MAY011840TEXDET-TEX,KXMLBGAME-26MAY011840TEXDET,Texas,Texas,48,49,0.485,86627.17,167012.06,yes,1777675200
2026-05-01,KXMLBGAME-26MAY011845CINPIT-PIT,KXMLBGAME-26MAY011845CINPIT,Pittsburgh,Pittsburgh,55,56,0.555,51158.43,118508.22,yes,1777675500
2026-05-01,KXMLBGAME-26MAY011420AZCHC-CHC,KXMLBGAME-26MAY011420AZCHC,Chicago C,Chicago C,57,58,0.575,193751.02,747956.19,yes,1777659600
2026-05-02,KXMLBGAME-26MAY021915LADSTL-STL,KXMLBGAME-26MAY021915LADSTL,St. Louis,St. Louis,44,45,0.445,129830.17,302007.82,yes,1777763700
2026-05-02,KXMLBGAME-26MAY021915TEXDET-TEX,KXMLBGAME-26MAY021915TEXDET,Texas,Detroit,45,46,0.455,29662.72,76789.76,no,1777763700
2026-05-02,KXMLBGAME-26MAY021810SFTB-TB,KXMLBGAME-26MAY021810SFTB,Tampa Bay,Tampa Bay,49,50,0.495,158085.01,233539.27,yes,1777759800
2026-05-02,KXMLBGAME-26MAY021605CINPIT-PIT,KXMLBGAME-26MAY021605CINPIT,Pittsburgh,Pittsburgh,55,56,0.555,50377.79,157834.96,yes,1777752300
2026-05-02,KXMLBGAME-26MAY021605MILWSH-WSH,KXMLBGAME-26MAY021605MILWSH,Washington,Milwaukee,45,46,0.455,22949.60,71876.16,no,1777752300
2026-05-02,KXMLBGAME-26MAY021610PHIMIA-PHI,KXMLBGAME-26MAY021610PHIMIA,Philadelphia,Miami,45,46,0.455,44254.41,133625.15,no,1777752600
2026-05-02,KXMLBGAME-26MAY021610HOUBOS-HOU,KXMLBGAME-26MAY021610HOUBOS,Houston,Houston,44,45,0.445,60488.94,123055.57,yes,1777752600
2026-05-02,KXMLBGAME-26MAY021605CLEATH-CLE,KXMLBGAME-26MAY021605CLEATH,Cleveland,Cleveland,44,45,0.445,24259.82,60401.24,yes,1777752300
2026-05-02,KXMLBGAME-26MAY021420AZCHC-CHC,KXMLBGAME-26MAY021420AZCHC,Chicago C,Chicago C,60,61,0.605,126901.66,487036.33,yes,1777746000
2026-05-02,KXMLBGAME-26MAY021410TORMIN-TOR,KXMLBGAME-26MAY021410TORMIN,Toronto,Toronto,56,57,0.565,79176.20,606008.44,yes,1777745400
2026-05-02,KXMLBGAME-26MAY021335BALNYY-NYY,KXMLBGAME-26MAY021335BALNYY,New York Y,New York Y,61,62,0.615,265270.40,998041.52,yes,1777743300
2026-05-02,KXMLBGAME-26MAY012140CWSSD-SD,KXMLBGAME-26MAY012140CWSSD,San Diego,Chicago WS,57,58,0.575,39007.56,184065.68,no,1777686000
2026-05-02,KXMLBGAME-26MAY012145KCSEA-SEA,KXMLBGAME-26MAY012145KCSEA,Seattle,Kansas City,57,58,0.575,33017.68,140347.87,no,1777686300
2026-05-02,KXMLBGAME-26MAY012140CLEATH-CLE,KXMLBGAME-26MAY012140CLEATH,Cleveland,Cleveland,51,52,0.515,3838.36,35891.76,yes,1777686000
2026-05-02,KXMLBGAME-26MAY012138NYMLAA-NYM,KXMLBGAME-26MAY012138NYMLAA,New York M,New York M,51,52,0.515,3280.04,34013.94,yes,1777685880
2026-05-02,KXMLBGAME-26MAY012040ATLCOL-COL,KXMLBGAME-26MAY012040ATLCOL,Colorado,Atlanta,37,38,0.375,1985.45,38712.46,no,1777682400
2026-05-02,KXMLBGAME-26MAY012015LADSTL-STL,KXMLBGAME-26MAY012015LADSTL,St. Louis,St. Louis,39,40,0.395,8470.33,67860.91,yes,1777680900
2026-05-02,KXMLBGAME-26MAY012010TORMIN-TOR,KXMLBGAME-26MAY012010TORMIN,Toronto,Toronto,50,51,0.505,41016.70,111427.83,yes,1777680600
2026-05-03,KXMLBGAME-26MAY031920TEXDET-TEX,KXMLBGAME-26MAY031920TEXDET,Texas,Detroit,47,48,0.475,228625.01,354326.18,no,1777850400
2026-05-03,KXMLBGAME-26MAY031607NYMLAA-NYM,KXMLBGAME-26MAY031607NYMLAA,New York M,New York M,55,56,0.555,136642.12,167176.90,yes,1777838820
2026-05-03,KXMLBGAME-26MAY031605CLEATH-CLE,KXMLBGAME-26MAY031605CLEATH,Cleveland,A's,55,56,0.555,50908.43,126640.25,no,1777838700
2026-05-03,KXMLBGAME-26MAY031610KCSEA-SEA,KXMLBGAME-26MAY031610KCSEA,Seattle,Kansas City,50,51,0.505,47106.55,133121.96,no,1777839000
2026-05-03,KXMLBGAME-26MAY031610CWSSD-SD,KXMLBGAME-26MAY031610CWSSD,San Diego,San Diego,59,60,0.595,43510.86,148616.82,yes,1777839000
2026-05-03,KXMLBGAME-26MAY031510ATLCOL-COL,KXMLBGAME-26MAY031510ATLCOL,Colorado,Atlanta,43,44,0.435,11595.72,46423.38,no,1777835400
2026-05-03,KXMLBGAME-26MAY031420AZCHC-CHC,KXMLBGAME-26MAY031420AZCHC,Chicago C,Chicago C,59,60,0.595,36900.68,121597.89,yes,1777832400
2026-05-03,KXMLBGAME-26MAY031415LADSTL-STL,KXMLBGAME-26MAY031415LADSTL,St. Louis,Los Angeles D,44,45,0.445,19192.62,123202.12,no,1777832100
2026-05-03,KXMLBGAME-26MAY031335BALNYY-NYY,KXMLBGAME-26MAY031335BALNYY,New York Y,New York Y,72,73,0.725,202626.80,840656.28,yes,1777829700
2026-05-03,KXMLBGAME-26MAY031335HOUBOS-HOU,KXMLBGAME-26MAY031335HOUBOS,Houston,Houston,38,39,0.385,93430.74,225701.12,yes,1777829700
2026-05-03,KXMLBGAME-26MAY031340PHIMIA-PHI,KXMLBGAME-26MAY031340PHIMIA,Philadelphia,Philadelphia,56,57,0.565,47207.57,197465.57,yes,1777830000
2026-05-03,KXMLBGAME-26MAY031335CINPIT-PIT,KXMLBGAME-26MAY031335CINPIT,Pittsburgh,Pittsburgh,52,53,0.525,22723.95,129619.87,yes,1777829700
2026-05-03,KXMLBGAME-26MAY031335MILWSH-WSH,KXMLBGAME-26MAY031335MILWSH,Washington,Washington,42,43,0.425,6258.73,33986.32,yes,1777829700
2026-05-03,KXMLBGAME-26MAY031340SFTB-TB,KXMLBGAME-26MAY031340SFTB,Tampa Bay,Tampa Bay,54,55,0.545,34500.89,277351.31,yes,1777830000
2026-05-03,KXMLBGAME-26MAY031245TORMIN-TOR,KXMLBGAME-26MAY031245TORMIN,Toronto,Minnesota,50,51,0.505,290123.23,479120.23,no,1777826700
2026-05-03,KXMLBGAME-26MAY022138NYMLAA-NYM,KXMLBGAME-26MAY022138NYMLAA,New York M,Los Angeles A,53,54,0.535,91105.97,222739.33,no,1777772280
2026-05-03,KXMLBGAME-26MAY022140KCSEA-SEA,KXMLBGAME-26MAY022140KCSEA,Seattle,Kansas City,56,57,0.565,41033.23,157847.14,no,1777772400
2026-05-03,KXMLBGAME-26MAY022040CWSSD-SD,KXMLBGAME-26MAY022040CWSSD,San Diego,Chicago WS,61,62,0.615,30603.64,158607.87,no,1777768800
2026-05-03,KXMLBGAME-26MAY022010ATLCOL-COL,KXMLBGAME-26MAY022010ATLCOL,Colorado,Atlanta,33,34,0.335,32362.62,95221.91,no,1777767000
2026-05-04,KXMLBGAME-26MAY041940CINCHC-CIN,KXMLBGAME-26MAY041940CINCHC,Cincinnati,Chicago C,34,35,0.345,9030.70,51062.52,no,1777938000
2026-05-04,KXMLBGAME-26MAY041945MILSTL-STL,KXMLBGAME-26MAY041945MILSTL,St. Louis,St. Louis,45,46,0.455,10367.41,62979.21,yes,1777938300
2026-05-04,KXMLBGAME-26MAY041940CLEKC-KC,KXMLBGAME-26MAY041940CLEKC,Kansas City,Kansas City,51,52,0.515,11638.09,56426.16,yes,1777938000
2026-05-04,KXMLBGAME-26MAY041905BALNYY-NYY,KXMLBGAME-26MAY041905BALNYY,New York Y,New York Y,66,67,0.665,240229.80,793980.48,yes,1777935900
2026-05-04,KXMLBGAME-26MAY041840PHIMIA-PHI,KXMLBGAME-26MAY041840PHIMIA,Philadelphia,Philadelphia,49,50,0.495,16330.53,78708.41,yes,1777934400
2026-05-04,KXMLBGAME-26MAY041840BOSDET-DET,KXMLBGAME-26MAY041840BOSDET,Detroit,Boston,47,48,0.475,76690.10,281894.47,no,1777934400
2026-05-04,KXMLBGAME-26MAY041840TORTB-TOR,KXMLBGAME-26MAY041840TORTB,Toronto,Tampa Bay,46,47,0.465,7175.65,61819.88,no,1777934400
2026-05-05,KXMLBGAME-26MAY051940CINCHC-CIN,KXMLBGAME-26MAY051940CINCHC,Cincinnati,Chicago C,39,40,0.395,22562.01,97512.76,no,1778024400
2026-05-05,KXMLBGAME-26MAY051940CLEKC-KC,KXMLBGAME-26MAY051940CLEKC,Kansas City,Kansas City,48,49,0.485,25212.43,50659.52,yes,1778024400
2026-05-05,KXMLBGAME-26MAY051905TEXNYY-TEX,KXMLBGAME-26MAY051905TEXNYY,Texas,New York Y,45,46,0.455,78132.79,231354.51,no,1778022300
2026-05-05,KXMLBGAME-26MAY051845MINWSH-WSH,KXMLBGAME-26MAY051845MINWSH,Washington,Minnesota,48,49,0.485,7961.20,53704.52,no,1778021100
2026-05-05,KXMLBGAME-26MAY051840BOSDET-DET,KXMLBGAME-26MAY051840BOSDET,Detroit,Boston,58,59,0.585,68244.95,296928.00,no,1778020800
2026-05-05,KXMLBGAME-26MAY051840ATHPHI-PHI,KXMLBGAME-26MAY051840ATHPHI,Philadelphia,Philadelphia,65,66,0.655,76216.94,163508.61,yes,1778020800
2026-05-05,KXMLBGAME-26MAY051840BALMIA-MIA,KXMLBGAME-26MAY051840BALMIA,Miami,Baltimore,56,57,0.565,44782.03,148603.67,no,1778020800
2026-05-05,KXMLBGAME-26MAY051840TORTB-TOR,KXMLBGAME-26MAY051840TORTB,Toronto,Tampa Bay,44,45,0.445,10139.50,56839.62,no,1778020800
2026-05-05,KXMLBGAME-26MAY042138CWSLAA-LAA,KXMLBGAME-26MAY042138CWSLAA,Los Angeles A,Chicago WS,58,59,0.585,20354.22,65250.36,no,1777945080
2026-05-05,KXMLBGAME-26MAY042140ATLSEA-SEA,KXMLBGAME-26MAY042140ATLSEA,Seattle,Seattle,55,56,0.555,15820.24,91458.89,yes,1777945200
2026-05-05,KXMLBGAME-26MAY042145SDSF-SF,KXMLBGAME-26MAY042145SDSF,San Francisco,San Francisco,44,45,0.445,9656.45,72677.38,yes,1777945500
2026-05-05,KXMLBGAME-26MAY042010LADHOU-LAD,KXMLBGAME-26MAY042010LADHOU,Los Angeles D,Los Angeles D,64,65,0.645,83056.84,320060.28,yes,1777939800
2026-05-06,KXMLBGAME-26MAY061940CINCHC-CIN,KXMLBGAME-26MAY061940CINCHC,Cincinnati,Chicago C,38,39,0.385,21609.33,58574.23,no,1778110800
2026-05-06,KXMLBGAME-26MAY061940CLEKC-KC,KXMLBGAME-26MAY061940CLEKC,Kansas City,Cleveland,56,57,0.565,11655.00,43735.49,no,1778110800
2026-05-06,KXMLBGAME-26MAY061905TEXNYY-TEX,KXMLBGAME-26MAY061905TEXNYY,Texas,Texas,37,38,0.375,29500.58,97352.14,yes,1778108700
2026-05-06,KXMLBGAME-26MAY061840BOSDET-DET,KXMLBGAME-26MAY061840BOSDET,Detroit,Boston,50,51,0.505,54793.47,88735.24,no,1778107200
2026-05-06,KXMLBGAME-26MAY061840ATHPHI-PHI,KXMLBGAME-26MAY061840ATHPHI,Philadelphia,Philadelphia,60,61,0.605,73568.19,199445.37,yes,1778107200
2026-05-06,KXMLBGAME-26MAY061840BALMIA-MIA,KXMLBGAME-26MAY061840BALMIA,Miami,Baltimore,55,56,0.555,38667.40,92989.40,no,1778107200
2026-05-06,KXMLBGAME-26MAY061845MINWSH-WSH,KXMLBGAME-26MAY061845MINWSH,Washington,Washington,48,49,0.485,39456.95,93222.24,yes,1778107500
2026-05-06,KXMLBGAME-26MAY061610ATLSEA-SEA,KXMLBGAME-26MAY061610ATLSEA,Seattle,Seattle,55,56,0.555,41334.20,103766.77,yes,1778098200
2026-05-06,KXMLBGAME-26MAY061607CWSLAA-LAA,KXMLBGAME-26MAY061607CWSLAA,Los Angeles A,Los Angeles A,48,49,0.485,47876.17,76986.83,yes,1778098020
2026-05-06,KXMLBGAME-26MAY061545SDSF-SF,KXMLBGAME-26MAY061545SDSF,San Francisco,San Diego,50,51,0.505,21534.83,57284.02,no,1778096700
2026-05-06,KXMLBGAME-26MAY061510NYMCOL-NYM,KXMLBGAME-26MAY061510NYMCOL,New York M,New York M,60,61,0.605,836.33,19066.52,yes,1778094600
2026-05-06,KXMLBGAME-26MAY061410LADHOU-LAD,KXMLBGAME-26MAY061410LADHOU,Los Angeles D,Los Angeles D,66,67,0.665,140462.00,514065.48,yes,1778091000
2026-05-06,KXMLBGAME-26MAY061315MILSTL-STL,KXMLBGAME-26MAY061315MILSTL,St. Louis,Milwaukee,50,51,0.505,142631.09,398887.32,no,1778087700
2026-05-06,KXMLBGAME-26MAY061310TORTB-TOR,KXMLBGAME-26MAY061310TORTB,Toronto,Tampa Bay,44,45,0.445,143462.91,213306.05,no,1778087400
2026-05-06,KXMLBGAME-26MAY052140PITAZ-PIT,KXMLBGAME-26MAY052140PITAZ,Pittsburgh,Arizona,44,45,0.445,18317.16,86109.77,no,1778031600
2026-05-06,KXMLBGAME-26MAY052138CWSLAA-LAA,KXMLBGAME-26MAY052138CWSLAA,Los Angeles A,Los Angeles A,51,52,0.515,130887.66,243338.67,yes,1778031480
2026-05-06,KXMLBGAME-26MAY052140ATLSEA-SEA,KXMLBGAME-26MAY052140ATLSEA,Seattle,Atlanta,55,56,0.555,11012.82,75097.55,no,1778031600
2026-05-06,KXMLBGAME-26MAY052145SDSF-SF,KXMLBGAME-26MAY052145SDSF,San Francisco,San Diego,56,57,0.565,11053.01,82179.69,no,1778031900
2026-05-06,KXMLBGAME-26MAY052040NYMCOL-NYM,KXMLBGAME-26MAY052040NYMCOL,New York M,Colorado,58,59,0.585,620.40,18551.27,no,1778028000
2026-05-06,KXMLBGAME-26MAY052010LADHOU-LAD,KXMLBGAME-26MAY052010LADHOU,Los Angeles D,Houston,66,67,0.665,80914.26,441486.62,no,1778026200
2026-05-07,KXMLBGAME-26MAY071910TBBOS-TB,KXMLBGAME-26MAY071910TBBOS,Tampa Bay,Tampa Bay,49,50,0.495,210576.02,498684.64,yes,1778195400
2026-05-07,KXMLBGAME-26MAY071840BALMIA-MIA,KXMLBGAME-26MAY071840BALMIA,Miami,Miami,53,54,0.535,77060.73,178604.66,yes,1778193600
2026-05-07,KXMLBGAME-26MAY071840ATHPHI-PHI,KXMLBGAME-26MAY071840ATHPHI,Philadelphia,A's,54,55,0.545,155868.58,267595.36,no,1778193600
2026-05-07,KXMLBGAME-26MAY071540PITAZ-PIT,KXMLBGAME-26MAY071540PITAZ,Pittsburgh,Pittsburgh,49,50,0.495,27559.77,136033.56,yes,1778182800
2026-05-07,KXMLBGAME-26MAY071420CINCHC-CIN,KXMLBGAME-26MAY071420CINCHC,Cincinnati,Chicago C,35,36,0.355,34296.48,125581.54,no,1778178000
2026-05-07,KXMLBGAME-26MAY071410CLEKC-KC,KXMLBGAME-26MAY071410CLEKC,Kansas City,Cleveland,55,56,0.555,119541.55,348831.99,no,1778177400
2026-05-07,KXMLBGAME-26MAY071305MINWSH-WSH,KXMLBGAME-26MAY071305MINWSH,Washington,Washington,53,54,0.535,141299.46,277694.82,yes,1778173500
2026-05-07,KXMLBGAME-26MAY071235TEXNYY-TEX,KXMLBGAME-26MAY071235TEXNYY,Texas,New York Y,40,41,0.405,83002.95,249603.48,no,1778171700
2026-05-07,KXMLBGAME-26MAY062140PITAZ-PIT,KXMLBGAME-26MAY062140PITAZ,Pittsburgh,Pittsburgh,53,54,0.535,129017.60,311716.83,yes,1778118000
2026-05-08,KXMLBGAME-26MAY081940SEACWS-SEA,KXMLBGAME-26MAY081940SEACWS,Seattle,Seattle,55,56,0.555,29530.93,105365.24,yes,1778283600
2026-05-08,KXMLBGAME-26MAY081940NYYMIL-NYY,KXMLBGAME-26MAY081940NYYMIL,New York Y,Milwaukee,53,54,0.535,156304.37,590675.98,no,1778283600
2026-05-08,KXMLBGAME-26MAY081940DETKC-KC,KXMLBGAME-26MAY081940DETKC,Kansas City,Kansas City,56,57,0.565,8981.01,40547.37,yes,1778283600
2026-05-08,KXMLBGAME-26MAY081915MINCLE-MIN,KXMLBGAME-26MAY081915MINCLE,Minnesota,Cleveland,42,43,0.425,5385.41,38786.88,no,1778282100
2026-05-08,KXMLBGAME-26MAY081910TBBOS-TB,KXMLBGAME-26MAY081910TBBOS,Tampa Bay,Boston,45,46,0.455,194942.40,543177.48,no,1778281800
2026-05-08,KXMLBGAME-26MAY081907LAATOR-TOR,KXMLBGAME-26MAY081907LAATOR,Toronto,Toronto,59,60,0.595,46567.46,133886.85,yes,1778281620
2026-05-08,KXMLBGAME-26MAY081910WSHMIA-WSH,KXMLBGAME-26MAY081910WSHMIA,Washington,Washington,43,44,0.435,33661.32,103317.89,yes,1778281800
2026-05-08,KXMLBGAME-26MAY081905ATHBAL-BAL,KXMLBGAME-26MAY081905ATHBAL,Baltimore,A's,55,56,0.555,24295.97,87169.11,no,1778281500
2026-05-08,KXMLBGAME-26MAY081840COLPHI-PHI,KXMLBGAME-26MAY081840COLPHI,Philadelphia,Colorado,67,68,0.675,62405.85,217166.08,no,1778280000
2026-05-08,KXMLBGAME-26MAY081810HOUCIN-HOU,KXMLBGAME-26MAY081810HOUCIN,Houston,Houston,45,46,0.455,68378.08,123621.82,yes,1778278200
2026-05-08,KXMLBGAME-26MAY072210STLSD-STL,KXMLBGAME-26MAY072210STLSD,St. Louis,St. Louis,40,41,0.405,268215.08,394386.62,yes,1778206200
2026-05-09,KXMLBGAME-26MAY091910SEACWS-SEA,KXMLBGAME-26MAY091910SEACWS,Seattle,Chicago WS,54,55,0.545,37696.73,112332.53,no,1778368200
2026-05-09,KXMLBGAME-26MAY091910NYYMIL-NYY,KXMLBGAME-26MAY091910NYYMIL,New York Y,Milwaukee,54,55,0.545,175858.19,505936.89,no,1778368200
2026-05-09,KXMLBGAME-26MAY091910DETKC-KC,KXMLBGAME-26MAY091910DETKC,Kansas City,Kansas City,55,56,0.555,21256.93,62306.60,yes,1778368200
2026-05-09,KXMLBGAME-26MAY091915STLSD-STL,KXMLBGAME-26MAY091915STLSD,St. Louis,San Diego,44,45,0.445,19521.06,128427.70,no,1778368500
2026-05-09,KXMLBGAME-26MAY091915NYMAZ-NYM,KXMLBGAME-26MAY091915NYMAZ,New York M,Arizona,50,51,0.505,45707.77,156104.56,no,1778368500
2026-05-09,KXMLBGAME-26MAY091905CHCTEX-TEX,KXMLBGAME-26MAY091905CHCTEX,Texas,Texas,45,46,0.455,169723.64,247069.96,yes,1778367900
2026-05-09,KXMLBGAME-26MAY091810MINCLE-MIN,KXMLBGAME-26MAY091810MINCLE,Minnesota,Minnesota,47,48,0.475,31381.11,56276.39,yes,1778364600
2026-05-09,KXMLBGAME-26MAY091805COLPHI-PHI,KXMLBGAME-26MAY091805COLPHI,Philadelphia,Philadelphia,62,63,0.625,95010.33,170926.78,yes,1778364300
2026-05-09,KXMLBGAME-26MAY091610WSHMIA-WSH,KXMLBGAME-26MAY091610WSHMIA,Washington,Miami,40,41,0.405,5262.31,25292.61,no,1778357400
2026-05-09,KXMLBGAME-26MAY091605ATHBAL-BAL,KXMLBGAME-26MAY091605ATHBAL,Baltimore,A's,52,53,0.525,32545.97,104214.57,no,1778357100
2026-05-09,KXMLBGAME-26MAY091610HOUCIN-HOU,KXMLBGAME-26MAY091610HOUCIN,Houston,Cincinnati,40,41,0.405,28356.69,237520.43,no,1778357400
2026-05-09,KXMLBGAME-26MAY091507LAATOR-TOR,KXMLBGAME-26MAY091507LAATOR,Toronto,Toronto,62,63,0.625,91897.07,238647.92,yes,1778353620
2026-05-09,KXMLBGAME-26MAY082210ATLLAD-LAD,KXMLBGAME-26MAY082210ATLLAD,Los Angeles D,Los Angeles D,50,51,0.505,136889.67,315161.55,yes,1778292600
2026-05-09,KXMLBGAME-26MAY082215PITSF-SF,KXMLBGAME-26MAY082215PITSF,San Francisco,San Francisco,50,51,0.505,37621.89,76786.02,yes,1778292900
2026-05-09,KXMLBGAME-26MAY082145STLSD-STL,KXMLBGAME-26MAY082145STLSD,St. Louis,St. Louis,42,43,0.425,10648.45,135160.25,yes,1778291100
2026-05-09,KXMLBGAME-26MAY082140NYMAZ-NYM,KXMLBGAME-26MAY082140NYMAZ,New York M,New York M,54,55,0.545,72093.30,127327.75,yes,1778290800
2026-05-09,KXMLBGAME-26MAY082005CHCTEX-TEX,KXMLBGAME-26MAY082005CHCTEX,Texas,Chicago C,45,46,0.455,26251.61,206056.49,no,1778285100
2026-05-10,KXMLBGAME-26MAY101920DETKC-KC,KXMLBGAME-26MAY101920DETKC,Kansas City,Detroit,53,54,0.535,86948.04,222799.78,no,1778455200
2026-05-10,KXMLBGAME-26MAY101610NYMAZ-NYM,KXMLBGAME-26MAY101610NYMAZ,New York M,Arizona,48,49,0.485,70742.39,102974.49,no,1778443800
2026-05-10,KXMLBGAME-26MAY101610STLSD-STL,KXMLBGAME-26MAY101610STLSD,St. Louis,San Diego,45,46,0.455,16513.57,61701.04,no,1778443800
2026-05-10,KXMLBGAME-26MAY101605PITSF-SF,KXMLBGAME-26MAY101605PITSF,San Francisco,San Francisco,53,54,0.535,40611.07,81718.42,yes,1778443500
2026-05-10,KXMLBGAME-26MAY101610ATLLAD-LAD,KXMLBGAME-26MAY101610ATLLAD,Los Angeles D,Atlanta,56,57,0.565,139901.63,376396.98,no,1778443800
2026-05-10,KXMLBGAME-26MAY101435CHCTEX-TEX,KXMLBGAME-26MAY101435CHCTEX,Texas,Texas,52,53,0.525,17572.31,79534.35,yes,1778438100
2026-05-10,KXMLBGAME-26MAY101410NYYMIL-NYY,KXMLBGAME-26MAY101410NYYMIL,New York Y,Milwaukee,48,49,0.485,176872.70,415344.65,no,1778436600
2026-05-10,KXMLBGAME-26MAY101410SEACWS-SEA,KXMLBGAME-26MAY101410SEACWS,Seattle,Chicago WS,56,57,0.565,26225.65,108876.82,no,1778436600
2026-05-10,KXMLBGAME-26MAY101340HOUCIN-HOU,KXMLBGAME-26MAY101340HOUCIN,Houston,Cincinnati,48,49,0.485,10741.94,68906.96,no,1778434800
2026-05-10,KXMLBGAME-26MAY101335TBBOS-TB,KXMLBGAME-26MAY101335TBBOS,Tampa Bay,Tampa Bay,41,42,0.415,165889.32,420963.64,yes,1778434500
2026-05-10,KXMLBGAME-26MAY101335COLPHI-PHI,KXMLBGAME-26MAY101335COLPHI,Philadelphia,Philadelphia,73,74,0.735,17425.79,62786.19,yes,1778434500
2026-05-10,KXMLBGAME-26MAY101335ATHBAL-BAL,KXMLBGAME-26MAY101335ATHBAL,Baltimore,Baltimore,49,50,0.495,35221.12,79905.49,yes,1778434500
2026-05-10,KXMLBGAME-26MAY101337LAATOR-TOR,KXMLBGAME-26MAY101337LAATOR,Toronto,Los Angeles A,50,51,0.505,52430.83,171406.91,no,1778434620
2026-05-10,KXMLBGAME-26MAY101340MINCLE-MIN,KXMLBGAME-26MAY101340MINCLE,Minnesota,Minnesota,39,40,0.395,10275.42,22505.22,yes,1778434800
2026-05-10,KXMLBGAME-26MAY101215WSHMIA-WSH,KXMLBGAME-26MAY101215WSHMIA,Washington,Miami,45,46,0.455,84072.15,153744.10,no,1778429700
2026-05-10,KXMLBGAME-26MAY092105PITSF-SF,KXMLBGAME-26MAY092105PITSF,San Francisco,Pittsburgh,49,50,0.495,40399.93,96473.86,no,1778375100
2026-05-10,KXMLBGAME-26MAY092110ATLLAD-LAD,KXMLBGAME-26MAY092110ATLLAD,Los Angeles D,Atlanta,62,63,0.625,51930.64,235154.34,no,1778375400
2026-05-11,KXMLBGAME-26MAY111907TBTOR-TOR,KXMLBGAME-26MAY111907TBTOR,Toronto,Tampa Bay,52,53,0.525,60317.27,128397.34,no,1778540820
2026-05-11,KXMLBGAME-26MAY111835NYYBAL-NYY,KXMLBGAME-26MAY111835NYYBAL,New York Y,Baltimore,58,59,0.585,255108.13,800912.60,no,1778538900
2026-05-11,KXMLBGAME-26MAY111810LAACLE-LAA,KXMLBGAME-26MAY111810LAACLE,Los Angeles A,Cleveland,39,40,0.395,58783.82,130525.26,no,1778537400
2026-05-12,KXMLBGAME-26MAY121940KCCWS-KC,KXMLBGAME-26MAY121940KCCWS,Kansas City,Chicago WS,51,52,0.515,4028.76,22974.28,no,1778629200
2026-05-12,KXMLBGAME-26MAY121940SDMIL-SD,KXMLBGAME-26MAY121940SDMIL,San Diego,Milwaukee,43,44,0.435,7479.97,58362.72,no,1778629200
2026-05-12,KXMLBGAME-26MAY121940MIAMIN-MIN,KXMLBGAME-26MAY121940MIAMIN,Minnesota,Minnesota,50,51,0.505,8650.36,49807.57,yes,1778629200
2026-05-12,KXMLBGAME-26MAY121910DETNYM-NYM,KXMLBGAME-26MAY121910DETNYM,New York M,New York M,57,58,0.575,22024.68,48648.24,yes,1778627400
2026-05-12,KXMLBGAME-26MAY121915CHCATL-CHC,KXMLBGAME-26MAY121915CHCATL,Chicago C,Atlanta,47,48,0.475,42553.77,117331.05,no,1778627700
2026-05-12,KXMLBGAME-26MAY121907TBTOR-TOR,KXMLBGAME-26MAY121907TBTOR,Toronto,Tampa Bay,48,49,0.485,79039.82,181215.44,no,1778627220
2026-05-12,KXMLBGAME-26MAY121840COLPIT-PIT,KXMLBGAME-26MAY121840COLPIT,Pittsburgh,Pittsburgh,71,72,0.715,60445.41,167193.58,yes,1778625600
2026-05-12,KXMLBGAME-26MAY121835NYYBAL-NYY,KXMLBGAME-26MAY121835NYYBAL,New York Y,New York Y,56,57,0.565,194783.17,604244.86,yes,1778625300
2026-05-12,KXMLBGAME-26MAY121840WSHCIN-WSH,KXMLBGAME-26MAY121840WSHCIN,Washington,Washington,43,44,0.435,14649.07,34470.61,yes,1778625600
2026-05-12,KXMLBGAME-26MAY121845PHIBOS-PHI,KXMLBGAME-26MAY121845PHIBOS,Philadelphia,Philadelphia,56,57,0.565,29429.86,108000.43,yes,1778625900
2026-05-12,KXMLBGAME-26MAY121810LAACLE-LAA,KXMLBGAME-26MAY121810LAACLE,Los Angeles A,Cleveland,43,44,0.435,162053.27,226521.58,no,1778623800
2026-05-12,KXMLBGAME-26MAY112210SFLAD-SF,KXMLBGAME-26MAY112210SFLAD,San Francisco,San Francisco,37,38,0.375,146842.26,258063.46,yes,1778551800
2026-05-12,KXMLBGAME-26MAY112010SEAHOU-SEA,KXMLBGAME-26MAY112010SEAHOU,Seattle,Seattle,57,58,0.575,40001.71,141405.96,yes,1778544600
2026-05-12,KXMLBGAME-26MAY112005AZTEX-TEX,KXMLBGAME-26MAY112005AZTEX,Texas,Arizona,50,51,0.505,118645.48,357846.35,no,1778544300
2026-05-13,KXMLBGAME-26MAY131940MIAMIN-MIN,KXMLBGAME-26MAY131940MIAMIN,Minnesota,Miami,45,46,0.455,7162.27,29964.34,no,1778715600
2026-05-13,KXMLBGAME-26MAY131940KCCWS-KC,KXMLBGAME-26MAY131940KCCWS,Kansas City,Chicago WS,50,51,0.505,10264.76,34555.05,no,1778715600
2026-05-13,KXMLBGAME-26MAY131940SDMIL-SD,KXMLBGAME-26MAY131940SDMIL,San Diego,San Diego,41,42,0.415,16714.48,57209.43,yes,1778715600
2026-05-13,KXMLBGAME-26MAY131915CHCATL-CHC,KXMLBGAME-26MAY131915CHCATL,Chicago C,Atlanta,55,56,0.555,49284.21,124175.12,no,1778714100
2026-05-13,KXMLBGAME-26MAY131907TBTOR-TOR,KXMLBGAME-26MAY131907TBTOR,Toronto,Toronto,57,58,0.575,71765.88,142405.99,yes,1778713620
2026-05-13,KXMLBGAME-26MAY131910DETNYM-NYM,KXMLBGAME-26MAY131910DETNYM,New York M,New York M,52,53,0.525,77151.22,156708.65,yes,1778713800
2026-05-13,KXMLBGAME-26MAY131845PHIBOS-PHI,KXMLBGAME-26MAY131845PHIBOS,Philadelphia,Boston,46,47,0.465,76078.16,188794.41,no,1778712300
2026-05-13,KXMLBGAME-26MAY131840COLPIT-PIT,KXMLBGAME-26MAY131840COLPIT,Pittsburgh,Colorado,63,64,0.635,101192.77,365341.61,no,1778712000
2026-05-13,KXMLBGAME-26MAY131840WSHCIN-WSH,KXMLBGAME-26MAY131840WSHCIN,Washington,Washington,38,39,0.385,61838.57,174182.35,yes,1778712000
2026-05-13,KXMLBGAME-26MAY131310LAACLE-LAA,KXMLBGAME-26MAY131310LAACLE,Los Angeles A,Cleveland,41,42,0.415,52992.11,119241.81,no,1778692200
2026-05-13,KXMLBGAME-26MAY122210SFLAD-SF,KXMLBGAME-26MAY122210SFLAD,San Francisco,San Francisco,25,26,0.255,65082.02,181163.04,yes,1778638200
2026-05-13,KXMLBGAME-26MAY122140STLATH-STL,KXMLBGAME-26MAY122140STLATH,St. Louis,St. Louis,40,41,0.405,8539.90,63366.77,yes,1778636400
2026-05-13,KXMLBGAME-26MAY122005AZTEX-TEX,KXMLBGAME-26MAY122005AZTEX,Texas,Texas,52,53,0.525,46974.31,114527.79,yes,1778630700
2026-05-13,KXMLBGAME-26MAY122010SEAHOU-SEA,KXMLBGAME-26MAY122010SEAHOU,Seattle,Seattle,64,65,0.645,23671.86,149324.70,yes,1778631000
2026-05-14,KXMLBGAME-26MAY141940KCCWS-KC,KXMLBGAME-26MAY141940KCCWS,Kansas City,Chicago WS,55,56,0.555,76052.65,222144.60,no,1778802000
2026-05-14,KXMLBGAME-26MAY141915CHCATL-CHC,KXMLBGAME-26MAY141915CHCATL,Chicago C,Chicago C,35,36,0.355,197956.21,419063.81,yes,1778800500
2026-05-14,KXMLBGAME-26MAY141845PHIBOS-PHI,KXMLBGAME-26MAY141845PHIBOS,Philadelphia,Philadelphia,47,48,0.475,80559.42,176378.21,yes,1778798700
2026-05-14,KXMLBGAME-26MAY141505STLATH-STL,KXMLBGAME-26MAY141505STLATH,St. Louis,St. Louis,46,47,0.465,470844.70,690830.39,yes,1778785500
2026-05-14,KXMLBGAME-26MAY141410SEAHOU-SEA,KXMLBGAME-26MAY141410SEAHOU,Seattle,Seattle,51,52,0.515,53346.40,137227.25,yes,1778782200
2026-05-14,KXMLBGAME-26MAY141340SDMIL-SD,KXMLBGAME-26MAY141340SDMIL,San Diego,Milwaukee,42,43,0.425,14817.57,66873.17,no,1778780400
2026-05-14,KXMLBGAME-26MAY141340MIAMIN-MIN,KXMLBGAME-26MAY141340MIAMIN,Minnesota,Minnesota,49,50,0.495,20078.90,83296.70,yes,1778780400
2026-05-14,KXMLBGAME-26MAY141310DETNYM-NYM,KXMLBGAME-26MAY141310DETNYM,New York M,New York M,59,60,0.595,48010.70,116929.28,yes,1778778600
2026-05-14,KXMLBGAME-26MAY141235COLPIT-PIT,KXMLBGAME-26MAY141235COLPIT,Pittsburgh,Pittsburgh,61,62,0.615,59199.81,257813.56,yes,1778776500
2026-05-14,KXMLBGAME-26MAY141240WSHCIN-WSH,KXMLBGAME-26MAY141240WSHCIN,Washington,Cincinnati,41,42,0.415,65934.39,174586.76,no,1778776800
2026-05-14,KXMLBGAME-26MAY132210SFLAD-SF,KXMLBGAME-26MAY132210SFLAD,San Francisco,Los Angeles D,30,31,0.305,68226.83,251265.69,no,1778724600
2026-05-14,KXMLBGAME-26MAY132140STLATH-STL,KXMLBGAME-26MAY132140STLATH,St. Louis,A's,43,44,0.435,55761.37,114947.70,no,1778722800
2026-05-14,KXMLBGAME-26MAY132010SEAHOU-SEA,KXMLBGAME-26MAY132010SEAHOU,Seattle,Houston,56,57,0.565,41042.34,205365.20,no,1778717400
2026-05-14,KXMLBGAME-26MAY132005AZTEX-TEX,KXMLBGAME-26MAY132005AZTEX,Texas,Texas,48,49,0.485,40063.98,107894.95,yes,1778717100
2026-05-15,KXMLBGAME-26MAY151940CHCCWS-CWS,KXMLBGAME-26MAY151940CHCCWS,Chicago WS,Chicago C,46,47,0.465,14687.83,105746.84,no,1778888400
2026-05-15,KXMLBGAME-26MAY151910MILMIN-MIN,KXMLBGAME-26MAY151910MILMIN,Minnesota,Milwaukee,49,50,0.495,13640.34,46590.95,no,1778886600
2026-05-15,KXMLBGAME-26MAY151910CINCLE-CLE,KXMLBGAME-26MAY151910CINCLE,Cleveland,Cincinnati,56,57,0.565,11223.72,95940.52,no,1778886600
2026-05-15,KXMLBGAME-26MAY151915BOSATL-BOS,KXMLBGAME-26MAY151915BOSATL,Boston,Atlanta,42,43,0.425,8551.11,92168.38,no,1778886900
2026-05-15,KXMLBGAME-26MAY151915NYYNYM-NYY,KXMLBGAME-26MAY151915NYYNYM,New York Y,New York Y,57,58,0.575,121478.12,513087.80,yes,1778886900
2026-05-15,KXMLBGAME-26MAY151910MIATB-TB,KXMLBGAME-26MAY151910MIATB,Tampa Bay,Tampa Bay,53,54,0.535,139265.07,464074.22,yes,1778886600
2026-05-15,KXMLBGAME-26MAY151845BALWSH-WSH,KXMLBGAME-26MAY151845BALWSH,Washington,Washington,44,45,0.445,20352.92,63315.51,yes,1778885100
2026-05-15,KXMLBGAME-26MAY151840PHIPIT-PIT,KXMLBGAME-26MAY151840PHIPIT,Pittsburgh,Philadelphia,55,56,0.555,110940.89,341927.32,no,1778884800
2026-05-15,KXMLBGAME-26MAY151845TORDET-TOR,KXMLBGAME-26MAY151845TORDET,Toronto,Detroit,53,54,0.535,30513.02,106182.58,no,1778885100
2026-05-15,KXMLBGAME-26MAY142210SFLAD-SF,KXMLBGAME-26MAY142210SFLAD,San Francisco,Los Angeles D,38,39,0.385,291298.99,601223.10,no,1778811000
2026-05-16,KXMLBGAME-26MAY161910MILMIN-MIN,KXMLBGAME-26MAY161910MILMIN,Minnesota,Milwaukee,45,46,0.455,10174.34,63304.87,no,1778973000
2026-05-16,KXMLBGAME-26MAY161915BOSATL-BOS,KXMLBGAME-26MAY161915BOSATL,Boston,Boston,48,49,0.485,46812.06,94521.27,yes,1778973300
2026-05-16,KXMLBGAME-26MAY161910CHCCWS-CWS,KXMLBGAME-26MAY161910CHCCWS,Chicago WS,Chicago WS,50,51,0.505,107676.03,287660.05,yes,1778973000
2026-05-16,KXMLBGAME-26MAY161915NYYNYM-NYY,KXMLBGAME-26MAY161915NYYNYM,New York Y,New York M,52,53,0.525,248094.87,614349.05,no,1778973300
2026-05-16,KXMLBGAME-26MAY161915SDSEA-SEA,KXMLBGAME-26MAY161915SDSEA,Seattle,San Diego,61,62,0.615,17850.54,90406.75,no,1778973300
2026-05-16,KXMLBGAME-26MAY161910TEXHOU-TEX,KXMLBGAME-26MAY161910TEXHOU,Texas,Houston,57,58,0.575,56957.86,234483.59,no,1778973000
2026-05-16,KXMLBGAME-26MAY161810CINCLE-CLE,KXMLBGAME-26MAY161810CINCLE,Cleveland,Cleveland,58,59,0.585,162998.00,315056.19,yes,1778969400
2026-05-16,KXMLBGAME-26MAY161605BALWSH-WSH,KXMLBGAME-26MAY161605BALWSH,Washington,Washington,50,51,0.505,70816.27,135130.11,yes,1778961900
2026-05-16,KXMLBGAME-26MAY161605PHIPIT-PIT,KXMLBGAME-26MAY161605PHIPIT,Pittsburgh,Philadelphia,39,40,0.395,74641.56,159684.23,no,1778961900
2026-05-16,KXMLBGAME-26MAY161610MIATB-TB,KXMLBGAME-26MAY161610MIATB,Tampa Bay,Miami,55,56,0.555,127494.84,604412.21,no,1778962200
2026-05-16,KXMLBGAME-26MAY161510AZCOL-COL,KXMLBGAME-26MAY161510AZCOL,Colorado,Colorado,43,44,0.435,24023.33,58517.54,yes,1778958600
2026-05-16,KXMLBGAME-26MAY161415KCSTL-STL,KXMLBGAME-26MAY161415KCSTL,St. Louis,St. Louis,51,52,0.515,101352.39,423165.76,yes,1778955300
2026-05-16,KXMLBGAME-26MAY161310TORDET-TOR,KXMLBGAME-26MAY161310TORDET,Toronto,Toronto,49,50,0.495,166017.01,301870.77,yes,1778951400
2026-05-16,KXMLBGAME-26MAY152140SDSEA-SEA,KXMLBGAME-26MAY152140SDSEA,Seattle,San Diego,54,55,0.545,9298.90,92958.42,no,1778895600
2026-05-16,KXMLBGAME-26MAY152138LADLAA-LAD,KXMLBGAME-26MAY152138LADLAA,Los Angeles D,Los Angeles D,64,65,0.645,25752.24,160135.18,yes,1778895480
2026-05-16,KXMLBGAME-26MAY152140SFATH-SF,KXMLBGAME-26MAY152140SFATH,San Francisco,A's,46,47,0.465,6424.34,28806.65,no,1778895600
2026-05-16,KXMLBGAME-26MAY152040AZCOL-COL,KXMLBGAME-26MAY152040AZCOL,Colorado,Arizona,47,48,0.475,7347.72,24680.03,no,1778892000
2026-05-16,KXMLBGAME-26MAY152015KCSTL-STL,KXMLBGAME-26MAY152015KCSTL,St. Louis,St. Louis,50,51,0.505,92971.49,142627.15,yes,1778890500
2026-05-16,KXMLBGAME-26MAY152010TEXHOU-TEX,KXMLBGAME-26MAY152010TEXHOU,Texas,Houston,50,51,0.505,32165.75,91839.05,no,1778890200
2026-05-17,KXMLBGAME-26MAY171920SDSEA-SEA,KXMLBGAME-26MAY171920SDSEA,Seattle,San Diego,58,59,0.585,246278.01,393553.37,no,1779060000
2026-05-17,KXMLBGAME-26MAY171607LADLAA-LAD,KXMLBGAME-26MAY171607LADLAA,Los Angeles D,Los Angeles D,57,58,0.575,371190.02,857782.34,yes,1779048420
2026-05-17,KXMLBGAME-26MAY171605SFATH-SF,KXMLBGAME-26MAY171605SFATH,San Francisco,San Francisco,42,43,0.425,63900.89,92423.13,yes,1779048300
2026-05-17,KXMLBGAME-26MAY171510AZCOL-COL,KXMLBGAME-26MAY171510AZCOL,Colorado,Arizona,43,44,0.435,27257.77,44342.55,no,1779045000
2026-05-17,KXMLBGAME-26MAY171410MILMIN-MIN,KXMLBGAME-26MAY171410MILMIN,Minnesota,Minnesota,44,45,0.445,22967.27,70481.86,yes,1779041400
2026-05-17,KXMLBGAME-26MAY171410CHCCWS-CWS,KXMLBGAME-26MAY171410CHCCWS,Chicago WS,Chicago WS,45,46,0.455,16837.25,57781.38,yes,1779041400
2026-05-17,KXMLBGAME-26MAY171415KCSTL-STL,KXMLBGAME-26MAY171415KCSTL,St. Louis,Kansas City,52,53,0.525,44841.65,230161.19,no,1779041700
2026-05-17,KXMLBGAME-26MAY171410TEXHOU-TEX,KXMLBGAME-26MAY171410TEXHOU,Texas,Texas,53,54,0.535,27787.11,89066.12,yes,1779041400
2026-05-17,KXMLBGAME-26MAY171335BOSATL-BOS,KXMLBGAME-26MAY171335BOSATL,Boston,Atlanta,42,43,0.425,19191.56,52232.38,no,1779039300
2026-05-17,KXMLBGAME-26MAY171335PHIPIT-PIT,KXMLBGAME-26MAY171335PHIPIT,Pittsburgh,Philadelphia,54,55,0.545,50994.93,172998.71,no,1779039300
2026-05-17,KXMLBGAME-26MAY171340NYYNYM-NYY,KXMLBGAME-26MAY171340NYYNYM,New York Y,New York M,48,49,0.485,86912.99,333161.95,no,1779039600
2026-05-17,KXMLBGAME-26MAY171340CINCLE-CLE,KXMLBGAME-26MAY171340CINCLE,Cleveland,Cleveland,58,59,0.585,47419.54,78494.37,yes,1779039600
2026-05-17,KXMLBGAME-26MAY171340TORDET-TOR,KXMLBGAME-26MAY171340TORDET,Toronto,Toronto,54,55,0.545,17063.95,44968.85,yes,1779039600
2026-05-17,KXMLBGAME-26MAY171335BALWSH-WSH,KXMLBGAME-26MAY171335BALWSH,Washington,Baltimore,47,48,0.475,42962.15,140310.52,no,1779039300
2026-05-17,KXMLBGAME-26MAY171215MIATB-TB,KXMLBGAME-26MAY171215MIATB,Tampa Bay,Tampa Bay,57,58,0.575,310069.56,699148.98,yes,1779034500
2026-05-17,KXMLBGAME-26MAY162140SFATH-SF,KXMLBGAME-26MAY162140SFATH,San Francisco,San Francisco,44,45,0.445,165198.37,238415.19,yes,1778982000
2026-05-17,KXMLBGAME-26MAY162138LADLAA-LAD,KXMLBGAME-26MAY162138LADLAA,Los Angeles D,Los Angeles D,55,56,0.555,366634.03,890949.00,yes,1778981880
2026-05-18,KXMLBGAME-26MAY181940HOUMIN-MIN,KXMLBGAME-26MAY181940HOUMIN,Minnesota,Minnesota,51,52,0.515,43639.26,110033.41,yes,1779147600
2026-05-18,KXMLBGAME-26MAY181940MILCHC-MIL,KXMLBGAME-26MAY181940MILCHC,Milwaukee,Milwaukee,40,41,0.405,10365.81,82361.91,yes,1779147600
2026-05-18,KXMLBGAME-26MAY181940BOSKC-KC,KXMLBGAME-26MAY181940BOSKC,Kansas City,Boston,49,50,0.495,15819.91,47780.82,no,1779147600
2026-05-18,KXMLBGAME-26MAY181905TORNYY-TOR,KXMLBGAME-26MAY181905TORNYY,Toronto,New York Y,39,40,0.395,12272.18,65906.97,no,1779145500
2026-05-18,KXMLBGAME-26MAY181840BALTB-TB,KXMLBGAME-26MAY181840BALTB,Tampa Bay,Tampa Bay,56,57,0.565,266202.25,880353.10,yes,1779144000
2026-05-18,KXMLBGAME-26MAY181840ATLMIA-MIA,KXMLBGAME-26MAY181840ATLMIA,Miami,Miami,50,51,0.505,47972.36,110256.43,yes,1779144000
2026-05-18,KXMLBGAME-26MAY181840CLEDET-DET,KXMLBGAME-26MAY181840CLEDET,Detroit,Cleveland,57,58,0.575,33770.78,101553.97,no,1779144000
2026-05-18,KXMLBGAME-26MAY181840CINPHI-PHI,KXMLBGAME-26MAY181840CINPHI,Philadelphia,Philadelphia,52,53,0.525,72363.51,244445.34,yes,1779144000
2026-05-18,KXMLBGAME-26MAY181845NYMWSH-WSH,KXMLBGAME-26MAY181845NYMWSH,Washington,New York M,46,47,0.465,13410.33,63472.45,no,1779144300
2026-05-19,KXMLBGAME-26MAY191945PITSTL-STL,KXMLBGAME-26MAY191945PITSTL,St. Louis,St. Louis,51,52,0.515,14158.62,65088.34,yes,1779234300
2026-05-19,KXMLBGAME-26MAY191940BOSKC-KC,KXMLBGAME-26MAY191940BOSKC,Kansas City,Boston,45,46,0.455,9178.61,26687.63,no,1779234000
2026-05-19,KXMLBGAME-26MAY191940MILCHC-MIL,KXMLBGAME-26MAY191940MILCHC,Milwaukee,Milwaukee,51,52,0.515,41997.06,145811.61,yes,1779234000
2026-05-19,KXMLBGAME-26MAY191940HOUMIN-MIN,KXMLBGAME-26MAY191940HOUMIN,Minnesota,Houston,56,57,0.565,10298.77,67349.81,no,1779234000
2026-05-19,KXMLBGAME-26MAY191905TORNYY-TOR,KXMLBGAME-26MAY191905TORNYY,Toronto,New York Y,45,46,0.455,31882.98,85552.01,no,1779231900
2026-05-19,KXMLBGAME-26MAY191845NYMWSH-WSH,KXMLBGAME-26MAY191845NYMWSH,Washington,Washington,43,44,0.435,7770.54,54209.77,yes,1779230700
2026-05-19,KXMLBGAME-26MAY191840BALTB-TB,KXMLBGAME-26MAY191840BALTB,Tampa Bay,Tampa Bay,51,52,0.515,144421.95,546586.02,yes,1779230400
2026-05-19,KXMLBGAME-26MAY191840CLEDET-DET,KXMLBGAME-26MAY191840CLEDET,Detroit,Cleveland,40,41,0.405,7717.86,91342.79,no,1779230400
2026-05-19,KXMLBGAME-26MAY191840CINPHI-PHI,KXMLBGAME-26MAY191840CINPHI,Philadelphia,Cincinnati,56,57,0.565,23508.97,100172.28,no,1779230400
2026-05-19,KXMLBGAME-26MAY191610ATLMIA-MIA,KXMLBGAME-26MAY191610ATLMIA,Miami,Atlanta,43,44,0.435,58491.42,168313.11,no,1779221400
2026-05-19,KXMLBGAME-26MAY182140LADSD-SD,KXMLBGAME-26MAY182140LADSD,San Diego,San Diego,43,44,0.435,31410.26,147499.96,yes,1779154800
2026-05-19,KXMLBGAME-26MAY182140CWSSEA-SEA,KXMLBGAME-26MAY182140CWSSEA,Seattle,Seattle,59,60,0.595,12876.43,99227.76,yes,1779154800
2026-05-19,KXMLBGAME-26MAY182138ATHLAA-LAA,KXMLBGAME-26MAY182138ATHLAA,Los Angeles A,Los Angeles A,44,45,0.445,60704.05,90620.82,yes,1779154680
2026-05-19,KXMLBGAME-26MAY182140SFAZ-SF,KXMLBGAME-26MAY182140SFAZ,San Francisco,Arizona,44,45,0.445,21229.44,90984.83,no,1779154800
2026-05-19,KXMLBGAME-26MAY182040TEXCOL-TEX,KXMLBGAME-26MAY182040TEXCOL,Texas,Colorado,57,58,0.575,22426.47,80060.42,no,1779151200
2026-05-20,KXMLBGAME-26MAY201940MILCHC-MIL,KXMLBGAME-26MAY201940MILCHC,Milwaukee,Milwaukee,48,49,0.485,167132.50,415743.53,yes,1779320400
2026-05-20,KXMLBGAME-26MAY201940BOSKC-KC,KXMLBGAME-26MAY201940BOSKC,Kansas City,Boston,52,53,0.525,25200.29,60785.37,no,1779320400
2026-05-20,KXMLBGAME-26MAY201945PITSTL-STL,KXMLBGAME-26MAY201945PITSTL,St. Louis,Pittsburgh,51,52,0.515,53033.89,131433.64,no,1779320700
2026-05-20,KXMLBGAME-26MAY201905TORNYY-TOR,KXMLBGAME-26MAY201905TORNYY,Toronto,Toronto,38,39,0.385,31281.18,72627.72,yes,1779318300
2026-05-20,KXMLBGAME-26MAY201840ATLMIA-MIA,KXMLBGAME-26MAY201840ATLMIA,Miami,Atlanta,36,37,0.365,23682.02,77503.12,no,1779316800
2026-05-20,KXMLBGAME-26MAY201845NYMWSH-WSH,KXMLBGAME-26MAY201845NYMWSH,Washington,Washington,46,47,0.465,12287.07,43068.54,yes,1779317100
2026-05-20,KXMLBGAME-26MAY201840CLEDET-DET,KXMLBGAME-26MAY201840CLEDET,Detroit,Cleveland,48,49,0.485,12405.08,49457.99,no,1779316800
2026-05-20,KXMLBGAME-26MAY201610CWSSEA-SEA,KXMLBGAME-26MAY201610CWSSEA,Seattle,Seattle,56,57,0.565,57807.62,130184.13,yes,1779307800
2026-05-20,KXMLBGAME-26MAY201540SFAZ-SF,KXMLBGAME-26MAY201540SFAZ,San Francisco,Arizona,48,49,0.485,8979.91,87287.67,no,1779306000
2026-05-20,KXMLBGAME-26MAY201510TEXCOL-TEX,KXMLBGAME-26MAY201510TEXCOL,Texas,Texas,53,54,0.535,181533.24,296667.35,yes,1779304200
2026-05-20,KXMLBGAME-26MAY201340HOUMIN-MIN,KXMLBGAME-26MAY201340HOUMIN,Minnesota,Minnesota,56,57,0.565,30088.65,190885.69,yes,1779298800
2026-05-20,KXMLBGAME-26MAY201310BALTB-TB,KXMLBGAME-26MAY201310BALTB,Tampa Bay,Tampa Bay,52,53,0.525,547550.89,1585636.44,yes,1779297000
2026-05-20,KXMLBGAME-26MAY201305CINPHI-PHI,KXMLBGAME-26MAY201305CINPHI,Philadelphia,Cincinnati,57,58,0.575,86941.00,354659.03,no,1779296700
2026-05-20,KXMLBGAME-26MAY192140CWSSEA-SEA,KXMLBGAME-26MAY192140CWSSEA,Seattle,Chicago WS,56,57,0.565,14302.75,72315.68,no,1779241200
2026-05-20,KXMLBGAME-26MAY192140LADSD-SD,KXMLBGAME-26MAY192140LADSD,San Diego,Los Angeles D,39,40,0.395,117189.84,135699.29,no,1779241200
2026-05-20,KXMLBGAME-26MAY192138ATHLAA-LAA,KXMLBGAME-26MAY192138ATHLAA,Los Angeles A,A's,55,56,0.555,14712.50,76453.11,no,1779241080
2026-05-20,KXMLBGAME-26MAY192140SFAZ-SF,KXMLBGAME-26MAY192140SFAZ,San Francisco,Arizona,46,47,0.465,12117.06,36342.51,no,1779241200
2026-05-20,KXMLBGAME-26MAY192040TEXCOL-TEX,KXMLBGAME-26MAY192040TEXCOL,Texas,Texas,49,50,0.495,40871.37,107272.75,yes,1779237600
2026-05-21,KXMLBGAME-26MAY211905TORNYY-TOR,KXMLBGAME-26MAY211905TORNYY,Toronto,Toronto,43,44,0.435,101644.93,234720.87,yes,1779404700
2026-05-21,KXMLBGAME-26MAY211840ATLMIA-MIA,KXMLBGAME-26MAY211840ATLMIA,Miami,Atlanta,43,44,0.435,15460.79,62647.48,no,1779403200
2026-05-21,KXMLBGAME-26MAY211605NYMWSH-WSH,KXMLBGAME-26MAY211605NYMWSH,Washington,New York M,49,50,0.495,352746.01,496597.03,no,1779393900
2026-05-21,KXMLBGAME-26MAY211315PITSTL-STL,KXMLBGAME-26MAY211315PITSTL,St. Louis,Pittsburgh,47,48,0.475,164775.65,434410.07,no,1779383700
2026-05-21,KXMLBGAME-26MAY211310CLEDET-DET,KXMLBGAME-26MAY211310CLEDET,Detroit,Cleveland,53,54,0.535,281838.67,473975.93,no,1779383400
2026-05-21,KXMLBGAME-26MAY202138ATHLAA-LAA,KXMLBGAME-26MAY202138ATHLAA,Los Angeles A,A's,46,47,0.465,15358.29,82386.06,no,1779327480
2026-05-21,KXMLBGAME-26MAY202040LADSD-SD,KXMLBGAME-26MAY202040LADSD,San Diego,Los Angeles D,36,37,0.365,40741.42,167337.51,no,1779324000
2026-05-22,KXMLBGAME-26MAY221940LADMIL-MIL,KXMLBGAME-26MAY221940LADMIL,Milwaukee,Milwaukee,50,51,0.505,48200.46,144631.47,yes,1779493200
2026-05-22,KXMLBGAME-26MAY221940SEAKC-SEA,KXMLBGAME-26MAY221940SEAKC,Seattle,Seattle,51,52,0.515,228415.09,329741.34,yes,1779493200
2026-05-22,KXMLBGAME-26MAY221907PITTOR-TOR,KXMLBGAME-26MAY221907PITTOR,Toronto,Toronto,59,60,0.595,105813.65,290074.52,yes,1779491220
2026-05-22,KXMLBGAME-26MAY221910MINBOS-MIN,KXMLBGAME-26MAY221910MINBOS,Minnesota,Minnesota,42,43,0.425,14866.65,59910.44,yes,1779491400
2026-05-22,KXMLBGAME-26MAY221915DETBAL-DET,KXMLBGAME-26MAY221915DETBAL,Detroit,Baltimore,45,46,0.455,26122.57,50063.36,no,1779491700
2026-05-22,KXMLBGAME-26MAY221915WSHATL-WSH,KXMLBGAME-26MAY221915WSHATL,Washington,Atlanta,35,36,0.355,6263.81,56099.40,no,1779491700
2026-05-22,KXMLBGAME-26MAY221910NYMMIA-NYM,KXMLBGAME-26MAY221910NYMMIA,New York M,Miami,49,50,0.495,218698.56,309666.98,no,1779491400
2026-05-22,KXMLBGAME-26MAY221905TBNYY-TB,KXMLBGAME-26MAY221905TBNYY,Tampa Bay,Tampa Bay,43,44,0.435,371480.81,996203.83,yes,1779491100
2026-05-22,KXMLBGAME-26MAY221840STLCIN-STL,KXMLBGAME-26MAY221840STLCIN,St. Louis,St. Louis,47,48,0.475,5343.40,145092.14,yes,1779489600
2026-05-22,KXMLBGAME-26MAY221840CLEPHI-PHI,KXMLBGAME-26MAY221840CLEPHI,Philadelphia,Cleveland,62,63,0.625,159381.22,340341.58,no,1779489600
2026-05-22,KXMLBGAME-26MAY221420HOUCHC-HOU,KXMLBGAME-26MAY221420HOUCHC,Houston,Houston,43,44,0.435,385001.67,967484.57,yes,1779474000
2026-05-22,KXMLBGAME-26MAY212138ATHLAA-LAA,KXMLBGAME-26MAY212138ATHLAA,Los Angeles A,A's,53,54,0.535,38730.24,224198.36,no,1779413880
2026-05-22,KXMLBGAME-26MAY212140COLAZ-COL,KXMLBGAME-26MAY212140COLAZ,Colorado,Arizona,34,35,0.345,9659.96,58858.02,no,1779414000
2026-05-23,KXMLBGAME-26MAY231915STLCIN-STL,KXMLBGAME-26MAY231915STLCIN,St. Louis,Cincinnati,50,51,0.505,181390.24,287838.44,no,1779578100
2026-05-23,KXMLBGAME-26MAY231915LADMIL-MIL,KXMLBGAME-26MAY231915LADMIL,Milwaukee,Los Angeles D,48,49,0.485,126721.50,281694.90,no,1779578100
2026-05-23,KXMLBGAME-26MAY231605CWSSF-SF,KXMLBGAME-26MAY231605CWSSF,San Francisco,San Francisco,50,51,0.505,158494.55,276776.16,yes,1779566700
2026-05-23,KXMLBGAME-26MAY231610SEAKC-SEA,KXMLBGAME-26MAY231610SEAKC,Seattle,Kansas City,53,54,0.535,271365.60,512114.32,no,1779567000
2026-05-23,KXMLBGAME-26MAY231605DETBAL-DET,KXMLBGAME-26MAY231605DETBAL,Detroit,Detroit,45,46,0.455,793.93,74377.27,yes,1779566700
2026-05-23,KXMLBGAME-26MAY231610NYMMIA-NYM,KXMLBGAME-26MAY231610NYMMIA,New York M,Miami,49,50,0.495,35619.69,158457.39,no,1779567000
2026-05-23,KXMLBGAME-26MAY231605CLEPHI-PHI,KXMLBGAME-26MAY231605CLEPHI,Philadelphia,Philadelphia,61,62,0.615,65315.98,183143.48,yes,1779566700
2026-05-23,KXMLBGAME-26MAY231610WSHATL-WSH,KXMLBGAME-26MAY231610WSHATL,Washington,Washington,39,40,0.395,8693.63,81600.40,yes,1779567000
2026-05-23,KXMLBGAME-26MAY231610MINBOS-MIN,KXMLBGAME-26MAY231610MINBOS,Minnesota,Minnesota,46,47,0.465,35124.77,87758.09,yes,1779567000
2026-05-23,KXMLBGAME-26MAY231507PITTOR-TOR,KXMLBGAME-26MAY231507PITTOR,Toronto,Toronto,41,42,0.415,38763.30,105862.00,yes,1779563220
2026-05-23,KXMLBGAME-26MAY231420HOUCHC-HOU,KXMLBGAME-26MAY231420HOUCHC,Houston,Houston,42,43,0.425,116416.54,272327.39,yes,1779560400
2026-05-23,KXMLBGAME-26MAY222215CWSSF-SF,KXMLBGAME-26MAY222215CWSSF,San Francisco,Chicago WS,48,49,0.485,42443.18,112626.75,no,1779502500
2026-05-23,KXMLBGAME-26MAY222140COLAZ-COL,KXMLBGAME-26MAY222140COLAZ,Colorado,Colorado,33,34,0.335,5467.53,32397.03,yes,1779500400
2026-05-23,KXMLBGAME-26MAY222140ATHSD-SD,KXMLBGAME-26MAY222140ATHSD,San Diego,San Diego,53,54,0.535,70032.53,185209.15,yes,1779500400
2026-05-23,KXMLBGAME-26MAY222138TEXLAA-TEX,KXMLBGAME-26MAY222138TEXLAA,Texas,Los Angeles A,60,61,0.605,41371.88,246848.95,no,1779500280
2026-05-24,KXMLBGAME-26MAY241920TEXLAA-TEX,KXMLBGAME-26MAY241920TEXLAA,Texas,Los Angeles A,47,48,0.475,234924.33,500256.15,no,1779664800
2026-05-24,KXMLBGAME-26MAY241610ATHSD-SD,KXMLBGAME-26MAY241610ATHSD,San Diego,A's,61,62,0.615,104035.37,177637.69,no,1779653400
2026-05-24,KXMLBGAME-26MAY241610WSHATL-WSH,KXMLBGAME-26MAY241610WSHATL,Washington,Washington,40,41,0.405,15345.40,37501.99,yes,1779653400
2026-05-24,KXMLBGAME-26MAY241610COLAZ-COL,KXMLBGAME-26MAY241610COLAZ,Colorado,Arizona,35,36,0.355,14341.50,31220.09,no,1779653400
2026-05-24,KXMLBGAME-26MAY241605CWSSF-SF,KXMLBGAME-26MAY241605CWSSF,San Francisco,San Francisco,54,55,0.545,155932.14,230726.40,yes,1779653100
2026-05-24,KXMLBGAME-26MAY241420HOUCHC-HOU,KXMLBGAME-26MAY241420HOUCHC,Houston,Houston,38,39,0.385,19677.25,98598.26,yes,1779646800
2026-05-24,KXMLBGAME-26MAY241410LADMIL-MIL,KXMLBGAME-26MAY241410LADMIL,Milwaukee,Los Angeles D,42,43,0.425,66609.84,145533.35,no,1779646200
2026-05-24,KXMLBGAME-26MAY241410SEAKC-SEA,KXMLBGAME-26MAY241410SEAKC,Seattle,Kansas City,53,54,0.535,64787.89,150336.60,no,1779646200
2026-05-24,KXMLBGAME-26MAY241335DETBAL-DET,KXMLBGAME-26MAY241335DETBAL,Detroit,Baltimore,44,45,0.445,326248.78,448745.37,no,1779644100
2026-05-24,KXMLBGAME-26MAY241335CLEPHI-PHI,KXMLBGAME-26MAY241335CLEPHI,Philadelphia,Cleveland,48,49,0.485,28425.39,115092.83,no,1779644100
2026-05-24,KXMLBGAME-26MAY241335MINBOS-MIN,KXMLBGAME-26MAY241335MINBOS,Minnesota,Minnesota,38,39,0.385,20469.04,66646.21,yes,1779644100
2026-05-24,KXMLBGAME-26MAY241335TBNYY-TB,KXMLBGAME-26MAY241335TBNYY,Tampa Bay,New York Y,43,44,0.435,111093.97,479201.04,no,1779644100
2026-05-24,KXMLBGAME-26MAY241340NYMMIA-NYM,KXMLBGAME-26MAY241340NYMMIA,New York M,Miami,46,47,0.465,21488.81,75360.21,no,1779644400
2026-05-24,KXMLBGAME-26MAY241215PITTOR-TOR,KXMLBGAME-26MAY241215PITTOR,Toronto,Pittsburgh,61,62,0.615,93150.24,308236.93,no,1779639300
2026-05-24,KXMLBGAME-26MAY232210COLAZ-COL,KXMLBGAME-26MAY232210COLAZ,Colorado,Arizona,36,37,0.365,24083.88,58592.50,no,1779588600
2026-05-24,KXMLBGAME-26MAY232205TEXLAA-TEX,KXMLBGAME-26MAY232205TEXLAA,Texas,Los Angeles A,56,57,0.565,156999.31,465124.17,no,1779588300
2026-05-24,KXMLBGAME-26MAY232140ATHSD-SD,KXMLBGAME-26MAY232140ATHSD,San Diego,San Diego,45,46,0.455,200575.43,393143.00,yes,1779586800
2026-05-25,KXMLBGAME-26MAY251907MIATOR-TOR,KXMLBGAME-26MAY251907MIATOR,Toronto,Miami,58,59,0.585,155579.54,284850.97,no,1779750420
2026-05-25,KXMLBGAME-26MAY251905HOUTEX-TEX,KXMLBGAME-26MAY251905HOUTEX,Texas,Houston,52,53,0.525,107233.82,303944.91,no,1779750300
2026-05-25,KXMLBGAME-26MAY251840PHISD-SD,KXMLBGAME-26MAY251840PHISD,San Diego,Philadelphia,48,49,0.485,74848.65,258732.82,no,1779748800
2026-05-25,KXMLBGAME-26MAY251810WSHCLE-WSH,KXMLBGAME-26MAY251810WSHCLE,Washington,Washington,38,39,0.385,38621.89,89328.05,yes,1779747000
2026-05-25,KXMLBGAME-26MAY251705AZSF-SF,KXMLBGAME-26MAY251705AZSF,San Francisco,Arizona,54,55,0.545,116754.67,173402.97,no,1779743100
2026-05-25,KXMLBGAME-26MAY251610CINNYM-NYM,KXMLBGAME-26MAY251610CINNYM,New York M,Cincinnati,55,56,0.555,62116.54,156283.45,no,1779739800
2026-05-25,KXMLBGAME-26MAY251540NYYKC-NYY,KXMLBGAME-26MAY251540NYYKC,New York Y,New York Y,54,55,0.545,139159.01,511255.42,yes,1779738000
2026-05-25,KXMLBGAME-26MAY251410STLMIL-STL,KXMLBGAME-26MAY251410STLMIL,St. Louis,Milwaukee,33,34,0.335,35596.72,141614.91,no,1779732600
2026-05-25,KXMLBGAME-26MAY251410MINCWS-MIN,KXMLBGAME-26MAY251410MINCWS,Minnesota,Chicago WS,49,50,0.495,76775.86,224433.84,no,1779732600
2026-05-25,KXMLBGAME-26MAY251335CHCPIT-PIT,KXMLBGAME-26MAY251335CHCPIT,Pittsburgh,Pittsburgh,46,47,0.465,62261.05,257644.45,yes,1779730500
2026-05-25,KXMLBGAME-26MAY251335TBBAL-TB,KXMLBGAME-26MAY251335TBBAL,Tampa Bay,Baltimore,51,52,0.515,423928.36,1690805.20,no,1779730500
2026-05-26,KXMLBGAME-26MAY261940NYYKC-NYY,KXMLBGAME-26MAY261940NYYKC,New York Y,New York Y,64,65,0.645,67308.21,351955.09,yes,1779838800
2026-05-26,KXMLBGAME-26MAY261940STLMIL-STL,KXMLBGAME-26MAY261940STLMIL,St. Louis,Milwaukee,34,35,0.345,42107.65,97850.24,no,1779838800
2026-05-26,KXMLBGAME-26MAY261940MINCWS-MIN,KXMLBGAME-26MAY261940MINCWS,Minnesota,Minnesota,51,52,0.515,11921.19,84163.04,yes,1779838800
2026-05-26,KXMLBGAME-26MAY261907MIATOR-TOR,KXMLBGAME-26MAY261907MIATOR,Toronto,Toronto,53,54,0.535,24216.03,64931.62,yes,1779836820
2026-05-26,KXMLBGAME-26MAY261910CINNYM-NYM,KXMLBGAME-26MAY261910CINNYM,New York M,Cincinnati,47,48,0.475,37228.96,63142.07,no,1779837000
2026-05-26,KXMLBGAME-26MAY261835TBBAL-TB,KXMLBGAME-26MAY261835TBBAL,Tampa Bay,Baltimore,51,52,0.515,157317.41,504847.71,no,1779834900
2026-05-26,KXMLBGAME-26MAY261840CHCPIT-PIT,KXMLBGAME-26MAY261840CHCPIT,Pittsburgh,Pittsburgh,55,56,0.555,38710.56,147929.20,yes,1779835200
2026-05-26,KXMLBGAME-26MAY261840LAADET-LAA,KXMLBGAME-26MAY261840LAADET,Los Angeles A,Los Angeles A,44,45,0.445,11744.10,43764.44,yes,1779835200
2026-05-26,KXMLBGAME-26MAY261845ATLBOS-BOS,KXMLBGAME-26MAY261845ATLBOS,Boston,Atlanta,51,52,0.515,25912.73,124910.64,no,1779835500
2026-05-26,KXMLBGAME-26MAY261810WSHCLE-WSH,KXMLBGAME-26MAY261810WSHCLE,Washington,Washington,45,46,0.455,70293.90,204809.48,yes,1779833400
2026-05-26,KXMLBGAME-26MAY252140SEAATH-SEA,KXMLBGAME-26MAY252140SEAATH,Seattle,Seattle,50,51,0.505,94873.72,154894.03,yes,1779759600
2026-05-26,KXMLBGAME-26MAY252110COLLAD-LAD,KXMLBGAME-26MAY252110COLLAD,Los Angeles D,Los Angeles D,74,75,0.745,109857.90,449794.90,yes,1779757800
2026-05-27,KXMLBGAME-26MAY271610PHISD-SD,KXMLBGAME-26MAY271610PHISD,San Diego,Philadelphia,44,45,0.445,56493.54,153727.19,no,1779912600
2026-05-27,KXMLBGAME-26MAY271545AZSF-SF,KXMLBGAME-26MAY271545AZSF,San Francisco,Arizona,48,49,0.485,15317.69,101139.65,no,1779911100
2026-05-27,KXMLBGAME-26MAY271505SEAATH-SEA,KXMLBGAME-26MAY271505SEAATH,Seattle,Seattle,52,53,0.525,59215.72,162829.91,yes,1779908700
2026-05-27,KXMLBGAME-26MAY271340STLMIL-STL,KXMLBGAME-26MAY271340STLMIL,St. Louis,Milwaukee,38,39,0.385,38728.38,70812.42,no,1779903600
2026-05-27,KXMLBGAME-26MAY271307MIATOR-TOR,KXMLBGAME-26MAY271307MIATOR,Toronto,Toronto,58,59,0.585,173460.21,509379.59,yes,1779901620
2026-05-27,KXMLBGAME-26MAY271310WSHCLE-WSH,KXMLBGAME-26MAY271310WSHCLE,Washington,Cleveland,38,39,0.385,92545.21,336186.58,no,1779901800
2026-05-27,KXMLBGAME-26MAY262210COLLAD-LAD,KXMLBGAME-26MAY262210COLLAD,Los Angeles D,Los Angeles D,67,68,0.675,119525.42,383555.08,yes,1779847800
2026-05-27,KXMLBGAME-26MAY262140SEAATH-SEA,KXMLBGAME-26MAY262140SEAATH,Seattle,Seattle,48,49,0.485,19271.91,109268.25,yes,1779846000
2026-05-27,KXMLBGAME-26MAY262145AZSF-SF,KXMLBGAME-26MAY262145AZSF,San Francisco,Arizona,51,52,0.515,48366.13,107076.20,no,1779846300
2026-05-27,KXMLBGAME-26MAY262140PHISD-SD,KXMLBGAME-26MAY262140PHISD,San Diego,Philadelphia,50,51,0.505,96272.95,265967.23,no,1779846000
2026-05-27,KXMLBGAME-26MAY262005HOUTEX-TEX,KXMLBGAME-26MAY262005HOUTEX,Texas,Texas,54,55,0.545,30831.44,85596.74,yes,1779840300
2026-05-27,KXMLBGAME-26MAY271840LAADET-LAA,KXMLBGAME-26MAY271840LAADET,Los Angeles A,Detroit,49,50,0.495,46099.41,114901.88,no,1779921600
2026-05-27,KXMLBGAME-26MAY271845ATLBOS-BOS,KXMLBGAME-26MAY271845ATLBOS,Boston,Boston,51,52,0.515,20012.03,72259.10,yes,1779921900
2026-05-27,KXMLBGAME-26MAY271835TBBAL-TB,KXMLBGAME-26MAY271835TBBAL,Tampa Bay,Baltimore,53,54,0.535,396225.26,779608.73,no,1779921300
2026-05-27,KXMLBGAME-26MAY271910CINNYM-NYM,KXMLBGAME-26MAY271910CINNYM,New York M,New York M,52,53,0.525,68604.57,128645.41,yes,1779923400
2026-05-27,KXMLBGAME-26MAY271940NYYKC-NYY,KXMLBGAME-26MAY271940NYYKC,New York Y,New York Y,59,60,0.595,248926.39,961030.78,yes,1779925200
2026-05-27,KXMLBGAME-26MAY271940MINCWS-MIN,KXMLBGAME-26MAY271940MINCWS,Minnesota,Chicago WS,50,51,0.505,30007.81,65929.01,no,1779925200
2026-05-27,KXMLBGAME-26MAY271840CHCPIT-PIT,KXMLBGAME-26MAY271840CHCPIT,Pittsburgh,Chicago C,53,54,0.535,45324.09,162506.56,no,1779921600
2026-05-28,KXMLBGAME-26MAY281840CHCPIT-PIT,KXMLBGAME-26MAY281840CHCPIT,Pittsburgh,Chicago C,61,62,0.615,44968.20,258488.20,no,1780008000
2026-05-28,KXMLBGAME-26MAY281835TORBAL-TOR,KXMLBGAME-26MAY281835TORBAL,Toronto,Toronto,46,47,0.465,110255.17,293397.73,yes,1780007700
2026-05-28,KXMLBGAME-26MAY281610ATLBOS-BOS,KXMLBGAME-26MAY281610ATLBOS,Boston,Atlanta,45,46,0.455,138003.73,203873.42,no,1779999000
2026-05-28,KXMLBGAME-26MAY281410MINCWS-MIN,KXMLBGAME-26MAY281410MINCWS,Minnesota,Chicago WS,40,41,0.405,41633.96,96359.96,no,1779991800
2026-05-28,KXMLBGAME-26MAY281310LAADET-LAA,KXMLBGAME-26MAY281310LAADET,Los Angeles A,Los Angeles A,44,45,0.445,125142.27,310575.59,yes,1779988200
2026-05-28,KXMLBGAME-26MAY272210COLLAD-LAD,KXMLBGAME-26MAY272210COLLAD,Los Angeles D,Los Angeles D,79,80,0.795,249481.31,815158.57,yes,1779934200
2026-05-28,KXMLBGAME-26MAY272005HOUTEX-TEX,KXMLBGAME-26MAY272005HOUTEX,Texas,Houston,56,57,0.565,57842.80,138288.05,no,1779926700
2026-05-29,KXMLBGAME-26MAY291940DETCWS-DET,KXMLBGAME-26MAY291940DETCWS,Detroit,Chicago WS,49,50,0.495,21304.12,64587.74,no,1780098000
2026-05-29,KXMLBGAME-26MAY291910MIANYM-NYM,KXMLBGAME-26MAY291910MIANYM,New York M,New York M,51,52,0.515,62059.04,149184.23,yes,1780096200
2026-05-29,KXMLBGAME-26MAY291845SDWSH-WSH,KXMLBGAME-26MAY291845SDWSH,Washington,San Diego,52,53,0.525,29673.99,191614.65,no,1780094700
2026-05-29,KXMLBGAME-26MAY291845MINPIT-PIT,KXMLBGAME-26MAY291845MINPIT,Pittsburgh,Pittsburgh,54,55,0.545,97732.47,197606.02,yes,1780094700
2026-05-29,KXMLBGAME-26MAY291910LAATB-TB,KXMLBGAME-26MAY291910LAATB,Tampa Bay,Tampa Bay,59,60,0.595,128048.27,879240.11,yes,1780096200
2026-05-29,KXMLBGAME-26MAY291915CHCSTL-STL,KXMLBGAME-26MAY291915CHCSTL,St. Louis,St. Louis,45,46,0.455,30520.27,97236.20,yes,1780096500
2026-05-29,KXMLBGAME-26MAY291905TORBAL-TOR,KXMLBGAME-26MAY291905TORBAL,Toronto,Toronto,46,47,0.465,77407.81,212340.52,yes,1780095900
2026-05-29,KXMLBGAME-26MAY291910BOSCLE-CLE,KXMLBGAME-26MAY291910BOSCLE,Cleveland,Cleveland,54,55,0.545,75032.04,179934.97,yes,1780096200
2026-05-29,KXMLBGAME-26MAY291840ATLCIN-CIN,KXMLBGAME-26MAY291840ATLCIN,Cincinnati,Atlanta,44,45,0.445,44207.98,135483.88,no,1780094400
2026-05-29,KXMLBGAME-26MAY282005HOUTEX-TEX,KXMLBGAME-26MAY282005HOUTEX,Texas,Houston,56,57,0.565,72834.56,220923.32,no,1780013100
2026-05-30,KXMLBGAME-26MAY301915CHCSTL-STL,KXMLBGAME-26MAY301915CHCSTL,St. Louis,Chicago C,45,46,0.455,40555.31,98097.35,no,1780182900
2026-05-30,KXMLBGAME-26MAY301915ATLCIN-CIN,KXMLBGAME-26MAY301915ATLCIN,Cincinnati,Atlanta,46,47,0.465,50152.72,77597.33,no,1780182900
2026-05-30,KXMLBGAME-26MAY301610LAATB-TB,KXMLBGAME-26MAY301610LAATB,Tampa Bay,Los Angeles A,60,61,0.605,282563.51,857989.44,no,1780171800
2026-05-30,KXMLBGAME-26MAY301605MINPIT-PIT,KXMLBGAME-26MAY301605MINPIT,Pittsburgh,Pittsburgh,57,58,0.575,41142.42,130634.49,yes,1780171500
2026-05-30,KXMLBGAME-26MAY301610BOSCLE-CLE,KXMLBGAME-26MAY301610BOSCLE,Cleveland,Boston,53,54,0.535,43392.59,188866.18,no,1780171800
2026-05-30,KXMLBGAME-26MAY301610MILHOU-MIL,KXMLBGAME-26MAY301610MILHOU,Milwaukee,Houston,51,52,0.515,51146.89,152209.18,no,1780171800
2026-05-30,KXMLBGAME-26MAY301605TORBAL-TOR,KXMLBGAME-26MAY301605TORBAL,Toronto,Baltimore,53,54,0.535,61379.29,219398.79,no,1780171500
2026-05-30,KXMLBGAME-26MAY301605KCTEX-TEX,KXMLBGAME-26MAY301605KCTEX,Texas,Texas,51,52,0.515,168393.42,323312.24,yes,1780171500
2026-05-30,KXMLBGAME-26MAY301610MIANYM-NYM,KXMLBGAME-26MAY301610MIANYM,New York M,New York M,54,55,0.545,27823.12,61506.84,yes,1780171800
2026-05-30,KXMLBGAME-26MAY301605SDWSH-WSH,KXMLBGAME-26MAY301605SDWSH,Washington,Washington,46,47,0.465,67130.86,150825.71,yes,1780171500
2026-05-30,KXMLBGAME-26MAY301410DETCWS-DET,KXMLBGAME-26MAY301410DETCWS,Detroit,Chicago WS,50,51,0.505,84337.87,157640.70,no,1780164600
2026-05-30,KXMLBGAME-26MAY292210AZSEA-SEA,KXMLBGAME-26MAY292210AZSEA,Seattle,Seattle,56,57,0.565,132504.30,213112.09,yes,1780107000
2026-05-30,KXMLBGAME-26MAY292140NYYATH-NYY,KXMLBGAME-26MAY292140NYYATH,New York Y,New York Y,57,58,0.575,112935.96,534653.61,yes,1780105200
2026-05-30,KXMLBGAME-26MAY292215PHILAD-PHI,KXMLBGAME-26MAY292215PHILAD,Philadelphia,Los Angeles D,48,49,0.485,136459.06,327012.03,no,1780107300
2026-05-30,KXMLBGAME-26MAY292040SFCOL-SF,KXMLBGAME-26MAY292040SFCOL,San Francisco,Colorado,57,58,0.575,45058.31,125192.52,no,1780101600
2026-05-30,KXMLBGAME-26MAY292010MILHOU-MIL,KXMLBGAME-26MAY292010MILHOU,Milwaukee,Milwaukee,56,57,0.565,55127.83,287736.44,yes,1780099800
2026-05-30,KXMLBGAME-26MAY292005KCTEX-TEX,KXMLBGAME-26MAY292005KCTEX,Texas,Texas,53,54,0.535,34396.53,75940.73,yes,1780099500
2026-05-31,KXMLBGAME-26MAY311920CHCSTL-STL,KXMLBGAME-26MAY311920CHCSTL,St. Louis,St. Louis,52,53,0.525,246820.17,433044.04,yes,1780269600
2026-05-31,KXMLBGAME-26MAY311610PHILAD-PHI,KXMLBGAME-26MAY311610PHILAD,Philadelphia,Los Angeles D,31,32,0.315,79361.88,141666.45,no,1780258200
2026-05-31,KXMLBGAME-26MAY311610AZSEA-SEA,KXMLBGAME-26MAY311610AZSEA,Seattle,Seattle,56,57,0.565,118903.79,236317.29,yes,1780258200
2026-05-31,KXMLBGAME-26MAY311605NYYATH-NYY,KXMLBGAME-26MAY311605NYYATH,New York Y,New York Y,62,63,0.625,452372.23,866937.70,yes,1780257900
2026-05-31,KXMLBGAME-26MAY311510SFCOL-SF,KXMLBGAME-26MAY311510SFCOL,San Francisco,San Francisco,50,51,0.505,74798.74,145187.15,yes,1780254600
2026-05-31,KXMLBGAME-26MAY311435KCTEX-TEX,KXMLBGAME-26MAY311435KCTEX,Texas,Texas,51,52,0.515,24022.63,73139.63,yes,1780252500
2026-05-31,KXMLBGAME-26MAY311410MILHOU-MIL,KXMLBGAME-26MAY311410MILHOU,Milwaukee,Milwaukee,64,65,0.645,139783.04,396964.10,yes,1780251000
2026-05-31,KXMLBGAME-26MAY311340BOSCLE-CLE,KXMLBGAME-26MAY311340BOSCLE,Cleveland,Boston,51,52,0.515,24979.51,72800.70,no,1780249200
2026-05-31,KXMLBGAME-26MAY311410DETCWS-DET,KXMLBGAME-26MAY311410DETCWS,Detroit,Chicago WS,44,45,0.445,66538.87,98492.73,no,1780251000
2026-05-31,KXMLBGAME-26MAY311340MIANYM-NYM,KXMLBGAME-26MAY311340MIANYM,New York M,New York M,58,59,0.585,30738.24,88510.19,yes,1780249200
2026-05-31,KXMLBGAME-26MAY311340ATLCIN-CIN,KXMLBGAME-26MAY311340ATLCIN,Cincinnati,Cincinnati,46,47,0.465,57875.37,129076.22,yes,1780249200
2026-05-31,KXMLBGAME-26MAY311340LAATB-TB,KXMLBGAME-26MAY311340LAATB,Tampa Bay,Tampa Bay,65,66,0.655,59973.95,504413.76,yes,1780249200
2026-05-31,KXMLBGAME-26MAY311335SDWSH-WSH,KXMLBGAME-26MAY311335SDWSH,Washington,Washington,49,50,0.495,63524.76,232652.61,yes,1780248900
2026-05-31,KXMLBGAME-26MAY311335MINPIT-PIT,KXMLBGAME-26MAY311335MINPIT,Pittsburgh,Pittsburgh,59,60,0.595,71420.08,148100.28,yes,1780248900
2026-05-31,KXMLBGAME-26MAY311215TORBAL-TOR,KXMLBGAME-26MAY311215TORBAL,Toronto,Baltimore,44,45,0.445,240333.50,524186.30,no,1780244100
2026-05-31,KXMLBGAME-26MAY302205NYYATH-NYY,KXMLBGAME-26MAY302205NYYATH,New York Y,A's,59,60,0.595,444110.78,1162482.06,no,1780193100
2026-05-31,KXMLBGAME-26MAY302210PHILAD-PHI,KXMLBGAME-26MAY302210PHILAD,Philadelphia,Philadelphia,46,47,0.465,70265.17,174738.60,yes,1780193400
2026-05-31,KXMLBGAME-26MAY302210AZSEA-SEA,KXMLBGAME-26MAY302210AZSEA,Seattle,Seattle,57,58,0.575,66921.01,251636.84,yes,1780193400
2026-05-31,KXMLBGAME-26MAY302110SFCOL-SF,KXMLBGAME-26MAY302110SFCOL,San Francisco,Colorado,51,52,0.515,33461.71,209515.22,no,1780189800
2026-06-01,KXMLBGAME-26JUN011940SFMIL-SF,KXMLBGAME-26JUN011940SFMIL,San Francisco,Milwaukee,40,41,0.405,53801.68,152868.12,no,1780354800
2026-06-01,KXMLBGAME-26JUN011945TEXSTL-TEX,KXMLBGAME-26JUN011945TEXSTL,Texas,Texas,53,54,0.535,39626.58,145330.77,yes,1780354799
2026-06-01,KXMLBGAME-26JUN011940CWSMIN-MIN,KXMLBGAME-26JUN011940CWSMIN,Minnesota,Minnesota,56,57,0.565,25718.15,106909.86,yes,1780354239
2026-06-01,KXMLBGAME-26JUN011910KCCIN-KC,KXMLBGAME-26JUN011910KCCIN,Kansas City,Kansas City,44,45,0.445,15008.25,350243.63,yes,1780353275
2026-06-01,KXMLBGAME-26JUN011840DETTB-TB,KXMLBGAME-26JUN011840DETTB,Tampa Bay,Detroit,60,61,0.605,439074.17,1362661.72,no,1780352746
2026-06-01,KXMLBGAME-26JUN011845MIAWSH-WSH,KXMLBGAME-26JUN011845MIAWSH,Washington,Miami,56,57,0.565,104816.67,416571.54,no,1780352078
2026-06-02,KXMLBGAME-26JUN022010PITHOU-PIT,KXMLBGAME-26JUN022010PITHOU,Pittsburgh,Pittsburgh,48,49,0.485,11098.97,50446.18,yes,1780444558
2026-06-02,KXMLBGAME-26JUN021945TEXSTL-TEX,KXMLBGAME-26JUN021945TEXSTL,Texas,Texas,50,51,0.505,23058.63,101277.75,yes,1780442403
2026-06-02,KXMLBGAME-26JUN021940SFMIL-SF,KXMLBGAME-26JUN021940SFMIL,San Francisco,Milwaukee,30,31,0.305,8812.69,112127.27,no,1780442075
2026-06-02,KXMLBGAME-26JUN021905CLENYY-NYY,KXMLBGAME-26JUN021905CLENYY,New York Y,Cleveland,64,65,0.645,75310.06,378210.85,no,1780441213
2026-06-02,KXMLBGAME-26JUN022005ATHCHC-CHC,KXMLBGAME-26JUN022005ATHCHC,Chicago C,A's,53,54,0.535,26849.28,75088.67,no,1780441212
2026-06-02,KXMLBGAME-26JUN021940CWSMIN-MIN,KXMLBGAME-26JUN021940CWSMIN,Minnesota,Minnesota,46,47,0.465,4284.30,54215.28,yes,1780440875
2026-06-02,KXMLBGAME-26JUN021910KCCIN-KC,KXMLBGAME-26JUN021910KCCIN,Kansas City,Cincinnati,46,47,0.465,3644.63,49719.53,no,1780439675
2026-06-02,KXMLBGAME-26JUN021915TORATL-TOR,KXMLBGAME-26JUN021915TORATL,Toronto,Atlanta,47,48,0.475,44065.34,88453.27,no,1780438489
2026-06-02,KXMLBGAME-26JUN021845MIAWSH-WSH,KXMLBGAME-26JUN021845MIAWSH,Washington,Miami,51,52,0.515,31212.48,134948.12,no,1780438489
2026-06-02,KXMLBGAME-26JUN021840SDPHI-SD,KXMLBGAME-26JUN021840SDPHI,San Diego,Philadelphia,42,43,0.425,25083.57,243977.78,no,1780437278
2026-06-02,KXMLBGAME-26JUN021845BALBOS-BOS,KXMLBGAME-26JUN021845BALBOS,Boston,Baltimore,55,56,0.555,35036.05,180419.89,no,1780437277
2026-06-02,KXMLBGAME-26JUN021840DETTB-TB,KXMLBGAME-26JUN021840DETTB,Tampa Bay,Detroit,57,58,0.575,137757.86,682733.91,no,1780436744
2026-06-02,KXMLBGAME-26JUN012138COLLAA-LAA,KXMLBGAME-26JUN012138COLLAA,Los Angeles A,Colorado,63,64,0.635,162044.20,413359.05,no,1780363899
2026-06-02,KXMLBGAME-26JUN012140NYMSEA-SEA,KXMLBGAME-26JUN012140NYMSEA,Seattle,Seattle,54,55,0.545,56061.94,262998.52,yes,1780361404
2026-06-02,KXMLBGAME-26JUN012140LADAZ-LAD,KXMLBGAME-26JUN012140LADAZ,Los Angeles D,Arizona,60,61,0.605,52048.54,317098.82,no,1780360477
2026-06-03,KXMLBGAME-26JUN032005ATHCHC-CHC,KXMLBGAME-26JUN032005ATHCHC,Chicago C,A's,55,56,0.555,32482.04,139503.71,no,1780530280
2026-06-03,KXMLBGAME-26JUN031945TEXSTL-TEX,KXMLBGAME-26JUN031945TEXSTL,Texas,St. Louis,48,49,0.485,51493.36,112123.61,no,1780528511
2026-06-03,KXMLBGAME-26JUN031940SFMIL-SF,KXMLBGAME-26JUN031940SFMIL,San Francisco,San Francisco,44,45,0.445,14783.77,43199.58,yes,1780526083
2026-06-03,KXMLBGAME-26JUN031910KCCIN-KC,KXMLBGAME-26JUN031910KCCIN,Kansas City,Kansas City,41,42,0.415,9473.35,28482.35,yes,1780525917
2026-06-03,KXMLBGAME-26JUN031905CLENYY-NYY,KXMLBGAME-26JUN031905CLENYY,New York Y,Cleveland,57,58,0.575,53385.21,158748.04,no,1780525428
2026-06-03,KXMLBGAME-26JUN031915TORATL-TOR,KXMLBGAME-26JUN031915TORATL,Toronto,Atlanta,42,43,0.425,26848.60,56357.07,no,1780524968
2026-06-03,KXMLBGAME-26JUN031845BALBOS-BOS,KXMLBGAME-26JUN031845BALBOS,Boston,Boston,58,59,0.585,78034.81,121316.99,yes,1780524606
2026-06-03,KXMLBGAME-26JUN031840SDPHI-SD,KXMLBGAME-26JUN031840SDPHI,San Diego,Philadelphia,33,34,0.335,31996.16,99796.95,no,1780522492
2026-06-03,KXMLBGAME-26JUN031540NYMSEA-SEA,KXMLBGAME-26JUN031540NYMSEA,Seattle,New York M,57,58,0.575,45576.07,147380.61,no,1780512936
2026-06-03,KXMLBGAME-26JUN031340CWSMIN-MIN,KXMLBGAME-26JUN031340CWSMIN,Minnesota,Chicago WS,57,58,0.575,46505.60,144926.78,no,1780506010
2026-06-03,KXMLBGAME-26JUN031305MIAWSH-WSH,KXMLBGAME-26JUN031305MIAWSH,Washington,Miami,50,51,0.505,112468.84,196321.08,no,1780505695
2026-06-03,KXMLBGAME-26JUN031310DETTB-TB,KXMLBGAME-26JUN031310DETTB,Tampa Bay,Detroit,58,59,0.585,46591.37,330872.54,no,1780502420
2026-06-03,KXMLBGAME-26JUN022140LADAZ-LAD,KXMLBGAME-26JUN022140LADAZ,Los Angeles D,Los Angeles D,52,53,0.525,142045.35,509414.23,yes,1780449867
2026-06-03,KXMLBGAME-26JUN022138COLLAA-LAA,KXMLBGAME-26JUN022138COLLAA,Los Angeles A,Colorado,59,60,0.595,9265.96,60078.09,no,1780448743
2026-06-03,KXMLBGAME-26JUN022140NYMSEA-SEA,KXMLBGAME-26JUN022140NYMSEA,Seattle,Seattle,58,59,0.585,27986.91,136820.23,yes,1780448398
2026-06-04,KXMLBGAME-26JUN042010PITHOU-PIT,KXMLBGAME-26JUN042010PITHOU,Pittsburgh,Pittsburgh,49,50,0.495,57746.41,190162.95,yes,1780615823
2026-06-04,KXMLBGAME-26JUN042005ATHCHC-CHC,KXMLBGAME-26JUN042005ATHCHC,Chicago C,Chicago C,57,58,0.575,80720.65,242211.03,yes,1780615197
2026-06-04,KXMLBGAME-26JUN041915TORATL-TOR,KXMLBGAME-26JUN041915TORATL,Toronto,Toronto,30,31,0.305,171445.22,361085.08,yes,1780613080
2026-06-04,KXMLBGAME-26JUN041410SFMIL-SF,KXMLBGAME-26JUN041410SFMIL,San Francisco,San Francisco,36,37,0.365,30432.38,86259.02,yes,1780596334
2026-06-04,KXMLBGAME-26JUN041335BALBOS-BOS,KXMLBGAME-26JUN041335BALBOS,Boston,Baltimore,52,53,0.525,58793.94,177121.16,no,1780592072
2026-06-04,KXMLBGAME-26JUN041335CLENYY-NYY,KXMLBGAME-26JUN041335CLENYY,New York Y,New York Y,60,61,0.605,48336.83,110824.26,yes,1780591304
2026-06-04,KXMLBGAME-26JUN041305SDPHI-SD,KXMLBGAME-26JUN041305SDPHI,San Diego,Philadelphia,34,35,0.345,67487.99,214644.90,no,1780590274
2026-06-04,KXMLBGAME-26JUN032140LADAZ-LAD,KXMLBGAME-26JUN032140LADAZ,Los Angeles D,Los Angeles D,65,66,0.655,103764.67,526572.79,yes,1780536001
2026-06-04,KXMLBGAME-26JUN032138COLLAA-LAA,KXMLBGAME-26JUN032138COLLAA,Los Angeles A,Los Angeles A,56,57,0.565,28334.66,84503.06,yes,1780534884
2026-06-04,KXMLBGAME-26JUN032010PITHOU-PIT,KXMLBGAME-26JUN032010PITHOU,Pittsburgh,Houston,57,58,0.575,21236.99,104699.04,no,1780533013
2026-06-05,KXMLBGAME-26JUN052015CLETEX-TEX,KXMLBGAME-26JUN052015CLETEX,Texas,Texas,45,47,0.46,7682.76,58675.84,yes,1780701873
2026-06-05,KXMLBGAME-26JUN052010ATHHOU-HOU,KXMLBGAME-26JUN052010ATHHOU,Houston,Houston,50,51,0.505,31164.79,89674.15,yes,1780701607
2026-06-05,KXMLBGAME-26JUN051907BALTOR-TOR,KXMLBGAME-26JUN051907BALTOR,Toronto,Baltimore,57,58,0.575,88287.06,179642.82,no,1780698613
2026-06-05,KXMLBGAME-26JUN051915PITATL-PIT,KXMLBGAME-26JUN051915PITATL,Pittsburgh,Atlanta,42,43,0.425,6172.18,53559.91,no,1780698288
2026-06-05,KXMLBGAME-26JUN051905BOSNYY-NYY,KXMLBGAME-26JUN051905BOSNYY,New York Y,Boston,56,58,0.57,40580.62,278304.12,no,1780697458
2026-06-05,KXMLBGAME-26JUN051910TBMIA-TB,KXMLBGAME-26JUN051910TBMIA,Tampa Bay,Tampa Bay,56,57,0.565,19142.06,161146.10,yes,1780697457
2026-06-05,KXMLBGAME-26JUN051840CWSPHI-PHI,KXMLBGAME-26JUN051840CWSPHI,Philadelphia,Philadelphia,63,64,0.635,47803.03,158851.56,yes,1780697098
2026-06-05,KXMLBGAME-26JUN051840SEADET-SEA,KXMLBGAME-26JUN051840SEADET,Seattle,Detroit,53,54,0.535,205001.27,622336.28,no,1780696866
2026-06-05,KXMLBGAME-26JUN051420SFCHC-SF,KXMLBGAME-26JUN051420SFCHC,San Francisco,San Francisco,38,39,0.385,210471.67,412253.15,yes,1780685406
2026-06-05,KXMLBGAME-26JUN042140LADAZ-LAD,KXMLBGAME-26JUN042140LADAZ,Los Angeles D,Arizona,55,56,0.555,97658.73,557464.39,no,1780619992
2026-06-05,KXMLBGAME-26JUN041940KCMIN-MIN,KXMLBGAME-26JUN041940KCMIN,Minnesota,Kansas City,48,49,0.485,305919.03,544458.36,no,1780619423
2026-06-06,KXMLBGAME-26JUN061935CLETEX-TEX,KXMLBGAME-26JUN061935CLETEX,Texas,Cleveland,52,53,0.525,79863.76,156528.77,no,1780786224
2026-06-06,KXMLBGAME-26JUN061610TBMIA-TB,KXMLBGAME-26JUN061610TBMIA,Tampa Bay,Miami,55,56,0.555,53357.64,209321.98,no,1780775397
2026-06-06,KXMLBGAME-26JUN061610ATHHOU-HOU,KXMLBGAME-26JUN061610ATHHOU,Houston,Houston,53,54,0.535,6622.12,118336.68,yes,1780775074
2026-06-06,KXMLBGAME-26JUN061605CWSPHI-PHI,KXMLBGAME-26JUN061605CWSPHI,Philadelphia,Chicago WS,55,56,0.555,19721.23,62122.74,no,1780774211
2026-06-06,KXMLBGAME-26JUN061610PITATL-PIT,KXMLBGAME-26JUN061610PITATL,Pittsburgh,Atlanta,49,50,0.495,80438.61,146832.99,no,1780773873
2026-06-06,KXMLBGAME-26JUN061610WSHAZ-WSH,KXMLBGAME-26JUN061610WSHAZ,Washington,Washington,42,43,0.425,18336.97,66390.18,yes,1780773003
2026-06-06,KXMLBGAME-26JUN061507BALTOR-TOR,KXMLBGAME-26JUN061507BALTOR,Toronto,Toronto,51,52,0.515,46885.91,119849.12,yes,1780770274
2026-06-06,KXMLBGAME-26JUN061420SFCHC-SF,KXMLBGAME-26JUN061420SFCHC,San Francisco,Chicago C,41,42,0.415,91469.93,257836.56,no,1780768802
2026-06-06,KXMLBGAME-26JUN061415CINSTL-STL,KXMLBGAME-26JUN061415CINSTL,St. Louis,St. Louis,54,55,0.545,21528.86,89209.12,yes,1780767880
2026-06-06,KXMLBGAME-26JUN061410KCMIN-MIN,KXMLBGAME-26JUN061410KCMIN,Minnesota,Kansas City,57,58,0.575,27245.29,143835.52,no,1780767016
2026-06-06,KXMLBGAME-26JUN061310SEADET-SEA,KXMLBGAME-26JUN061310SEADET,Seattle,Seattle,54,55,0.545,174589.69,391141.77,yes,1780763408
2026-06-06,KXMLBGAME-26JUN052210LAALAD-LAD,KXMLBGAME-26JUN052210LAALAD,Los Angeles D,Los Angeles D,63,64,0.635,67295.52,365246.90,yes,1780708795
2026-06-06,KXMLBGAME-26JUN052140WSHAZ-WSH,KXMLBGAME-26JUN052140WSHAZ,Washington,Washington,45,46,0.455,16448.62,81587.70,yes,1780707612
2026-06-06,KXMLBGAME-26JUN052140NYMSD-SD,KXMLBGAME-26JUN052140NYMSD,San Diego,New York M,54,55,0.545,11747.91,76437.11,no,1780706389
2026-06-06,KXMLBGAME-26JUN052040MILCOL-MIL,KXMLBGAME-26JUN052040MILCOL,Milwaukee,Milwaukee,59,60,0.595,18148.93,266548.05,yes,1780706071
2026-06-06,KXMLBGAME-26JUN052015KCMIN-MIN,KXMLBGAME-26JUN052015KCMIN,Minnesota,Minnesota,51,52,0.515,12465.81,63460.44,yes,1780705809
2026-06-06,KXMLBGAME-26JUN052015CINSTL-STL,KXMLBGAME-26JUN052015CINSTL,St. Louis,St. Louis,57,58,0.575,21484.58,82020.30,yes,1780704012
2026-06-07,KXMLBGAME-26JUN071610LAALAD-LAD,KXMLBGAME-26JUN071610LAALAD,Los Angeles D,Los Angeles A,69,70,0.695,154456.85,560584.80,no,1780864210
2026-06-07,KXMLBGAME-26JUN071610NYMSD-SD,KXMLBGAME-26JUN071610NYMSD,San Diego,New York M,49,50,0.495,24028.98,77351.29,no,1780861467
2026-06-07,KXMLBGAME-26JUN071510MILCOL-MIL,KXMLBGAME-26JUN071510MILCOL,Milwaukee,Milwaukee,62,63,0.625,68151.75,272173.84,yes,1780858239
2026-06-07,KXMLBGAME-26JUN071515WSHAZ-WSH,KXMLBGAME-26JUN071515WSHAZ,Washington,Arizona,45,46,0.455,27373.26,70519.82,no,1780856676
2026-06-07,KXMLBGAME-26JUN071435CLETEX-TEX,KXMLBGAME-26JUN071435CLETEX,Texas,Texas,56,57,0.565,17234.65,62470.86,yes,1780854868
2026-06-07,KXMLBGAME-26JUN071410KCMIN-MIN,KXMLBGAME-26JUN071410KCMIN,Minnesota,Kansas City,48,49,0.485,107240.59,123217.24,no,1780854282
2026-06-07,KXMLBGAME-26JUN071415CINSTL-STL,KXMLBGAME-26JUN071415CINSTL,St. Louis,St. Louis,56,57,0.565,13326.84,64051.78,yes,1780854281
2026-06-07,KXMLBGAME-26JUN071335CWSPHI-PHI,KXMLBGAME-26JUN071335CWSPHI,Philadelphia,Philadelphia,61,62,0.615,84626.27,290012.19,yes,1780854010
2026-06-07,KXMLBGAME-26JUN071410ATHHOU-HOU,KXMLBGAME-26JUN071410ATHHOU,Houston,A's,50,51,0.505,23802.15,169450.57,no,1780853403
2026-06-07,KXMLBGAME-26JUN071340SEADET-SEA,KXMLBGAME-26JUN071340SEADET,Seattle,Detroit,48,49,0.485,43162.56,234901.47,no,1780853074
2026-06-07,KXMLBGAME-26JUN071335BOSNYY-NYY,KXMLBGAME-26JUN071335BOSNYY,New York Y,New York Y,57,58,0.575,236256.69,799306.21,yes,1780852477
2026-06-07,KXMLBGAME-26JUN071337BALTOR-TOR,KXMLBGAME-26JUN071337BALTOR,Toronto,Toronto,55,56,0.555,22308.01,89547.39,yes,1780851877
2026-06-07,KXMLBGAME-26JUN071340TBMIA-TB,KXMLBGAME-26JUN071340TBMIA,Tampa Bay,Miami,50,51,0.505,35073.66,123463.82,no,1780850993
2026-06-07,KXMLBGAME-26JUN071335PITATL-PIT,KXMLBGAME-26JUN071335PITATL,Pittsburgh,Atlanta,41,42,0.415,12211.11,55270.17,no,1780850681
2026-06-07,KXMLBGAME-26JUN062210NYMSD-SD,KXMLBGAME-26JUN062210NYMSD,San Diego,San Diego,46,47,0.465,63416.45,205804.95,yes,1780794598
2026-06-07,KXMLBGAME-26JUN062210LAALAD-LAD,KXMLBGAME-26JUN062210LAALAD,Los Angeles D,Los Angeles D,75,76,0.755,55881.66,400934.81,yes,1780794597
2026-06-07,KXMLBGAME-26JUN062110MILCOL-MIL,KXMLBGAME-26JUN062110MILCOL,Milwaukee,Milwaukee,72,73,0.725,54807.14,298224.47,yes,1780793395
2026-06-08,KXMLBGAME-26JUN081840NYYCLE-NYY,KXMLBGAME-26JUN081840NYYCLE,New York Y,New York Y,46,47,0.465,51882.24,179632.98,yes,1780959596
2026-06-08,KXMLBGAME-26JUN081907PHITOR-TOR,KXMLBGAME-26JUN081907PHITOR,Toronto,Philadelphia,38,39,0.385,15222.13,166937.35,no,1780957190
2026-06-08,KXMLBGAME-26JUN081840BOSTB-TB,KXMLBGAME-26JUN081840BOSTB,Tampa Bay,Tampa Bay,49,50,0.495,47195.72,264311.16,yes,1780956270
2026-06-08,KXMLBGAME-26JUN081835SEABAL-SEA,KXMLBGAME-26JUN081835SEABAL,Seattle,Seattle,53,54,0.535,73073.28,349444.80,yes,1780955670
2026-06-08,KXMLBGAME-26JUN072030SFCHC-SF,KXMLBGAME-26JUN072030SFCHC,San Francisco,San Francisco,46,47,0.465,798401.46,1487321.55,yes,1780877362
2026-06-09,KXMLBGAME-26JUN091940ATLCWS-CWS,KXMLBGAME-26JUN091940ATLCWS,Chicago WS,Chicago WS,41,42,0.415,20302.04,89749.04,yes,1781047469
2026-06-09,KXMLBGAME-26JUN091940TEXKC-TEX,KXMLBGAME-26JUN091940TEXKC,Texas,Kansas City,53,54,0.535,24738.63,71344.60,no,1781045396
2026-06-09,KXMLBGAME-26JUN091840LADPIT-PIT,KXMLBGAME-26JUN091840LADPIT,Pittsburgh,Los Angeles D,51,52,0.515,54140.97,212159.17,no,1781045076
2026-06-09,KXMLBGAME-26JUN091840AZMIA-MIA,KXMLBGAME-26JUN091840AZMIA,Miami,Miami,57,58,0.575,63026.69,349154.83,yes,1781043875
2026-06-09,KXMLBGAME-26JUN091835SEABAL-SEA,KXMLBGAME-26JUN091835SEABAL,Seattle,Seattle,52,53,0.525,200413.96,672051.04,yes,1781043875
2026-06-09,KXMLBGAME-26JUN091840NYYCLE-NYY,KXMLBGAME-26JUN091840NYYCLE,New York Y,New York Y,52,53,0.525,96064.37,336244.35,yes,1781043600
2026-06-09,KXMLBGAME-26JUN091907PHITOR-TOR,KXMLBGAME-26JUN091907PHITOR,Toronto,Toronto,50,51,0.505,13940.57,42430.06,yes,1781043280
2026-06-09,KXMLBGAME-26JUN091910STLNYM-STL,KXMLBGAME-26JUN091910STLNYM,St. Louis,St. Louis,45,46,0.455,17555.38,114193.53,yes,1781042673
2026-06-09,KXMLBGAME-26JUN091840BOSTB-TB,KXMLBGAME-26JUN091840BOSTB,Tampa Bay,Tampa Bay,47,48,0.475,79997.23,307094.03,yes,1781040275
2026-06-09,KXMLBGAME-26JUN082205MILATH-MIL,KXMLBGAME-26JUN082205MILATH,Milwaukee,Milwaukee,58,59,0.585,177631.83,734375.55,yes,1780973662
2026-06-09,KXMLBGAME-26JUN082138HOULAA-LAA,KXMLBGAME-26JUN082138HOULAA,Los Angeles A,Houston,45,46,0.455,10108.81,122059.14,no,1780967981
2026-06-09,KXMLBGAME-26JUN082140CINSD-SD,KXMLBGAME-26JUN082140CINSD,San Diego,San Diego,55,57,0.56,11192.41,82940.99,yes,1780967068
2026-06-09,KXMLBGAME-26JUN082145WSHSF-WSH,KXMLBGAME-26JUN082145WSHSF,Washington,Washington,42,43,0.425,9555.95,138747.13,yes,1780966182
2026-06-10,KXMLBGAME-26JUN101907PHITOR-TOR,KXMLBGAME-26JUN101907PHITOR,Toronto,Philadelphia,44,45,0.445,14488.35,79828.14,no,1781135923
2026-06-10,KXMLBGAME-26JUN101840MINDET-MIN,KXMLBGAME-26JUN101840MINDET,Minnesota,Minnesota,36,37,0.365,56974.88,89392.61,yes,1781135397
2026-06-10,KXMLBGAME-26JUN101940ATLCWS-CWS,KXMLBGAME-26JUN101940ATLCWS,Chicago WS,Chicago WS,42,43,0.425,8217.58,52497.31,yes,1781133274
2026-06-10,KXMLBGAME-26JUN101910STLNYM-STL,KXMLBGAME-26JUN101910STLNYM,St. Louis,St. Louis,44,45,0.445,30188.33,128705.28,yes,1781130612
2026-06-10,KXMLBGAME-26JUN101840LADPIT-PIT,KXMLBGAME-26JUN101840LADPIT,Pittsburgh,Pittsburgh,35,36,0.355,11844.90,69449.60,yes,1781129984
2026-06-10,KXMLBGAME-26JUN101840AZMIA-MIA,KXMLBGAME-26JUN101840AZMIA,Miami,Miami,48,49,0.485,19108.27,41422.94,yes,1781129401
2026-06-10,KXMLBGAME-26JUN101835SEABAL-SEA,KXMLBGAME-26JUN101835SEABAL,Seattle,Baltimore,50,51,0.505,37830.41,115281.95,no,1781127880
2026-06-10,KXMLBGAME-26JUN101545WSHSF-WSH,KXMLBGAME-26JUN101545WSHSF,Washington,San Francisco,50,51,0.505,88030.14,278031.37,no,1781120383
2026-06-10,KXMLBGAME-26JUN101610CINSD-SD,KXMLBGAME-26JUN101610CINSD,San Diego,San Diego,59,60,0.595,27363.59,79103.96,yes,1781119476
2026-06-10,KXMLBGAME-26JUN101310NYYCLE-NYY,KXMLBGAME-26JUN101310NYYCLE,New York Y,New York Y,48,49,0.485,86352.81,361292.53,yes,1781109275
2026-06-10,KXMLBGAME-26JUN101310BOSTB-TB,KXMLBGAME-26JUN101310BOSTB,Tampa Bay,Tampa Bay,59,60,0.595,92080.94,451013.91,yes,1781108392
2026-06-10,KXMLBGAME-26JUN092140CINSD-SD,KXMLBGAME-26JUN092140CINSD,San Diego,Cincinnati,36,37,0.365,366342.67,421419.64,no,1781057380
2026-06-10,KXMLBGAME-26JUN092145WSHSF-WSH,KXMLBGAME-26JUN092145WSHSF,Washington,Washington,50,51,0.505,38837.67,116148.47,yes,1781055580
2026-06-10,KXMLBGAME-26JUN092205MILATH-MIL,KXMLBGAME-26JUN092205MILATH,Milwaukee,A's,51,52,0.515,31501.73,153947.08,no,1781054380
2026-06-10,KXMLBGAME-26JUN092138HOULAA-LAA,KXMLBGAME-26JUN092138HOULAA,Los Angeles A,Los Angeles A,46,47,0.465,22260.56,59565.54,yes,1781053467
2026-06-10,KXMLBGAME-26JUN091840MINDET-MIN,KXMLBGAME-26JUN091840MINDET,Minnesota,Detroit,45,46,0.455,2744.61,73962.09,no,1781050472
2026-06-10,KXMLBGAME-26JUN092040CHCCOL-COL,KXMLBGAME-26JUN092040CHCCOL,Colorado,Colorado,40,41,0.405,4755.91,35983.36,yes,1781049869
2026-06-11,KXMLBGAME-26JUN111905SEABAL-SEA,KXMLBGAME-26JUN111905SEABAL,Seattle,Baltimore,51,52,0.515,95881.32,225476.73,no,1781217270
2026-06-11,KXMLBGAME-26JUN111840LADPIT-PIT,KXMLBGAME-26JUN111840LADPIT,Pittsburgh,Los Angeles D,38,39,0.385,21300.23,88513.11,no,1781217269
2026-06-11,KXMLBGAME-26JUN111410TEXKC-TEX,KXMLBGAME-26JUN111410TEXKC,Texas,Texas,48,49,0.485,75133.30,271729.52,yes,1781206203
2026-06-11,KXMLBGAME-26JUN111510CHCCOL-COL,KXMLBGAME-26JUN111510CHCCOL,Colorado,Chicago C,42,43,0.425,16157.70,113604.11,no,1781202874
2026-06-11,KXMLBGAME-26JUN111310STLNYM-STL,KXMLBGAME-26JUN111310STLNYM,St. Louis,New York M,43,44,0.435,166404.75,604533.81,no,1781195127
2026-06-11,KXMLBGAME-26JUN111310AZMIA-MIA,KXMLBGAME-26JUN111310AZMIA,Miami,Miami,53,54,0.535,105332.84,304773.68,yes,1781194486
2026-06-11,KXMLBGAME-26JUN111310MINDET-MIN,KXMLBGAME-26JUN111310MINDET,Minnesota,Detroit,45,46,0.455,18723.14,138347.82,no,1781194197
2026-06-11,KXMLBGAME-26JUN102138HOULAA-LAA,KXMLBGAME-26JUN102138HOULAA,Los Angeles A,Los Angeles A,52,53,0.525,12985.63,40131.67,yes,1781138669
2026-06-11,KXMLBGAME-26JUN102105MILATH-MIL,KXMLBGAME-26JUN102105MILATH,Milwaukee,A's,49,50,0.495,57042.96,150076.21,no,1781137790
2026-06-11,KXMLBGAME-26JUN102040CHCCOL-COL,KXMLBGAME-26JUN102040CHCCOL,Colorado,Colorado,38,39,0.385,4907.45,32037.96,yes,1781137192
2026-06-11,KXMLBGAME-26JUN101940TEXKC-TEX,KXMLBGAME-26JUN101940TEXKC,Texas,Texas,46,47,0.465,65963.96,143096.39,yes,1781136866
2026-06-12,KXMLBGAME-26JUN121915AZCIN-CIN,KXMLBGAME-26JUN121915AZCIN,Cincinnati,Arizona,51,52,0.515,44973.51,78461.42,no,1781306399
2026-06-12,KXMLBGAME-26JUN121937NYYTOR-TOR,KXMLBGAME-26JUN121937NYYTOR,Toronto,Toronto,51,52,0.515,67075.61,139835.13,yes,1781305470
2026-06-12,KXMLBGAME-26JUN121940LADCWS-LAD,KXMLBGAME-26JUN121940LADCWS,Los Angeles D,Chicago WS,58,59,0.585,105833.33,334695.84,no,1781305190
2026-06-12,KXMLBGAME-26JUN121910TEXBOS-TEX,KXMLBGAME-26JUN121910TEXBOS,Texas,Boston,45,46,0.455,14105.90,175089.60,no,1781303673
2026-06-12,KXMLBGAME-26JUN121905SDBAL-SD,KXMLBGAME-26JUN121905SDBAL,San Diego,Baltimore,45,46,0.455,33597.98,122242.26,no,1781303068
2026-06-12,KXMLBGAME-26JUN121940PHIMIL-PHI,KXMLBGAME-26JUN121940PHIMIL,Philadelphia,Milwaukee,31,32,0.315,40945.11,171222.95,no,1781302788
2026-06-12,KXMLBGAME-26JUN121910DETCLE-DET,KXMLBGAME-26JUN121910DETCLE,Detroit,Cleveland,47,48,0.475,123479.58,163362.77,no,1781302200
2026-06-12,KXMLBGAME-26JUN121840MIAPIT-PIT,KXMLBGAME-26JUN121840MIAPIT,Pittsburgh,Miami,56,57,0.565,110890.85,432476.63,no,1781301609
2026-06-13,KXMLBGAME-26JUN131910PHIMIL-PHI,KXMLBGAME-26JUN131910PHIMIL,Philadelphia,Philadelphia,39,40,0.395,21435.64,168183.49,yes,1781391585
2026-06-13,KXMLBGAME-26JUN131610TEXBOS-TEX,KXMLBGAME-26JUN131610TEXBOS,Texas,Boston,48,49,0.485,67503.68,143977.55,no,1781379606
2026-06-13,KXMLBGAME-26JUN131605SEAWSH-WSH,KXMLBGAME-26JUN131605SEAWSH,Washington,Washington,52,53,0.525,22700.79,70640.84,yes,1781379606
2026-06-13,KXMLBGAME-26JUN131610LADCWS-LAD,KXMLBGAME-26JUN131610LADCWS,Los Angeles D,Los Angeles D,65,66,0.655,46921.05,260032.95,yes,1781379273
2026-06-13,KXMLBGAME-26JUN131605MIAPIT-PIT,KXMLBGAME-26JUN131605MIAPIT,Pittsburgh,Pittsburgh,51,52,0.515,19781.44,129545.42,yes,1781379273
2026-06-13,KXMLBGAME-26JUN131605SDBAL-SD,KXMLBGAME-26JUN131605SDBAL,San Diego,San Diego,46,47,0.465,19217.02,87102.49,yes,1781379008
2026-06-13,KXMLBGAME-26JUN131610ATLNYM-NYM,KXMLBGAME-26JUN131610ATLNYM,New York M,Atlanta,51,52,0.515,12934.00,65729.94,no,1781379007
2026-06-13,KXMLBGAME-26JUN131610DETCLE-DET,KXMLBGAME-26JUN131610DETCLE,Detroit,Cleveland,56,57,0.565,17618.17,94462.35,no,1781378071
2026-06-13,KXMLBGAME-26JUN131610AZCIN-CIN,KXMLBGAME-26JUN131610AZCIN,Cincinnati,Cincinnati,42,43,0.425,6056.04,60644.30,yes,1781377791
2026-06-13,KXMLBGAME-26JUN131507NYYTOR-TOR,KXMLBGAME-26JUN131507NYYTOR,Toronto,New York Y,48,49,0.485,44394.02,183142.99,no,1781375070
2026-06-13,KXMLBGAME-26JUN131410STLMIN-STL,KXMLBGAME-26JUN131410STLMIN,St. Louis,St. Louis,51,52,0.515,143036.77,588023.17,yes,1781372074
2026-06-13,KXMLBGAME-26JUN122205COLATH-COL,KXMLBGAME-26JUN122205COLATH,Colorado,A's,33,34,0.335,9870.17,37681.78,no,1781314200
2026-06-13,KXMLBGAME-26JUN122215CHCSF-SF,KXMLBGAME-26JUN122215CHCSF,San Francisco,Chicago C,53,54,0.535,47782.90,112715.93,no,1781313874
2026-06-13,KXMLBGAME-26JUN122138TBLAA-TB,KXMLBGAME-26JUN122138TBLAA,Tampa Bay,Los Angeles A,60,61,0.605,32281.22,149405.79,no,1781312063
2026-06-13,KXMLBGAME-26JUN121915ATLNYM-NYM,KXMLBGAME-26JUN121915ATLNYM,New York M,New York M,53,54,0.535,38393.87,257431.71,yes,1781309998
2026-06-13,KXMLBGAME-26JUN122010HOUKC-KC,KXMLBGAME-26JUN122010HOUKC,Kansas City,Houston,49,50,0.495,5221.46,49331.86,no,1781309997
2026-06-13,KXMLBGAME-26JUN122010STLMIN-STL,KXMLBGAME-26JUN122010STLMIN,St. Louis,Minnesota,44,45,0.445,45116.21,163732.20,no,1781309382
2026-06-13,KXMLBGAME-26JUN121845SEAWSH-WSH,KXMLBGAME-26JUN121845SEAWSH,Washington,Seattle,42,43,0.425,26383.47,216793.50,no,1781309077
2026-06-14,KXMLBGAME-26JUN141920TEXBOS-TEX,KXMLBGAME-26JUN141920TEXBOS,Texas,Texas,47,48,0.475,177705.54,228677.90,yes,1781477145
2026-06-14,KXMLBGAME-26JUN141607TBLAA-TB,KXMLBGAME-26JUN141607TBLAA,Tampa Bay,Tampa Bay,53,54,0.535,57766.78,152795.49,yes,1781465671
2026-06-14,KXMLBGAME-26JUN141505COLATH-COL,KXMLBGAME-26JUN141505COLATH,Colorado,Colorado,35,36,0.355,19611.37,59826.00,yes,1781463864
2026-06-14,KXMLBGAME-26JUN141510CHCSF-SF,KXMLBGAME-26JUN141510CHCSF,San Francisco,San Francisco,55,56,0.555,18471.29,64076.76,yes,1781461469
2026-06-14,KXMLBGAME-26JUN141340AZCIN-CIN,KXMLBGAME-26JUN141340AZCIN,Cincinnati,Arizona,58,59,0.585,46021.00,90667.11,no,1781460581
2026-06-14,KXMLBGAME-26JUN141337NYYTOR-TOR,KXMLBGAME-26JUN141337NYYTOR,Toronto,New York Y,45,46,0.455,19511.37,57672.67,no,1781458194
2026-06-14,KXMLBGAME-26JUN141410STLMIN-STL,KXMLBGAME-26JUN141410STLMIN,St. Louis,Minnesota,49,50,0.495,28248.22,117847.42,no,1781458193
2026-06-14,KXMLBGAME-26JUN141410LADCWS-LAD,KXMLBGAME-26JUN141410LADCWS,Los Angeles D,Chicago WS,64,65,0.645,60133.44,179203.72,no,1781457868
2026-06-14,KXMLBGAME-26JUN141410PHIMIL-PHI,KXMLBGAME-26JUN141410PHIMIL,Philadelphia,Milwaukee,53,54,0.535,17113.04,96150.57,no,1781457276
2026-06-14,KXMLBGAME-26JUN141340ATLNYM-NYM,KXMLBGAME-26JUN141340ATLNYM,New York M,New York M,53,54,0.535,24094.07,70246.42,yes,1781456680
2026-06-14,KXMLBGAME-26JUN141410HOUKC-KC,KXMLBGAME-26JUN141410HOUKC,Kansas City,Kansas City,52,53,0.525,14925.53,35481.15,yes,1781456679
2026-06-14,KXMLBGAME-26JUN141335SDBAL-SD,KXMLBGAME-26JUN141335SDBAL,San Diego,San Diego,44,45,0.445,52033.50,195160.21,yes,1781456405
2026-06-14,KXMLBGAME-26JUN141335SEAWSH-WSH,KXMLBGAME-26JUN141335SEAWSH,Washington,Washington,44,45,0.445,12363.92,49805.81,yes,1781454872
2026-06-14,KXMLBGAME-26JUN141215MIAPIT-PIT,KXMLBGAME-26JUN141215MIAPIT,Pittsburgh,Miami,59,60,0.595,45085.85,257062.85,no,1781452188
2026-06-14,KXMLBGAME-26JUN132205CHCSF-SF,KXMLBGAME-26JUN132205CHCSF,San Francisco,Chicago C,47,48,0.475,35478.42,104575.44,no,1781401468
2026-06-14,KXMLBGAME-26JUN132205COLATH-COL,KXMLBGAME-26JUN132205COLATH,Colorado,A's,41,42,0.415,10986.79,60825.81,no,1781400275
2026-06-14,KXMLBGAME-26JUN132207TBLAA-TB,KXMLBGAME-26JUN132207TBLAA,Tampa Bay,Los Angeles A,51,52,0.515,56564.18,178633.07,no,1781399993
2026-06-14,KXMLBGAME-26JUN131910HOUKC-KC,KXMLBGAME-26JUN131910HOUKC,Kansas City,Houston,71,75,0.73,270392.63,396721.05,no,1781395786
2026-06-15,KXMLBGAME-26JUN152005COLCHC-COL,KXMLBGAME-26JUN152005COLCHC,Colorado,Chicago C,33,34,0.335,4527.77,49112.22,no,1781567664
2026-06-15,KXMLBGAME-26JUN152010DETHOU-HOU,KXMLBGAME-26JUN152010DETHOU,Houston,Detroit,52,53,0.525,29401.20,106087.33,no,1781567077
2026-06-15,KXMLBGAME-26JUN152005MINTEX-TEX,KXMLBGAME-26JUN152005MINTEX,Texas,Minnesota,58,60,0.59,11255.43,63774.35,no,1781564391
2026-06-15,KXMLBGAME-26JUN151910NYMCIN-NYM,KXMLBGAME-26JUN151910NYMCIN,New York M,Cincinnati,44,45,0.445,30996.90,153409.49,no,1781563484
2026-06-15,KXMLBGAME-26JUN151945SDSTL-STL,KXMLBGAME-26JUN151945SDSTL,St. Louis,St. Louis,59,60,0.595,24051.60,168243.75,yes,1781562604
2026-06-15,KXMLBGAME-26JUN151840MIAPHI-PHI,KXMLBGAME-26JUN151840MIAPHI,Philadelphia,Philadelphia,64,65,0.645,406910.35,806680.20,yes,1781561394
2026-06-15,KXMLBGAME-26JUN151845KCWSH-WSH,KXMLBGAME-26JUN151845KCWSH,Washington,Washington,55,56,0.555,112416.83,504789.53,yes,1781560471
2026-06-16,KXMLBGAME-26JUN162010DETHOU-HOU,KXMLBGAME-26JUN162010DETHOU,Houston,Houston,61,62,0.615,26239.14,107197.45,yes,1781653182
2026-06-16,KXMLBGAME-26JUN162005COLCHC-COL,KXMLBGAME-26JUN162005COLCHC,Colorado,Colorado,34,35,0.345,45265.75,68358.57,yes,1781652881
2026-06-16,KXMLBGAME-26JUN162005MINTEX-TEX,KXMLBGAME-26JUN162005MINTEX,Texas,Minnesota,54,55,0.545,99274.53,220199.89,no,1781652595
2026-06-16,KXMLBGAME-26JUN161945SDSTL-STL,KXMLBGAME-26JUN161945SDSTL,St. Louis,St. Louis,52,53,0.525,41141.72,355265.72,yes,1781651395
2026-06-16,KXMLBGAME-26JUN161940CLEMIL-MIL,KXMLBGAME-26JUN161940CLEMIL,Milwaukee,Milwaukee,58,59,0.585,25500.35,102847.37,yes,1781649874
2026-06-16,KXMLBGAME-26JUN161905CWSNYY-NYY,KXMLBGAME-26JUN161905CWSNYY,New York Y,New York Y,57,58,0.575,74088.38,281028.75,yes,1781649584
2026-06-16,KXMLBGAME-26JUN161910NYMCIN-NYM,KXMLBGAME-26JUN161910NYMCIN,New York M,Cincinnati,52,53,0.525,90821.57,200307.96,no,1781649583
2026-06-16,KXMLBGAME-26JUN161845TORBOS-TOR,KXMLBGAME-26JUN161845TORBOS,Toronto,Toronto,52,53,0.525,61138.45,411676.88,yes,1781648085
2026-06-16,KXMLBGAME-26JUN161845KCWSH-WSH,KXMLBGAME-26JUN161845KCWSH,Washington,Washington,56,57,0.565,305328.80,783917.34,yes,1781647486
2026-06-16,KXMLBGAME-26JUN161840MIAPHI-PHI,KXMLBGAME-26JUN161840MIAPHI,Philadelphia,Philadelphia,62,63,0.625,50388.94,208062.74,yes,1781645984
2026-06-16,KXMLBGAME-26JUN152210TBLAD-TB,KXMLBGAME-26JUN152210TBLAD,Tampa Bay,Los Angeles D,37,38,0.375,41088.15,155166.64,no,1781573079
2026-06-16,KXMLBGAME-26JUN152140PITATH-PIT,KXMLBGAME-26JUN152140PITATH,Pittsburgh,A's,46,47,0.465,39898.58,102082.34,no,1781571863
2026-06-16,KXMLBGAME-26JUN152140LAAAZ-LAA,KXMLBGAME-26JUN152140LAAAZ,Los Angeles A,Arizona,44,45,0.445,29375.27,121182.69,no,1781569805
2026-06-17,KXMLBGAME-26JUN172005COLCHC-COL,KXMLBGAME-26JUN172005COLCHC,Colorado,Chicago C,34,35,0.345,17751.89,45549.86,no,1781738401
2026-06-17,KXMLBGAME-26JUN171905CWSNYY-NYY,KXMLBGAME-26JUN171905CWSNYY,New York Y,New York Y,61,62,0.615,93465.61,314917.36,yes,1781736278
2026-06-17,KXMLBGAME-26JUN171940CLEMIL-MIL,KXMLBGAME-26JUN171940CLEMIL,Milwaukee,Milwaukee,53,54,0.535,36651.88,123807.81,yes,1781736277
2026-06-17,KXMLBGAME-26JUN171915SFATL-SF,KXMLBGAME-26JUN171915SFATL,San Francisco,San Francisco,44,45,0.445,8660.90,109386.19,yes,1781736277
2026-06-17,KXMLBGAME-26JUN171845TORBOS-TOR,KXMLBGAME-26JUN171845TORBOS,Toronto,Toronto,47,48,0.475,102118.80,213383.58,yes,1781735417
2026-06-17,KXMLBGAME-26JUN171540LAAAZ-LAA,KXMLBGAME-26JUN171540LAAAZ,Los Angeles A,Arizona,38,39,0.385,4849.57,29617.63,no,1781721885
2026-06-17,KXMLBGAME-26JUN171510TBLAD-TB,KXMLBGAME-26JUN171510TBLAD,Tampa Bay,Los Angeles D,39,40,0.395,9308.01,119740.54,no,1781721277
2026-06-17,KXMLBGAME-26JUN171415SDSTL-STL,KXMLBGAME-26JUN171415SDSTL,St. Louis,San Diego,54,55,0.545,14769.34,72029.46,no,1781718285
2026-06-17,KXMLBGAME-26JUN171410DETHOU-HOU,KXMLBGAME-26JUN171410DETHOU,Houston,Houston,49,50,0.495,13083.64,59506.28,yes,1781716183
2026-06-17,KXMLBGAME-26JUN161915SFATL-SF,KXMLBGAME-26JUN161915SFATL,San Francisco,San Francisco,46,47,0.465,7958.33,387576.17,yes,1781714400
2026-06-17,KXMLBGAME-26JUN171305MIAPHI-PHI,KXMLBGAME-26JUN171305MIAPHI,Philadelphia,Miami,52,53,0.525,82172.52,245773.00,no,1781713821
2026-06-17,KXMLBGAME-26JUN171305KCWSH-WSH,KXMLBGAME-26JUN171305KCWSH,Washington,Kansas City,56,57,0.565,85889.98,331014.67,no,1781713821
2026-06-17,KXMLBGAME-26JUN171240NYMCIN-NYM,KXMLBGAME-26JUN171240NYMCIN,New York M,New York M,55,56,0.555,55442.26,382147.05,yes,1781711090
2026-06-17,KXMLBGAME-26JUN162140PITATH-PIT,KXMLBGAME-26JUN162140PITATH,Pittsburgh,Pittsburgh,43,44,0.435,19151.69,63806.17,yes,1781658938
2026-06-17,KXMLBGAME-26JUN162140LAAAZ-LAA,KXMLBGAME-26JUN162140LAAAZ,Los Angeles A,Los Angeles A,49,50,0.495,7589.43,80466.40,yes,1781657073
2026-06-17,KXMLBGAME-26JUN162210TBLAD-TB,KXMLBGAME-26JUN162210TBLAD,Tampa Bay,Los Angeles D,42,43,0.425,54182.67,87740.69,no,1781656793
2026-06-17,KXMLBGAME-26JUN162140BALSEA-SEA,KXMLBGAME-26JUN162140BALSEA,Seattle,Seattle,58,59,0.585,26905.42,118278.08,yes,1781656468
2026-06-18,KXMLBGAME-26JUN181940STLKC-STL,KXMLBGAME-26JUN181940STLKC,St. Louis,Kansas City,49,50,0.495,85646.76,209252.29,no,1781825064
2026-06-18,KXMLBGAME-26JUN181840NYMPHI-PHI,KXMLBGAME-26JUN181840NYMPHI,Philadelphia,New York M,53,54,0.535,498737.55,771226.36,no,1781821465
2026-06-18,KXMLBGAME-26JUN181905CWSNYY-NYY,KXMLBGAME-26JUN181905CWSNYY,New York Y,Chicago WS,61,62,0.615,152245.37,546902.99,no,1781821180
2026-06-18,KXMLBGAME-26JUN181610BALSEA-SEA,KXMLBGAME-26JUN181610BALSEA,Seattle,Seattle,57,58,0.575,94885.64,256356.38,yes,1781809468
2026-06-18,KXMLBGAME-26JUN181435MINTEX-TEX,KXMLBGAME-26JUN181435MINTEX,Texas,Minnesota,46,47,0.465,27470.87,165730.43,no,1781806472
2026-06-18,KXMLBGAME-26JUN181410CLEMIL-MIL,KXMLBGAME-26JUN181410CLEMIL,Milwaukee,Cleveland,58,59,0.585,88394.36,374567.18,no,1781805267
2026-06-18,KXMLBGAME-26JUN181335TORBOS-TOR,KXMLBGAME-26JUN181335TORBOS,Toronto,Toronto,44,45,0.445,73315.89,313266.01,yes,1781800473
2026-06-18,KXMLBGAME-26JUN172140PITATH-PIT,KXMLBGAME-26JUN172140PITATH,Pittsburgh,Pittsburgh,55,56,0.555,85332.90,164307.34,yes,1781744994
2026-06-18,KXMLBGAME-26JUN172140BALSEA-SEA,KXMLBGAME-26JUN172140BALSEA,Seattle,Baltimore,55,56,0.555,33696.77,187292.10,no,1781743472
2026-06-19,KXMLBGAME-26JUN192010CLEHOU-HOU,KXMLBGAME-26JUN192010CLEHOU,Houston,Houston,53,54,0.535,73941.12,140903.36,yes,1781912076
2026-06-19,KXMLBGAME-26JUN192005SDTEX-TEX,KXMLBGAME-26JUN192005SDTEX,Texas,Texas,59,60,0.595,27430.00,77711.58,yes,1781912076
2026-06-19,KXMLBGAME-26JUN192040PITCOL-PIT,KXMLBGAME-26JUN192040PITCOL,Pittsburgh,Colorado,56,57,0.565,21090.97,170106.19,no,1781912075
2026-06-19,KXMLBGAME-26JUN192015STLKC-STL,KXMLBGAME-26JUN192015STLKC,St. Louis,Kansas City,52,53,0.525,25908.47,128461.07,no,1781911809
2026-06-19,KXMLBGAME-26JUN191910SFMIA-SF,KXMLBGAME-26JUN191910SFMIA,San Francisco,Miami,48,49,0.485,38136.54,182249.13,no,1781908803
2026-06-19,KXMLBGAME-26JUN191915MILATL-MIL,KXMLBGAME-26JUN191915MILATL,Milwaukee,Atlanta,61,62,0.615,83776.32,463653.38,no,1781907873
2026-06-19,KXMLBGAME-26JUN191905CINNYY-NYY,KXMLBGAME-26JUN191905CINNYY,New York Y,New York Y,71,72,0.715,111292.89,382475.95,yes,1781907598
2026-06-19,KXMLBGAME-26JUN191910WSHTB-WSH,KXMLBGAME-26JUN191910WSHTB,Washington,Tampa Bay,40,41,0.405,45996.16,119756.88,no,1781906413
2026-06-19,KXMLBGAME-26JUN191840CWSDET-DET,KXMLBGAME-26JUN191840CWSDET,Detroit,Detroit,65,66,0.655,30524.51,208319.51,yes,1781905479
2026-06-19,KXMLBGAME-26JUN191420TORCHC-TOR,KXMLBGAME-26JUN191420TORCHC,Toronto,Chicago C,47,48,0.475,76723.64,300007.47,no,1781891391
2026-06-19,KXMLBGAME-26JUN182140LAAATH-LAA,KXMLBGAME-26JUN182140LAAATH,Los Angeles A,A's,39,40,0.395,23009.12,72979.11,no,1781830265
2026-06-20,KXMLBGAME-26JUN201915NYMPHI-PHI,KXMLBGAME-26JUN201915NYMPHI,Philadelphia,Philadelphia,64,65,0.645,76655.01,298875.31,yes,1781995196
2026-06-20,KXMLBGAME-26JUN201915CLEHOU-HOU,KXMLBGAME-26JUN201915CLEHOU,Houston,Cleveland,57,58,0.575,78352.05,170539.94,no,1781993673
2026-06-20,KXMLBGAME-26JUN201605SDTEX-TEX,KXMLBGAME-26JUN201605SDTEX,Texas,San Diego,54,55,0.545,26959.29,77374.60,no,1781985272
2026-06-20,KXMLBGAME-26JUN201610SFMIA-SF,KXMLBGAME-26JUN201610SFMIA,San Francisco,Miami,42,43,0.425,6423.82,20912.84,no,1781985271
2026-06-20,KXMLBGAME-26JUN201610WSHTB-WSH,KXMLBGAME-26JUN201610WSHTB,Washington,Washington,47,48,0.475,13292.89,68337.63,yes,1781984676
2026-06-20,KXMLBGAME-26JUN201610MILATL-MIL,KXMLBGAME-26JUN201610MILATL,Milwaukee,Atlanta,44,45,0.445,23605.02,419483.89,no,1781982583
2026-06-20,KXMLBGAME-26JUN201420TORCHC-TOR,KXMLBGAME-26JUN201420TORCHC,Toronto,Toronto,45,46,0.455,47373.78,117156.15,yes,1781979004
2026-06-20,KXMLBGAME-26JUN201335CINNYY-NYY,KXMLBGAME-26JUN201335CINNYY,New York Y,Cincinnati,65,66,0.655,141749.72,610761.59,no,1781975388
2026-06-20,KXMLBGAME-26JUN201310CWSDET-DET,KXMLBGAME-26JUN201310CWSDET,Detroit,Detroit,53,54,0.535,32114.75,83571.33,yes,1781971474
2026-06-20,KXMLBGAME-26JUN192140LAAATH-LAA,KXMLBGAME-26JUN192140LAAATH,Los Angeles A,A's,41,42,0.415,19106.04,116731.49,no,1781919871
2026-06-20,KXMLBGAME-26JUN192210BALLAD-LAD,KXMLBGAME-26JUN192210BALLAD,Los Angeles D,Los Angeles D,66,67,0.665,109681.74,400553.36,yes,1781919870
2026-06-20,KXMLBGAME-26JUN192145MINAZ-MIN,KXMLBGAME-26JUN192145MINAZ,Minnesota,Arizona,38,39,0.385,14232.05,76497.94,no,1781918093
2026-06-20,KXMLBGAME-26JUN192210BOSSEA-SEA,KXMLBGAME-26JUN192210BOSSEA,Seattle,Boston,51,52,0.515,80204.51,387139.49,no,1781917820
2026-06-21,KXMLBGAME-26JUN211920NYMPHI-PHI,KXMLBGAME-26JUN211920NYMPHI,Philadelphia,Philadelphia,62,63,0.625,211583.16,617456.04,yes,1782081864
2026-06-21,KXMLBGAME-26JUN211610BALLAD-LAD,KXMLBGAME-26JUN211610BALLAD,Los Angeles D,Baltimore,68,69,0.685,37520.79,231988.01,no,1782070799
2026-06-21,KXMLBGAME-26JUN211605LAAATH-LAA,KXMLBGAME-26JUN211605LAAATH,Los Angeles A,Los Angeles A,45,46,0.455,15540.37,46640.01,yes,1782070215
2026-06-21,KXMLBGAME-26JUN211610BOSSEA-SEA,KXMLBGAME-26JUN211610BOSSEA,Seattle,Seattle,54,55,0.545,63555.95,153529.94,yes,1782068674
2026-06-21,KXMLBGAME-26JUN211510PITCOL-PIT,KXMLBGAME-26JUN211510PITCOL,Pittsburgh,Pittsburgh,57,58,0.575,6881.55,35580.35,yes,1782067186
2026-06-21,KXMLBGAME-26JUN211515MINAZ-MIN,KXMLBGAME-26JUN211515MINAZ,Minnesota,Minnesota,44,45,0.445,15299.86,56034.50,yes,1782066638
2026-06-21,KXMLBGAME-26JUN211410STLKC-STL,KXMLBGAME-26JUN211410STLKC,St. Louis,St. Louis,54,55,0.545,17740.06,116033.64,yes,1782064470
2026-06-21,KXMLBGAME-26JUN211435SDTEX-TEX,KXMLBGAME-26JUN211435SDTEX,Texas,Texas,60,61,0.605,9774.24,44469.42,yes,1782063587
2026-06-21,KXMLBGAME-26JUN211335CINNYY-NYY,KXMLBGAME-26JUN211335CINNYY,New York Y,Cincinnati,51,52,0.515,232855.08,519921.20,no,1782061788
2026-06-21,KXMLBGAME-26JUN211340WSHTB-WSH,KXMLBGAME-26JUN211340WSHTB,Washington,Tampa Bay,45,46,0.455,19885.50,36023.35,no,1782060874
2026-06-21,KXMLBGAME-26JUN211410CLEHOU-HOU,KXMLBGAME-26JUN211410CLEHOU,Houston,Houston,55,56,0.555,6619.90,32612.92,yes,1782060873
2026-06-21,KXMLBGAME-26JUN211340CWSDET-DET,KXMLBGAME-26JUN211340CWSDET,Detroit,Detroit,51,52,0.515,12672.04,36388.48,yes,1782060872
2026-06-21,KXMLBGAME-26JUN211335MILATL-MIL,KXMLBGAME-26JUN211335MILATL,Milwaukee,Milwaukee,48,49,0.485,35243.32,140726.93,yes,1782060278
2026-06-21,KXMLBGAME-26JUN211340SFMIA-SF,KXMLBGAME-26JUN211340SFMIA,San Francisco,Miami,57,58,0.575,23198.98,108041.27,no,1782059415
2026-06-21,KXMLBGAME-26JUN202210MINAZ-MIN,KXMLBGAME-26JUN202210MINAZ,Minnesota,Minnesota,47,48,0.475,117883.97,237564.46,yes,1782007197
2026-06-21,KXMLBGAME-26JUN202205LAAATH-LAA,KXMLBGAME-26JUN202205LAAATH,Los Angeles A,Los Angeles A,40,41,0.405,42643.00,106620.01,yes,1782005983
2026-06-21,KXMLBGAME-26JUN202210BALLAD-LAD,KXMLBGAME-26JUN202210BALLAD,Los Angeles D,Baltimore,70,71,0.705,163439.88,675790.62,no,1782005066
2026-06-21,KXMLBGAME-26JUN202210BOSSEA-SEA,KXMLBGAME-26JUN202210BOSSEA,Seattle,Boston,53,54,0.535,163602.86,370561.14,no,1782004788
2026-06-21,KXMLBGAME-26JUN202110PITCOL-PIT,KXMLBGAME-26JUN202110PITCOL,Pittsburgh,Colorado,66,67,0.665,54475.23,345478.87,no,1782001188
2026-06-22,KXMLBGAME-26JUN222040BOSCOL-COL,KXMLBGAME-26JUN222040BOSCOL,Colorado,Colorado,45,46,0.455,2590.74,29205.39,yes,1782170978
2026-06-22,KXMLBGAME-26JUN221845PHIWSH-WSH,KXMLBGAME-26JUN221845PHIWSH,Washington,Washington,53,54,0.535,30671.79,117674.74,yes,1782170375
2026-06-22,KXMLBGAME-26JUN221940CLECWS-CWS,KXMLBGAME-26JUN221940CLECWS,Chicago WS,Chicago WS,49,50,0.495,17935.87,92166.36,yes,1782170374
2026-06-22,KXMLBGAME-26JUN221940LADMIN-MIN,KXMLBGAME-26JUN221940LADMIN,Minnesota,Los Angeles D,41,42,0.415,10678.73,71209.31,no,1782168574
2026-06-22,KXMLBGAME-26JUN221945AZSTL-STL,KXMLBGAME-26JUN221945AZSTL,St. Louis,St. Louis,57,58,0.575,47831.11,146977.19,yes,1782168573
2026-06-22,KXMLBGAME-26JUN221907HOUTOR-TOR,KXMLBGAME-26JUN221907HOUTOR,Toronto,Toronto,54,55,0.545,8800.87,84611.63,yes,1782167975
2026-06-22,KXMLBGAME-26JUN221910MILCIN-MIL,KXMLBGAME-26JUN221910MILCIN,Milwaukee,Milwaukee,58,59,0.585,47575.59,197714.87,yes,1782166467
2026-06-22,KXMLBGAME-26JUN221840TEXMIA-TEX,KXMLBGAME-26JUN221840TEXMIA,Texas,Texas,45,46,0.455,33615.07,82594.92,yes,1782165868
2026-06-22,KXMLBGAME-26JUN221840KCTB-TB,KXMLBGAME-26JUN221840KCTB,Tampa Bay,Kansas City,63,64,0.635,54012.17,295035.73,no,1782163913
2026-06-22,KXMLBGAME-26JUN221810NYYDET-NYY,KXMLBGAME-26JUN221810NYYDET,New York Y,Detroit,54,55,0.545,295494.43,914922.73,no,1782163912
2026-06-23,KXMLBGAME-26JUN232040BOSCOL-COL,KXMLBGAME-26JUN232040BOSCOL,Colorado,Boston,40,41,0.405,13091.28,73196.49,no,1782258266
2026-06-23,KXMLBGAME-26JUN231940LADMIN-MIN,KXMLBGAME-26JUN231940LADMIN,Minnesota,Los Angeles D,37,38,0.375,9681.63,105115.83,no,1782258265
2026-06-23,KXMLBGAME-26JUN231945AZSTL-STL,KXMLBGAME-26JUN231945AZSTL,St. Louis,Arizona,50,51,0.505,5286.08,35568.39,no,1782257065
2026-06-23,KXMLBGAME-26JUN231910CHCNYM-NYM,KXMLBGAME-26JUN231910CHCNYM,New York M,Chicago C,48,49,0.485,24307.64,57466.66,no,1782256774
2026-06-23,KXMLBGAME-26JUN231940CLECWS-CWS,KXMLBGAME-26JUN231940CLECWS,Chicago WS,Chicago WS,48,49,0.485,5424.09,37963.99,yes,1782253465
2026-06-23,KXMLBGAME-26JUN231845PHIWSH-WSH,KXMLBGAME-26JUN231845PHIWSH,Washington,Philadelphia,38,39,0.385,6893.29,63201.61,no,1782253173
2026-06-23,KXMLBGAME-26JUN231910MILCIN-MIL,KXMLBGAME-26JUN231910MILCIN,Milwaukee,Milwaukee,49,50,0.495,29808.98,195090.26,yes,1782252870
2026-06-23,KXMLBGAME-26JUN231840NYYDET-NYY,KXMLBGAME-26JUN231840NYYDET,New York Y,New York Y,51,52,0.515,159293.18,462420.05,yes,1782252580
2026-06-23,KXMLBGAME-26JUN231840TEXMIA-TEX,KXMLBGAME-26JUN231840TEXMIA,Texas,Miami,39,40,0.395,9380.49,57586.44,no,1782252271
2026-06-23,KXMLBGAME-26JUN231840SEAPIT-SEA,KXMLBGAME-26JUN231840SEAPIT,Seattle,Seattle,54,55,0.545,23646.15,97698.98,yes,1782251983
2026-06-23,KXMLBGAME-26JUN231840KCTB-TB,KXMLBGAME-26JUN231840KCTB,Tampa Bay,Kansas City,63,64,0.635,14052.58,174215.62,no,1782251379
2026-06-23,KXMLBGAME-26JUN231607HOUTOR-TOR,KXMLBGAME-26JUN231607HOUTOR,Toronto,Houston,52,53,0.525,168174.17,326801.68,no,1782246272
2026-06-23,KXMLBGAME-26JUN222210ATLSD-SD,KXMLBGAME-26JUN222210ATLSD,San Diego,San Diego,50,51,0.505,20094.86,94662.20,yes,1782177862
2026-06-23,KXMLBGAME-26JUN222138BALLAA-LAA,KXMLBGAME-26JUN222138BALLAA,Los Angeles A,Baltimore,40,41,0.405,11463.19,58461.88,no,1782175770
2026-06-24,KXMLBGAME-26JUN242040ATLSD-SD,KXMLBGAME-26JUN242040ATLSD,San Diego,San Diego,47,48,0.475,5476.25,23356.11,yes,1782345267
2026-06-24,KXMLBGAME-26JUN241945AZSTL-STL,KXMLBGAME-26JUN241945AZSTL,St. Louis,Arizona,51,52,0.515,23100.19,69117.43,no,1782342865
2026-06-24,KXMLBGAME-26JUN241910MILCIN-MIL,KXMLBGAME-26JUN241910MILCIN,Milwaukee,Milwaukee,54,55,0.545,165979.52,324154.78,yes,1782342575
2026-06-24,KXMLBGAME-26JUN241940LADMIN-MIN,KXMLBGAME-26JUN241940LADMIN,Minnesota,Los Angeles D,39,40,0.395,16148.97,60568.26,no,1782341977
2026-06-24,KXMLBGAME-26JUN241910CHCNYM-NYM,KXMLBGAME-26JUN241910CHCNYM,New York M,Chicago C,49,50,0.495,31582.35,224336.21,no,1782341373
2026-06-24,KXMLBGAME-26JUN241845PHIWSH-WSH,KXMLBGAME-26JUN241845PHIWSH,Washington,Philadelphia,46,47,0.465,10431.96,36650.97,no,1782339865
2026-06-24,KXMLBGAME-26JUN241907HOUTOR-TOR,KXMLBGAME-26JUN241907HOUTOR,Toronto,Houston,56,57,0.565,21786.41,127476.19,no,1782339572
2026-06-24,KXMLBGAME-26JUN241840NYYDET-NYY,KXMLBGAME-26JUN241840NYYDET,New York Y,New York Y,46,47,0.465,62300.60,167069.90,yes,1782338067
2026-06-24,KXMLBGAME-26JUN241840SEAPIT-SEA,KXMLBGAME-26JUN241840SEAPIT,Seattle,Pittsburgh,48,49,0.485,37557.08,88248.00,no,1782338066
2026-06-24,KXMLBGAME-26JUN241840KCTB-TB,KXMLBGAME-26JUN241840KCTB,Tampa Bay,Tampa Bay,58,59,0.585,22308.77,139690.46,yes,1782337776
2026-06-24,KXMLBGAME-26JUN241410CLECWS-CWS,KXMLBGAME-26JUN241410CLECWS,Chicago WS,Cleveland,49,50,0.495,20505.11,198716.82,no,1782334176
2026-06-24,KXMLBGAME-26JUN241607BALLAA-LAA,KXMLBGAME-26JUN241607BALLAA,Los Angeles A,Los Angeles A,50,51,0.505,104534.08,176628.06,yes,1782331476
2026-06-24,KXMLBGAME-26JUN241510BOSCOL-COL,KXMLBGAME-26JUN241510BOSCOL,Colorado,Colorado,39,40,0.395,8618.66,33149.98,yes,1782325468
2026-06-24,KXMLBGAME-26JUN221910CHCNYM-NYM,KXMLBGAME-26JUN221910CHCNYM,New York M,Chicago C,51,52,0.515,48295.93,190136.53,no,1782318585
2026-06-24,KXMLBGAME-26JUN241210TEXMIA-TEX,KXMLBGAME-26JUN241210TEXMIA,Texas,Miami,52,53,0.525,74269.78,299017.15,no,1782314071
2026-06-24,KXMLBGAME-26JUN232140ATLSD-SD,KXMLBGAME-26JUN232140ATLSD,San Diego,San Diego,49,50,0.495,16382.32,139045.06,yes,1782264577
2026-06-24,KXMLBGAME-26JUN232145ATHSF-SF,KXMLBGAME-26JUN232145ATHSF,San Francisco,San Francisco,56,57,0.565,12190.00,66695.14,yes,1782263062
2026-06-24,KXMLBGAME-26JUN232138BALLAA-LAA,KXMLBGAME-26JUN232138BALLAA,Los Angeles A,Los Angeles A,43,44,0.435,2966.18,72217.71,yes,1782261571
2026-06-25,KXMLBGAME-26JUN251910CHCNYM-NYM,KXMLBGAME-26JUN251910CHCNYM,New York M,Chicago C,49,50,0.495,104341.84,271626.39,no,1782428664
2026-06-25,KXMLBGAME-26JUN251910NYYBOS-NYY,KXMLBGAME-26JUN251910NYYBOS,New York Y,Boston,57,58,0.575,72457.21,321759.00,no,1782427775
2026-06-25,KXMLBGAME-26JUN251845PHIWSH-WSH,KXMLBGAME-26JUN251845PHIWSH,Washington,Philadelphia,38,39,0.385,20142.98,55780.46,no,1782425974
2026-06-25,KXMLBGAME-26JUN251907TEXTOR-TOR,KXMLBGAME-26JUN251907TEXTOR,Toronto,Texas,56,57,0.565,32494.67,83226.48,no,1782425972
2026-06-25,KXMLBGAME-26JUN251840HOUDET-HOU,KXMLBGAME-26JUN251840HOUDET,Houston,Houston,48,49,0.485,12665.72,78658.57,yes,1782423576
2026-06-25,KXMLBGAME-26JUN251545ATHSF-SF,KXMLBGAME-26JUN251545ATHSF,San Francisco,A's,55,56,0.555,119016.79,285519.85,no,1782414871
2026-06-25,KXMLBGAME-26JUN251235SEAPIT-SEA,KXMLBGAME-26JUN251235SEAPIT,Seattle,Pittsburgh,56,57,0.565,90218.12,224625.67,no,1782402575
2026-06-25,KXMLBGAME-26JUN251210KCTB-TB,KXMLBGAME-26JUN251210KCTB,Tampa Bay,Tampa Bay,56,57,0.565,108987.71,374052.24,yes,1782400177
2026-06-25,KXMLBGAME-26JUN242145ATHSF-SF,KXMLBGAME-26JUN242145ATHSF,San Francisco,San Francisco,48,49,0.485,7388.15,48283.66,yes,1782348569
2026-06-26,KXMLBGAME-26JUN262015MIASTL-STL,KXMLBGAME-26JUN262015MIASTL,St. Louis,Miami,49,50,0.495,8060.95,48515.80,no,1782518379
2026-06-26,KXMLBGAME-26JUN262010COLMIN-MIN,KXMLBGAME-26JUN262010COLMIN,Minnesota,Minnesota,61,62,0.615,6592.46,58585.82,yes,1782518379
2026-06-26,KXMLBGAME-26JUN261945CHCMIL-MIL,KXMLBGAME-26JUN261945CHCMIL,Milwaukee,Milwaukee,68,69,0.685,42373.90,221036.44,yes,1782515978
2026-06-26,KXMLBGAME-26JUN261940KCCWS-KC,KXMLBGAME-26JUN261940KCCWS,Kansas City,Chicago WS,45,46,0.455,38419.80,74874.47,no,1782515665
2026-06-26,KXMLBGAME-26JUN261907TEXTOR-TOR,KXMLBGAME-26JUN261907TEXTOR,Toronto,Texas,50,51,0.505,27029.11,92579.51,no,1782513577
2026-06-26,KXMLBGAME-26JUN261910SEACLE-SEA,KXMLBGAME-26JUN261910SEACLE,Seattle,Seattle,49,50,0.495,74350.05,132976.16,yes,1782512666
2026-06-26,KXMLBGAME-26JUN261905WSHBAL-WSH,KXMLBGAME-26JUN261905WSHBAL,Washington,Baltimore,44,45,0.445,36379.69,197918.87,no,1782512375
2026-06-26,KXMLBGAME-26JUN261840CINPIT-PIT,KXMLBGAME-26JUN261840CINPIT,Pittsburgh,Cincinnati,62,63,0.625,43912.86,98763.90,no,1782512070
2026-06-26,KXMLBGAME-26JUN261910NYYBOS-NYY,KXMLBGAME-26JUN261910NYYBOS,New York Y,Boston,50,51,0.505,79091.20,405467.45,no,1782511777
2026-06-26,KXMLBGAME-26JUN261910AZTB-TB,KXMLBGAME-26JUN261910AZTB,Tampa Bay,Tampa Bay,56,57,0.565,144159.84,339660.96,yes,1782511476
2026-06-26,KXMLBGAME-26JUN261910PHINYM-PHI,KXMLBGAME-26JUN261910PHINYM,Philadelphia,Philadelphia,60,61,0.605,66418.76,276033.08,yes,1782511474
2026-06-26,KXMLBGAME-26JUN261840HOUDET-HOU,KXMLBGAME-26JUN261840HOUDET,Houston,Detroit,48,49,0.485,71013.30,191597.63,no,1782510577
2026-06-27,KXMLBGAME-26JUN272105ATLSF-SF,KXMLBGAME-26JUN272105ATLSF,San Francisco,San Francisco,54,55,0.545,8203.04,58173.26,yes,1782603866
2026-06-27,KXMLBGAME-26JUN271905WSHBAL-WSH,KXMLBGAME-26JUN271905WSHBAL,Washington,Washington,49,50,0.495,8475.87,54607.66,yes,1782600869
2026-06-27,KXMLBGAME-26JUN271910COLMIN-MIN,KXMLBGAME-26JUN271910COLMIN,Minnesota,Colorado,56,57,0.565,37764.50,113831.66,no,1782600583
2026-06-27,KXMLBGAME-26JUN271915MIASTL-STL,KXMLBGAME-26JUN271915MIASTL,St. Louis,Miami,56,57,0.565,18308.12,87137.94,no,1782599385
2026-06-27,KXMLBGAME-26JUN271910SEACLE-SEA,KXMLBGAME-26JUN271910SEACLE,Seattle,Cleveland,57,58,0.575,14803.28,78718.93,no,1782599070
2026-06-27,KXMLBGAME-26JUN271910CHCMIL-MIL,KXMLBGAME-26JUN271910CHCMIL,Milwaukee,Chicago C,59,60,0.595,51345.78,301308.32,no,1782598776
2026-06-27,KXMLBGAME-26JUN271810AZTB-TB,KXMLBGAME-26JUN271810AZTB,Tampa Bay,Tampa Bay,56,57,0.565,25994.40,82353.29,yes,1782594269
2026-06-27,KXMLBGAME-26JUN271610PHINYM-PHI,KXMLBGAME-26JUN271610PHINYM,Philadelphia,New York M,45,46,0.455,86077.68,341949.19,no,1782592468
2026-06-27,KXMLBGAME-26JUN271605CINPIT-PIT,KXMLBGAME-26JUN271605CINPIT,Pittsburgh,Cincinnati,49,50,0.495,99213.64,143832.70,no,1782591868
2026-06-27,KXMLBGAME-26JUN271610KCCWS-KC,KXMLBGAME-26JUN271610KCCWS,Kansas City,Chicago WS,45,46,0.455,15475.04,74711.69,no,1782587384
2026-06-27,KXMLBGAME-26JUN271507TEXTOR-TOR,KXMLBGAME-26JUN271507TEXTOR,Toronto,Texas,63,64,0.635,45546.33,115812.37,no,1782586783
2026-06-27,KXMLBGAME-26JUN271310HOUDET-HOU,KXMLBGAME-26JUN271310HOUDET,Houston,Houston,45,46,0.455,42637.08,183551.99,yes,1782578073
2026-06-27,KXMLBGAME-26JUN271310NYYBOS-NYY,KXMLBGAME-26JUN271310NYYBOS,New York Y,Boston,51,52,0.515,162537.67,535900.01,no,1782576581
2026-06-27,KXMLBGAME-26JUN262215ATLSF-SF,KXMLBGAME-26JUN262215ATLSF,San Francisco,Atlanta,47,48,0.475,7444.28,69654.97,no,1782523783
2026-06-27,KXMLBGAME-26JUN262138ATHLAA-LAA,KXMLBGAME-26JUN262138ATHLAA,Los Angeles A,A's,48,49,0.485,25355.06,69442.33,no,1782522572
2026-06-27,KXMLBGAME-26JUN262145LADSD-SD,KXMLBGAME-26JUN262145LADSD,San Diego,San Diego,42,43,0.425,42809.97,138832.15,yes,1782521978
2026-06-28,KXMLBGAME-26JUN281920NYYBOS-NYY,KXMLBGAME-26JUN281920NYYBOS,New York Y,Boston,49,50,0.495,298124.14,471214.35,no,1782687574
2026-06-28,KXMLBGAME-26JUN281610LADSD-SD,KXMLBGAME-26JUN281610LADSD,San Diego,Los Angeles D,44,45,0.445,11874.87,87720.42,no,1782675572
2026-06-28,KXMLBGAME-26JUN281605ATLSF-SF,KXMLBGAME-26JUN281605ATLSF,San Francisco,San Francisco,38,39,0.385,15123.10,60242.67,yes,1782673464
2026-06-28,KXMLBGAME-26JUN281515ATHLAA-LAA,KXMLBGAME-26JUN281515ATHLAA,Los Angeles A,Los Angeles A,49,50,0.495,12583.38,27959.20,yes,1782670772
2026-06-28,KXMLBGAME-26JUN281335CINPIT-PIT,KXMLBGAME-26JUN281335CINPIT,Pittsburgh,Pittsburgh,63,64,0.635,309251.03,491931.53,yes,1782670772
2026-06-28,KXMLBGAME-26JUN281340HOUDET-HOU,KXMLBGAME-26JUN281340HOUDET,Houston,Houston,51,52,0.515,444032.55,798458.52,yes,1782669864
2026-06-28,KXMLBGAME-26JUN281410CHCMIL-MIL,KXMLBGAME-26JUN281410CHCMIL,Milwaukee,Chicago C,60,61,0.605,16903.34,58196.61,no,1782669581
2026-06-28,KXMLBGAME-26JUN281340SEACLE-SEA,KXMLBGAME-26JUN281340SEACLE,Seattle,Cleveland,47,48,0.475,36530.47,101227.77,no,1782668378
2026-06-28,KXMLBGAME-26JUN281410KCCWS-KC,KXMLBGAME-26JUN281410KCCWS,Kansas City,Kansas City,43,44,0.435,5255.63,36736.37,yes,1782668377
2026-06-28,KXMLBGAME-26JUN281340PHINYM-PHI,KXMLBGAME-26JUN281340PHINYM,Philadelphia,Philadelphia,60,61,0.605,62306.40,261129.81,yes,1782667782
2026-06-28,KXMLBGAME-26JUN281335WSHBAL-WSH,KXMLBGAME-26JUN281335WSHBAL,Washington,Washington,35,36,0.355,55716.31,250337.46,yes,1782666872
2026-06-28,KXMLBGAME-26JUN281410COLMIN-MIN,KXMLBGAME-26JUN281410COLMIN,Minnesota,Minnesota,60,61,0.605,6926.20,18157.10,yes,1782666581
2026-06-28,KXMLBGAME-26JUN281415MIASTL-STL,KXMLBGAME-26JUN281415MIASTL,St. Louis,St. Louis,53,54,0.535,22285.65,63990.36,yes,1782666580
2026-06-28,KXMLBGAME-26JUN281337TEXTOR-TOR,KXMLBGAME-26JUN281337TEXTOR,Toronto,Texas,55,56,0.555,126299.91,238296.45,no,1782666274
2026-06-28,KXMLBGAME-26JUN281340AZTB-TB,KXMLBGAME-26JUN281340AZTB,Tampa Bay,Tampa Bay,63,64,0.635,22703.28,82485.87,yes,1782665986
2026-06-28,KXMLBGAME-26JUN272138ATHLAA-LAA,KXMLBGAME-26JUN272138ATHLAA,Los Angeles A,Los Angeles A,50,51,0.505,19020.58,61479.32,yes,1782608379
2026-06-28,KXMLBGAME-26JUN272040LADSD-SD,KXMLBGAME-26JUN272040LADSD,San Diego,Los Angeles D,35,36,0.355,58999.60,163883.53,no,1782606266
2026-06-29,KXMLBGAME-26JUN292005SDCHC-SD,KXMLBGAME-26JUN292005SDCHC,San Diego,Chicago C,40,41,0.405,11635.99,50954.27,no,1782777265
2026-06-29,KXMLBGAME-26JUN292010MINHOU-MIN,KXMLBGAME-26JUN292010MINHOU,Minnesota,Minnesota,44,45,0.445,9979.66,37225.15,yes,1782775783
2026-06-29,KXMLBGAME-26JUN291940CINMIL-MIL,KXMLBGAME-26JUN291940CINMIL,Milwaukee,Milwaukee,55,56,0.555,61787.57,214275.66,yes,1782774572
2026-06-29,KXMLBGAME-26JUN291910TEXCLE-TEX,KXMLBGAME-26JUN291910TEXCLE,Texas,Texas,42,43,0.425,12711.98,51740.69,yes,1782772186
2026-06-29,KXMLBGAME-26JUN291905DETNYY-NYY,KXMLBGAME-26JUN291905DETNYY,New York Y,Detroit,55,56,0.555,55142.91,313733.00,no,1782771871
2026-06-29,KXMLBGAME-26JUN291840PITPHI-PIT,KXMLBGAME-26JUN291840PITPHI,Pittsburgh,Pittsburgh,48,49,0.485,89913.75,253962.95,yes,1782771573
2026-06-29,KXMLBGAME-26JUN291835CWSBAL-CWS,KXMLBGAME-26JUN291835CWSBAL,Chicago WS,Chicago WS,45,46,0.455,158712.32,459371.92,yes,1782770976
2026-06-29,KXMLBGAME-26JUN291910WSHBOS-WSH,KXMLBGAME-26JUN291910WSHBOS,Washington,Boston,38,39,0.385,46420.75,140745.41,no,1782770975
2026-06-29,KXMLBGAME-26JUN291907NYMTOR-TOR,KXMLBGAME-26JUN291907NYMTOR,Toronto,Toronto,54,55,0.545,99461.75,403115.91,yes,1782770670
2026-06-30,KXMLBGAME-26JUN302005SDCHC-SD,KXMLBGAME-26JUN302005SDCHC,San Diego,Chicago C,41,42,0.415,9737.41,39780.37,no,1782863372
2026-06-30,KXMLBGAME-26JUN302010MINHOU-MIN,KXMLBGAME-26JUN302010MINHOU,Minnesota,Houston,51,52,0.515,23915.58,86408.91,no,1782861573
2026-06-30,KXMLBGAME-26JUN301940TBKC-TB,KXMLBGAME-26JUN301940TBKC,Tampa Bay,Tampa Bay,52,53,0.525,97063.73,276461.03,yes,1782860665
2026-06-30,KXMLBGAME-26JUN301915STLATL-STL,KXMLBGAME-26JUN301915STLATL,St. Louis,St. Louis,42,43,0.425,19819.31,46332.29,yes,1782859482
2026-06-30,KXMLBGAME-26JUN301910WSHBOS-WSH,KXMLBGAME-26JUN301910WSHBOS,Washington,Washington,45,46,0.455,8717.23,119314.80,yes,1782859482
2026-06-30,KXMLBGAME-26JUN301940CINMIL-MIL,KXMLBGAME-26JUN301940CINMIL,Milwaukee,Milwaukee,60,61,0.605,11162.89,77444.16,yes,1782859481
2026-06-30,KXMLBGAME-26JUN301905DETNYY-NYY,KXMLBGAME-26JUN301905DETNYY,New York Y,Detroit,51,52,0.515,162238.62,508635.27,no,1782858271
2026-06-30,KXMLBGAME-26JUN301907NYMTOR-TOR,KXMLBGAME-26JUN301907NYMTOR,Toronto,New York M,50,51,0.505,10744.03,40023.17,no,1782858270
2026-06-30,KXMLBGAME-26JUN301835CWSBAL-CWS,KXMLBGAME-26JUN301835CWSBAL,Chicago WS,Chicago WS,42,43,0.425,83256.41,272863.16,yes,1782856787
2026-06-30,KXMLBGAME-26JUN301840PITPHI-PIT,KXMLBGAME-26JUN301840PITPHI,Pittsburgh,Philadelphia,32,33,0.325,18498.30,128129.97,no,1782856353
2026-06-30,KXMLBGAME-26JUN301840TEXCLE-TEX,KXMLBGAME-26JUN301840TEXCLE,Texas,Texas,53,54,0.535,25623.48,134981.01,yes,1782854992
2026-06-30,KXMLBGAME-26JUN292140LADATH-LAD,KXMLBGAME-26JUN292140LADATH,Los Angeles D,Los Angeles D,52,53,0.525,197760.95,853142.42,yes,1782782371
2026-06-30,KXMLBGAME-26JUN292140SFAZ-SF,KXMLBGAME-26JUN292140SFAZ,San Francisco,Arizona,44,45,0.445,3920.53,26776.51,no,1782780090
2026-06-30,KXMLBGAME-26JUN292140LAASEA-SEA,KXMLBGAME-26JUN292140LAASEA,Seattle,Seattle,65,66,0.655,10582.78,63834.07,yes,1782779384
2026-06-30,KXMLBGAME-26JUN292040MIACOL-MIA,KXMLBGAME-26JUN292040MIACOL,Miami,Miami,58,59,0.585,29901.53,143625.89,yes,1782778467
2026-07-01,KXMLBGAME-26JUL012010CINMIL-MIL,KXMLBGAME-26JUL012010CINMIL,Milwaukee,Milwaukee,59,60,0.595,77145.28,260185.61,yes,1782949172
2026-07-01,KXMLBGAME-26JUL012040MIACOL-MIA,KXMLBGAME-26JUL012040MIACOL,Miami,Colorado,57,58,0.575,94778.53,423120.11,no,1782948585
2026-07-01,KXMLBGAME-26JUL011840PITPHI-PIT,KXMLBGAME-26JUL011840PITPHI,Pittsburgh,Philadelphia,42,43,0.425,291598.65,362057.13,no,1782945271
2026-07-01,KXMLBGAME-26JUL011940TBKC-TB,KXMLBGAME-26JUL011940TBKC,Tampa Bay,Tampa Bay,57,58,0.575,75845.57,306200.72,yes,1782944983
2026-07-01,KXMLBGAME-26JUL011915STLATL-STL,KXMLBGAME-26JUL011915STLATL,St. Louis,Atlanta,44,45,0.445,19974.19,79333.77,no,1782943469
2026-07-01,KXMLBGAME-26JUL011507NYMTOR-TOR,KXMLBGAME-26JUL011507NYMTOR,Toronto,Toronto,51,52,0.515,20941.74,84626.21,yes,1782931473
2026-07-01,KXMLBGAME-26JUL011420SDCHC-SD,KXMLBGAME-26JUL011420SDCHC,San Diego,Chicago C,46,47,0.465,23702.67,121822.07,no,1782927267
2026-07-01,KXMLBGAME-26JUL011335WSHBOS-WSH,KXMLBGAME-26JUL011335WSHBOS,Washington,Washington,42,43,0.425,28879.69,105697.34,yes,1782926377
2026-07-01,KXMLBGAME-26JUL011335DETNYY-NYY,KXMLBGAME-26JUL011335DETNYY,New York Y,Detroit,55,56,0.555,63437.97,276220.82,no,1782926071
2026-07-01,KXMLBGAME-26JUL011310TEXCLE-TEX,KXMLBGAME-26JUL011310TEXCLE,Texas,Cleveland,49,50,0.495,142919.95,244176.06,no,1782923975
2026-07-01,KXMLBGAME-26JUL011235CWSBAL-CWS,KXMLBGAME-26JUL011235CWSBAL,Chicago WS,Baltimore,44,45,0.445,73473.15,266122.35,no,1782920979
2026-07-01,KXMLBGAME-26JUN302140LAASEA-SEA,KXMLBGAME-26JUN302140LAASEA,Seattle,Seattle,63,64,0.635,16952.47,75443.37,yes,1782868465
2026-07-01,KXMLBGAME-26JUN302140LADATH-LAD,KXMLBGAME-26JUN302140LADATH,Los Angeles D,Los Angeles D,62,63,0.625,126621.98,676905.14,yes,1782866972
2026-07-01,KXMLBGAME-26JUN302140SFAZ-SF,KXMLBGAME-26JUN302140SFAZ,San Francisco,Arizona,49,50,0.495,13242.14,67386.92,no,1782866971
2026-07-01,KXMLBGAME-26JUN302040MIACOL-MIA,KXMLBGAME-26JUN302040MIACOL,Miami,Miami,55,56,0.555,74298.50,236551.97,yes,1782865172
2026-07-02,KXMLBGAME-26JUL022005DETTEX-TEX,KXMLBGAME-26JUL022005DETTEX,Texas,Texas,49,50,0.495,50156.64,135083.21,yes,1783036781
2026-07-02,KXMLBGAME-26JUL021915STLATL-STL,KXMLBGAME-26JUL021915STLATL,St. Louis,St. Louis,48,49,0.485,42922.27,85039.91,yes,1783032864
2026-07-02,KXMLBGAME-26JUL021940TBKC-TB,KXMLBGAME-26JUL021940TBKC,Tampa Bay,Tampa Bay,54,55,0.545,194172.38,465054.48,yes,1783031665
2026-07-02,KXMLBGAME-26JUL021840CWSCLE-CWS,KXMLBGAME-26JUL021840CWSCLE,Chicago WS,Cleveland,49,50,0.495,501850.32,699786.37,no,1783030469
2026-07-02,KXMLBGAME-26JUL021510MIACOL-MIA,KXMLBGAME-26JUL021510MIACOL,Miami,Colorado,56,57,0.565,29703.21,227061.18,no,1783017574
2026-07-02,KXMLBGAME-26JUL021410CINMIL-MIL,KXMLBGAME-26JUL021410CINMIL,Milwaukee,Cincinnati,65,66,0.655,47884.18,273400.29,no,1783013072
2026-07-02,KXMLBGAME-26JUL021235PITPHI-PIT,KXMLBGAME-26JUL021235PITPHI,Pittsburgh,Pittsburgh,44,45,0.445,69501.82,182749.91,yes,1783008870
2026-07-02,KXMLBGAME-26JUL012140SFAZ-SF,KXMLBGAME-26JUL012140SFAZ,San Francisco,San Francisco,45,46,0.455,29011.29,109841.07,yes,1782954574
2026-07-02,KXMLBGAME-26JUL012140LADATH-LAD,KXMLBGAME-26JUL012140LADATH,Los Angeles D,A's,61,62,0.615,122601.31,620825.57,no,1782952773
2026-07-02,KXMLBGAME-26JUL012010MINHOU-MIN,KXMLBGAME-26JUL012010MINHOU,Minnesota,Minnesota,42,43,0.425,35554.86,99929.56,yes,1782950663
2026-07-03,KXMLBGAME-26JUL032010SFCOL-SF,KXMLBGAME-26JUL032010SFCOL,San Francisco,Colorado,58,59,0.585,13917.08,93243.97,no,1783122267
2026-07-03,KXMLBGAME-26JUL032015TBHOU-TB,KXMLBGAME-26JUL032015TBHOU,Tampa Bay,Tampa Bay,50,51,0.505,100896.64,341539.18,yes,1783120471
2026-07-03,KXMLBGAME-26JUL031905MINNYY-NYY,KXMLBGAME-26JUL031905MINNYY,New York Y,New York Y,67,68,0.675,71997.40,426308.17,yes,1783120470
2026-07-03,KXMLBGAME-26JUL031915NYMATL-NYM,KXMLBGAME-26JUL031915NYMATL,New York M,Atlanta,49,50,0.495,33136.78,92108.29,no,1783117782
2026-07-03,KXMLBGAME-26JUL031845PITWSH-WSH,KXMLBGAME-26JUL031845PITWSH,Washington,Washington,57,58,0.575,223767.03,442979.32,yes,1783117176
2026-07-03,KXMLBGAME-26JUL031910BALCIN-CIN,KXMLBGAME-26JUL031910BALCIN,Cincinnati,Baltimore,46,47,0.465,41013.05,67664.25,no,1783116872
2026-07-03,KXMLBGAME-26JUL031605STLCHC-STL,KXMLBGAME-26JUL031605STLCHC,St. Louis,St. Louis,45,46,0.455,77807.06,223389.50,yes,1783107873
2026-07-03,KXMLBGAME-26JUL022210SDLAD-SD,KXMLBGAME-26JUL022210SDLAD,San Diego,Los Angeles D,35,36,0.355,17451.80,82282.78,no,1783043663
2026-07-03,KXMLBGAME-26JUL022140LAASEA-SEA,KXMLBGAME-26JUL022140LAASEA,Seattle,Seattle,66,67,0.665,14959.85,158828.38,yes,1783039469
2026-07-04,KXMLBGAME-26JUL042008NYMATL-NYM,KXMLBGAME-26JUL042008NYMATL,New York M,Atlanta,37,38,0.375,44947.15,77053.22,no,1783208986
2026-07-04,KXMLBGAME-26JUL042010PHIKC-PHI,KXMLBGAME-26JUL042010PHIKC,Philadelphia,Philadelphia,58,59,0.585,60512.61,220740.25,yes,1783207174
2026-07-04,KXMLBGAME-26JUL041910TBHOU-TB,KXMLBGAME-26JUL041910TBHOU,Tampa Bay,Houston,48,49,0.485,145032.31,357384.59,no,1783205667
2026-07-04,KXMLBGAME-26JUL041910BALCIN-CIN,KXMLBGAME-26JUL041910BALCIN,Cincinnati,Baltimore,54,55,0.545,37872.81,177233.96,no,1783205381
2026-07-04,KXMLBGAME-26JUL041910CWSCLE-CWS,KXMLBGAME-26JUL041910CWSCLE,Chicago WS,Chicago WS,43,44,0.435,37634.46,119107.44,yes,1783203866
2026-07-04,KXMLBGAME-26JUL041610TORSEA-TOR,KXMLBGAME-26JUL041610TORSEA,Toronto,Seattle,40,41,0.405,17438.61,46579.49,no,1783192469
2026-07-04,KXMLBGAME-26JUL041605DETTEX-TEX,KXMLBGAME-26JUL041605DETTEX,Texas,Detroit,47,48,0.475,235870.64,514536.31,no,1783191876
2026-07-04,KXMLBGAME-26JUL041335MINNYY-NYY,KXMLBGAME-26JUL041335MINNYY,New York Y,Minnesota,58,59,0.585,105300.93,309641.57,no,1783186466
2026-07-04,KXMLBGAME-26JUL041105PITWSH-WSH,KXMLBGAME-26JUL041105PITWSH,Washington,Pittsburgh,41,42,0.415,48292.80,200545.48,no,1783175378
2026-07-04,KXMLBGAME-26JUL032145MILAZ-MIL,KXMLBGAME-26JUL032145MILAZ,Milwaukee,Milwaukee,56,57,0.565,178663.74,428067.57,yes,1783130066
2026-07-04,KXMLBGAME-26JUL032140MIAATH-MIA,KXMLBGAME-26JUL032140MIAATH,Miami,Miami,43,44,0.435,36128.71,146964.07,yes,1783127970
2026-07-04,KXMLBGAME-26JUL032210TORSEA-TOR,KXMLBGAME-26JUL032210TORSEA,Toronto,Toronto,54,56,0.55,20353.14,98079.43,yes,1783127666
2026-07-04,KXMLBGAME-26JUL032210SDLAD-SD,KXMLBGAME-26JUL032210SDLAD,San Diego,Los Angeles D,29,30,0.295,18476.64,80520.29,no,1783127066
2026-07-04,KXMLBGAME-26JUL032138BOSLAA-LAA,KXMLBGAME-26JUL032138BOSLAA,Los Angeles A,Boston,51,52,0.515,3353.82,40122.37,no,1783126177
2026-07-04,KXMLBGAME-26JUL031910CWSCLE-CWS,KXMLBGAME-26JUL031910CWSCLE,Chicago WS,Cleveland,38,39,0.385,220165.34,368597.72,no,1783124985
2026-07-05,KXMLBGAME-26JUL051920SDLAD-SD,KXMLBGAME-26JUL051920SDLAD,San Diego,San Diego,33,34,0.335,142567.30,220055.86,yes,1783293267
2026-07-05,KXMLBGAME-26JUL051630MIAATH-MIA,KXMLBGAME-26JUL051630MIAATH,Miami,Miami,48,49,0.485,21887.03,135944.60,yes,1783283666
2026-07-05,KXMLBGAME-26JUL051700TORSEA-TOR,KXMLBGAME-26JUL051700TORSEA,Toronto,Seattle,46,47,0.465,7234.59,43044.40,no,1783281263
2026-07-05,KXMLBGAME-26JUL051600MILAZ-MIL,KXMLBGAME-26JUL051600MILAZ,Milwaukee,Milwaukee,52,53,0.525,27201.34,113565.97,yes,1783280067
2026-07-05,KXMLBGAME-26JUL051600SFCOL-SF,KXMLBGAME-26JUL051600SFCOL,San Francisco,Colorado,52,53,0.525,11364.56,31358.94,no,1783279782
2026-07-05,KXMLBGAME-26JUL051400CWSCLE-CWS,KXMLBGAME-26JUL051400CWSCLE,Chicago WS,Chicago WS,44,45,0.445,22543.84,199560.92,yes,1783278575
2026-07-05,KXMLBGAME-26JUL051530DETTEX-TEX,KXMLBGAME-26JUL051530DETTEX,Texas,Detroit,46,47,0.465,11396.04,86848.66,no,1783277672
2026-07-05,KXMLBGAME-26JUL051530TBHOU-TB,KXMLBGAME-26JUL051530TBHOU,Tampa Bay,Houston,48,49,0.485,7628.97,51977.83,no,1783277378
2026-07-05,KXMLBGAME-26JUL051500PHIKC-PHI,KXMLBGAME-26JUL051500PHIKC,Philadelphia,Kansas City,55,56,0.555,67954.21,184830.07,no,1783274668
2026-07-05,KXMLBGAME-26JUL051430STLCHC-STL,KXMLBGAME-26JUL051430STLCHC,St. Louis,Chicago C,42,43,0.425,31026.70,52191.58,no,1783274070
2026-07-05,KXMLBGAME-26JUL051230NYMATL-NYM,KXMLBGAME-26JUL051230NYMATL,New York M,New York M,51,52,0.515,373161.98,565557.03,yes,1783274069
2026-07-05,KXMLBGAME-26JUL051335MINNYY-NYY,KXMLBGAME-26JUL051335MINNYY,New York Y,Minnesota,55,56,0.555,55664.85,159800.97,no,1783271671
2026-07-05,KXMLBGAME-26JUL051300PITWSH-WSH,KXMLBGAME-26JUL051300PITWSH,Washington,Pittsburgh,56,57,0.565,239318.12,459121.08,no,1783271380
2026-07-05,KXMLBGAME-26JUL051305BALCIN-CIN,KXMLBGAME-26JUL051305BALCIN,Cincinnati,Cincinnati,48,49,0.485,34426.32,68675.07,yes,1783268674
2026-07-05,KXMLBGAME-26JUL042210SDLAD-SD,KXMLBGAME-26JUL042210SDLAD,San Diego,Los Angeles D,29,30,0.295,64263.45,215842.34,no,1783214369
2026-07-05,KXMLBGAME-26JUL042140MIAATH-MIA,KXMLBGAME-26JUL042140MIAATH,Miami,Miami,55,56,0.555,174691.85,313518.39,yes,1783213775
2026-07-05,KXMLBGAME-26JUL042138BOSLAA-LAA,KXMLBGAME-26JUL042138BOSLAA,Los Angeles A,Boston,38,39,0.385,13592.50,38762.20,no,1783212862
2026-07-05,KXMLBGAME-26JUL042140MILAZ-MIL,KXMLBGAME-26JUL042140MILAZ,Milwaukee,Arizona,59,60,0.595,83994.64,269436.69,no,1783212861
2026-07-05,KXMLBGAME-26JUL042008STLCHC-STL,KXMLBGAME-26JUL042008STLCHC,St. Louis,St. Louis,39,40,0.395,79331.61,241870.23,yes,1783212573
2026-07-05,KXMLBGAME-26JUL042010SFCOL-SF,KXMLBGAME-26JUL042010SFCOL,San Francisco,San Francisco,54,55,0.545,183033.98,304533.15,yes,1783211064
2026-07-06,KXMLBGAME-26JUL061915NYMATL-NYM,KXMLBGAME-26JUL061915NYMATL,New York M,New York M,46,47,0.465,23269.86,66314.67,yes,1783380862
2026-07-06,KXMLBGAME-26JUL061945MILSTL-STL,KXMLBGAME-26JUL061945MILSTL,St. Louis,Milwaukee,48,49,0.485,21190.86,81159.86,no,1783379063
2026-07-06,KXMLBGAME-26JUL061845HOUWSH-WSH,KXMLBGAME-26JUL061845HOUWSH,Washington,Washington,51,52,0.515,39458.83,72454.82,yes,1783375773
2026-07-06,KXMLBGAME-26JUL061840NYYTB-TB,KXMLBGAME-26JUL061840NYYTB,Tampa Bay,New York Y,47,48,0.475,35593.84,273592.76,no,1783373973
2026-07-06,KXMLBGAME-26JUL061410PHIKC-PHI,KXMLBGAME-26JUL061410PHIKC,Philadelphia,Kansas City,65,66,0.655,171536.63,1028478.11,no,1783360466
2026-07-06,KXMLBGAME-26JUL052130BOSLAA-LAA,KXMLBGAME-26JUL052130BOSLAA,Los Angeles A,Boston,40,41,0.405,73749.99,164386.42,no,1783300173
2026-07-07,KXMLBGAME-26JUL072005LAATEX-TEX,KXMLBGAME-26JUL072005LAATEX,Texas,Texas,59,60,0.595,21313.05,111814.96,yes,1783466979
2026-07-07,KXMLBGAME-26JUL071910KCNYM-NYM,KXMLBGAME-26JUL071910KCNYM,New York M,Kansas City,56,57,0.565,25622.34,52788.44,no,1783466377
2026-07-07,KXMLBGAME-26JUL071940BOSCWS-CWS,KXMLBGAME-26JUL071940BOSCWS,Chicago WS,Boston,46,47,0.465,20787.53,62505.97,no,1783465778
2026-07-07,KXMLBGAME-26JUL071910PHICIN-PHI,KXMLBGAME-26JUL071910PHICIN,Philadelphia,Philadelphia,61,62,0.615,32995.89,140290.79,yes,1783465178
2026-07-07,KXMLBGAME-26JUL071945MILSTLG2-STL,KXMLBGAME-26JUL071945MILSTLG2,St. Louis,Milwaukee,47,48,0.475,8823.79,62966.28,no,1783465177
2026-07-07,KXMLBGAME-26JUL071835CHCBAL-CHC,KXMLBGAME-26JUL071835CHCBAL,Chicago C,Chicago C,51,52,0.515,125461.56,303738.56,yes,1783464867
2026-07-07,KXMLBGAME-26JUL071840SEAMIA-SEA,KXMLBGAME-26JUL071840SEAMIA,Seattle,Miami,46,47,0.465,23725.68,83658.42,no,1783464575
2026-07-07,KXMLBGAME-26JUL071940CLEMIN-MIN,KXMLBGAME-26JUL071940CLEMIN,Minnesota,Minnesota,51,52,0.515,16887.98,75353.63,yes,1783463977
2026-07-07,KXMLBGAME-26JUL071845HOUWSH-WSH,KXMLBGAME-26JUL071845HOUWSH,Washington,Houston,52,53,0.525,44576.13,92893.60,no,1783463669
2026-07-07,KXMLBGAME-26JUL071840ATLPIT-PIT,KXMLBGAME-26JUL071840ATLPIT,Pittsburgh,Pittsburgh,57,58,0.575,12105.47,73997.22,yes,1783461586
2026-07-07,KXMLBGAME-26JUL071840ATHDET-DET,KXMLBGAME-26JUL071840ATHDET,Detroit,Detroit,66,67,0.665,5001.13,44763.91,yes,1783461585
2026-07-07,KXMLBGAME-26JUL071840NYYTB-TB,KXMLBGAME-26JUL071840NYYTB,Tampa Bay,Tampa Bay,54,55,0.545,24570.89,116373.84,yes,1783461272
2026-07-07,KXMLBGAME-26JUL071415MILSTLG1-STL,KXMLBGAME-26JUL071415MILSTLG1,St. Louis,Milwaukee,35,36,0.355,20917.21,122502.41,no,1783445392
2026-07-07,KXMLBGAME-26JUL062210COLLAD-LAD,KXMLBGAME-26JUL062210COLLAD,Los Angeles D,Los Angeles D,69,70,0.695,255833.54,589834.34,yes,1783390168
2026-07-07,KXMLBGAME-26JUL062140AZSD-SD,KXMLBGAME-26JUL062140AZSD,San Diego,Arizona,54,55,0.545,73289.41,220843.87,no,1783384768
2026-07-07,KXMLBGAME-26JUL062145TORSF-TOR,KXMLBGAME-26JUL062145TORSF,Toronto,San Francisco,50,51,0.505,19785.99,76089.78,no,1783384180
2026-07-08,KXMLBGAME-26JUL082005LAATEX-TEX,KXMLBGAME-26JUL082005LAATEX,Texas,Los Angeles A,57,58,0.575,12914.09,68518.64,no,1783554862
2026-07-08,KXMLBGAME-26JUL081940CLEMIN-MIN,KXMLBGAME-26JUL081940CLEMIN,Minnesota,Minnesota,53,54,0.535,25132.27,109086.11,yes,1783554269
2026-07-08,KXMLBGAME-26JUL081940BOSCWS-CWS,KXMLBGAME-26JUL081940BOSCWS,Chicago WS,Boston,49,50,0.495,53430.12,146156.77,no,1783553383
2026-07-08,KXMLBGAME-26JUL081910PHICIN-PHI,KXMLBGAME-26JUL081910PHICIN,Philadelphia,Cincinnati,43,44,0.435,26730.21,82507.23,no,1783553065
2026-07-08,KXMLBGAME-26JUL081945MILSTL-STL,KXMLBGAME-26JUL081945MILSTL,St. Louis,St. Louis,42,43,0.425,30583.12,71808.34,yes,1783552175
2026-07-08,KXMLBGAME-26JUL081910KCNYM-NYM,KXMLBGAME-26JUL081910KCNYM,New York M,New York M,63,64,0.635,10286.63,67246.15,yes,1783550670
2026-07-08,KXMLBGAME-26JUL081835CHCBAL-CHC,KXMLBGAME-26JUL081835CHCBAL,Chicago C,Chicago C,45,46,0.455,125837.49,283157.08,yes,1783550376
2026-07-08,KXMLBGAME-26JUL081845HOUWSH-WSH,KXMLBGAME-26JUL081845HOUWSH,Washington,Washington,55,56,0.555,71750.27,238807.94,yes,1783549175
2026-07-08,KXMLBGAME-26JUL081840ATHDET-DET,KXMLBGAME-26JUL081840ATHDET,Detroit,Detroit,56,57,0.565,106552.60,561043.35,yes,1783548270
2026-07-08,KXMLBGAME-26JUL081840NYYTB-TB,KXMLBGAME-26JUL081840NYYTB,Tampa Bay,Tampa Bay,52,53,0.525,39218.64,187914.65,yes,1783547072
2026-07-08,KXMLBGAME-26JUL081840ATLPIT-PIT,KXMLBGAME-26JUL081840ATLPIT,Pittsburgh,Atlanta,51,52,0.515,16951.90,39191.93,no,1783546477
2026-07-08,KXMLBGAME-26JUL081840SEAMIA-SEA,KXMLBGAME-26JUL081840SEAMIA,Seattle,Miami,54,55,0.545,21521.03,91974.01,no,1783546476
2026-07-08,KXMLBGAME-26JUL081545TORSF-TOR,KXMLBGAME-26JUL081545TORSF,Toronto,Toronto,53,54,0.535,600622.35,1144349.24,yes,1783536597
2026-07-08,KXMLBGAME-26JUL072210COLLAD-LAD,KXMLBGAME-26JUL072210COLLAD,Los Angeles D,Colorado,73,74,0.735,61627.14,370611.40,no,1783473863
2026-07-08,KXMLBGAME-26JUL072145TORSF-TOR,KXMLBGAME-26JUL072145TORSF,Toronto,Toronto,51,52,0.515,8156.26,33474.24,yes,1783471776
2026-07-08,KXMLBGAME-26JUL072140AZSD-SD,KXMLBGAME-26JUL072140AZSD,San Diego,San Diego,52,53,0.525,25418.22,101369.29,yes,1783471470
2026-07-09,KXMLBGAME-26JUL092005LAATEX-TEX,KXMLBGAME-26JUL092005LAATEX,Texas,Texas,55,56,0.555,89095.33,261455.66,yes,1783640971
2026-07-09,KXMLBGAME-26JUL091945MILSTL-STL,KXMLBGAME-26JUL091945MILSTL,St. Louis,Milwaukee,45,46,0.455,25994.25,102642.46,no,1783638866
2026-07-09,KXMLBGAME-26JUL091840SEAMIA-SEA,KXMLBGAME-26JUL091840SEAMIA,Seattle,Miami,54,55,0.545,301085.46,904342.70,no,1783634665
2026-07-09,KXMLBGAME-26JUL091910PHICIN-PHI,KXMLBGAME-26JUL091910PHICIN,Philadelphia,Philadelphia,61,62,0.615,114410.84,315283.67,yes,1783634377
2026-07-09,KXMLBGAME-26JUL091840ATHDET-DET,KXMLBGAME-26JUL091840ATHDET,Detroit,Detroit,53,54,0.535,108499.11,271092.36,yes,1783633467
2026-07-09,KXMLBGAME-26JUL091410BOSCWS-CWS,KXMLBGAME-26JUL091410BOSCWS,Chicago WS,Boston,51,52,0.515,29790.42,87069.19,no,1783617576
2026-07-09,KXMLBGAME-26JUL091235ATLPIT-PIT,KXMLBGAME-26JUL091235ATLPIT,Pittsburgh,Atlanta,49,50,0.495,88389.20,257896.98,no,1783616383
2026-07-09,KXMLBGAME-26JUL091310NYYTB-TB,KXMLBGAME-26JUL091310NYYTB,Tampa Bay,New York Y,59,60,0.595,38223.95,176821.77,no,1783615295
2026-07-09,KXMLBGAME-26JUL091340CLEMIN-MIN,KXMLBGAME-26JUL091340CLEMIN,Minnesota,Cleveland,45,46,0.455,14679.63,47486.70,no,1783615294
2026-07-09,KXMLBGAME-26JUL091835CHCBAL-CHC,KXMLBGAME-26JUL091835CHCBAL,Chicago C,Baltimore,45,46,0.455,17258.02,76294.75,no,1783615293
2026-07-09,KXMLBGAME-26JUL091310KCNYM-NYM,KXMLBGAME-26JUL091310KCNYM,New York M,New York M,55,56,0.555,10518.17,55347.59,yes,1783613377
2026-07-09,KXMLBGAME-26JUL082210AZSD-SD,KXMLBGAME-26JUL082210AZSD,San Diego,San Diego,57,58,0.575,41514.85,141976.93,yes,1783561468
2026-07-09,KXMLBGAME-26JUL082210COLLAD-LAD,KXMLBGAME-26JUL082210COLLAD,Los Angeles D,Los Angeles D,70,71,0.705,71909.12,269095.71,yes,1783559664
2026-07-10,KXMLBGAME-26JUL101915BOSNYM-NYM,KXMLBGAME-26JUL101915BOSNYM,New York M,Boston,56,57,0.565,52458.44,135012.80,no,1783726466
2026-07-10,KXMLBGAME-26JUL102010LAAMIN-MIN,KXMLBGAME-26JUL102010LAAMIN,Minnesota,Los Angeles A,59,60,0.595,25632.00,192856.00,no,1783726179
2026-07-10,KXMLBGAME-26JUL102005HOUTEX-TEX,KXMLBGAME-26JUL102005HOUTEX,Texas,Texas,43,44,0.435,43299.14,101514.92,yes,1783725266
2026-07-10,KXMLBGAME-26JUL101940ATHCWS-CWS,KXMLBGAME-26JUL101940ATHCWS,Chicago WS,Chicago WS,61,62,0.615,59513.43,190610.55,yes,1783724066
2026-07-10,KXMLBGAME-26JUL101910CHCCIN-CIN,KXMLBGAME-26JUL101910CHCCIN,Cincinnati,Cincinnati,48,49,0.485,37526.92,69508.30,yes,1783722268
2026-07-10,KXMLBGAME-26JUL101910SEATB-TB,KXMLBGAME-26JUL101910SEATB,Tampa Bay,Tampa Bay,52,53,0.525,247989.19,681200.64,yes,1783721380
2026-07-10,KXMLBGAME-26JUL101910CLEMIA-MIA,KXMLBGAME-26JUL101910CLEMIA,Miami,Cleveland,52,53,0.525,130612.59,325585.34,no,1783721380
2026-07-10,KXMLBGAME-26JUL101905KCBAL-KC,KXMLBGAME-26JUL101905KCBAL,Kansas City,Baltimore,41,42,0.415,10010.30,39220.08,no,1783720780
2026-07-10,KXMLBGAME-26JUL101840PHIDET-PHI,KXMLBGAME-26JUL101840PHIDET,Philadelphia,Detroit,48,49,0.485,33402.00,174073.47,no,1783720184
2026-07-10,KXMLBGAME-26JUL092145COLSF-SF,KXMLBGAME-26JUL092145COLSF,San Francisco,San Francisco,54,55,0.545,109324.11,181462.11,yes,1783645769
2026-07-10,KXMLBGAME-26JUL092140AZSD-SD,KXMLBGAME-26JUL092140AZSD,San Diego,Arizona,53,54,0.535,18706.06,90119.56,no,1783644571
2026-07-11,KXMLBGAME-26JUL111910CHCCIN-CIN,KXMLBGAME-26JUL111910CHCCIN,Cincinnati,Chicago C,51,52,0.515,9260.37,36376.56,no,1783810465
2026-07-11,KXMLBGAME-26JUL111905HOUTEX-TEX,KXMLBGAME-26JUL111905HOUTEX,Texas,Houston,52,53,0.525,15035.39,53636.51,no,1783810169
2026-07-11,KXMLBGAME-26JUL111915ATLSTL-STL,KXMLBGAME-26JUL111915ATLSTL,St. Louis,St. Louis,50,51,0.505,3397.66,22191.42,yes,1783807776
2026-07-11,KXMLBGAME-26JUL111905KCBAL-KC,KXMLBGAME-26JUL111905KCBAL,Kansas City,Baltimore,41,42,0.415,19105.68,30390.14,no,1783806863
2026-07-11,KXMLBGAME-26JUL111810PHIDET-PHI,KXMLBGAME-26JUL111810PHIDET,Philadelphia,Philadelphia,56,57,0.565,85781.44,176426.14,yes,1783804181
2026-07-11,KXMLBGAME-26JUL111610BOSNYM-NYM,KXMLBGAME-26JUL111610BOSNYM,New York M,Boston,56,57,0.565,5609.30,40569.76,no,1783799069
2026-07-11,KXMLBGAME-26JUL111610SEATB-TB,KXMLBGAME-26JUL111610SEATB,Tampa Bay,Tampa Bay,50,51,0.505,22389.93,92753.59,yes,1783799068
2026-07-11,KXMLBGAME-26JUL111605MILPIT-PIT,KXMLBGAME-26JUL111605MILPIT,Pittsburgh,Pittsburgh,44,45,0.445,11583.61,49074.27,yes,1783798774
2026-07-11,KXMLBGAME-26JUL111605NYYWSH-WSH,KXMLBGAME-26JUL111605NYYWSH,Washington,New York Y,35,36,0.355,5851.81,88014.17,no,1783798773
2026-07-11,KXMLBGAME-26JUL111610CLEMIA-MIA,KXMLBGAME-26JUL111610CLEMIA,Miami,Cleveland,59,60,0.595,72197.69,304347.77,no,1783798469
2026-07-11,KXMLBGAME-26JUL111605COLSF-SF,KXMLBGAME-26JUL111605COLSF,San Francisco,San Francisco,57,58,0.575,27629.85,60246.79,yes,1783796673
2026-07-11,KXMLBGAME-26JUL111410LAAMIN-MIN,KXMLBGAME-26JUL111410LAAMIN,Minnesota,Minnesota,62,63,0.625,205020.00,565351.32,yes,1783793376
2026-07-11,KXMLBGAME-26JUL111410ATHCWS-CWS,KXMLBGAME-26JUL111410ATHCWS,Chicago WS,Chicago WS,52,53,0.525,92270.95,301256.57,yes,1783789188
2026-07-11,KXMLBGAME-26JUL101840MILPIT-PIT,KXMLBGAME-26JUL101840MILPIT,Pittsburgh,Pittsburgh,50,51,0.505,52670.78,443942.82,yes,1783783785
2026-07-11,KXMLBGAME-26JUL102215COLSF-SF,KXMLBGAME-26JUL102215COLSF,San Francisco,Colorado,58,59,0.585,229066.59,393813.27,no,1783736980
2026-07-11,KXMLBGAME-26JUL102015ATLSTL-STL,KXMLBGAME-26JUL102015ATLSTL,St. Louis,St. Louis,40,41,0.405,109800.16,133444.78,yes,1783735174
2026-07-11,KXMLBGAME-26JUL102210AZLAD-LAD,KXMLBGAME-26JUL102210AZLAD,Los Angeles D,Arizona,65,66,0.655,53452.34,354511.41,no,1783733972
2026-07-11,KXMLBGAME-26JUL102140TORSD-TOR,KXMLBGAME-26JUL102140TORSD,Toronto,Toronto,46,47,0.465,27380.79,55382.21,yes,1783731863
2026-07-11,KXMLBGAME-26JUL101845NYYWSH-WSH,KXMLBGAME-26JUL101845NYYWSH,Washington,New York Y,40,41,0.405,11782.74,151792.11,no,1783729793
2026-07-12,KXMLBGAME-26JUL121610AZLAD-LAD,KXMLBGAME-26JUL121610AZLAD,Los Angeles D,Arizona,67,68,0.675,31785.82,138725.69,no,1783885169
2026-07-12,KXMLBGAME-26JUL121610TORSD-TOR,KXMLBGAME-26JUL121610TORSD,Toronto,San Diego,54,55,0.545,27074.72,115619.28,no,1783884261
2026-07-12,KXMLBGAME-26JUL121605COLSF-SF,KXMLBGAME-26JUL121605COLSF,San Francisco,San Francisco,58,59,0.585,23663.56,73493.46,yes,1783883062
2026-07-12,KXMLBGAME-26JUL121435HOUTEX-TEX,KXMLBGAME-26JUL121435HOUTEX,Texas,Texas,56,57,0.565,29037.16,78098.55,yes,1783880064
2026-07-12,KXMLBGAME-26JUL121415ATLSTL-STL,KXMLBGAME-26JUL121415ATLSTL,St. Louis,Atlanta,54,55,0.545,7188.26,23124.80,no,1783878863
2026-07-12,KXMLBGAME-26JUL121340CLEMIA-MIA,KXMLBGAME-26JUL121340CLEMIA,Miami,Cleveland,50,51,0.505,55553.66,196825.58,no,1783876772
2026-07-12,KXMLBGAME-26JUL121335KCBAL-KC,KXMLBGAME-26JUL121335KCBAL,Kansas City,Baltimore,41,42,0.415,87270.27,133010.15,no,1783876468
2026-07-12,KXMLBGAME-26JUL121340SEATB-TB,KXMLBGAME-26JUL121340SEATB,Tampa Bay,Seattle,57,58,0.575,107393.99,438596.78,no,1783876467
2026-07-12,KXMLBGAME-26JUL121410LAAMIN-MIN,KXMLBGAME-26JUL121410LAAMIN,Minnesota,Minnesota,55,56,0.555,70140.22,312949.21,yes,1783876466
2026-07-12,KXMLBGAME-26JUL121340CHCCIN-CIN,KXMLBGAME-26JUL121340CHCCIN,Cincinnati,Chicago C,45,46,0.455,25417.89,68209.82,no,1783876174
2026-07-12,KXMLBGAME-26JUL121335NYYWSH-WSH,KXMLBGAME-26JUL121335NYYWSH,Washington,New York Y,52,53,0.525,69344.53,236177.10,no,1783876174
2026-07-12,KXMLBGAME-26JUL121410ATHCWS-CWS,KXMLBGAME-26JUL121410ATHCWS,Chicago WS,Chicago WS,57,58,0.575,9856.63,57054.72,yes,1783876173
2026-07-12,KXMLBGAME-26JUL121340PHIDET-PHI,KXMLBGAME-26JUL121340PHIDET,Philadelphia,Philadelphia,45,46,0.455,33911.09,203301.87,yes,1783875582
2026-07-12,KXMLBGAME-26JUL121340BOSNYM-NYM,KXMLBGAME-26JUL121340BOSNYM,New York M,Boston,48,49,0.485,12026.20,81868.83,no,1783875268
2026-07-12,KXMLBGAME-26JUL121215MILPIT-PIT,KXMLBGAME-26JUL121215MILPIT,Pittsburgh,Pittsburgh,52,53,0.525,103444.87,324531.74,yes,1783871669
2026-07-12,KXMLBGAME-26JUL112110AZLAD-LAD,KXMLBGAME-26JUL112110AZLAD,Los Angeles D,Arizona,72,73,0.725,85894.41,200099.15,no,1783816463
2026-07-12,KXMLBGAME-26JUL112040TORSD-TOR,KXMLBGAME-26JUL112040TORSD,Toronto,San Diego,49,50,0.495,134554.79,245374.47,no,1783816182
2026-07-14,KXMLBGAME-26JUL142000ALNL-NL,KXMLBGAME-26JUL142000ALNL,NL,AL,54,55,0.545,250489.46,783910.32,no,1784072751
2026-07-16,KXMLBGAME-26JUL161910NYMPHI-PHI,KXMLBGAME-26JUL161910NYMPHI,Philadelphia,New York M,54,55,0.545,122475.96,760242.33,no,1784237387
2026-07-17,KXMLBGAME-26JUL172010BALHOU-HOU,KXMLBGAME-26JUL172010BALHOU,Houston,Baltimore,52,53,0.525,55512.29,207755.36,no,1784332777
2026-07-17,KXMLBGAME-26JUL172010SDKC-SD,KXMLBGAME-26JUL172010SDKC,San Diego,Kansas City,53,54,0.535,100019.29,311306.46,no,1784332178
2026-07-17,KXMLBGAME-26JUL172040CINCOL-COL,KXMLBGAME-26JUL172040CINCOL,Colorado,Cincinnati,51,52,0.515,12479.03,77489.75,no,1784331871
2026-07-17,KXMLBGAME-26JUL171940MIAMIL-MIL,KXMLBGAME-26JUL171940MIAMIL,Milwaukee,Milwaukee,57,58,0.575,53052.57,224160.19,yes,1784330987
2026-07-17,KXMLBGAME-26JUL172005MINCHC-MIN,KXMLBGAME-26JUL172005MINCHC,Minnesota,Minnesota,41,42,0.415,6686.38,70752.40,yes,1784330986
2026-07-17,KXMLBGAME-26JUL171915CWSTOR-TOR,KXMLBGAME-26JUL171915CWSTOR,Toronto,Chicago WS,55,56,0.555,75665.16,147480.43,no,1784329470
2026-07-17,KXMLBGAME-26JUL171915TEXATL-TEX,KXMLBGAME-26JUL171915TEXATL,Texas,Atlanta,33,34,0.335,39630.39,127176.94,no,1784328276
2026-07-17,KXMLBGAME-26JUL171905LADNYY-NYY,KXMLBGAME-26JUL171905LADNYY,New York Y,Los Angeles D,48,49,0.485,58455.53,293761.26,no,1784327387
2026-07-17,KXMLBGAME-26JUL171910TBBOSG2-TB,KXMLBGAME-26JUL171910TBBOSG2,Tampa Bay,Boston,45,46,0.455,72846.27,167549.14,no,1784326777
2026-07-17,KXMLBGAME-26JUL171335TBBOSG1-TB,KXMLBGAME-26JUL171335TBBOSG1,Tampa Bay,Boston,49,50,0.495,239017.04,603626.21,no,1784306066
2026-07-18,KXMLBGAME-26JUL181610PITCLE-PIT,KXMLBGAME-26JUL181610PITCLE,Pittsburgh,Cleveland,49,50,0.495,81725.40,161640.03,no,1784418862
2026-07-18,KXMLBGAME-26JUL182008SFSEA-SF,KXMLBGAME-26JUL182008SFSEA,San Francisco,Seattle,41,42,0.415,34511.65,83364.24,no,1784418572
2026-07-18,KXMLBGAME-26JUL181610TBBOS-TB,KXMLBGAME-26JUL181610TBBOS,Tampa Bay,Boston,49,50,0.495,42552.88,186465.29,no,1784406581
2026-07-18,KXMLBGAME-26JUL181610BALHOU-HOU,KXMLBGAME-26JUL181610BALHOU,Houston,Baltimore,50,51,0.505,66849.50,138137.99,no,1784405675
2026-07-18,KXMLBGAME-26JUL181610MIAMIL-MIL,KXMLBGAME-26JUL181610MIAMIL,Milwaukee,Milwaukee,57,58,0.575,22326.23,87846.03,yes,1784404173
2026-07-18,KXMLBGAME-26JUL181610TEXATL-TEX,KXMLBGAME-26JUL181610TEXATL,Texas,Texas,48,49,0.485,5248.21,38977.20,yes,1784403868
2026-07-18,KXMLBGAME-26JUL181610STLAZ-STL,KXMLBGAME-26JUL181610STLAZ,St. Louis,Arizona,47,48,0.475,3488.07,27368.20,no,1784402981
2026-07-18,KXMLBGAME-26JUL181605NYMPHI-PHI,KXMLBGAME-26JUL181605NYMPHI,Philadelphia,Philadelphia,61,62,0.615,164758.65,404770.41,yes,1784402378
2026-07-18,KXMLBGAME-26JUL181610SDKC-SD,KXMLBGAME-26JUL181610SDKC,San Diego,Kansas City,50,51,0.505,9327.33,39569.31,no,1784402076
2026-07-18,KXMLBGAME-26JUL181507CWSTOR-TOR,KXMLBGAME-26JUL181507CWSTOR,Toronto,Toronto,50,51,0.505,16673.56,82982.82,yes,1784399384
2026-07-18,KXMLBGAME-26JUL181510CINCOL-COL,KXMLBGAME-26JUL181510CINCOL,Colorado,Colorado,48,49,0.485,11217.38,94761.70,yes,1784398469
2026-07-18,KXMLBGAME-26JUL181420MINCHC-MIN,KXMLBGAME-26JUL181420MINCHC,Minnesota,Chicago C,42,43,0.425,67020.22,259917.46,no,1784396074
2026-07-18,KXMLBGAME-26JUL171910PITCLE-PIT,KXMLBGAME-26JUL171910PITCLE,Pittsburgh,Pittsburgh,46,47,0.465,62192.21,266114.42,yes,1784390983
2026-07-18,KXMLBGAME-26JUL172140WSHATH-WSH,KXMLBGAME-26JUL172140WSHATH,Washington,Washington,55,56,0.555,32095.01,301458.22,yes,1784338462
2026-07-18,KXMLBGAME-26JUL172210SFSEA-SF,KXMLBGAME-26JUL172210SFSEA,San Francisco,San Francisco,37,38,0.375,5610.91,79990.74,yes,1784337868
2026-07-18,KXMLBGAME-26JUL172140STLAZ-STL,KXMLBGAME-26JUL172140STLAZ,St. Louis,St. Louis,48,49,0.485,13251.75,55209.56,yes,1784336664
2026-07-18,KXMLBGAME-26JUL172138DETLAA-LAA,KXMLBGAME-26JUL172138DETLAA,Los Angeles A,Detroit,49,50,0.495,13385.49,59429.33,no,1784336066
2026-07-19,KXMLBGAME-26JUL191920LADNYY-NYY,KXMLBGAME-26JUL191920LADNYY,New York Y,New York Y,45,46,0.455,68727.47,94872.64,yes,1784501376
2026-07-19,KXMLBGAME-26JUL191610STLAZ-STL,KXMLBGAME-26JUL191610STLAZ,St. Louis,Arizona,46,47,0.465,10619.94,36007.40,no,1784491772
2026-07-19,KXMLBGAME-26JUL191607DETLAA-LAA,KXMLBGAME-26JUL191607DETLAA,Los Angeles A,Los Angeles A,42,43,0.425,5493.04,32845.03,yes,1784489664
2026-07-19,KXMLBGAME-26JUL191610SFSEA-SF,KXMLBGAME-26JUL191610SFSEA,San Francisco,Seattle,35,36,0.355,13904.76,118132.65,no,1784489065
2026-07-19,KXMLBGAME-26JUL191605WSHATH-WSH,KXMLBGAME-26JUL191605WSHATH,Washington,Washington,58,59,0.585,81545.49,388818.23,yes,1784489064
2026-07-19,KXMLBGAME-26JUL191510CINCOL-COL,KXMLBGAME-26JUL191510CINCOL,Colorado,Cincinnati,39,40,0.395,9669.40,32599.79,no,1784485785
2026-07-19,KXMLBGAME-26JUL191410BALHOU-HOU,KXMLBGAME-26JUL191410BALHOU,Houston,Baltimore,52,53,0.525,72346.07,249567.31,no,1784483069
2026-07-19,KXMLBGAME-26JUL191410SDKC-SD,KXMLBGAME-26JUL191410SDKC,San Diego,San Diego,48,49,0.485,12668.58,195806.67,yes,1784483068
2026-07-19,KXMLBGAME-26JUL191420MINCHC-MIN,KXMLBGAME-26JUL191420MINCHC,Minnesota,Chicago C,39,40,0.395,5950.95,28226.12,no,1784482775
2026-07-19,KXMLBGAME-26JUL191410MIAMIL-MIL,KXMLBGAME-26JUL191410MIAMIL,Milwaukee,Milwaukee,54,55,0.545,17265.18,102692.03,yes,1784482470
2026-07-19,KXMLBGAME-26JUL191335NYMPHI-PHI,KXMLBGAME-26JUL191335NYMPHI,Philadelphia,New York M,46,47,0.465,28391.63,82808.92,no,1784481574
2026-07-19,KXMLBGAME-26JUL191340PITCLE-PIT,KXMLBGAME-26JUL191340PITCLE,Pittsburgh,Pittsburgh,48,49,0.485,30719.53,109776.00,yes,1784480390
2026-07-19,KXMLBGAME-26JUL191335TEXATL-TEX,KXMLBGAME-26JUL191335TEXATL,Texas,Atlanta,52,53,0.525,10646.79,28878.68,no,1784480389
2026-07-19,KXMLBGAME-26JUL191335TBBOS-TB,KXMLBGAME-26JUL191335TBBOS,Tampa Bay,Boston,47,48,0.475,44646.28,245006.23,no,1784479178
2026-07-19,KXMLBGAME-26JUL182008LADNYY-NYY,KXMLBGAME-26JUL182008LADNYY,New York Y,Los Angeles D,46,47,0.465,67120.40,166574.21,no,1784477672
2026-07-19,KXMLBGAME-26JUL191215CWSTOR-TOR,KXMLBGAME-26JUL191215CWSTOR,Toronto,Chicago WS,48,49,0.485,35672.08,152003.28,no,1784473781
2026-07-19,KXMLBGAME-26JUL182205WSHATH-WSH,KXMLBGAME-26JUL182205WSHATH,Washington,A's,50,51,0.505,196583.50,629762.59,no,1784424263
2026-07-19,KXMLBGAME-26JUL182207DETLAA-LAA,KXMLBGAME-26JUL182207DETLAA,Los Angeles A,Detroit,34,35,0.345,34707.30,101580.14,no,1784423666
2026-07-20,KXMLBGAME-26JUL202005CWSTEX-TEX,KXMLBGAME-26JUL202005CWSTEX,Texas,Chicago WS,61,62,0.615,18789.59,80706.04,no,1784591665
2026-07-20,KXMLBGAME-26JUL202040WSHCOL-WSH,KXMLBGAME-26JUL202040WSHCOL,Washington,Washington,54,55,0.545,64196.05,391129.76,yes,1784590771
2026-07-20,KXMLBGAME-26JUL202010MIAHOU-MIA,KXMLBGAME-26JUL202010MIAHOU,Miami,Houston,47,48,0.475,19774.06,129891.77,no,1784590465
2026-07-20,KXMLBGAME-26JUL201910LADPHI-PHI,KXMLBGAME-26JUL201910LADPHI,Philadelphia,Philadelphia,57,58,0.575,107123.28,280673.59,yes,1784587775
2026-07-20,KXMLBGAME-26JUL201940NYMMIL-NYM,KXMLBGAME-26JUL201940NYMMIL,New York M,Milwaukee,33,34,0.335,12564.63,84166.00,no,1784587774
2026-07-20,KXMLBGAME-26JUL201940SFKC-SF,KXMLBGAME-26JUL201940SFKC,San Francisco,Kansas City,46,47,0.465,7062.15,56840.62,no,1784587469
2026-07-20,KXMLBGAME-26JUL201905PITNYY-PIT,KXMLBGAME-26JUL201905PITNYY,Pittsburgh,New York Y,48,49,0.485,82142.80,324528.22,no,1784586869
2026-07-20,KXMLBGAME-26JUL201915SDATL-SD,KXMLBGAME-26JUL201915SDATL,San Diego,Atlanta,44,45,0.445,8776.99,109066.82,no,1784585671
2026-07-20,KXMLBGAME-26JUL201907TBTOR-TOR,KXMLBGAME-26JUL201907TBTOR,Toronto,Tampa Bay,60,61,0.605,23815.49,159101.92,no,1784585671
2026-07-20,KXMLBGAME-26JUL201910BALBOS-BOS,KXMLBGAME-26JUL201910BALBOS,Boston,Boston,59,60,0.595,128428.56,455746.48,yes,1784585376
2026-07-20,KXMLBGAME-26JUL201840MINCLE-MIN,KXMLBGAME-26JUL201840MINCLE,Minnesota,Cleveland,54,55,0.545,47915.05,279104.09,no,1784584784
2026-07-21,KXMLBGAME-26JUL212005DETCHC-DET,KXMLBGAME-26JUL212005DETCHC,Detroit,Chicago C,47,48,0.475,78058.31,183950.37,no,1784676266
2026-07-21,KXMLBGAME-26JUL212005CWSTEX-TEX,KXMLBGAME-26JUL212005CWSTEX,Texas,Texas,52,53,0.525,25137.94,117726.03,yes,1784676265
2026-07-21,KXMLBGAME-26JUL212010MIAHOU-MIA,KXMLBGAME-26JUL212010MIAHOU,Miami,Houston,47,48,0.475,50509.83,204084.49,no,1784675667
2026-07-21,KXMLBGAME-26JUL211940NYMMIL-NYM,KXMLBGAME-26JUL211940NYMMIL,New York M,New York M,44,45,0.445,24895.69,95781.58,yes,1784675374
2026-07-21,KXMLBGAME-26JUL211840LADPHI-PHI,KXMLBGAME-26JUL211840LADPHI,Philadelphia,Los Angeles D,52,53,0.525,127031.20,456004.24,no,1784675067
2026-07-21,KXMLBGAME-26JUL211940SFKC-SF,KXMLBGAME-26JUL211940SFKC,San Francisco,Kansas City,51,52,0.515,15214.44,69460.68,no,1784674785
2026-07-21,KXMLBGAME-26JUL211907TBTOR-TOR,KXMLBGAME-26JUL211907TBTOR,Toronto,Tampa Bay,49,50,0.495,22665.34,55130.48,no,1784673873
2026-07-21,KXMLBGAME-26JUL211915SDATL-SD,KXMLBGAME-26JUL211915SDATL,San Diego,San Diego,42,43,0.425,11090.49,58623.96,yes,1784673583
2026-07-21,KXMLBGAME-26JUL211840MINCLE-MIN,KXMLBGAME-26JUL211840MINCLE,Minnesota,Cleveland,41,42,0.415,6819.45,36313.87,no,1784670876
2026-07-21,KXMLBGAME-26JUL202140ATHAZ-AZ,KXMLBGAME-26JUL202140ATHAZ,Arizona,A's,57,58,0.575,68166.46,204647.48,no,1784597061
2026-07-21,KXMLBGAME-26JUL202210STLLAA-STL,KXMLBGAME-26JUL202210STLLAA,St. Louis,Los Angeles A,50,51,0.505,58661.30,201368.35,no,1784596465
2026-07-21,KXMLBGAME-26JUL202140CINSEA-SEA,KXMLBGAME-26JUL202140CINSEA,Seattle,Seattle,57,58,0.575,14861.50,111394.87,yes,1784594971
2026-07-21,KXMLBGAME-26JUL202005DETCHC-DET,KXMLBGAME-26JUL202005DETCHC,Detroit,Detroit,49,50,0.495,25740.94,119331.13,yes,1784594666
2026-07-22,KXMLBGAME-26JUL222005CWSTEX-TEX,KXMLBGAME-26JUL222005CWSTEX,Texas,Chicago WS,47,48,0.475,94935.92,299021.93,no,1784762976
2026-07-22,KXMLBGAME-26JUL222010DETCHC-DET,KXMLBGAME-26JUL222010DETCHC,Detroit,Detroit,46,47,0.465,41723.94,117279.72,yes,1784762374
2026-07-22,KXMLBGAME-26JUL222010MIAHOU-MIA,KXMLBGAME-26JUL222010MIAHOU,Miami,Houston,48,49,0.485,32597.08,134925.72,no,1784762068
2026-07-22,KXMLBGAME-26JUL221915SDATL-SD,KXMLBGAME-26JUL221915SDATL,San Diego,Atlanta,48,49,0.485,16784.64,58655.91,no,1784759970
2026-07-22,KXMLBGAME-26JUL221910BALBOS-BOS,KXMLBGAME-26JUL221910BALBOS,Boston,Baltimore,54,55,0.545,197419.38,524801.58,no,1784759663
2026-07-22,KXMLBGAME-26JUL221840MINCLE-MIN,KXMLBGAME-26JUL221840MINCLE,Minnesota,Minnesota,44,45,0.445,34686.73,118174.92,yes,1784759379
2026-07-22,KXMLBGAME-26JUL221840LADPHI-PHI,KXMLBGAME-26JUL221840LADPHI,Philadelphia,Los Angeles D,46,47,0.465,69290.91,125142.67,no,1784759066
2026-07-22,KXMLBGAME-26JUL221907TBTOR-TOR,KXMLBGAME-26JUL221907TBTOR,Toronto,Tampa Bay,50,51,0.505,33299.44,87198.28,no,1784758773
2026-07-22,KXMLBGAME-26JUL211905PITNYY-PIT,KXMLBGAME-26JUL211905PITNYY,Pittsburgh,New York Y,36,37,0.365,42072.60,292926.40,no,1784758173
2026-07-22,KXMLBGAME-26JUL221540ATHAZ-AZ,KXMLBGAME-26JUL221540ATHAZ,Arizona,Arizona,55,56,0.555,22703.67,155799.00,yes,1784747975
2026-07-22,KXMLBGAME-26JUL221607STLLAA-STL,KXMLBGAME-26JUL221607STLLAA,St. Louis,St. Louis,45,46,0.455,19379.11,174328.09,yes,1784747670
2026-07-22,KXMLBGAME-26JUL221510WSHCOL-WSH,KXMLBGAME-26JUL221510WSHCOL,Washington,Washington,56,57,0.565,27847.45,178037.69,yes,1784745929
2026-07-22,KXMLBGAME-26JUL221540CINSEA-SEA,KXMLBGAME-26JUL221540CINSEA,Seattle,Cincinnati,59,60,0.595,31398.61,165274.91,no,1784745928
2026-07-22,KXMLBGAME-26JUL221410NYMMIL-NYM,KXMLBGAME-26JUL221410NYMMIL,New York M,Milwaukee,42,43,0.425,15684.44,63670.79,no,1784742580
2026-07-22,KXMLBGAME-26JUL221410SFKC-SF,KXMLBGAME-26JUL221410SFKC,San Francisco,Kansas City,54,55,0.545,49605.75,141156.51,no,1784739581
2026-07-22,KXMLBGAME-26JUL221335PITNYY-PIT,KXMLBGAME-26JUL221335PITNYY,Pittsburgh,Pittsburgh,37,38,0.375,27045.86,102005.20,yes,1784739267
2026-07-22,KXMLBGAME-26JUL211910BALBOS-BOS,KXMLBGAME-26JUL211910BALBOS,Boston,Boston,59,60,0.595,193851.53,1268424.94,yes,1784737787
2026-07-22,KXMLBGAME-26JUL212140ATHAZ-AZ,KXMLBGAME-26JUL212140ATHAZ,Arizona,Arizona,55,56,0.555,37899.15,139852.82,yes,1784684065
2026-07-22,KXMLBGAME-26JUL212140CINSEA-SEA,KXMLBGAME-26JUL212140CINSEA,Seattle,Cincinnati,52,53,0.525,21667.79,163127.52,no,1784682270
2026-07-22,KXMLBGAME-26JUL212138STLLAA-STL,KXMLBGAME-26JUL212138STLLAA,St. Louis,Los Angeles A,48,49,0.485,8115.65,113174.38,no,1784681066
2026-07-22,KXMLBGAME-26JUL212040WSHCOL-WSH,KXMLBGAME-26JUL212040WSHCOL,Washington,Colorado,51,52,0.515,20915.13,161115.82,no,1784678972
2026-07-23,KXMLBGAME-26JUL231840KCDET-KC,KXMLBGAME-26JUL231840KCDET,Kansas City,Detroit,32,33,0.325,116851.66,220553.06,no,1784844263
2026-07-23,KXMLBGAME-26JUL231715AZSTL-STL,KXMLBGAME-26JUL231715AZSTL,St. Louis,Arizona,51,52,0.515,60264.95,192134.61,no,1784839467
2026-07-23,KXMLBGAME-26JUL231507TBTOR-TOR,KXMLBGAME-26JUL231507TBTOR,Toronto,Toronto,48,49,0.485,28227.10,105202.65,yes,1784829261
2026-07-23,KXMLBGAME-26JUL231310MINCLE-MIN,KXMLBGAME-26JUL231310MINCLE,Minnesota,Minnesota,42,43,0.425,135404.64,246477.45,yes,1784826573
2026-07-23,KXMLBGAME-26JUL231215SDATL-SD,KXMLBGAME-26JUL231215SDATL,San Diego,Atlanta,30,31,0.305,69158.89,359714.52,no,1784820324
2026-07-24,KXMLBGAME-26JUL241940HOUCWS-HOU,KXMLBGAME-26JUL241940HOUCWS,Houston,Houston,45,46,0.455,29803.59,154979.62,yes,1784936067
2026-07-24,KXMLBGAME-26JUL242005SEATEX-TEX,KXMLBGAME-26JUL242005SEATEX,Texas,Texas,48,49,0.485,48095.08,110759.75,yes,1784935778
2026-07-24,KXMLBGAME-26JUL242015CINSTL-STL,KXMLBGAME-26JUL242015CINSTL,St. Louis,Cincinnati,58,59,0.585,16570.07,115070.39,no,1784935465
2026-07-24,KXMLBGAME-26JUL241915TORBOS-TOR,KXMLBGAME-26JUL241915TORBOS,Toronto,Boston,45,46,0.455,101802.62,208967.92,no,1784934575
2026-07-24,KXMLBGAME-26JUL242010ATHMIN-MIN,KXMLBGAME-26JUL242010ATHMIN,Minnesota,A's,56,57,0.565,24828.70,130764.61,no,1784934574
2026-07-24,KXMLBGAME-26JUL241905ATLBAL-BAL,KXMLBGAME-26JUL241905ATLBAL,Baltimore,Atlanta,54,55,0.545,38745.61,216977.61,no,1784933978
2026-07-24,KXMLBGAME-26JUL241910SDMIA-SD,KXMLBGAME-26JUL241910SDMIA,San Diego,San Diego,45,46,0.455,18006.78,80109.14,yes,1784933670
2026-07-24,KXMLBGAME-26JUL241910CLETB-TB,KXMLBGAME-26JUL241910CLETB,Tampa Bay,Tampa Bay,55,56,0.555,28065.45,219575.65,yes,1784931868
2026-07-24,KXMLBGAME-26JUL241910LADNYM-NYM,KXMLBGAME-26JUL241910LADNYM,New York M,Los Angeles D,45,46,0.455,13919.68,108137.98,no,1784931574
2026-07-24,KXMLBGAME-26JUL241845AZWSH-WSH,KXMLBGAME-26JUL241845AZWSH,Washington,Arizona,46,47,0.465,6772.14,79632.24,no,1784930390
2026-07-24,KXMLBGAME-26JUL241840CHCPIT-PIT,KXMLBGAME-26JUL241840CHCPIT,Pittsburgh,Chicago C,50,51,0.505,12187.46,118151.01,no,1784930068
2026-07-24,KXMLBGAME-26JUL241845NYYPHI-PHI,KXMLBGAME-26JUL241845NYYPHI,Philadelphia,New York Y,55,56,0.555,35245.94,242409.74,no,1784930067
2026-07-24,KXMLBGAME-26JUL241840KCDET-KC,KXMLBGAME-26JUL241840KCDET,Kansas City,Detroit,28,29,0.285,74757.79,429477.78,no,1784928270
2026-07-24,KXMLBGAME-26JUL241610COLMIL-MIL,KXMLBGAME-26JUL241610COLMIL,Milwaukee,Colorado,69,70,0.695,192492.00,1140249.24,no,1784921984
2026-07-25,KXMLBGAME-26JUL251915LADNYM-NYM,KXMLBGAME-26JUL251915LADNYM,New York M,Los Angeles D,40,41,0.405,6691.27,101839.06,no,1785019175
2026-07-25,KXMLBGAME-26JUL251915SEATEX-TEX,KXMLBGAME-26JUL251915SEATEX,Texas,Texas,49,50,0.495,13681.53,69583.06,yes,1785018579
2026-07-25,KXMLBGAME-26JUL251910HOUCWS-HOU,KXMLBGAME-26JUL251910HOUCWS,Houston,Houston,46,47,0.465,26653.52,157595.14,yes,1785018579
2026-07-25,KXMLBGAME-26JUL251910COLMIL-MIL,KXMLBGAME-26JUL251910COLMIL,Milwaukee,Milwaukee,68,69,0.685,37190.10,266471.14,yes,1785018578
2026-07-25,KXMLBGAME-26JUL251910ATHMIN-MIN,KXMLBGAME-26JUL251910ATHMIN,Minnesota,Minnesota,58,59,0.585,20344.37,66155.79,yes,1785017971
2026-07-25,KXMLBGAME-26JUL251905ATLBAL-BAL,KXMLBGAME-26JUL251905ATLBAL,Baltimore,Baltimore,50,51,0.505,25764.66,125020.31,yes,1785017970
2026-07-25,KXMLBGAME-26JUL251840CHCPIT-PIT,KXMLBGAME-26JUL251840CHCPIT,Pittsburgh,Chicago C,54,55,0.545,52306.50,185725.76,no,1785017375
2026-07-25,KXMLBGAME-26JUL251915CINSTL-STL,KXMLBGAME-26JUL251915CINSTL,St. Louis,St. Louis,49,50,0.495,7466.61,69295.12,yes,1785017374
2026-07-25,KXMLBGAME-26JUL251805NYYPHI-PHI,KXMLBGAME-26JUL251805NYYPHI,Philadelphia,New York Y,46,47,0.465,45503.66,214064.72,no,1785014373
2026-07-25,KXMLBGAME-26JUL251810CLETB-TB,KXMLBGAME-26JUL251810CLETB,Tampa Bay,Tampa Bay,52,53,0.525,86183.10,454760.29,yes,1785013779
2026-07-25,KXMLBGAME-26JUL251610SDMIA-SD,KXMLBGAME-26JUL251610SDMIA,San Diego,San Diego,42,43,0.425,105676.47,208546.23,yes,1785009872
2026-07-25,KXMLBGAME-26JUL251605AZWSH-WSH,KXMLBGAME-26JUL251605AZWSH,Washington,Washington,55,56,0.555,121089.35,547693.73,yes,1785007174
2026-07-25,KXMLBGAME-26JUL251610TORBOS-TOR,KXMLBGAME-26JUL251610TORBOS,Toronto,Toronto,49,50,0.495,27388.24,103589.46,yes,1785006872
2026-07-25,KXMLBGAME-26JUL251605LAASF-SF,KXMLBGAME-26JUL251605LAASF,San Francisco,San Francisco,54,55,0.545,77705.03,302195.02,yes,1785006872
2026-07-25,KXMLBGAME-26JUL251310KCDET-KC,KXMLBGAME-26JUL251310KCDET,Kansas City,Kansas City,39,40,0.395,80250.22,282190.65,yes,1784995779
2026-07-25,KXMLBGAME-26JUL242215LAASF-SF,KXMLBGAME-26JUL242215LAASF,San Francisco,San Francisco,59,60,0.595,84490.44,553238.13,yes,1784944464
2026-07-26,KXMLBGAME-26JUL261920NYYPHI-PHI,KXMLBGAME-26JUL261920NYYPHI,Philadelphia,Philadelphia,65,66,0.655,445483.36,848916.06,yes,1785106777
2026-07-26,KXMLBGAME-26JUL261605LAASF-SF,KXMLBGAME-26JUL261605LAASF,San Francisco,Los Angeles A,48,49,0.485,45920.42,129474.54,no,1785093267
2026-07-26,KXMLBGAME-26JUL261435SEATEX-TEX,KXMLBGAME-26JUL261435SEATEX,Texas,Seattle,50,51,0.505,62520.51,167891.98,no,1785089664
2026-07-26,KXMLBGAME-26JUL261415CINSTL-STL,KXMLBGAME-26JUL261415CINSTL,St. Louis,Cincinnati,55,56,0.555,19164.03,120250.03,no,1785088464
2026-07-26,KXMLBGAME-26JUL261335ATLBAL-BAL,KXMLBGAME-26JUL261335ATLBAL,Baltimore,Atlanta,49,50,0.495,34397.98,122972.52,no,1785087888
2026-07-26,KXMLBGAME-26JUL261410ATHMIN-MIN,KXMLBGAME-26JUL261410ATHMIN,Minnesota,Minnesota,59,60,0.595,10918.57,192799.05,yes,1785087887
2026-07-26,KXMLBGAME-26JUL261410HOUCWS-HOU,KXMLBGAME-26JUL261410HOUCWS,Houston,Chicago WS,50,51,0.505,13935.62,97680.73,no,1785087267
2026-07-26,KXMLBGAME-26JUL261410COLMIL-MIL,KXMLBGAME-26JUL261410COLMIL,Milwaukee,Milwaukee,76,77,0.765,56390.04,363140.54,yes,1785086980
2026-07-26,KXMLBGAME-26JUL261340KCDET-KC,KXMLBGAME-26JUL261340KCDET,Kansas City,Kansas City,36,37,0.365,16320.65,57238.10,yes,1785086668
2026-07-26,KXMLBGAME-26JUL261340LADNYM-NYM,KXMLBGAME-26JUL261340LADNYM,New York M,New York M,41,42,0.415,27543.90,100627.40,yes,1785086374
2026-07-26,KXMLBGAME-26JUL261335AZWSH-WSH,KXMLBGAME-26JUL261335AZWSH,Washington,Washington,48,49,0.485,41869.99,91463.53,yes,1785085776
2026-07-26,KXMLBGAME-26JUL261340SDMIA-SD,KXMLBGAME-26JUL261340SDMIA,San Diego,San Diego,47,48,0.475,95862.80,214589.87,yes,1785085468
2026-07-26,KXMLBGAME-26JUL261335TORBOS-TOR,KXMLBGAME-26JUL261335TORBOS,Toronto,Boston,43,44,0.435,11620.51,124667.04,no,1785083978
2026-07-26,KXMLBGAME-26JUL261335CHCPIT-PIT,KXMLBGAME-26JUL261335CHCPIT,Pittsburgh,Pittsburgh,54,55,0.545,69274.62,127929.43,yes,1785083976
2026-07-26,KXMLBGAME-26JUL261215CLETB-TB,KXMLBGAME-26JUL261215CLETB,Tampa Bay,Tampa Bay,54,55,0.545,109229.06,357332.49,yes,1785077378
2026-07-27,KXMLBGAME-26JUL271940NYYCWS-NYY,KXMLBGAME-26JUL271940NYYCWS,New York Y,New York Y,57,58,0.575,70646.86,366574.86,yes,1785196172
2026-07-27,KXMLBGAME-26JUL271840AZPIT-PIT,KXMLBGAME-26JUL271840AZPIT,Pittsburgh,Pittsburgh,52,53,0.525,82470.37,237770.15,yes,1785191066
2026-07-27,KXMLBGAME-26JUL271910ATLNYM-NYM,KXMLBGAME-26JUL271910ATLNYM,New York M,New York M,50,51,0.505,62040.98,117275.22,yes,1785190772
2026-07-27,KXMLBGAME-26JUL271840PHIMIA-PHI,KXMLBGAME-26JUL271840PHIMIA,Philadelphia,Miami,64,65,0.645,270026.02,1431646.18,no,1785190470
2026-07-27,KXMLBGAME-26JUL271845TORWSH-WSH,KXMLBGAME-26JUL271845TORWSH,Washington,Toronto,53,54,0.535,139855.79,640654.62,no,1785190469
2026-07-27,KXMLBGAME-26JUL271840BALDET-DET,KXMLBGAME-26JUL271840BALDET,Detroit,Baltimore,53,54,0.535,83575.86,276122.66,no,1785190180
2026-07-27,KXMLBGAME-26JUL271435SEATEX-TEX,KXMLBGAME-26JUL271435SEATEX,Texas,Texas,45,46,0.455,114475.27,351399.26,yes,1785173977
2026-07-28,KXMLBGAME-26JUL272138HOULAA-LAA,KXMLBGAME-26JUL272138HOULAA,Los Angeles A,Houston,49,50,0.495,44429.04,231086.52,no,1785202464
2026-07-28,KXMLBGAME-26JUL271945CHCSTL-STL,KXMLBGAME-26JUL271945CHCSTL,St. Louis,Chicago C,46,47,0.465,39936.57,91504.01,no,1785199771
2026-07-28,KXMLBGAME-26JUL272140BOSATH-BOS,KXMLBGAME-26JUL272140BOSATH,Boston,Boston,63,64,0.635,95715.46,624842.29,yes,1785199770
2026-07-28,KXMLBGAME-26JUL272145MILSF-SF,KXMLBGAME-26JUL272145MILSF,San Francisco,San Francisco,43,44,0.435,12891.79,49717.14,yes,1785199174
