game_pk,date,home,away,home_score,away_score,home_sp,away_sp,status
745444,20240320,SDN,LAN,2,5,506433,607192,F
746175,20240321,LAN,SDN,11,15,808967,605397,F
747060,20240328,BAL,ANA,11,3,669203,663776,F
746737,20240328,CIN,WAS,8,2,593423,680686,F
745445,20240328,SDN,SFN,6,4,506433,657277,F
746165,20240328,LAN,SLN,7,1,607192,571945,F
745116,20240328,TBA,TOR,2,8,621107,621244,F
746335,20240328,KCA,MIN,1,4,666142,641154,F
746821,20240328,CHA,DET,0,1,676979,669373,F
746089,20240328,MIA,PIT,5,6,666200,656605,F
746418,20240328,HOU,NYA,4,5,664285,641482,F
745039,20240328,TEX,CHN,4,3,543135,657006,F
745687,20240328,ATH,CLE,0,8,622072,669456,F
747224,20240328,ARI,COL,16,1,668678,607536,F
745283,20240328,SEA,BOS,4,6,622491,678394,F
745848,20240329,NYN,MIL,,,500779,642547,F
745604,20240329,PHI,ATL,,,554430,675911,F
745848,20240329,NYN,MIL,1,3,500779,642547,F
745604,20240329,PHI,ATL,3,9,554430,675911,F
745117,20240329,TBA,TOR,8,2,650644,605135,F
746091,20240329,MIA,PIT,2,7,640462,527048,F
746412,20240329,HOU,NYA,1,7,664299,607074,F
747223,20240329,ARI,COL,7,3,518876,615698,F
745682,20240329,ATH,CLE,4,6,548389,671106,F
745276,20240329,SEA,BOS,1,0,669923,601713,F
745435,20240329,SDN,SFN,3,8,605397,690986,F
746167,20240329,LAN,SLN,6,3,676272,668868,F
745850,20240330,NYN,MIL,6,7,622663,669084,F
746818,20240330,CHA,DET,6,7,647336,628317,F
747063,20240330,BAL,ANA,13,4,680570,656288,F
745599,20240330,PHI,ATL,4,12,605400,608331,F
745684,20240330,ATH,CLE,3,12,676664,676440,F
746736,20240330,CIN,WAS,6,7,668881,571578,F
745119,20240330,TBA,TOR,5,1,641793,579328,F
746333,20240330,KCA,MIN,1,5,607625,657746,F
746087,20240330,MIA,PIT,3,9,677960,683003,F
745037,20240330,TEX,CHN,11,2,674003,543294,F
745436,20240330,SDN,SFN,6,9,656302,663855,F
746410,20240330,HOU,NYA,3,5,686613,573186,F
747221,20240330,ARI,COL,4,9,674072,596295,F
746168,20240330,LAN,SLN,5,6,808967,458681,F
745278,20240330,SEA,BOS,4,3,669302,676710,F
747062,20240331,BAL,ANA,1,4,669330,672282,F
745602,20240331,PHI,ATL,5,4,624133,519242,F
746739,20240331,CIN,WAS,6,5,607259,663623,F
745115,20240331,TBA,TOR,2,9,542888,592332,F
746090,20240331,MIA,PIT,7,9,669432,663559,F
745845,20240331,NYN,MIL,1,4,656731,607067,F
746332,20240331,KCA,MIN,11,0,663903,641927,F
746815,20240331,CHA,DET,2,3,607200,656427,F
746413,20240331,HOU,NYA,3,4,641585,657376,F
745035,20240331,TEX,CHN,5,9,592351,696136,F
745683,20240331,ATH,CLE,4,3,621112,471911,F
747222,20240331,ARI,COL,5,1,694297,663372,F
745279,20240331,SEA,BOS,1,5,682243,676477,F
745438,20240331,SDN,SFN,13,4,650633,641726,F
746166,20240331,LAN,SLN,5,4,694813,571927,F
746817,20240401,CHA,ATL,0,9,623167,450203,F
746899,20240401,CHN,COL,5,0,684007,641712,F
744875,20240401,WAS,PIT,4,8,669022,594835,F
747058,20240401,BAL,KCA,6,4,665152,608379,F
745600,20240401,PHI,CIN,3,6,650911,671096,F
746085,20240401,MIA,ANA,4,7,676974,681217,F
745109,20240401,TBA,TEX,3,9,686752,641540,F
745842,20240401,NYN,DET,0,5,640455,681857,F
746409,20240401,HOU,TOR,10,0,669854,670102,F
745675,20240401,ATH,BOS,0,9,671212,656557,F
745277,20240401,SEA,CLE,5,4,676106,663474,F
745437,20240401,SDN,SLN,2,6,663362,502043,F
747218,20240401,ARI,NYA,2,5,669194,661563,F
746170,20240401,LAN,SFN,8,3,572020,676775,F
746009,20240402,MIL,MIN,3,2,596001,686973,F
747057,20240402,BAL,KCA,1,4,608344,679525,F
745598,20240402,PHI,CIN,9,4,605513,668933,F
746086,20240402,MIA,ANA,1,3,666200,542881,F
745111,20240402,TBA,TEX,5,2,621107,571760,F
746898,20240402,CHN,COL,12,2,665871,607536,F
746814,20240402,CHA,ATL,3,2,676979,625643,F
746411,20240402,HOU,TOR,1,2,664285,621244,F
745680,20240402,ATH,BOS,4,5,622072,678394,F
745273,20240402,SEA,CLE,2,5,622491,669456,F
745439,20240402,SDN,SLN,2,5,506433,571945,F
747220,20240402,ARI,NYA,7,0,668678,641482,F
746169,20240402,LAN,SFN,5,4,518489,657277,F
745844,20240404,NYN,DET,,,605288,663554,F
747059,20240403,BAL,KCA,4,3,669203,666142,F
745114,20240403,TBA,TEX,1,4,650644,543135,F
746083,20240403,MIA,ANA,2,10,640462,663776,F
746008,20240403,MIL,MIN,3,7,605452,663978,F
745678,20240403,ATH,BOS,0,1,548389,601713,F
747219,20240403,ARI,NYA,5,6,518876,607074,F
745603,20240403,PHI,CIN,1,4,554430,593423,F
745275,20240403,SEA,CLE,0,8,669923,671106,F
745440,20240403,SDN,SLN,3,2,605397,668868,F
744869,20240403,WAS,PIT,5,3,592866,656605,F
746900,20240403,CHN,COL,9,8,681432,615698,F
746407,20240403,HOU,TOR,8,0,664299,605135,F
746163,20240403,LAN,SFN,5,4,607192,690986,F
746816,20240627,CHA,ATL,,,641771,519242,F
745843,20240404,NYN,DET,,,676130,666159,F
745844,20240404,NYN,DET,3,6,605288,663554,F
745843,20240404,NYN,DET,2,1,676130,666159,F
744870,20240404,WAS,PIT,4,7,680686,527048,F
745928,20240404,MIN,CLE,2,4,641154,676440,F
745200,20240404,SLN,MIA,8,5,458681,677960,F
746327,20240404,KCA,CHA,10,1,607625,647336,F
745764,20240405,NYA,TOR,0,3,573186,579328,F
746497,20240405,DET,ATH,5,4,669373,676664,F
746897,20240405,CHN,LAN,9,7,543294,676272,F
746576,20240405,COL,TBA,10,7,596295,641793,F
745524,20240405,PIT,BAL,2,5,683003,680570,F
745361,20240405,SFN,SDN,3,2,663855,656302,F
746733,20240405,CIN,NYN,2,3,668881,500779,F
744874,20240405,WAS,PHI,0,4,571578,605400,F
747143,20240405,ATL,ARI,6,5,675911,674072,F
746328,20240405,KCA,CHA,2,1,663903,607200,F
745033,20240405,TEX,HOU,10,2,674003,686613,F
746007,20240405,MIL,SEA,6,5,642547,669302,F
746249,20240405,ANA,BOS,6,8,656288,676710,F
746498,20240406,DET,ATH,0,4,628317,621112,F
745926,20240406,MIN,CLE,1,3,657746,471911,F
745197,20240406,SLN,MIA,3,1,571927,669432,F
746896,20240406,CHN,LAN,1,4,696136,808967,F
745522,20240406,PIT,BAL,5,4,663559,669330,F
744873,20240406,WAS,PHI,2,5,663623,624133,F
746731,20240406,CIN,NYN,9,6,607259,622663,F
745031,20240406,TEX,HOU,7,2,592351,641585,F
745766,20240406,NYA,TOR,9,8,657376,592332,F
746329,20240406,KCA,CHA,3,0,608379,623167,F
746006,20240406,MIL,SEA,3,5,669084,682243,F
747140,20240406,ATL,ARI,9,8,608331,694297,F
746575,20240406,COL,TBA,6,8,663372,641302,F
745359,20240406,SFN,SDN,0,4,676775,650633,F
746248,20240406,ANA,BOS,2,1,672282,676477,F
745523,20240407,PIT,BAL,3,2,594835,665152,F
744871,20240407,WAS,PHI,3,2,669022,650911,F
747141,20240407,ATL,ARI,5,2,519242,669194,F
745765,20240407,NYA,TOR,8,3,661563,670102,F
746734,20240407,CIN,NYN,1,3,671096,640455,F
746493,20240407,DET,ATH,1,7,656427,671212,F
746330,20240407,KCA,CHA,5,3,679525,676979,F
746003,20240407,MIL,SEA,12,4,607067,676106,F
745198,20240407,SLN,MIA,3,10,502043,676974,F
746895,20240407,CHN,LAN,8,1,684007,694813,F
746574,20240407,COL,TBA,2,3,641712,686752,F
745362,20240407,SFN,SDN,3,2,657277,663362,F
746251,20240407,ANA,BOS,2,12,681217,656557,F
745032,20240407,TEX,HOU,1,3,641540,669854,F
745927,20240809,MIN,CLE,,,641927,676282,F
746654,20240408,CLE,CHA,4,0,663474,621383,F
745761,20240408,NYA,MIA,7,0,641482,666200,F
745520,20240408,PIT,DET,7,4,656605,681857,F
746735,20240408,CIN,MIL,10,8,668933,676879,F
744956,20240408,TOR,SEA,5,2,621244,622491,F
747142,20240408,ATL,NYN,7,8,450203,527054,F
745925,20240408,MIN,LAN,2,4,641927,572020,F
745194,20240408,SLN,PHI,3,5,571945,605513,F
745034,20240408,TEX,HOU,5,10,571760,668874,F
746569,20240408,COL,ARI,7,5,607536,668678,F
746252,20240408,ANA,TBA,7,1,542881,621107,F
745432,20240408,SDN,CHN,9,8,506433,665871,F
745363,20240408,SFN,WAS,1,8,605483,592866,F
745517,20240409,PIT,DET,3,5,527048,663554,F
746981,20240409,BOS,BAL,1,7,678394,669203,F
746653,20240409,CLE,CHA,5,7,671106,647336,F
746732,20240409,CIN,MIL,5,9,593423,605452,F
745762,20240409,NYA,MIA,3,2,607074,640462,F
744957,20240409,TOR,SEA,5,3,605135,669923,F
747138,20240409,ATL,NYN,6,5,625643,605288,F
746326,20240409,KCA,HOU,4,3,666142,664299,F
745924,20240409,MIN,LAN,3,6,686973,607192,F
745195,20240409,SLN,PHI,3,0,543243,554430,F
745030,20240409,TEX,ATH,3,4,543135,622072,F
746571,20240409,COL,ARI,2,3,615698,518876,F
746250,20240409,ANA,TBA,4,6,663776,650644,F
745357,20240409,SFN,WAS,3,5,690986,672851,F
745433,20240409,SDN,CHN,1,5,605397,676962,F
745923,20240410,MIN,LAN,3,2,663978,676272,F
745196,20240410,SLN,PHI,3,4,458681,605400,F
744950,20240410,TOR,SEA,1,6,579328,669302,F
746573,20240410,COL,ARI,3,5,596295,674072,F
745355,20240410,SFN,WAS,7,1,663855,571578,F
746247,20240410,ANA,TBA,2,4,667755,641793,F
746655,20240410,CLE,CHA,7,6,676440,607200,F
745429,20240410,SDN,CHN,10,2,656302,543294,F
746728,20240410,CIN,MIL,2,7,668881,489119,F
745763,20240410,NYA,MIA,2,5,573186,677960,F
746980,20240410,BOS,BAL,5,7,676710,608344,F
746323,20240410,KCA,HOU,11,2,607625,681293,F
745024,20240410,TEX,ATH,6,2,674003,548389,F
747139,20240930,ATL,NYN,,,680885,656731,F
747137,20240411,ATL,NYN,4,16,642216,500779,F
746322,20240411,KCA,HOU,13,3,663903,686613,F
745029,20240411,TEX,ATH,0,1,592351,676664,F
745601,20240411,PHI,PIT,5,1,624133,683003,F
746977,20240411,BOS,BAL,4,9,676477,680570,F
746490,20240413,DET,MIN,,,666159,680573,F
746730,20240830,CIN,MIL,,,607259,607067,F
746491,20240412,DET,MIN,8,2,669373,641154,F
745596,20240412,PHI,PIT,2,5,650911,663559,F
745112,20240412,TBA,SFN,2,1,621097,676775,F
747055,20240412,BAL,MIL,1,11,669330,642547,F
744954,20240412,TOR,COL,4,12,592332,663372,F
746978,20240412,BOS,ANA,0,7,656557,672282,F
745838,20240412,NYN,KCA,6,1,622663,608379,F
746084,20240412,MIA,ATL,1,8,669432,608331,F
746812,20240412,CHA,CIN,1,11,623167,671096,F
746408,20240412,HOU,TEX,8,12,641585,641540,F
745679,20240412,ATH,WAS,2,1,621112,663623,F
745274,20240412,SEA,CHN,4,2,682243,696136,F
747217,20240412,ARI,SLN,6,9,694297,571927,F
746162,20240412,LAN,SDN,7,8,808967,650633,F
746656,20240413,CLE,NYA,,,471911,657376,F
746656,20240413,CLE,NYA,2,3,471911,657376,F
746658,20240413,CLE,NYA,2,8,663474,547001,F
746489,20240413,DET,MIN,5,11,628317,657746,F
746490,20240413,DET,MIN,1,4,666159,680573,F
745839,20240413,NYN,KCA,7,11,640455,679525,F
746811,20240413,CHA,CIN,0,5,676979,666157,F
744953,20240413,TOR,COL,5,3,684320,641712,F
746405,20240413,HOU,TEX,9,2,669854,571760,F
745594,20240413,PHI,PIT,4,3,605513,594835,F
747054,20240413,BAL,MIL,5,11,665152,669084,F
745676,20240413,ATH,WAS,1,3,671212,669022,F
746979,20240413,BOS,ANA,7,2,681867,656288,F
745110,20240413,TBA,SFN,2,11,686752,657277,F
746082,20240413,MIA,ATL,5,1,676974,519242,F
747215,20240413,ARI,SLN,4,2,669194,502043,F
746161,20240413,LAN,SDN,5,2,694813,663362,F
745272,20240413,SEA,CHN,1,4,676106,684007,F
746975,20240414,BOS,ANA,5,4,678394,542881,F
745595,20240414,PHI,PIT,2,9,554430,656605,F
747056,20240414,BAL,MIL,6,4,669203,607067,F
744952,20240414,TOR,COL,5,0,621244,607536,F
745841,20240414,NYN,KCA,2,1,676130,666142,F
745113,20240414,TBA,SFN,9,4,542888,605483,F
746492,20240414,DET,MIN,4,3,656427,641927,F
746079,20240414,MIA,ATL,7,9,666200,450203,F
746648,20240414,CLE,NYA,8,7,671106,641482,F
746404,20240414,HOU,TEX,8,5,664299,543135,F
746810,20240414,CHA,CIN,4,11,647336,668933,F
745681,20240414,ATH,WAS,7,6,622072,592866,F
745271,20240414,SEA,CHN,2,3,622491,665871,F
747216,20240414,ARI,SLN,5,0,668678,571945,F
746164,20240414,LAN,SDN,3,6,572020,506433,F
746974,20240415,BOS,CLE,0,6,676710,675540,F
747053,20240415,BAL,MIN,7,4,608344,686973,F
746488,20240415,DET,TEX,0,1,681857,547179,F
745597,20240415,PHI,COL,2,1,605400,615698,F
746080,20240415,MIA,SFN,3,4,665795,690986,F
745106,20240415,TBA,ANA,3,7,621107,663776,F
744951,20240415,TOR,NYA,3,1,605135,661563,F
745840,20240415,NYN,PIT,6,3,605288,527048,F
746813,20240415,CHA,KCA,0,2,680897,607625,F
746002,20240415,MIL,SDN,3,7,605452,605397,F
746406,20240415,HOU,ATL,1,6,681293,670241,F
747213,20240415,ARI,CHN,2,3,518876,676962,F
745677,20240415,ATH,SLN,1,3,548389,543243,F
745268,20240415,SEA,CIN,9,3,669923,593423,F
746158,20240415,LAN,WAS,4,6,607192,680730,F
746486,20240416,DET,TEX,4,2,663554,592351,F
747051,20240416,BAL,MIN,11,3,680570,663978,F
745593,20240416,PHI,COL,5,0,624133,596295,F
746081,20240416,MIA,SFN,6,3,677960,663855,F
745108,20240416,TBA,ANA,7,6,650644,667755,F
744944,20240416,TOR,NYA,5,4,579328,607074,F
746976,20240416,BOS,CLE,7,10,676477,676440,F
745837,20240416,NYN,PIT,3,1,500779,683003,F
746004,20240416,MIL,SDN,3,6,489119,656302,F
746400,20240416,HOU,ATL,2,6,686613,625643,F
747214,20240416,ARI,CHN,12,11,674072,543294,F
745270,20240416,SEA,CIN,3,1,669302,668881,F
745674,20240416,ATH,SLN,2,3,676664,458681,F
746157,20240416,LAN,WAS,6,2,669165,571578,F
746809,20240417,CHA,KCA,,,607200,608379,F
746076,20240417,MIA,SFN,1,3,669432,676775,F
747049,20240417,BAL,MIN,4,2,544150,641154,F
745836,20240417,NYN,PIT,9,1,622663,663559,F
746487,20240417,DET,TEX,4,5,669373,641540,F
746005,20240417,MIL,SDN,1,0,669060,650633,F
746401,20240417,HOU,ATL,4,5,641585,608331,F
746807,20240417,CHA,KCA,2,4,686563,663903,F
746809,20240417,CHA,KCA,2,1,607200,608379,F
744948,20240417,TOR,NYA,4,6,592332,573186,F
746159,20240417,LAN,WAS,0,2,689017,663623,F
745671,20240417,ATH,SLN,6,3,621112,571927,F
747212,20240417,ARI,CHN,3,5,694297,696136,F
745267,20240417,SEA,CIN,5,1,682243,671096,F
745591,20240417,PHI,COL,7,6,650911,663372,F
745105,20240417,TBA,ANA,4,5,641793,672282,F
746973,20240417,BOS,CLE,2,0,656557,594902,F
745104,20240418,TBA,ANA,2,1,686752,656288,F
746485,20240418,DET,TEX,7,9,628317,683004,F
746970,20240418,BOS,CLE,4,5,657514,471911,F
745356,20240418,SFN,ARI,5,0,657277,669194,F
746891,20240420,CHN,MIA,,,684007,682610,F
746892,20240419,CHN,MIA,8,3,592791,640462,F
746729,20240419,CIN,ANA,7,1,666157,542881,F
745518,20240419,PIT,BOS,1,8,682990,678394,F
745592,20240419,PHI,CHA,7,0,605513,676979,F
744872,20240419,WAS,HOU,3,5,669022,434378,F
745758,20240419,NYA,TBA,5,3,657376,641302,F
746650,20240419,CLE,ATH,10,2,663474,671212,F
747136,20240419,ATL,TEX,8,3,519242,571760,F
746325,20240419,KCA,BAL,9,4,679525,665152,F
745922,20240419,MIN,DET,4,5,657746,656427,F
745189,20240419,SLN,MIL,1,2,502043,642547,F
745430,20240419,SDN,TOR,1,5,663362,684320,F
746160,20240419,LAN,NYN,4,9,808967,640455,F
745352,20240419,SFN,ARI,1,17,605483,656756,F
746572,20240421,COL,SEA,,,663567,676106,F
745760,20240420,NYA,TBA,0,2,641482,621107,F
745921,20240420,MIN,DET,4,3,641927,681857,F
745190,20240420,SLN,MIL,5,12,571945,669084,F
746893,20240420,CHN,MIA,2,3,665871,666200,F
746891,20240420,CHN,MIA,5,3,684007,682610,F
744865,20240420,WAS,HOU,5,4,592866,669854,F
746156,20240420,LAN,NYN,4,6,694813,676130,F
745515,20240420,PIT,BOS,2,4,656605,676710,F
745354,20240420,SFN,ARI,7,3,690986,668678,F
745590,20240420,PHI,CHA,9,5,554430,647336,F
746651,20240420,CLE,ATH,6,3,671106,622072,F
746726,20240420,CIN,ANA,7,5,668933,663776,F
746324,20240420,KCA,BAL,7,9,666142,669203,F
747135,20240420,ATL,TEX,5,2,450203,543135,F
746570,20240420,COL,SEA,0,7,641712,622491,F
745431,20240420,SDN,TOR,2,5,681190,621244,F
744866,20240421,WAS,HOU,6,0,680730,686613,F
745514,20240421,PIT,BOS,1,6,527048,670174,F
745588,20240421,PHI,CHA,8,2,605400,680897,F
745759,20240421,NYA,TBA,5,4,661563,650644,F
746727,20240421,CIN,ANA,3,0,593423,667755,F
746652,20240421,CLE,ATH,6,2,676440,548389,F
746316,20240421,KCA,BAL,0,5,607625,608344,F
745920,20240421,MIN,DET,1,6,686973,663554,F
745192,20240421,SLN,MIL,0,2,543243,607067,F
746894,20240421,CHN,MIA,3,6,543294,665795,F
746568,20240421,COL,SEA,2,1,615698,669923,F
746572,20240421,COL,SEA,2,10,663567,676106,F
745353,20240421,SFN,ARI,3,5,663855,677944,F
746154,20240421,LAN,NYN,10,0,607192,605288,F
745434,20240421,SDN,TOR,6,3,605397,605135,F
747133,20240421,ATL,TEX,4,6,670241,547179,F
745757,20240422,NYA,ATH,0,2,607074,676664,F
746723,20240422,CIN,PHI,0,7,668881,624133,F
745519,20240422,PIT,MIL,4,2,683003,605452,F
745107,20240422,TBA,DET,1,7,641793,669373,F
747134,20240422,ATL,MIA,3,0,693821,677960,F
746319,20240422,KCA,TOR,3,5,663903,579328,F
745916,20240422,MIN,CHA,7,0,663978,686563,F
745191,20240422,SLN,ARI,5,3,458681,694297,F
746565,20240422,COL,SDN,1,3,596295,656302,F
746242,20240422,ANA,BAL,2,4,672282,544150,F
745351,20240422,SFN,NYN,5,2,676775,500779,F
746647,20240423,CLE,BOS,4,1,594902,656557,F
746722,20240423,CIN,PHI,8,1,671096,650911,F
745516,20240423,PIT,MIL,2,1,663559,668964,F
744863,20240423,WAS,LAN,1,4,571578,572020,F
745102,20240423,TBA,DET,2,4,686752,628317,F
745754,20240423,NYA,ATH,4,3,573186,621112,F
747130,20240423,ATL,MIA,5,0,608331,669432,F
746888,20240423,CHN,HOU,7,2,696136,641585,F
746321,20240423,KCA,TOR,3,2,608379,592332,F
745917,20240423,MIN,CHA,6,5,641154,607200,F
745193,20240423,SLN,ARI,1,14,571927,674072,F
745026,20240423,TEX,SEA,0,4,641540,669302,F
746566,20240423,COL,SDN,7,4,663372,650633,F
746246,20240423,ANA,BAL,7,4,656288,680570,F
745348,20240423,SFN,NYN,5,1,657277,622663,F
745188,20240424,SLN,ARI,5,1,502043,656756,F
745346,20240424,SFN,NYN,2,8,676254,640455,F
746244,20240424,ANA,BAL,5,6,542881,665152,F
746649,20240424,CLE,BOS,0,8,471911,681867,F
746725,20240424,CIN,PHI,7,4,666157,605513,F
745513,20240424,PIT,MIL,2,3,676596,669060,F
744864,20240424,WAS,LAN,2,11,663623,689017,F
745099,20240424,TBA,DET,7,5,542888,656427,F
745753,20240424,NYA,ATH,7,3,657376,671212,F
747132,20240424,ATL,MIA,4,3,625643,664350,F
746889,20240424,CHN,HOU,4,3,592791,681293,F
746317,20240424,KCA,TOR,3,2,679525,684320,F
745919,20240424,MIN,CHA,6,3,657746,676979,F
745028,20240424,TEX,SEA,5,1,592351,682243,F
746567,20240424,COL,SDN,2,5,621389,663362,F
745512,20240425,PIT,MIL,5,7,656605,642547,F
746646,20240425,CLE,BOS,6,4,663474,502624,F
746724,20240425,CIN,PHI,0,5,607259,554430,F
745918,20240425,MIN,CHA,6,3,680573,647336,F
746320,20240425,KCA,TOR,2,1,666142,621244,F
746887,20240425,CHN,HOU,3,1,665871,434378,F
745027,20240425,TEX,SEA,3,4,571760,622491,F
746564,20240425,COL,SDN,10,9,641712,681190,F
744867,20240425,WAS,LAN,1,2,669022,808967,F
745755,20240425,NYA,ATH,1,3,641482,622072,F
746482,20240426,DET,KCA,0,8,681857,607625,F
747050,20240426,BAL,ATH,2,3,669203,548389,F
744949,20240426,TOR,LAN,2,12,605135,694813,F
746972,20240426,BOS,CHN,1,7,676710,684007,F
745835,20240426,NYN,SLN,2,4,676130,571945,F
746078,20240426,MIA,WAS,1,3,687424,592866,F
747129,20240426,ATL,CLE,6,2,519242,671106,F
746808,20240426,CHA,TBA,9,4,623167,621107,F
745025,20240426,TEX,CIN,2,1,543135,668933,F
746000,20240426,MIL,NYA,7,6,607067,661563,F
746243,20240426,ANA,MIN,3,5,663776,641927,F
745269,20240426,SEA,ARI,6,1,676106,668678,F
745424,20240426,SDN,PHI,3,9,605397,605400,F
745347,20240426,SFN,PIT,3,0,690986,682990,F
744946,20240427,TOR,LAN,2,4,579328,607192,F
747052,20240427,BAL,ATH,7,0,608344,676664,F
745833,20240427,NYN,SLN,4,7,605288,543243,F
745020,20240427,TEX,CIN,4,8,547179,668881,F
746971,20240427,BOS,CHN,17,0,670174,676962,F
746075,20240427,MIA,WAS,4,11,665795,680730,F
746560,20240427,COL,HOU,4,12,615698,669854,F
746484,20240427,DET,KCA,6,5,663554,663903,F
746803,20240427,CHA,TBA,8,7,686563,650644,F
745998,20240427,MIL,NYA,3,15,605452,607074,F
747131,20240427,ATL,CLE,2,4,450203,676440,F
745425,20240427,SDN,PHI,1,5,656302,624133,F
745350,20240427,SFN,PIT,3,4,663855,527048,F
746245,20240427,ANA,MIN,5,16,667755,663978,F
745266,20240427,SEA,ARI,3,1,669923,677944,F
747045,20240428,BAL,ATH,6,7,544150,621112,F
747125,20240428,ATL,CLE,4,3,693821,594902,F
744947,20240428,TOR,LAN,3,1,592332,675627,F
746483,20240428,DET,KCA,4,1,669373,608379,F
745834,20240428,NYN,SLN,4,2,500779,458681,F
746077,20240428,MIA,WAS,9,12,677960,571578,F
746805,20240428,CHA,TBA,4,2,607200,641793,F
746001,20240428,MIL,NYA,5,15,668964,573186,F
745022,20240428,TEX,CIN,4,3,641540,671096,F
746561,20240428,COL,HOU,2,8,596295,664285,F
745349,20240428,SFN,PIT,3,2,676775,683003,F
746237,20240428,ANA,MIN,5,11,672282,641154,F
745265,20240428,SEA,ARI,2,3,669302,694297,F
745428,20240428,SDN,PHI,6,8,650633,592836,F
746967,20240428,BOS,CHN,5,4,656557,669713,F
747046,20240429,BAL,NYA,2,0,680570,657376,F
746074,20240429,MIA,WAS,2,7,669432,663623,F
744945,20240429,TOR,KCA,6,5,684320,680742,F
745832,20240429,NYN,CHN,1,3,622663,592791,F
746804,20240429,CHA,MIN,2,3,676979,657746,F
745999,20240429,MIL,TBA,0,1,669060,686752,F
746236,20240429,ANA,PHI,6,5,656288,650911,F
747211,20240429,ARI,LAN,4,8,674072,572020,F
745672,20240429,ATH,PIT,5,1,671212,663559,F
745427,20240429,SDN,CIN,2,5,663362,666157,F
745263,20240429,SEA,ATL,2,1,682243,608331,F
746481,20240430,DET,SLN,,,666159,571927,F
746477,20240430,DET,SLN,1,2,656427,502043,F
746481,20240430,DET,SLN,11,6,666159,571927,F
747047,20240430,BAL,NYA,4,2,665152,641482,F
746073,20240430,MIA,COL,7,6,664350,663372,F
744942,20240430,TOR,KCA,1,4,621244,666142,F
745831,20240430,NYN,CHN,4,2,640455,665871,F
746968,20240430,BOS,SFN,4,0,681867,657277,F
746806,20240430,CHA,MIN,5,6,647336,680573,F
745997,20240430,MIL,TBA,8,2,642547,641302,F
745018,20240430,TEX,WAS,7,1,592351,669022,F
746398,20240430,HOU,CLE,10,9,686613,471911,F
746239,20240430,ANA,PHI,5,7,542881,605513,F
747210,20240430,ARI,LAN,4,3,676714,689017,F
745673,20240430,ATH,PIT,5,2,622072,656605,F
745426,20240430,SDN,CIN,6,4,506433,607259,F
745260,20240430,SEA,ATL,3,2,622491,625643,F
746478,20240501,DET,SLN,4,1,628317,571945,F
745996,20240501,MIL,TBA,7,1,607067,621107,F
746800,20240501,CHA,MIN,5,10,623167,641927,F
744939,20240501,TOR,KCA,1,6,605135,607625,F
745670,20240501,ATH,PIT,4,0,548389,682990,F
745261,20240501,SEA,ATL,2,5,676106,519242,F
746238,20240501,ANA,PHI,1,2,663776,554430,F
745423,20240501,SDN,CIN,6,2,605397,668933,F
747048,20240501,BAL,NYA,0,2,669203,661563,F
746072,20240501,MIA,COL,4,1,682610,641712,F
745829,20240501,NYN,CHN,0,1,676130,684007,F
746966,20240501,BOS,SFN,6,2,676710,669062,F
745023,20240501,TEX,WAS,0,1,571760,592866,F
746399,20240501,HOU,CLE,2,3,434378,663474,F
747207,20240501,ARI,LAN,0,8,656756,808967,F
746070,20240502,MIA,COL,5,4,665795,663567,F
747044,20240502,BAL,NYA,7,2,680694,607074,F
745830,20240502,NYN,CHN,7,6,605288,676962,F
746969,20240502,BOS,SFN,1,3,670174,690986,F
745021,20240502,TEX,WAS,6,0,543135,680730,F
746403,20240502,HOU,CLE,8,2,681293,671106,F
746890,20240503,CHN,MIL,1,3,669713,605452,F
746721,20240503,CIN,BAL,0,3,668881,608344,F
745510,20240503,PIT,COL,2,3,527048,615698,F
745589,20240503,PHI,SFN,4,3,605400,663855,F
744868,20240503,WAS,TOR,9,3,571578,579328,F
745101,20240503,TBA,NYN,10,8,650644,500779,F
745756,20240503,NYA,DET,2,1,573186,681857,F
746645,20240503,CLE,ANA,0,6,676440,667755,F
746318,20240503,KCA,TEX,7,1,663903,547179,F
746402,20240503,HOU,SEA,5,3,669854,669923,F
745914,20240503,MIN,BOS,5,2,663978,656557,F
745187,20240503,SLN,CHA,3,0,543243,641745,F
747208,20240503,ARI,SDN,1,7,677944,656302,F
745665,20240503,ATH,MIA,3,1,676664,677960,F
746152,20240503,LAN,ATL,4,3,694813,450203,F
745750,20240504,NYA,DET,5,3,657376,663554,F
745911,20240504,MIN,BOS,3,1,641154,657514,F
745183,20240504,SLN,CHA,5,6,458681,607200,F
746884,20240504,CHN,MIL,6,5,592791,668964,F
745511,20240504,PIT,COL,1,0,683003,596295,F
744862,20240504,WAS,TOR,3,6,663623,592332,F
745666,20240504,ATH,MIA,20,4,621112,669432,F
745583,20240504,PHI,SFN,14,3,624133,676775,F
746644,20240504,CLE,ANA,7,1,594902,672282,F
746720,20240504,CIN,BAL,1,2,671096,607644,F
746311,20240504,KCA,TEX,4,15,608379,641540,F
746394,20240504,HOU,SEA,0,5,664285,669302,F
745100,20240504,TBA,NYN,3,1,641793,681035,F
747209,20240504,ARI,SDN,1,13,694297,650633,F
746155,20240504,LAN,ATL,11,2,607192,693821,F
745504,20240505,PIT,COL,5,3,663559,663372,F
744861,20240505,WAS,TOR,11,8,669022,666201,F
745751,20240505,NYA,DET,5,2,641482,669373,F
746643,20240505,CLE,ANA,4,1,471911,656288,F
745103,20240505,TBA,NYN,7,6,686752,622663,F
746395,20240505,HOU,SEA,4,5,686613,682243,F
746314,20240505,KCA,TEX,2,3,663738,592351,F
745913,20240505,MIN,BOS,2,9,657746,681867,F
745185,20240505,SLN,CHA,1,5,669461,676979,F
746883,20240505,CHN,MIL,5,0,665871,642547,F
745667,20240505,ATH,MIA,3,12,671212,664350,F
746719,20240505,CIN,BAL,1,11,666157,665152,F
747206,20240505,ARI,SDN,11,4,669194,663362,F
746153,20240505,LAN,ATL,5,1,572020,608331,F
745587,20240505,PHI,SFN,5,4,592836,657277,F
745585,20240506,PHI,SFN,6,1,554430,696131,F
746639,20240506,CLE,DET,2,1,663474,656427,F
745509,20240506,PIT,ANA,4,1,656605,542881,F
745098,20240506,TBA,CHA,8,2,641302,605182,F
746313,20240506,KCA,MIL,3,2,666142,669060,F
746886,20240506,CHN,SDN,3,6,657006,506433,F
745912,20240506,MIN,SEA,3,1,680573,622491,F
745182,20240506,SLN,NYN,3,4,502043,640455,F
745669,20240506,ATH,TEX,2,4,622072,571760,F
746149,20240506,LAN,MIA,6,3,621111,682610,F
745668,20240507,ATH,TEX,8,15,548389,570632,F
746638,20240507,CLE,DET,7,11,671106,628317,F
746718,20240507,CIN,ARI,2,6,593423,668678,F
745508,20240507,PIT,ANA,0,9,682990,663776,F
745586,20240507,PHI,TOR,10,1,650911,621244,F
744859,20240507,WAS,BAL,3,0,592866,669203,F
745095,20240507,TBA,CHA,5,1,621107,647336,F
745752,20240507,NYA,HOU,10,3,661563,434378,F
747126,20240507,ATL,BOS,4,2,625643,676710,F
746885,20240507,CHN,SDN,3,2,684007,681190,F
745915,20240507,MIN,SEA,6,10,641927,676106,F
746315,20240507,KCA,MIL,5,6,607625,607067,F
745186,20240507,SLN,NYN,5,7,571945,676130,F
746559,20240507,COL,SFN,0,5,641712,690986,F
746147,20240507,LAN,MIA,8,2,808967,665795,F
745507,20240508,PIT,ANA,4,5,527048,667755,F
745584,20240508,PHI,TOR,3,5,605400,605135,F
746640,20240508,CLE,DET,5,4,676440,681857,F
746312,20240508,KCA,MIL,6,4,663903,605452,F
746879,20240508,CHN,SDN,0,3,669713,656302,F
746151,20240508,LAN,MIA,3,1,694813,677960,F
745664,20240508,ATH,TEX,9,4,676664,547179,F
745659,20240508,ATH,TEX,11,12,674370,683004,F
746717,20240508,CIN,ARI,3,4,668933,656756,F
744858,20240508,WAS,BAL,6,7,680730,680694,F
745097,20240508,TBA,CHA,1,4,650644,623167,F
745749,20240508,NYA,HOU,9,4,607074,681293,F
747127,20240508,ATL,BOS,5,0,519242,601713,F
745906,20240508,MIN,SEA,6,3,663978,669923,F
746562,20240508,COL,SFN,6,8,663567,663855,F
745184,20240805,SLN,NYN,,,669467,640455,F
746715,20240509,CIN,ARI,4,5,668881,677944,F
745910,20240509,MIN,SEA,11,1,641154,669302,F
746563,20240509,COL,SFN,9,1,615698,676775,F
745748,20240509,NYA,HOU,3,4,573186,669854,F
746802,20240509,CHA,CLE,3,2,607200,594902,F
745995,20240509,MIL,SLN,7,1,668964,543243,F
746241,20240509,ANA,KCA,4,10,672282,608379,F
746479,20240510,DET,HOU,2,5,663554,664285,F
745506,20240510,PIT,CHN,2,7,683003,665871,F
745094,20240510,TBA,NYA,0,2,671737,657376,F
747043,20240510,BAL,ARI,4,2,608344,694297,F
744940,20240510,TOR,MIN,2,3,579328,657746,F
746964,20240510,BOS,WAS,1,5,656557,571578,F
745827,20240510,NYN,ATL,2,4,500779,450203,F
746071,20240510,MIA,PHI,2,8,669432,624133,F
746801,20240510,CHA,CLE,6,3,676979,471911,F
745993,20240510,MIL,SLN,11,2,688107,458681,F
746553,20240510,COL,TEX,4,2,596295,592351,F
746240,20240510,ANA,KCA,1,2,656288,679525,F
745421,20240510,SDN,LAN,2,1,650633,607192,F
745264,20240510,SEA,ATH,8,1,693433,621112,F
745340,20240510,SFN,CIN,2,4,657277,671096,F
744943,20240511,TOR,MIN,10,8,592332,680573,F
747041,20240511,BAL,ARI,5,4,607644,669194,F
745505,20240511,PIT,CHN,10,9,694973,657006,F
746963,20240511,BOS,WAS,4,2,681867,663623,F
745828,20240511,NYN,ATL,1,4,681035,608331,F
746069,20240511,MIA,PHI,3,8,666200,592836,F
745096,20240511,TBA,NYA,7,2,641793,641482,F
746480,20240511,DET,HOU,8,2,669373,664299,F
746797,20240511,CHA,CLE,3,1,605182,663474,F
745344,20240511,SFN,CIN,5,1,696131,666157,F
745994,20240511,MIL,SLN,5,3,642547,502043,F
746554,20240511,COL,TEX,8,3,663372,571760,F
745422,20240511,SDN,LAN,0,5,663362,572020,F
746232,20240511,ANA,KCA,9,3,542881,666142,F
745262,20240511,SEA,ATH,1,8,682243,683155,F
747042,20240512,BAL,ARI,2,9,665152,668678,F
746965,20240512,BOS,WAS,3,2,678394,669022,F
745499,20240512,PIT,CHN,4,5,663559,543294,F
744941,20240512,TOR,MIN,1,5,666201,641927,F
746476,20240512,DET,HOU,3,9,656427,434378,F
746068,20240512,MIA,PHI,7,6,666129,554430,F
745092,20240512,TBA,NYA,6,10,641302,661563,F
746798,20240512,CHA,CLE,0,7,647336,671106,F
745990,20240512,MIL,SLN,3,4,669060,571945,F
746555,20240512,COL,TEX,3,1,621389,570632,F
745345,20240512,SFN,CIN,6,5,690986,593423,F
746234,20240512,ANA,KCA,2,4,663776,607625,F
745419,20240512,SDN,LAN,4,0,506433,621111,F
745255,20240512,SEA,ATH,8,4,622491,622072,F
745825,20240512,NYN,ATL,4,3,622663,693821,F
747040,20240513,BAL,TOR,2,3,669203,621244,F
746471,20240513,DET,MIA,6,5,666159,664350,F
746961,20240513,BOS,TBA,3,5,676710,621107,F
745826,20240513,NYN,PHI,4,5,640455,650911,F
747128,20240513,ATL,CHN,2,0,625643,684007,F
745991,20240513,MIL,PIT,6,8,607067,656605,F
745019,20240513,TEX,CLE,0,7,547179,676440,F
746393,20240513,HOU,ATH,9,2,681293,548389,F
746233,20240513,ANA,SLN,5,10,667755,669461,F
747204,20240513,ARI,CIN,6,5,656756,668933,F
745420,20240513,SDN,COL,4,5,681190,641712,F
745256,20240513,SEA,KCA,6,2,669923,663903,F
745343,20240513,SFN,LAN,4,6,663855,808967,F
746799,20240514,CHA,WAS,,,607200,680730,F
745821,20240514,NYN,PHI,0,4,676130,605400,F
746796,20240514,CHA,WAS,3,6,623167,592866,F
746799,20240514,CHA,WAS,4,0,607200,680730,F
746473,20240514,DET,MIA,0,1,681857,677960,F
746962,20240514,BOS,TBA,5,4,601713,650644,F
747124,20240514,ATL,CHN,7,0,519242,592791,F
745909,20240514,MIN,NYA,1,5,663978,607074,F
745989,20240514,MIL,PIT,4,3,605452,682990,F
745014,20240514,TEX,CLE,4,7,683004,594902,F
746396,20240514,HOU,ATH,2,1,669854,676664,F
746235,20240514,ANA,SLN,6,7,672282,543243,F
747205,20240514,ARI,CIN,2,6,677944,668881,F
745418,20240514,SDN,COL,3,6,656302,615698,F
745257,20240514,SEA,KCA,2,4,669302,608379,F
745342,20240514,SFN,LAN,2,10,676775,694813,F
747039,20240729,BAL,TOR,,,700249,670102,F
747038,20240515,BAL,TOR,3,2,680694,579328,F
746472,20240515,DET,MIA,0,2,663554,669432,F
745992,20240515,MIL,PIT,10,2,688107,527048,F
746795,20240515,CHA,WAS,2,0,676979,571578,F
747203,20240515,ARI,CIN,2,1,694297,671096,F
745417,20240515,SDN,COL,0,8,650633,596295,F
745259,20240515,SEA,KCA,4,2,693433,679525,F
745582,20240515,PHI,NYN,10,5,624133,664192,F
746960,20240515,BOS,TBA,3,4,656557,671737,F
747123,20240515,ATL,CHN,1,7,450203,665871,F
745908,20240515,MIN,NYA,0,4,641154,573186,F
745015,20240515,TEX,CLE,4,0,592351,471911,F
746397,20240515,HOU,ATH,3,0,664285,605156,F
746231,20240515,ANA,SLN,7,2,656288,458681,F
745341,20240515,SFN,LAN,4,1,657277,622694,F
745907,20240516,MIN,NYA,0,5,657746,657376,F
745580,20240516,PHI,NYN,5,6,592836,500779,F
746959,20240516,BOS,TBA,5,7,681867,641793,F
746881,20240516,CHN,PIT,4,5,657006,683003,F
746391,20240516,HOU,ATH,8,1,664299,683155,F
746150,20240516,LAN,CIN,2,7,607192,608718,F
746878,20240517,CHN,PIT,3,9,543294,694973,F
745579,20240517,PHI,WAS,4,2,554430,663623,F
747037,20240517,BAL,SEA,9,2,607644,682243,F
745747,20240517,NYA,CHA,4,2,641482,605182,F
744934,20240517,TOR,TBA,3,4,605135,641302,F
746641,20240517,CLE,MIN,3,2,663474,680573,F
746065,20240517,MIA,NYN,8,0,666200,681035,F
747122,20240517,ATL,SDN,1,3,608331,663362,F
746310,20240517,KCA,ATH,6,2,666142,687765,F
745016,20240517,TEX,ANA,3,9,571760,542881,F
746388,20240517,HOU,MIL,5,4,686613,642547,F
745178,20240517,SLN,BOS,10,6,502043,678394,F
747201,20240517,ARI,DET,0,13,669194,669373,F
746148,20240517,LAN,CIN,7,3,572020,593423,F
745335,20240517,SFN,COL,10,5,696131,663372,F
745744,20240518,NYA,CHA,6,1,661563,641745,F
746882,20240518,CHN,PIT,1,0,684007,663559,F
744938,20240518,TOR,TBA,4,5,592332,621107,F
747036,20240518,BAL,SEA,3,4,680570,622491,F
745339,20240518,SFN,COL,14,4,690986,621389,F
746067,20240518,MIA,NYN,10,9,666129,622663,F
745581,20240518,PHI,WAS,4,3,650911,669022,F
746642,20240518,CLE,MIN,11,4,671106,641927,F
746308,20240518,KCA,ATH,5,3,607625,548389,F
746389,20240518,HOU,MIL,2,4,434378,669060,F
745177,20240518,SLN,BOS,7,2,571945,676710,F
745013,20240518,TEX,ANA,3,2,570632,663776,F
747202,20240518,ARI,DET,3,8,668678,656427,F
746142,20240518,LAN,CIN,4,0,621111,668933,F
747121,20240520,ATL,SDN,,,519242,681190,F
745179,20240519,SLN,BOS,3,11,669461,601713,F
747035,20240519,BAL,SEA,6,3,669203,669923,F
745577,20240519,PHI,WAS,11,5,605400,592866,F
745745,20240519,NYA,CHA,7,2,607074,623167,F
744937,20240519,TOR,TBA,5,2,666201,650644,F
746636,20240519,CLE,MIN,5,2,676440,663978,F
746064,20240519,MIA,NYN,3,7,664350,640455,F
746306,20240519,KCA,ATH,8,4,663903,676664,F
746392,20240519,HOU,MIL,9,4,681293,607067,F
746880,20240519,CHN,PIT,2,3,592791,656605,F
745012,20240519,TEX,ANA,1,4,547179,667755,F
745336,20240519,SFN,COL,4,1,663855,641712,F
747198,20240519,ARI,DET,6,4,656756,666159,F
746144,20240519,LAN,CIN,3,2,689017,668881,F
747120,20240519,ATL,SDN,1,9,693821,506433,F
747119,20240520,ATL,SDN,5,6,625643,656302,F
747121,20240520,ATL,SDN,3,0,519242,681190,F
744935,20240520,TOR,CHA,9,3,621244,607200,F
746637,20240520,CLE,NYN,3,1,594902,656731,F
746066,20240520,MIA,MIL,3,2,677960,605452,F
744857,20240520,WAS,MIN,12,3,680730,641154,F
745093,20240520,TBA,BOS,0,5,671737,656557,F
745746,20240520,NYA,SEA,4,5,573186,669302,F
746307,20240520,KCA,DET,8,3,608379,681857,F
745181,20240520,SLN,BAL,6,3,543243,665152,F
746390,20240520,HOU,ANA,7,9,664285,672282,F
746146,20240520,LAN,ARI,6,4,808967,573009,F
746633,20240521,CLE,NYN,7,6,675540,605288,F
746716,20240521,CIN,SDN,2,0,671096,605397,F
745503,20240521,PIT,SFN,7,6,527048,657277,F
745578,20240521,PHI,TEX,5,2,624133,592351,F
746058,20240521,MIA,MIL,5,7,669432,688107,F
744860,20240521,WAS,MIN,0,10,571578,657746,F
745090,20240521,TBA,BOS,2,5,641793,681867,F
745742,20240521,NYA,SEA,3,6,657376,693433,F
744936,20240521,TOR,CHA,0,5,579328,676979,F
746309,20240521,KCA,DET,10,3,679525,663554,F
746875,20240521,CHN,ATL,4,3,665871,450203,F
745180,20240521,SLN,BAL,3,1,458681,680694,F
746385,20240521,HOU,ANA,6,5,664299,656288,F
745662,20240521,ATH,COL,5,4,605156,615698,F
746145,20240521,LAN,ARI,3,7,694813,694297,F
745180,20240521,SLN,BAL,3,1,458681,680694,F
744856,20240522,WAS,MIN,2,3,663623,680573,F
746634,20240522,CLE,NYN,6,3,663474,500779,F
745173,20240522,SLN,BAL,5,4,502043,607644,F
746386,20240522,HOU,ANA,1,2,686613,542881,F
746304,20240522,KCA,DET,8,3,666142,669373,F
746712,20240522,CIN,SDN,3,7,607259,650633,F
745502,20240522,PIT,SFN,5,9,683003,605483,F
745576,20240522,PHI,TEX,11,4,592836,641540,F
746063,20240522,MIA,MIL,1,0,666200,642547,F
745089,20240522,TBA,BOS,5,8,686752,678394,F
745743,20240522,NYA,SEA,7,3,641482,682243,F
744933,20240522,TOR,CHA,9,2,605135,680897,F
746876,20240522,CHN,ATL,2,9,657006,608331,F
745661,20240522,ATH,COL,3,4,687765,596295,F
746143,20240522,LAN,ARI,0,6,607192,676714,F
745500,20240523,PIT,SFN,6,7,694973,669062,F
745741,20240523,NYA,SEA,5,0,661563,622491,F
745573,20240523,PHI,TEX,5,2,554430,571760,F
746714,20240523,CIN,SDN,4,6,593423,663362,F
746874,20240523,CHN,ATL,0,3,676962,700363,F
745660,20240523,ATH,COL,10,9,683155,663372,F
746474,20240523,DET,TOR,1,9,656427,592332,F
746792,20240523,CHA,BAL,6,8,605182,680570,F
746475,20240524,DET,TOR,6,2,628317,666201,F
745501,20240524,PIT,ATL,11,5,663559,678061,F
744853,20240524,WAS,SEA,6,1,669022,669923,F
745087,20240524,TBA,KCA,1,8,542888,607625,F
746713,20240524,CIN,LAN,9,6,668933,572020,F
745822,20240524,NYN,SFN,7,8,681035,690986,F
745905,20240524,MIN,TEX,3,2,641927,570632,F
746956,20240524,BOS,MIL,2,7,676710,657649,F
746793,20240524,CHA,BAL,4,6,623167,669203,F
746558,20240524,COL,PHI,3,2,621389,650911,F
746227,20240524,ANA,CLE,4,10,663776,671106,F
745663,20240524,ATH,HOU,3,6,548389,434378,F
747200,20240524,ARI,MIA,0,3,668678,666129,F
745415,20240524,SDN,NYA,0,8,506433,607074,F
745175,20240713,SLN,CHN,,,502043,665871,F
746470,20240525,DET,TOR,2,1,681857,621244,F
745823,20240525,NYN,SFN,2,7,622663,663855,F
745901,20240525,MIN,TEX,5,3,663978,547179,F
746794,20240525,CHA,BAL,3,5,607200,544150,F
744851,20240525,WAS,SEA,3,1,592866,669302,F
745493,20240525,PIT,ATL,4,1,656605,625643,F
745658,20240525,ATH,HOU,3,1,676664,681293,F
745086,20240525,TBA,KCA,4,7,650644,663903,F
746958,20240525,BOS,MIL,3,6,601713,657649,F
746710,20240525,CIN,LAN,3,1,668881,621111,F
745176,20240525,SLN,CHN,7,6,571945,592791,F
746556,20240525,COL,PHI,4,8,641712,605400,F
746226,20240525,ANA,CLE,3,4,667755,676440,F
745411,20240525,SDN,NYA,1,4,656302,573186,F
747199,20240525,ARI,MIA,3,2,656756,664350,F
746469,20240526,DET,TOR,14,11,663554,579328,F
746711,20240526,CIN,LAN,4,1,608718,808967,F
744855,20240526,WAS,SEA,5,9,571578,693433,F
745498,20240526,PIT,ATL,1,8,527048,519242,F
746957,20240526,BOS,MIL,2,1,656557,668964,F
745824,20240526,NYN,SFN,4,3,640455,657277,F
745088,20240526,TBA,KCA,4,1,671737,608379,F
745902,20240526,MIN,TEX,2,6,641154,642520,F
746789,20240526,CHA,BAL,1,4,676979,680694,F
746557,20240526,COL,PHI,5,2,615698,624133,F
746230,20240526,ANA,CLE,4,5,672282,594902,F
745653,20240526,ATH,HOU,2,5,605156,669854,F
747197,20240526,ARI,MIA,1,3,686796,677960,F
745413,20240526,SDN,NYA,5,2,605397,657376,F
745172,20240526,SLN,CHN,4,3,543243,665871,F
747034,20240527,BAL,BOS,11,3,608344,681867,F
745904,20240527,MIN,KCA,6,5,657746,679525,F
746788,20240527,CHA,TOR,1,5,680897,605135,F
746549,20240527,COL,CLE,8,6,683627,675540,F
746708,20240527,CIN,SLN,3,1,666157,458681,F
747118,20240527,ATL,WAS,4,8,450203,680730,F
745986,20240527,MIL,CHN,5,1,688107,657006,F
745338,20240527,SFN,PHI,8,4,605483,592836,F
745416,20240527,SDN,MIA,2,1,650633,669432,F
745254,20240527,SEA,HOU,3,2,682243,664285,F
745816,20240528,NYN,LAN,,,500779,694813,F
745818,20240528,NYN,LAN,2,5,656731,607192,F
745816,20240528,NYN,LAN,0,3,500779,694813,F
747033,20240528,BAL,BOS,3,8,680570,678394,F
746709,20240528,CIN,SLN,1,7,671096,502043,F
745091,20240528,TBA,ATH,0,3,641793,687765,F
747115,20240528,ATL,WAS,2,0,608331,663623,F
745903,20240528,MIN,KCA,4,2,680573,666142,F
746791,20240528,CHA,TOR,2,7,663765,592332,F
745987,20240528,MIL,CHN,3,6,642547,676962,F
745017,20240528,TEX,ARI,4,2,543135,694297,F
746552,20240528,COL,CLE,7,13,663372,663474,F
746229,20240528,ANA,NYA,4,3,656288,641482,F
745258,20240528,SEA,HOU,4,2,622491,686613,F
745412,20240528,SDN,MIA,4,0,663362,666200,F
745337,20240528,SFN,PHI,1,0,669062,554430,F
746468,20240529,DET,PIT,,,672456,694973,F
746467,20240529,DET,PIT,8,0,669373,683003,F
746468,20240529,DET,PIT,2,10,672456,694973,F
746706,20240529,CIN,SLN,3,5,593423,669467,F
745011,20240529,TEX,ARI,6,1,641540,669194,F
745333,20240529,SFN,PHI,1,6,690986,650911,F
745817,20240529,NYN,LAN,3,10,656849,572020,F
745414,20240529,SDN,MIA,1,9,506433,666129,F
747031,20240529,BAL,BOS,6,1,669203,676710,F
745084,20240529,TBA,ATH,4,3,686752,683155,F
747117,20240529,ATL,WAS,2,7,680885,669022,F
745900,20240529,MIN,KCA,1,6,641927,607625,F
746790,20240529,CHA,TOR,1,3,623167,666201,F
745988,20240529,MIL,CHN,10,6,669060,684007,F
746551,20240529,COL,CLE,7,4,621389,671106,F
746228,20240529,ANA,NYA,1,2,542881,661563,F
745250,20240529,SEA,HOU,2,1,669923,434378,F
745081,20240530,TBA,ATH,6,5,542888,663687,F
745898,20240530,MIN,KCA,7,6,663978,663738,F
745985,20240530,MIL,CHN,6,4,607067,592791,F
745249,20240530,SEA,HOU,0,4,669302,681293,F
746954,20240530,BOS,DET,0,5,601713,656427,F
745819,20240530,NYN,ARI,3,2,681035,668678,F
747114,20240530,ATL,WAS,1,3,678061,592866,F
746225,20240530,ANA,NYA,3,8,663776,607074,F
746877,20240531,CHN,CIN,4,5,665871,668933,F
745574,20240531,PHI,SLN,4,2,605400,571945,F
747032,20240531,BAL,TBA,3,1,544150,650644,F
744928,20240531,TOR,PIT,5,3,621244,663559,F
746955,20240531,BOS,DET,7,3,656557,628317,F
746635,20240531,CLE,WAS,7,1,676440,571578,F
745820,20240531,NYN,ARI,10,9,622663,656756,F
746059,20240531,MIA,TEX,8,2,664350,570632,F
747116,20240531,ATL,ATH,4,2,625643,676664,F
746303,20240531,KCA,SDN,8,11,608379,656302,F
746387,20240531,HOU,MIN,1,6,669854,641154,F
745983,20240531,MIL,CHA,12,5,668964,607200,F
746140,20240531,LAN,COL,1,4,621111,641712,F
745253,20240531,SEA,ANA,5,4,693433,667755,F
745331,20240531,SFN,NYA,2,6,663855,573186,F
744932,20240601,TOR,PIT,1,8,579328,656605,F
747029,20240601,BAL,TBA,9,5,680694,671737,F
746952,20240601,BOS,DET,6,3,681867,681857,F
746629,20240601,CLE,WAS,3,2,594902,680730,F
745812,20240601,NYN,ARI,5,10,640455,677944,F
746305,20240601,KCA,SDN,3,7,679525,681190,F
746384,20240601,HOU,MIN,5,2,664285,657746,F
747111,20240601,ATL,ATH,9,11,519242,605156,F
746062,20240601,MIA,TEX,0,7,677960,547179,F
745980,20240601,MIL,CHA,4,3,688107,676979,F
746870,20240601,CHN,CIN,7,5,657006,668881,F
745251,20240601,SEA,ANA,9,0,682243,672282,F
745575,20240601,PHI,SLN,6,1,624133,543243,F
745332,20240601,SFN,NYA,3,7,657277,547001,F
746138,20240601,LAN,COL,4,1,808967,615698,F
746383,20240602,HOU,MIN,3,4,686613,680573,F
746953,20240602,BOS,DET,4,8,678394,663554,F
747030,20240602,BAL,TBA,3,4,608344,641793,F
747110,20240602,ATL,ATH,3,1,450203,665622,F
744929,20240602,TOR,PIT,5,4,605135,682990,F
746632,20240602,CLE,WAS,2,5,471911,663623,F
745813,20240602,NYN,ARI,4,5,500779,694297,F
746061,20240602,MIA,TEX,0,6,669432,571760,F
746301,20240602,KCA,SDN,4,3,666142,650633,F
745984,20240602,MIL,CHA,6,3,642547,680897,F
746871,20240602,CHN,CIN,2,5,676962,666157,F
745330,20240602,SFN,NYA,5,7,605483,641482,F
746141,20240602,LAN,COL,4,0,694813,596295,F
745252,20240602,SEA,ANA,5,1,622491,656288,F
745572,20240602,PHI,SLN,4,5,592836,458681,F
745569,20240603,PHI,MIL,3,1,554430,657649,F
744854,20240603,WAS,NYN,7,8,669022,656731,F
744930,20240603,TOR,BAL,2,7,592332,680570,F
745009,20240603,TEX,DET,1,2,543135,669373,F
746382,20240603,HOU,SLN,7,4,434378,502043,F
746548,20240603,COL,CIN,3,13,663372,671096,F
746224,20240603,ANA,SDN,2,1,542881,663362,F
747194,20240603,ARI,SFN,4,2,669194,669062,F
746630,20240604,CLE,KCA,8,5,663474,607625,F
745497,20240604,PIT,LAN,1,0,683003,607192,F
746060,20240604,MIA,TBA,5,9,666200,686752,F
745568,20240604,PHI,MIL,2,1,650911,657649,F
744850,20240604,WAS,NYN,3,6,687792,656849,F
745739,20240604,NYA,MIN,5,1,661563,641927,F
744931,20240604,TOR,BAL,1,10,670950,669203,F
746949,20240604,BOS,ATL,3,8,676710,608331,F
745010,20240604,TEX,DET,1,3,641540,656427,F
746872,20240604,CHN,CHA,7,6,684007,623167,F
746380,20240604,HOU,SLN,8,5,681293,669467,F
746550,20240604,COL,CIN,1,4,621389,593423,F
746222,20240604,ANA,SDN,4,2,663776,800049,F
745656,20240604,ATH,SEA,3,4,687765,669923,F
747196,20240604,ARI,SFN,8,5,686796,690986,F
746950,20240605,BOS,ATL,9,0,601713,680885,F
746379,20240605,HOU,SLN,2,4,669854,571945,F
746544,20240605,COL,CIN,7,12,641712,668933,F
747195,20240605,ARI,SFN,3,9,656756,663855,F
744852,20240605,WAS,NYN,1,9,571578,622663,F
745570,20240605,PHI,MIL,2,0,605400,676879,F
745494,20240605,PIT,LAN,10,6,694973,572020,F
746056,20240605,MIA,TBA,3,5,666129,621107,F
745740,20240605,NYA,MIN,9,5,607074,663978,F
744927,20240605,TOR,BAL,3,2,621244,544150,F
745007,20240605,TEX,DET,9,1,570632,628317,F
746873,20240605,CHN,CHA,7,6,592791,607200,F
746221,20240605,ANA,SDN,3,2,667755,656302,F
745654,20240605,ATH,SEA,2,1,683155,669302,F
746628,20240826,CLE,KCA,,,680704,666142,F
744923,20240606,TOR,BAL,6,5,579328,700249,F
746631,20240606,CLE,KCA,3,4,676440,663903,F
745657,20240606,ATH,SEA,0,3,676664,693433,F
745495,20240606,PIT,LAN,7,11,663559,621111,F
744844,20240606,WAS,ATL,2,5,680730,625643,F
745738,20240606,NYA,MIN,8,5,573186,641154,F
746707,20240606,CIN,CHN,8,4,668881,665871,F
745174,20240606,SLN,COL,2,3,543243,615698,F
746784,20240606,CHA,BOS,2,14,663765,656557,F
745408,20240606,SDN,ARI,3,4,681190,677944,F
745169,20240607,SLN,COL,8,5,458681,596295,F
745496,20240607,PIT,MIN,3,0,656605,657746,F
746466,20240607,DET,MIL,0,10,681857,668964,F
744845,20240607,WAS,ATL,2,1,663623,519242,F
745083,20240607,TBA,BAL,3,6,650644,608344,F
745737,20240607,NYA,LAN,1,2,547001,808967,F
746704,20240607,CIN,CHN,3,2,666157,657006,F
746053,20240607,MIA,CLE,3,2,677960,671106,F
745008,20240607,TEX,SFN,2,5,547179,657277,F
746302,20240607,KCA,SEA,10,9,663738,682243,F
746785,20240607,CHA,BOS,7,2,676979,681867,F
746220,20240607,ANA,HOU,1,7,656288,664285,F
745406,20240607,SDN,ARI,10,3,650633,694297,F
745655,20240607,ATH,TOR,2,1,663687,605135,F
745814,20240608,NYN,PHI,2,7,640455,624133,F
745001,20240608,TEX,SFN,1,3,571760,675921,F
745492,20240608,PIT,MIN,4,0,669387,680573,F
744848,20240608,WAS,ATL,7,3,669022,450203,F
745652,20240608,ATH,TOR,0,7,665622,592332,F
746703,20240608,CIN,CHN,4,3,671096,676962,F
746300,20240608,KCA,SEA,8,4,679525,622491,F
745082,20240608,TBA,BAL,0,5,671737,680694,F
746786,20240608,CHA,BOS,6,1,680897,678394,F
746461,20240608,DET,MIL,4,5,663554,642547,F
745166,20240608,SLN,COL,5,6,502043,663372,F
746057,20240608,MIA,CLE,0,8,682610,594902,F
745735,20240608,NYA,LAN,3,11,641482,694813,F
745410,20240608,SDN,ARI,13,1,663362,669194,F
746223,20240608,ANA,HOU,1,6,542881,686613,F
745571,20240609,PHI,NYN,5,6,592836,500779,F
745003,20240609,TEX,SFN,7,2,543135,676775,F
745491,20240609,PIT,MIN,5,11,683003,641927,F
744849,20240609,WAS,ATL,8,5,687792,694462,F
746705,20240609,CIN,CHN,2,4,593423,684007,F
745085,20240609,TBA,BAL,2,9,641793,680570,F
746054,20240609,MIA,CLE,3,6,669432,471911,F
746463,20240609,DET,MIL,10,2,669373,669060,F
746297,20240609,KCA,SEA,5,6,666142,669923,F
746787,20240609,CHA,BOS,4,6,623167,677161,F
745167,20240609,SLN,COL,5,1,669467,621389,F
746216,20240609,ANA,HOU,9,7,663776,434378,F
745651,20240609,ATH,TOR,4,6,687765,670102,F
745407,20240609,SDN,ARI,3,9,800049,543518,F
745736,20240609,NYA,LAN,6,4,661563,607192,F
745080,20240610,TBA,BAL,2,5,686752,669203,F
745897,20240610,MIN,COL,5,0,663978,641712,F
746295,20240610,KCA,NYA,2,4,607625,607074,F
745982,20240610,MIL,TOR,3,1,607067,621244,F
745409,20240610,SDN,ATH,6,1,656302,683155,F
745248,20240610,SEA,CHA,8,4,669302,607200,F
745334,20240610,SFN,HOU,4,3,690986,681293,F
747027,20240611,BAL,ATL,4,0,544150,608331,F
746464,20240611,DET,WAS,4,5,628317,680730,F
745077,20240611,TBA,CHN,5,2,621107,592791,F
746702,20240611,CIN,CLE,3,5,608718,663474,F
746951,20240611,BOS,PHI,1,4,676710,554430,F
745815,20240611,NYN,MIA,2,4,656731,666200,F
745899,20240611,MIN,COL,4,5,686973,615698,F
745170,20240611,SLN,PIT,1,2,571945,694973,F
746296,20240611,KCA,NYA,1,10,663903,573186,F
745981,20240611,MIL,TOR,0,3,692230,579328,F
747190,20240611,ARI,ANA,9,4,656756,660761,F
745404,20240611,SDN,ATH,4,3,681190,676664,F
745244,20240611,SEA,CHA,4,3,646242,689672,F
745327,20240611,SFN,HOU,1,3,663855,669854,F
746139,20240611,LAN,TEX,15,2,572020,641540,F
745896,20240612,MIN,COL,17,9,641154,596295,F
745978,20240612,MIL,TOR,5,4,668964,605135,F
745328,20240612,SFN,HOU,5,3,657277,664285,F
745405,20240612,SDN,ATH,5,4,650633,663687,F
747028,20240612,BAL,ATL,4,2,700249,680885,F
746462,20240612,DET,WAS,5,7,681857,663623,F
745079,20240612,TBA,CHN,3,4,650644,665871,F
746701,20240612,CIN,CLE,4,2,666157,676440,F
746948,20240612,BOS,PHI,8,6,601713,650911,F
745811,20240612,NYN,MIA,10,4,656849,666129,F
745171,20240612,SLN,PIT,4,2,543243,663559,F
746294,20240612,KCA,NYA,5,11,656186,547001,F
747193,20240612,ARI,ANA,3,8,677944,667755,F
745246,20240612,SEA,CHA,2,1,682243,686563,F
746137,20240612,LAN,TEX,2,3,621111,592351,F
747026,20240613,BAL,ATL,3,6,608344,625643,F
746465,20240613,DET,WAS,7,2,663554,571578,F
746299,20240613,KCA,NYA,4,3,679525,641482,F
745168,20240613,SLN,PIT,4,3,458681,656605,F
745075,20240613,TBA,CHN,3,2,671737,657006,F
746944,20240613,BOS,PHI,9,3,656557,605400,F
745809,20240613,NYN,MIA,3,2,622663,682610,F
745894,20240613,MIN,ATH,6,2,657746,665622,F
747192,20240613,ARI,ANA,11,1,694297,656288,F
745245,20240613,SEA,CHA,2,3,676106,676979,F
746136,20240613,LAN,TEX,1,3,675627,547179,F
746869,20240614,CHN,SLN,0,3,696136,502043,F
746947,20240614,BOS,NYA,1,8,678394,661563,F
744847,20240614,WAS,MIA,8,1,669022,641312,F
747025,20240614,BAL,PHI,3,5,680694,624133,F
744924,20240614,TOR,CLE,1,3,592332,671106,F
745810,20240614,NYN,SDN,2,1,640455,663362,F
747112,20240614,ATL,TBA,7,3,519242,641793,F
746378,20240614,HOU,DET,4,0,686613,669373,F
745892,20240614,MIN,ATH,6,5,680573,687765,F
745979,20240614,MIL,CIN,5,6,642547,668881,F
746545,20240614,COL,PIT,2,5,663372,669387,F
747191,20240614,ARI,CHA,7,1,669194,623167,F
746134,20240614,LAN,KCA,4,3,694813,666142,F
745247,20240614,SEA,TEX,3,2,622491,571760,F
745326,20240614,SFN,ANA,6,8,675921,542881,F
746865,20240615,CHN,SLN,5,1,684007,669467,F
744925,20240615,TOR,CLE,5,0,670950,471911,F
745329,20240615,SFN,ANA,3,4,676775,663776,F
747024,20240615,BAL,PHI,6,2,680570,592836,F
744846,20240615,WAS,MIA,4,0,687792,669432,F
746381,20240615,HOU,DET,5,13,681293,656427,F
745805,20240615,NYN,SDN,5,1,500779,800049,F
747113,20240615,ATL,TBA,9,2,450203,686752,F
745976,20240615,MIL,CIN,3,1,657649,671096,F
745241,20240615,SEA,TEX,7,5,669923,543135,F
746946,20240615,BOS,NYA,8,4,681867,607074,F
746135,20240615,LAN,KCA,2,7,808967,607625,F
746547,20240615,COL,PIT,16,4,621389,683003,F
747187,20240615,ARI,CHA,2,9,543518,607200,F
745891,20240616,MIN,ATH,,,663978,683155,F
746866,20240616,CHN,SLN,1,2,592791,571945,F
747023,20240616,BAL,PHI,8,3,669203,554430,F
747109,20240616,ATL,TBA,6,8,694462,621107,F
744839,20240616,WAS,MIA,3,1,680730,666200,F
744926,20240616,TOR,CLE,7,6,621244,594902,F
745807,20240616,NYN,SDN,11,6,656731,656302,F
746377,20240616,HOU,DET,4,1,669854,628317,F
745895,20240616,MIN,ATH,6,2,641927,676664,F
745891,20240616,MIN,ATH,8,7,663978,683155,F
745977,20240616,MIL,CIN,5,4,607067,593423,F
746546,20240616,COL,PIT,2,8,641712,676596,F
745321,20240616,SFN,ANA,13,6,669062,690829,F
746130,20240616,LAN,KCA,3,0,607192,663903,F
745242,20240616,SEA,TEX,5,0,669302,641540,F
747189,20240616,ARI,CHA,12,5,656756,689672,F
746945,20240616,BOS,NYA,9,3,676710,573186,F
745490,20240617,PIT,CIN,4,1,694973,686730,F
745567,20240617,PHI,SDN,9,2,650911,681190,F
746055,20240617,MIA,SLN,6,7,666129,543243,F
744918,20240617,TOR,BOS,3,7,579328,601713,F
747108,20240617,ATL,DET,2,1,608331,681857,F
746868,20240617,CHN,SFN,6,7,665871,663855,F
745005,20240617,TEX,NYN,2,14,592351,656849,F
746543,20240617,COL,LAN,5,9,615698,572020,F
746215,20240617,ANA,MIL,5,3,668676,692230,F
746049,20240618,MIA,SLN,9,8,682610,458681,F
745488,20240618,PIT,CIN,1,2,663559,666157,F
746627,20240618,CLE,SEA,5,8,663474,682243,F
745563,20240618,PHI,SDN,4,3,605400,650633,F
744843,20240618,WAS,ARI,0,5,663623,677944,F
745733,20240618,NYA,BAL,4,2,641482,544150,F
744917,20240618,TOR,BOS,3,4,605135,656557,F
747107,20240618,ATL,DET,2,1,680885,663554,F
745893,20240618,MIN,TBA,7,6,641154,650644,F
746867,20240618,CHN,SFN,5,2,657006,657277,F
745004,20240618,TEX,NYN,6,7,547179,622663,F
746783,20240618,CHA,HOU,2,0,686563,664285,F
746542,20240618,COL,LAN,9,11,596295,621111,F
746217,20240618,ANA,MIL,3,6,656288,668964,F
745650,20240618,ATH,KCA,7,5,663687,679525,F
747106,20240619,ATL,DET,7,0,625643,669373,F
745489,20240619,PIT,CIN,1,0,656605,668881,F
746050,20240619,MIA,SLN,4,3,630023,669461,F
745561,20240619,PHI,SDN,2,5,624133,663362,F
746864,20240619,CHN,SFN,6,5,543294,669062,F
744842,20240619,WAS,ARI,3,1,571578,694297,F
746625,20240619,CLE,SEA,8,0,676440,693433,F
745732,20240619,NYA,BAL,6,7,543037,700249,F
744920,20240619,TOR,BOS,3,7,592332,678394,F
745887,20240619,MIN,TBA,2,3,657746,671737,F
745002,20240619,TEX,NYN,5,3,571760,640455,F
746781,20240619,CHA,HOU,1,4,676979,686613,F
746538,20240619,COL,LAN,7,6,663372,676272,F
746219,20240619,ANA,MIL,0,2,542881,642547,F
745646,20240619,ATH,KCA,5,1,665622,666142,F
744841,20240620,WAS,ARI,2,5,669022,669194,F
746626,20240620,CLE,SEA,6,3,671106,622491,F
745889,20240620,MIN,TBA,6,7,680573,641793,F
746782,20240620,CHA,HOU,3,5,623167,681293,F
746539,20240620,COL,LAN,3,5,621389,694813,F
745645,20240620,ATH,KCA,2,3,687765,607625,F
745734,20240620,NYA,BAL,5,17,661563,608344,F
745164,20240620,SLN,SFN,6,5,669467,676775,F
745401,20240620,SDN,MIL,7,6,800049,669060,F
746861,20240621,CHN,NYN,1,11,684007,500779,F
745483,20240621,PIT,TBA,3,10,669387,686752,F
745562,20240621,PHI,ARI,4,5,592836,656756,F
746460,20240621,DET,CHA,2,1,656427,607200,F
745729,20240621,NYA,ATL,1,8,607074,519242,F
746698,20240621,CIN,BOS,5,2,671096,676710,F
746624,20240621,CLE,TOR,7,1,471911,684320,F
746052,20240621,MIA,SEA,3,2,669432,669923,F
745006,20240621,TEX,KCA,6,2,543135,663903,F
746375,20240621,HOU,BAL,14,11,814005,680570,F
746540,20240621,COL,WAS,5,11,641712,687792,F
745649,20240621,ATH,MIN,6,5,683155,663978,F
745403,20240621,SDN,MIL,9,5,656302,607067,F
746131,20240621,LAN,ANA,2,3,689017,663776,F
746459,20240622,DET,CHA,1,5,628317,689672,F
745163,20240622,SLN,SFN,9,4,571945,663855,F
746863,20240622,CHN,NYN,8,1,592791,656731,F
745486,20240622,PIT,TBA,4,3,683003,621107,F
744997,20240622,TEX,KCA,6,0,592351,608379,F
745564,20240622,PHI,ARI,12,1,554430,674072,F
745644,20240622,ATH,MIN,2,10,676664,641927,F
746700,20240622,CIN,BOS,3,4,593423,601713,F
746376,20240622,HOU,BAL,5,1,669854,669203,F
746622,20240622,CLE,TOR,6,3,594902,621244,F
746048,20240622,MIA,SEA,0,9,641312,669302,F
745731,20240622,NYA,ATL,8,3,573186,450203,F
745402,20240622,SDN,MIL,6,4,681190,692230,F
746541,20240622,COL,WAS,8,7,615698,680730,F
746132,20240622,LAN,ANA,7,2,607192,668676,F
745566,20240623,PHI,ARI,4,1,650911,677944,F
745485,20240623,PIT,TBA,1,3,694973,650644,F
745727,20240623,NYA,ATL,1,3,641482,608331,F
746699,20240623,CIN,BOS,4,7,666157,677161,F
746621,20240623,CLE,TOR,6,5,663474,579328,F
746457,20240623,DET,CHA,11,2,681857,686563,F
746051,20240623,MIA,SEA,6,4,667725,682243,F
746373,20240623,HOU,BAL,8,1,664285,544150,F
745165,20240623,SLN,SFN,5,3,543243,657277,F
745000,20240623,TEX,KCA,4,0,453286,679525,F
746536,20240623,COL,WAS,1,2,607536,663623,F
745648,20240623,ATH,MIN,0,3,663687,641154,F
745396,20240623,SDN,MIL,2,6,650633,668964,F
746862,20240623,CHN,NYN,2,5,665871,622663,F
747021,20240624,BAL,CLE,2,3,700249,676440,F
746458,20240624,DET,PHI,1,8,663554,605400,F
745078,20240624,TBA,SEA,4,3,671737,693433,F
746696,20240624,CIN,PIT,11,5,686730,663559,F
746941,20240624,BOS,TOR,7,6,656557,605135,F
745160,20240624,SLN,ATL,4,3,458681,680885,F
746780,20240624,CHA,LAN,0,3,676979,572020,F
746298,20240624,KCA,MIA,4,1,666142,682610,F
745974,20240624,MIL,TEX,6,3,642547,547179,F
746218,20240624,ANA,ATH,5,1,656288,665622,F
745397,20240624,SDN,WAS,7,6,663362,571578,F
745323,20240624,SFN,CHN,5,4,669062,657006,F
747022,20240625,BAL,CLE,8,10,608344,671106,F
746454,20240625,DET,PHI,4,1,669373,624133,F
745076,20240625,TBA,SEA,11,3,641793,622491,F
746697,20240625,CIN,PIT,5,9,668881,656605,F
746943,20240625,BOS,TOR,4,9,678394,592332,F
745806,20240625,NYN,NYA,9,7,656849,543037,F
746372,20240625,HOU,COL,5,2,686613,596295,F
746775,20240625,CHA,LAN,3,4,623167,676272,F
746293,20240625,KCA,MIA,1,2,607625,630023,F
745973,20240625,MIL,TEX,3,1,571948,571760,F
746213,20240625,ANA,ATH,7,5,542881,687765,F
745399,20240625,SDN,WAS,9,7,800049,669022,F
747188,20240625,ARI,MIN,5,4,694297,657746,F
745322,20240625,SFN,CHN,5,1,678495,543294,F
745157,20240626,SLN,ATL,,,502043,625643,F
745073,20240626,TBA,SEA,2,5,686752,669923,F
746695,20240626,CIN,PIT,1,6,668933,682847,F
746456,20240626,DET,PHI,2,6,663947,605513,F
745157,20240626,SLN,ATL,2,6,502043,625643,F
745158,20240626,SLN,ATL,4,1,669461,693821,F
746374,20240626,HOU,COL,7,1,681293,663372,F
746291,20240626,KCA,MIA,5,1,663903,678368,F
745975,20240626,MIL,TEX,6,5,572971,543135,F
746212,20240626,ANA,ATH,5,2,672710,683155,F
745400,20240626,SDN,WAS,8,5,656302,687792,F
747019,20240626,BAL,CLE,4,2,680570,471911,F
746942,20240626,BOS,TOR,1,4,676710,684320,F
745808,20240626,NYN,NYA,12,2,640455,661563,F
746777,20240626,CHA,LAN,0,4,607200,694813,F
747184,20240626,ARI,MIN,3,8,669194,680573,F
745325,20240626,SFN,CHN,4,3,806185,669713,F
747185,20240627,ARI,MIN,6,13,656756,701581,F
745324,20240627,SFN,CHN,3,5,663855,684007,F
746816,20240627,CHA,ATL,1,0,641771,519242,F
745565,20240627,PHI,MIA,4,7,554430,669432,F
747020,20240627,BAL,TEX,11,2,669203,592351,F
744919,20240627,TOR,NYA,9,2,621244,607074,F
745162,20240627,SLN,CIN,4,11,571945,671096,F
746288,20240627,KCA,CLE,2,1,608379,594902,F
746210,20240627,ANA,DET,5,0,669721,656427,F
745560,20240628,PHI,MIA,2,0,650911,667725,F
745070,20240628,TBA,WAS,3,1,621107,680730,F
747017,20240628,BAL,TEX,2,1,544150,453286,F
744922,20240628,TOR,NYA,5,16,579328,573186,F
745804,20240628,NYN,HOU,7,2,500779,669854,F
746939,20240628,BOS,SDN,2,9,601713,681190,F
746776,20240628,CHA,COL,5,3,689672,641712,F
747105,20240628,ATL,PIT,6,1,450203,527048,F
746292,20240628,KCA,CLE,10,3,679525,663474,F
745970,20240628,MIL,CHN,4,2,607067,592791,F
745161,20240628,SLN,CIN,1,0,669467,593423,F
746214,20240628,ANA,DET,5,2,668676,628317,F
747183,20240628,ARI,ATH,4,9,677944,676664,F
745238,20240628,SEA,MIN,3,2,669302,641927,F
745319,20240628,SFN,LAN,5,3,657277,689017,F
746778,20240629,CHA,COL,11,3,686563,615698,F
745159,20240629,SLN,CIN,4,9,543243,686730,F
744921,20240629,TOR,NYA,9,3,605135,641482,F
745559,20240629,PHI,MIA,2,3,605400,682610,F
746289,20240629,KCA,CLE,2,7,666142,676440,F
745801,20240629,NYN,HOU,6,9,656731,664285,F
747186,20240629,ARI,ATH,3,0,668678,663687,F
746940,20240629,BOS,SDN,1,11,656557,650633,F
745071,20240629,TBA,WAS,1,8,650644,663623,F
747104,20240629,ATL,PIT,2,1,608331,694973,F
745972,20240629,MIL,CHN,3,5,668964,657006,F
745317,20240629,SFN,LAN,7,14,669062,607192,F
747018,20240629,BAL,TEX,6,5,700249,547179,F
746211,20240629,ANA,DET,6,5,656288,681857,F
745239,20240629,SEA,MIN,1,5,682243,641154,F
747101,20240630,ATL,PIT,2,4,680885,663559,F
746938,20240630,BOS,SDN,4,1,670174,663362,F
745555,20240630,PHI,MIA,7,6,624133,630023,F
744916,20240630,TOR,NYA,1,8,592332,543037,F
745802,20240630,NYN,HOU,5,10,622663,681869,F
745072,20240630,TBA,WAS,5,0,671737,571578,F
746290,20240630,KCA,CLE,6,2,607625,671106,F
746779,20240630,CHA,COL,4,5,676979,607536,F
745971,20240630,MIL,CHN,7,1,642547,543294,F
745154,20240630,SLN,CIN,2,0,458681,668881,F
745320,20240630,SFN,LAN,10,4,702352,572020,F
746209,20240630,ANA,DET,6,7,542881,663554,F
747182,20240630,ARI,ATH,5,1,694297,665622,F
745243,20240630,SEA,MIN,3,5,622491,657746,F
747016,20240630,BAL,TEX,2,11,608344,571760,F
744914,20240701,TOR,HOU,1,3,684320,686613,F
744840,20240701,WAS,NYN,7,9,669022,656849,F
746535,20240701,COL,MIL,8,7,596295,642239,F
745482,20240702,PIT,SLN,4,7,656605,502043,F
746623,20240702,CLE,CHA,7,6,471911,623167,F
746047,20240702,MIA,BOS,3,8,678368,676710,F
744838,20240702,WAS,NYN,2,7,687792,640455,F
745730,20240702,NYA,CIN,4,5,661563,668933,F
744913,20240702,TOR,HOU,7,6,621244,681293,F
747102,20240702,ATL,SFN,3,5,625643,806185,F
745886,20240702,MIN,DET,5,3,680573,669373,F
744999,20240702,TEX,SDN,7,0,543135,656302,F
746860,20240702,CHN,PHI,4,6,669713,675650,F
746282,20240702,KCA,TBA,1,5,663903,641793,F
746537,20240702,COL,MIL,3,4,663372,572971,F
745647,20240702,ATH,ANA,7,5,687765,667755,F
745240,20240702,SEA,BAL,0,2,669923,680570,F
746133,20240702,LAN,ARI,6,5,676272,573009,F
745487,20240703,PIT,SLN,5,4,683003,571945,F
746617,20240703,CLE,CHA,2,8,668909,607200,F
746045,20240703,MIA,BOS,2,7,669432,678394,F
744837,20240703,WAS,NYN,7,5,680730,681035,F
745728,20240703,NYA,CIN,2,3,607074,671096,F
744915,20240703,TOR,HOU,2,9,579328,669854,F
747100,20240703,ATL,SFN,3,1,519242,663855,F
744998,20240703,TEX,SDN,4,6,592351,800049,F
746858,20240703,CHN,PHI,3,5,684007,554430,F
746283,20240703,KCA,TBA,4,2,608379,686752,F
745888,20240703,MIN,DET,2,9,701581,672456,F
746534,20240703,COL,MIL,0,3,641712,607067,F
745643,20240703,ATH,ANA,5,0,683155,669721,F
746128,20240703,LAN,ARI,4,12,694813,691441,F
745234,20240703,SEA,BAL,1,4,669302,665152,F
744834,20240704,WAS,NYN,1,0,663623,500779,F
745484,20240704,PIT,SLN,2,3,527048,669467,F
745726,20240704,NYA,CIN,4,8,573186,593423,F
744912,20240704,TOR,HOU,3,5,605135,664285,F
745890,20240704,MIN,DET,12,3,641927,628317,F
746619,20240704,CLE,CHA,8,4,594902,694363,F
746043,20240704,MIA,BOS,5,6,667725,601713,F
746857,20240704,CHN,PHI,10,2,592791,650911,F
744996,20240704,TEX,SDN,1,3,453286,650633,F
745641,20240704,ATH,ANA,5,0,676664,672710,F
745236,20240704,SEA,BAL,7,3,682243,669203,F
747103,20240704,ATL,SFN,2,4,450203,657277,F
746285,20240704,KCA,TBA,8,10,679525,621107,F
746532,20240704,COL,MIL,4,3,615698,668964,F
746126,20240704,LAN,ARI,3,9,689017,668678,F
746859,20240705,CHN,ANA,5,1,657006,656288,F
745479,20240705,PIT,NYN,14,2,694973,622663,F
744836,20240705,WAS,SLN,6,7,571578,543243,F
745725,20240705,NYA,BOS,3,5,641482,656557,F
746693,20240705,CIN,DET,4,5,686730,681857,F
746620,20240705,CLE,SFN,2,4,676440,669062,F
746046,20240705,MIA,CHA,2,3,663773,689672,F
747097,20240705,ATL,PHI,6,8,608331,605400,F
744992,20240705,TEX,TBA,3,0,547179,669358,F
746533,20240705,COL,KCA,4,2,607536,666142,F
745884,20240705,MIN,HOU,12,13,641154,681869,F
745639,20240705,ATH,BAL,2,3,663687,544150,F
745398,20240705,SDN,ARI,10,8,681190,677944,F
745237,20240705,SEA,TOR,2,1,622491,592332,F
746127,20240705,LAN,MIL,8,5,607192,650644,F
745724,20240706,NYA,BOS,14,4,543037,670174,F
745885,20240706,MIN,HOU,9,3,657746,686613,F
746856,20240706,CHN,ANA,0,7,543294,542881,F
745476,20240706,PIT,NYN,2,5,663559,656849,F
744835,20240706,WAS,SLN,14,6,669022,458681,F
744995,20240706,TEX,TBA,4,3,571760,671737,F
745642,20240706,ATH,BAL,19,8,665622,700249,F
746694,20240706,CIN,DET,3,5,668881,656412,F
746615,20240706,CLE,SFN,5,4,671106,690986,F
745235,20240706,SEA,TOR,4,5,676106,684320,F
746044,20240706,MIA,CHA,4,3,630023,676979,F
747099,20240706,ATL,PHI,5,1,680885,624133,F
746129,20240706,LAN,MIL,5,3,572020,642547,F
746529,20240706,COL,KCA,3,1,596295,607625,F
745395,20240706,SDN,ARI,5,7,663362,694297,F
745477,20240707,PIT,NYN,2,3,682847,640455,F
744832,20240707,WAS,SLN,3,8,687792,502043,F
747098,20240707,ATL,PHI,6,0,625643,675650,F
746691,20240707,CIN,DET,1,5,668933,669373,F
746616,20240707,CLE,SFN,5,4,471911,806185,F
746039,20240707,MIA,CHA,7,4,665795,686563,F
745883,20240707,MIN,HOU,3,2,680573,681293,F
746855,20240707,CHN,ANA,5,0,669713,667755,F
744993,20240707,TEX,TBA,13,2,543135,641793,F
746530,20240707,COL,KCA,1,10,685299,663903,F
745637,20240707,ATH,BAL,3,6,687765,680570,F
745391,20240707,SDN,ARI,1,9,656302,669194,F
745233,20240707,SEA,TOR,4,5,669923,621244,F
746122,20240707,LAN,MIL,2,9,680736,572971,F
745723,20240707,NYA,BOS,0,3,661563,676710,F
745480,20240708,PIT,NYN,8,2,656605,681035,F
744833,20240708,WAS,SLN,0,6,680730,571945,F
746455,20240708,DET,CLE,1,0,672456,668909,F
746692,20240708,CIN,COL,6,0,671096,663372,F
746771,20240708,CHA,MIN,6,8,623167,663978,F
746208,20240708,ANA,TEX,4,9,669721,592351,F
747181,20240708,ARI,ATL,4,5,700270,693821,F
747014,20240709,BAL,CHN,2,9,665152,592791,F
746451,20240709,DET,CLE,8,9,628317,594902,F
745557,20240709,PHI,LAN,10,1,554430,676272,F
745074,20240709,TBA,NYA,5,3,686752,607074,F
746690,20240709,CIN,COL,12,6,666157,615698,F
745803,20240709,NYN,WAS,7,5,500779,663623,F
746937,20240709,BOS,ATH,12,9,678394,683155,F
746368,20240709,HOU,MIA,4,3,669854,669432,F
745968,20240709,MIL,PIT,2,12,607067,676596,F
746206,20240709,ANA,TEX,4,5,672710,453286,F
745393,20240709,SDN,SEA,3,8,800049,669302,F
747180,20240709,ARI,ATL,2,6,668678,519242,F
745316,20240709,SFN,TOR,4,3,605483,579328,F
745155,20240710,SLN,KCA,,,669467,679525,F
746773,20240710,CHA,MIN,,,689672,641154,F
745155,20240710,SLN,KCA,4,6,669467,679525,F
745156,20240710,SLN,KCA,5,8,700669,608379,F
746772,20240710,CHA,MIN,3,1,607200,641927,F
746773,20240710,CHA,MIN,2,3,689672,641154,F
747015,20240710,BAL,CHN,0,4,669203,684007,F
746453,20240710,DET,CLE,5,4,681857,676440,F
745394,20240710,SDN,SEA,0,2,650633,682243,F
745069,20240710,TBA,NYA,1,2,621107,573186,F
745556,20240710,PHI,LAN,4,3,650911,694813,F
746689,20240710,CIN,COL,5,6,593423,607536,F
745796,20240710,NYN,WAS,6,2,622663,571578,F
746934,20240710,BOS,ATH,2,5,601713,676664,F
746366,20240710,HOU,MIA,9,1,664285,663773,F
745969,20240710,MIL,PIT,9,0,668964,527048,F
746205,20240710,ANA,TEX,7,2,656288,547179,F
747179,20240710,ARI,ATL,7,5,677944,450203,F
745318,20240710,SFN,TOR,6,10,657277,605135,F
746688,20240711,CIN,COL,8,1,668881,596295,F
746452,20240711,DET,CLE,10,1,656427,675921,F
745799,20240711,NYN,WAS,7,0,656849,669022,F
745967,20240711,MIL,PIT,0,1,650644,694973,F
745313,20240711,SFN,TOR,3,5,663855,592332,F
745558,20240711,PHI,LAN,5,1,605400,607455,F
747011,20240711,BAL,CHN,0,8,544150,657006,F
745065,20240711,TBA,NYA,5,4,669358,641482,F
746935,20240711,BOS,ATH,7,0,656557,665622,F
746367,20240711,HOU,MIA,6,3,814005,682610,F
746204,20240711,ANA,SEA,0,11,686799,622491,F
747178,20240711,ARI,ATL,1,0,694297,608331,F
746450,20240712,DET,LAN,3,4,669373,572020,F
745552,20240712,PHI,ATH,2,6,624133,663687,F
745064,20240712,TBA,CLE,2,0,671737,471911,F
747012,20240712,BAL,NYA,1,4,700249,543037,F
746936,20240712,BOS,KCA,1,6,681867,666142,F
745800,20240712,NYN,COL,7,6,640455,685299,F
746685,20240712,CIN,MIA,7,4,686730,630023,F
746371,20240712,HOU,TEX,6,3,686613,571760,F
746774,20240712,CHA,PIT,1,4,676979,594835,F
745965,20240712,MIL,WAS,2,5,642547,671131,F
745153,20240712,SLN,CHN,1,5,543243,543294,F
746207,20240712,ANA,SEA,6,5,542881,693433,F
747175,20240712,ARI,TOR,5,4,669194,684320,F
745390,20240712,SDN,ATL,1,6,663362,680885,F
745312,20240712,SFN,MIN,7,1,690986,657746,F
746447,20240713,DET,LAN,11,9,672456,680736,F
746766,20240713,CHA,PIT,2,6,623167,682847,F
745152,20240713,SLN,CHN,11,3,458681,669713,F
745175,20240713,SLN,CHN,5,4,502043,665871,F
745549,20240713,PHI,ATH,11,5,663969,687765,F
747013,20240713,BAL,NYA,1,6,680570,661563,F
746930,20240713,BOS,KCA,5,0,676710,607625,F
745798,20240713,NYN,COL,7,3,681035,663372,F
745067,20240713,TBA,CLE,2,4,641793,668909,F
746369,20240713,HOU,TEX,1,2,681293,543135,F
746687,20240713,CIN,MIA,10,6,671096,665795,F
745963,20240713,MIL,WAS,5,6,572971,680730,F
745311,20240713,SFN,MIN,2,4,806185,680573,F
745392,20240713,SDN,ATL,4,0,656302,625643,F
746202,20240713,ANA,SEA,2,1,667755,669923,F
747177,20240713,ARI,TOR,12,1,700270,621244,F
747009,20240714,BAL,NYA,6,5,665152,607074,F
746932,20240714,BOS,KCA,5,4,678394,663903,F
745551,20240714,PHI,ATH,3,18,689147,683155,F
746449,20240714,DET,LAN,4,3,689225,641703,F
745797,20240714,NYN,COL,5,8,500779,608566,F
745066,20240714,TBA,CLE,2,0,686752,594902,F
746686,20240714,CIN,MIA,2,3,666157,669432,F
746370,20240714,HOU,TEX,2,4,669854,453286,F
746769,20240714,CHA,PIT,4,9,694363,656605,F
745962,20240714,MIL,WAS,9,3,642239,663623,F
745151,20240714,SLN,CHN,3,8,571945,592791,F
745314,20240714,SFN,MIN,3,2,605483,663978,F
746201,20240714,ANA,SEA,3,2,608334,669302,F
747176,20240714,ARI,TOR,7,8,668678,579328,F
745385,20240714,SDN,ATL,3,6,681190,519242,F
746854,20240719,CHN,ARI,2,5,657006,669194,F
745481,20240719,PIT,PHI,8,7,527048,605400,F
744829,20240719,WAS,CIN,8,5,571578,593423,F
745721,20240719,NYA,TBA,6,1,543037,621107,F
744911,20240719,TOR,DET,4,5,605135,656427,F
746618,20240719,CLE,SDN,7,0,676440,663362,F
746040,20240719,MIA,NYN,6,4,665795,640455,F
744990,20240719,TEX,BAL,1,9,543135,669203,F
746284,20240719,KCA,CHA,7,1,608379,623167,F
746531,20240719,COL,SFN,7,3,615698,690986,F
745640,20240719,ATH,ANA,13,3,676664,656288,F
746123,20240719,LAN,BOS,4,1,694813,601713,F
745228,20240719,SEA,HOU,0,3,622491,686613,F
747093,20240720,ATL,SLN,,,450203,502043,F
745720,20240720,NYA,TBA,1,9,641482,671737,F
747093,20240720,ATL,SLN,3,2,450203,502043,F
747096,20240720,ATL,SLN,5,9,693821,543243,F
744910,20240720,TOR,DET,3,7,579328,681857,F
745638,20240720,ATH,ANA,8,2,687765,686799,F
746041,20240720,MIA,NYN,0,1,682610,622663,F
745478,20240720,PIT,PHI,4,1,682847,650911,F
744830,20240720,WAS,CIN,5,4,669022,666157,F
744994,20240720,TEX,BAL,4,8,453286,680570,F
746613,20240720,CLE,SDN,0,7,668909,656302,F
746286,20240720,KCA,CHA,6,1,663903,686563,F
745880,20240720,MIN,MIL,4,8,641154,642547,F
746852,20240720,CHN,ARI,0,3,543294,668678,F
746121,20240720,LAN,BOS,7,6,680736,678394,F
746527,20240720,COL,SFN,4,3,607536,657277,F
745229,20240720,SEA,HOU,2,4,669923,664285,F
745882,20240721,MIN,MIL,7,8,657746,650644,F
744831,20240721,WAS,CIN,5,2,663623,671096,F
745470,20240721,PIT,PHI,0,6,594835,663969,F
747094,20240721,ATL,SLN,2,6,680885,571945,F
745722,20240721,NYA,TBA,4,6,573186,669358,F
744909,20240721,TOR,DET,5,4,592332,672456,F
746610,20240721,CLE,SDN,1,2,594902,650633,F
746042,20240721,MIA,NYN,4,2,669432,681035,F
746287,20240721,KCA,CHA,4,1,607625,689672,F
746853,20240721,CHN,ARI,2,1,684007,694297,F
744991,20240721,TEX,BAL,3,2,571760,665152,F
746528,20240721,COL,SFN,2,3,663372,806185,F
745633,20240721,ATH,ANA,5,8,683155,608334,F
745230,20240721,SEA,HOU,6,4,693433,669854,F
746125,20240721,LAN,BOS,9,6,572020,676710,F
745717,20240722,NYA,TBA,9,1,607074,641793,F
746612,20240722,CLE,DET,2,8,471911,669373,F
745473,20240722,PIT,SLN,2,1,656605,669467,F
746034,20240722,MIA,NYN,4,6,630023,656849,F
747095,20240722,ATL,CIN,1,4,625643,668881,F
745881,20240722,MIN,PHI,7,2,641927,624133,F
744988,20240722,TEX,CHA,4,3,547179,607200,F
746850,20240722,CHN,MIL,3,1,665871,668964,F
746280,20240722,KCA,ARI,10,4,666142,700270,F
746526,20240722,COL,BOS,9,8,596295,656557,F
745635,20240722,ATH,HOU,4,0,663687,681293,F
745232,20240722,SEA,ANA,1,3,682243,542881,F
746124,20240722,LAN,SFN,3,2,689981,605483,F
746614,20240723,CLE,DET,5,4,675540,663947,F
745475,20240723,PIT,SLN,1,2,694973,458681,F
746036,20240723,MIA,BAL,6,3,667725,544150,F
744828,20240723,WAS,SDN,0,4,687792,681190,F
745715,20240723,NYA,NYN,2,3,661563,500779,F
744904,20240723,TOR,TBA,2,4,621244,542888,F
745878,20240723,MIN,PHI,0,3,680573,554430,F
744985,20240723,TEX,CHA,3,2,592351,676979,F
746848,20240723,CHN,MIL,0,1,592791,607067,F
746281,20240723,KCA,ARI,2,6,679525,656756,F
746524,20240723,COL,BOS,0,6,621389,681867,F
745632,20240723,ATH,HOU,8,2,674370,814005,F
745227,20240723,SEA,ANA,1,5,669302,667755,F
746118,20240723,LAN,SFN,5,2,689017,663855,F
747090,20240909,ATL,CIN,,,450203,607259,F
747091,20240724,ATL,CIN,4,9,642216,593423,F
745472,20240724,PIT,SLN,5,0,527048,669461,F
745877,20240724,MIN,PHI,5,4,595345,605400,F
746851,20240724,CHN,MIL,2,3,657006,642239,F
746525,20240724,COL,BOS,20,7,615698,601713,F
745634,20240724,ATH,HOU,1,8,676664,686613,F
745231,20240724,SEA,ANA,1,2,622491,656288,F
746611,20240724,CLE,DET,2,1,676440,656427,F
746035,20240724,MIA,BAL,6,3,665795,694646,F
744824,20240724,WAS,SDN,3,12,680730,663362,F
745716,20240724,NYA,NYN,3,12,543037,640455,F
744905,20240724,TOR,TBA,6,3,684320,621107,F
744989,20240724,TEX,CHA,10,2,543135,623167,F
746279,20240724,KCA,ARI,6,8,608379,669194,F
746119,20240724,LAN,SFN,3,8,607192,592662,F
747090,20240909,ATL,CIN,,,450203,607259,F
744827,20240725,WAS,SDN,0,3,571578,656302,F
746037,20240725,MIA,BAL,6,7,682610,669203,F
746609,20240725,CLE,DET,0,3,668909,663947,F
744984,20240725,TEX,CHA,2,1,453286,686563,F
744907,20240725,TOR,TBA,0,13,605135,671737,F
746117,20240725,LAN,SFN,6,4,477132,657277,F
745794,20240725,NYN,ATL,3,2,622663,519242,F
746199,20240725,ANA,ATH,5,6,670046,548389,F
746448,20240726,DET,MIN,3,9,672456,641154,F
745554,20240726,PHI,CLE,1,3,650911,594902,F
745068,20240726,TBA,CIN,2,3,669358,666157,F
747010,20240726,BAL,SDN,4,6,680570,800049,F
744906,20240726,TOR,TEX,6,5,579328,571760,F
745792,20240726,NYN,ATL,8,4,673540,450203,F
746933,20240726,BOS,NYA,9,7,678394,641482,F
746277,20240726,KCA,CHN,6,0,663903,543294,F
746361,20240726,HOU,LAN,5,0,664285,694813,F
746767,20240726,CHA,SEA,0,10,689672,669923,F
745964,20240726,MIL,MIA,2,6,642547,669432,F
745146,20240726,SLN,WAS,8,10,543243,669022,F
746200,20240726,ANA,ATH,4,5,608334,621112,F
747174,20240726,ARI,PIT,4,3,668678,682847,F
745315,20240726,SFN,COL,11,4,690986,607536,F
744908,20240727,TOR,TEX,7,3,592332,547179,F
747006,20240727,BAL,SDN,4,9,665152,650633,F
745059,20240727,TBA,CIN,4,0,641793,671096,F
745793,20240727,NYN,ATL,0,4,656731,680885,F
745553,20240727,PHI,CLE,8,0,663969,471911,F
746446,20240727,DET,MIN,7,2,669373,657746,F
745307,20240727,SFN,COL,4,1,605483,663372,F
745310,20240727,SFN,COL,5,0,806185,685299,F
746278,20240727,KCA,CHN,4,9,607625,684007,F
746362,20240727,HOU,LAN,7,6,669854,680736,F
745966,20240727,MIL,MIA,3,7,650644,676974,F
745150,20240727,SLN,WAS,3,14,502043,663623,F
746768,20240727,CHA,SEA,3,6,607200,693433,F
746931,20240727,BOS,NYA,8,11,676710,573186,F
747171,20240727,ARI,PIT,9,5,694297,594835,F
746203,20240727,ANA,ATH,1,3,542881,687765,F
745063,20240728,TBA,CIN,2,1,542888,668881,F
747008,20240728,BAL,SDN,8,6,544150,681190,F
745550,20240728,PHI,CLE,3,4,663465,676282,F
744902,20240728,TOR,TEX,7,3,621244,592351,F
746445,20240728,DET,MIN,0,5,656412,641927,F
745795,20240728,NYN,ATL,2,9,656849,625643,F
746274,20240728,KCA,CHN,3,7,666142,665871,F
746364,20240728,HOU,LAN,2,6,681293,689981,F
746770,20240728,CHA,SEA,3,6,676979,682243,F
745961,20240728,MIL,MIA,6,2,668964,667725,F
745145,20240728,SLN,WAS,4,3,571945,687792,F
745305,20240728,SFN,COL,5,4,669062,596295,F
746195,20240728,ANA,ATH,8,6,667755,674370,F
747173,20240728,ARI,PIT,5,6,700270,656605,F
746929,20240728,BOS,NYA,2,8,656557,607074,F
747007,20240729,BAL,TOR,11,5,621107,684320,F
747039,20240729,BAL,TOR,4,8,700249,670102,F
746444,20240729,DET,CLE,4,8,689225,676440,F
745547,20240729,PHI,NYA,4,14,554430,661563,F
746684,20240729,CIN,CHN,7,1,686730,592791,F
746928,20240729,BOS,SEA,14,7,601713,669302,F
745791,20240729,NYN,MIN,15,2,500779,680573,F
745147,20240729,SLN,TEX,3,6,669467,543135,F
746360,20240729,HOU,PIT,3,5,605463,694973,F
746765,20240729,CHA,KCA,5,8,623167,679525,F
745959,20240729,MIL,ATL,8,3,607067,656550,F
747172,20240729,ARI,WAS,9,8,656756,680730,F
746441,20240730,DET,CLE,0,5,663947,668909,F
747005,20240730,BAL,TOR,6,2,669203,605135,F
745546,20240730,PHI,NYA,6,7,605400,701542,F
745060,20240730,TBA,MIA,9,3,605488,665795,F
746683,20240730,CIN,CHN,6,3,663574,657006,F
746926,20240730,BOS,SEA,6,10,572020,622491,F
745787,20240730,NYN,MIN,2,0,640455,701581,F
745149,20240730,SLN,TEX,8,1,458681,453286,F
746365,20240730,HOU,PIT,2,6,686613,663559,F
746763,20240730,CHA,KCA,3,4,686563,608379,F
745958,20240730,MIL,ATL,1,5,605452,693821,F
746197,20240730,ANA,COL,10,7,656288,615698,F
747167,20240730,ARI,WAS,17,0,669194,571578,F
745389,20240730,SDN,LAN,6,5,663362,607192,F
745309,20240730,SFN,ATH,2,5,592662,676664,F
745061,20240731,TBA,MIA,2,6,671737,682610,F
747003,20240731,BAL,TOR,10,4,680570,502179,F
745543,20240731,PHI,NYA,5,6,650911,641482,F
745789,20240731,NYN,MIN,3,8,622663,641154,F
746764,20240731,CHA,KCA,3,10,689672,663903,F
745960,20240731,MIL,ATL,2,6,642547,519242,F
745148,20240731,SLN,TEX,10,1,700241,571760,F
747170,20240731,ARI,WAS,5,4,668678,669022,F
746925,20240731,BOS,SEA,3,2,678394,669923,F
746678,20240731,CIN,CHN,4,13,666157,543294,F
746363,20240731,HOU,PIT,5,4,664285,663765,F
745386,20240731,SDN,LAN,8,1,656302,477132,F
746198,20240731,ANA,COL,1,2,669721,607536,F
745306,20240731,SFN,ATH,1,0,657277,548389,F
746607,20240801,CLE,BAL,10,3,594902,669432,F
746442,20240801,DET,KCA,1,7,672456,607625,F
747092,20240801,ATL,MIA,4,2,450203,676974,F
746849,20240801,CHN,SLN,5,4,684007,543243,F
746196,20240801,ANA,COL,4,5,608334,663372,F
746845,20240802,CHN,SLN,6,3,665871,607200,F
746443,20240802,DET,KCA,2,9,669373,666142,F
745471,20240802,PIT,ARI,8,9,682847,694297,F
744825,20240802,WAS,MIL,3,8,663623,593423,F
745719,20240802,NYA,TOR,5,8,573186,592332,F
746605,20240802,CLE,BAL,8,4,471911,665152,F
746679,20240802,CIN,SFN,0,3,671096,605483,F
747089,20240802,ATL,MIA,5,3,680885,678368,F
744986,20240802,TEX,BOS,6,11,570632,676710,F
746354,20240802,HOU,TBA,3,2,579328,669358,F
745875,20240802,MIN,CHA,10,2,657746,663436,F
746193,20240802,ANA,NYN,1,5,542881,621112,F
745631,20240802,ATH,LAN,6,5,683155,694813,F
745387,20240802,SDN,COL,2,5,681190,596295,F
745224,20240802,SEA,PHI,10,2,693433,663969,F
745714,20240803,NYA,TOR,8,3,607074,621244,F
746846,20240803,CHN,SLN,4,5,592791,502043,F
744823,20240803,WAS,MIL,6,4,687792,650644,F
746440,20240803,DET,KCA,6,5,663947,547179,F
745474,20240803,PIT,ARI,4,2,656605,656756,F
744987,20240803,TEX,BOS,7,4,674003,656557,F
745876,20240803,MIN,CHA,6,2,641927,676979,F
746608,20240803,CLE,BAL,4,7,676282,621107,F
746681,20240803,CIN,SFN,6,4,668881,690986,F
746358,20240803,HOU,TBA,1,6,669854,641793,F
747087,20240803,ATL,MIA,3,4,656550,667725,F
745388,20240803,SDN,COL,3,2,527048,685299,F
745636,20240803,ATH,LAN,0,10,687765,656427,F
746194,20240803,ANA,NYN,5,4,667755,656849,F
745225,20240803,SEA,PHI,6,5,682243,689147,F
746680,20240804,CIN,SFN,2,8,686730,592662,F
745468,20240804,PIT,ARI,5,6,694973,669194,F
747088,20240804,ATL,MIA,0,7,608331,665795,F
745718,20240804,NYA,TOR,4,3,543037,684320,F
744826,20240804,WAS,MIL,4,3,680730,668964,F
746606,20240804,CLE,BAL,5,9,668909,669203,F
746439,20240804,DET,KCA,2,3,656412,608379,F
746356,20240804,HOU,TBA,0,1,681293,685801,F
745879,20240804,MIN,CHA,13,7,680573,623167,F
744979,20240804,TEX,BOS,2,7,543135,601713,F
746191,20240804,ANA,NYN,3,2,656288,500779,F
745627,20240804,ATH,LAN,2,3,674370,689981,F
745384,20240804,SDN,COL,10,2,663362,615698,F
745222,20240804,SEA,PHI,0,6,669302,554430,F
746844,20240804,CHN,SLN,6,2,657006,571945,F
745184,20240805,SLN,NYN,0,6,669467,640455,F
746600,20240805,CLE,ARI,6,7,671106,668678,F
746038,20240805,MIA,CIN,3,10,682610,607259,F
744821,20240805,WAS,SFN,1,4,571578,657277,F
744982,20240805,TEX,HOU,4,3,571760,686613,F
746847,20240805,CHN,MIN,0,3,543294,701581,F
746276,20240805,KCA,BOS,5,9,663903,572020,F
745628,20240805,ATH,CHA,5,1,676664,681066,F
746116,20240805,LAN,PHI,5,3,607192,605400,F
745467,20240806,PIT,SDN,0,6,663559,656302,F
746033,20240806,MIA,CIN,2,8,676974,666157,F
744817,20240806,WAS,SFN,11,5,669022,806185,F
744901,20240806,TOR,BAL,5,2,605135,544150,F
747086,20240806,ATL,MIL,0,10,693821,607067,F
745141,20240806,SLN,TBA,4,3,543243,605488,F
744983,20240806,TEX,HOU,2,4,641816,664285,F
746840,20240806,CHN,MIN,7,3,684007,641154,F
746273,20240806,KCA,BOS,5,6,607625,678394,F
746519,20240806,COL,NYN,6,3,607536,622663,F
745221,20240806,SEA,DET,2,4,622491,672456,F
745629,20240806,ATH,CHA,1,5,548389,686563,F
746120,20240806,LAN,PHI,2,6,477132,650911,F
746602,20240807,CLE,ARI,,,471911,593958,F
745713,20240807,NYA,ANA,,,701542,608334,F
746604,20240807,CLE,ARI,3,7,594902,694297,F
746602,20240807,CLE,ARI,3,5,471911,593958,F
746842,20240807,CHN,MIN,8,2,665871,657746,F
744981,20240807,TEX,HOU,4,6,570632,579328,F
745630,20240807,ATH,CHA,3,2,683155,663436,F
745709,20240807,NYA,ANA,5,2,661563,669721,F
745713,20240807,NYA,ANA,2,8,701542,608334,F
745469,20240807,PIT,SDN,8,9,594835,650633,F
746031,20240807,MIA,CIN,6,4,678368,671096,F
744822,20240807,WAS,SFN,4,7,663623,605483,F
744903,20240807,TOR,BAL,3,7,670102,669432,F
747085,20240807,ATL,MIL,5,8,519242,642547,F
745142,20240807,SLN,TBA,5,2,607200,671737,F
746272,20240807,KCA,BOS,8,4,666142,676710,F
746521,20240807,COL,NYN,3,5,663372,621112,F
745223,20240807,SEA,DET,2,6,669923,669373,F
746115,20240807,LAN,PHI,4,9,694813,663969,F
744819,20240808,WAS,SFN,5,9,687792,690986,F
747081,20240808,ATL,MIL,7,16,450203,593423,F
745466,20240808,PIT,SDN,6,7,682847,681190,F
746522,20240808,COL,NYN,1,9,596295,656849,F
746030,20240808,MIA,CIN,4,10,667725,668881,F
745710,20240808,NYA,ANA,4,9,641482,542881,F
744899,20240808,TOR,BAL,7,6,592332,665152,F
745143,20240808,SLN,TBA,4,6,502043,669358,F
745226,20240808,SEA,DET,4,3,693433,669724,F
747169,20240808,ARI,PHI,4,6,656756,663465,F
745927,20240809,MIN,CLE,4,2,641927,676282,F
745871,20240809,MIN,CLE,6,3,686973,502171,F
744818,20240809,WAS,ANA,3,2,680730,667755,F
745062,20240809,TBA,BAL,1,4,641793,621107,F
744900,20240809,TOR,ATH,3,1,621244,687765,F
746927,20240809,BOS,HOU,4,8,656557,669854,F
746032,20240809,MIA,SDN,2,6,665795,527048,F
746275,20240809,KCA,SLN,5,8,547179,571945,F
746760,20240809,CHA,CHN,6,7,676979,592791,F
745957,20240809,MIL,CIN,8,3,650644,686730,F
746523,20240809,COL,ATL,6,5,685299,656550,F
747168,20240809,ARI,PHI,3,2,669194,554430,F
746113,20240809,LAN,PIT,9,5,656427,656605,F
745220,20240809,SEA,NYN,6,0,682243,500779,F
745308,20240809,SFN,DET,3,2,592662,689225,F
745708,20240810,NYA,TEX,,,543037,674003,F
745712,20240810,NYA,TEX,8,0,607074,543135,F
745708,20240810,NYA,TEX,4,9,543037,674003,F
744897,20240810,TOR,ATH,0,1,684320,674370,F
745304,20240810,SFN,DET,3,1,657277,656412,F
746922,20240810,BOS,HOU,4,5,670174,681293,F
746026,20240810,MIA,SDN,8,9,682610,663362,F
744820,20240810,WAS,ANA,5,4,571578,656288,F
746269,20240810,KCA,SLN,8,3,608379,669467,F
745873,20240810,MIN,CLE,1,2,680573,668909,F
745955,20240810,MIL,CIN,1,0,668964,607259,F
745056,20240810,TBA,BAL,5,7,656876,669203,F
746761,20240810,CHA,CHN,1,3,623167,657006,F
747164,20240810,ARI,PHI,11,1,668678,605400,F
746520,20240810,COL,ATL,8,11,641712,608331,F
746112,20240810,LAN,PIT,4,1,689981,694973,F
745219,20240810,SEA,NYN,4,0,669302,640455,F
744816,20240811,WAS,ANA,4,6,669022,686799,F
746923,20240811,BOS,HOU,2,10,572020,686613,F
745711,20240811,NYA,TEX,8,7,573186,571760,F
744895,20240811,TOR,ATH,4,8,605135,676664,F
745057,20240811,TBA,BAL,2,1,605488,544150,F
746025,20240811,MIA,SDN,7,6,676974,656302,F
745872,20240811,MIN,CLE,3,5,701581,676440,F
745956,20240811,MIL,CIN,3,4,669084,666157,F
746517,20240811,COL,ATL,9,8,607536,680885,F
745303,20240811,SFN,DET,4,5,806185,672456,F
746114,20240811,LAN,PIT,6,5,607192,663559,F
747166,20240811,ARI,PHI,12,5,518876,650911,F
745216,20240811,SEA,NYN,12,1,622491,622663,F
746603,20240812,CLE,CHN,9,8,594902,684007,F
746682,20240812,CIN,SLN,6,1,671096,543243,F
745058,20240812,TBA,HOU,1,6,671737,664285,F
746921,20240812,BOS,TEX,5,4,678394,641816,F
745874,20240812,MIN,KCA,8,3,641154,663903,F
746762,20240812,CHA,NYA,12,2,681066,661563,F
745953,20240812,MIL,LAN,2,5,642547,477132,F
746192,20240812,ANA,TOR,2,4,669721,670102,F
747165,20240812,ARI,COL,5,4,694297,687134,F
745383,20240812,SDN,PIT,2,1,605397,663765,F
745300,20240812,SFN,ATL,0,1,605483,519242,F
747004,20240813,BAL,WAS,3,9,669432,663623,F
746601,20240813,CLE,CHN,2,1,571510,665871,F
746435,20240813,DET,SEA,15,1,669373,669923,F
746673,20240813,CIN,SLN,4,1,668881,607200,F
745548,20240813,PHI,MIA,0,5,592836,678368,F
745055,20240813,TBA,HOU,2,3,669358,579328,F
745788,20240813,NYN,ATH,4,9,621112,671212,F
746924,20240813,BOS,TEX,9,4,676710,570632,F
745867,20240813,MIN,KCA,13,3,805673,607625,F
746757,20240813,CHA,NYA,1,4,686563,641482,F
745954,20240813,MIL,LAN,2,7,607067,694813,F
746187,20240813,ANA,TOR,1,6,608334,592332,F
747160,20240813,ARI,COL,4,3,593958,596295,F
745382,20240813,SDN,PIT,3,0,650633,682847,F
745302,20240813,SFN,ATL,3,4,690986,450203,F
745869,20240814,MIN,KCA,1,4,686973,666142,F
747163,20240814,ARI,COL,11,4,656756,685299,F
745381,20240814,SDN,PIT,8,2,527048,656605,F
746919,20240814,BOS,TEX,7,9,656557,641540,F
747000,20240814,BAL,WAS,4,1,665152,687792,F
746598,20240814,CLE,CHN,6,1,502171,592791,F
746436,20240814,DET,SEA,3,2,689225,693433,F
746677,20240814,CIN,SLN,9,2,641941,502043,F
745544,20240814,PHI,MIA,9,5,663969,665795,F
745053,20240814,TBA,HOU,1,2,641793,669854,F
745790,20240814,NYN,ATH,9,1,656849,683155,F
746759,20240814,CHA,NYA,2,10,663436,701542,F
745951,20240814,MIL,LAN,5,4,593423,621111,F
746188,20240814,ANA,TOR,2,9,542881,621244,F
745301,20240814,SFN,ATL,2,13,592662,656550,F
745783,20240815,NYN,ATH,6,7,500779,687765,F
746437,20240815,DET,SEA,2,1,656412,682243,F
745950,20240815,MIL,LAN,6,4,668964,656427,F
745298,20240815,SFN,ATL,6,0,657277,608331,F
747002,20240815,BAL,BOS,5,1,621107,601713,F
745545,20240815,PHI,WAS,13,3,554430,680730,F
744980,20240815,TEX,MIN,2,3,674003,641927,F
746843,20240816,CHN,TOR,6,5,543294,684320,F
746674,20240816,CIN,KCA,1,7,607259,547179,F
745462,20240816,PIT,SEA,5,3,694973,669302,F
745542,20240816,PHI,WAS,3,2,605400,571578,F
746438,20240816,DET,NYA,0,3,689225,543037,F
745054,20240816,TBA,ARI,5,4,686752,669194,F
747001,20240816,BAL,BOS,10,12,669203,657514,F
745784,20240816,NYN,MIA,7,3,640455,682610,F
744974,20240816,TEX,MIN,3,4,571760,680573,F
746357,20240816,HOU,CHA,4,5,681293,676979,F
745949,20240816,MIL,CLE,5,3,650644,668909,F
745144,20240816,SLN,LAN,6,7,571945,680736,F
746518,20240816,COL,SDN,7,3,615698,663362,F
746189,20240816,ANA,ATL,3,2,667755,680885,F
745463,20240817,PIT,SEA,7,2,663559,622491,F
746434,20240817,DET,NYA,4,0,672456,607074,F
746841,20240817,CHN,TOR,3,2,657006,605135,F
745049,20240817,TBA,ARI,6,1,605488,668678,F
745785,20240817,NYN,MIA,4,0,622663,676974,F
745537,20240817,PHI,WAS,5,1,650911,669022,F
746675,20240817,CIN,KCA,1,13,666157,608379,F
746997,20240817,BAL,BOS,1,5,700249,678394,F
744977,20240817,TEX,MIN,2,5,543135,701581,F
745626,20240817,ATH,SFN,2,0,674370,806185,F
746355,20240817,HOU,CHA,6,1,686613,623167,F
745140,20240817,SLN,LAN,5,2,669467,676272,F
745952,20240817,MIL,CLE,2,1,642547,676440,F
746515,20240817,COL,SDN,3,8,607536,656302,F
746190,20240817,ANA,ATL,3,11,656288,519242,F
745786,20240818,NYN,MIA,2,3,621112,678368,F
746999,20240818,BAL,BOS,4,2,544150,676710,F
745464,20240818,PIT,SEA,3,10,663765,669923,F
745539,20240818,PHI,WAS,4,6,592836,663623,F
746676,20240818,CIN,KCA,1,8,671096,663903,F
745051,20240818,TBA,ARI,8,7,656876,518876,F
746359,20240818,HOU,CHA,2,0,664285,681066,F
745948,20240818,MIL,CLE,2,0,607067,594902,F
745139,20240818,SLN,LAN,1,2,543243,477132,F
746838,20240818,CHN,TOR,0,1,684007,670102,F
744975,20240818,TEX,MIN,6,5,641816,641154,F
746516,20240818,COL,SDN,3,2,687134,605397,F
745621,20240818,ATH,SFN,2,4,676664,605483,F
746186,20240818,ANA,ATL,1,3,686799,450203,F
746431,20240818,DET,NYA,3,2,669373,573186,F
746027,20240819,MIA,ARI,6,9,670124,694297,F
744898,20240819,TOR,CIN,3,6,592332,687924,F
745780,20240819,NYN,BAL,4,3,656849,669432,F
744976,20240819,TEX,PIT,4,3,641540,682847,F
746351,20240819,HOU,BOS,5,4,579328,656557,F
746270,20240819,KCA,ANA,5,3,607625,608334,F
745620,20240819,ATH,TBA,3,0,671212,671737,F
745380,20240819,SDN,MIN,5,3,650633,805673,F
745294,20240819,SFN,CHA,5,3,690986,686563,F
746109,20240819,LAN,SEA,3,0,694813,693433,F
746029,20240820,MIA,ARI,1,3,665795,593958,F
744814,20240820,WAS,COL,1,3,687792,596295,F
745707,20240820,NYA,CLE,5,9,661563,571510,F
744896,20240820,TOR,CIN,10,3,621244,686730,F
745782,20240820,NYN,BAL,5,9,500779,665152,F
747083,20240820,ATL,PHI,3,1,625643,554430,F
745136,20240820,SLN,MIL,2,3,607200,593423,F
746839,20240820,CHN,DET,3,1,665871,656412,F
744978,20240820,TEX,PIT,0,4,674003,656605,F
746349,20240820,HOU,BOS,5,6,669854,601713,F
746266,20240820,KCA,ANA,5,9,666142,542881,F
745624,20240820,ATH,TBA,0,1,683155,669358,F
745374,20240820,SDN,MIN,7,5,527048,641927,F
745295,20240820,SFN,CHA,4,1,592662,663436,F
746107,20240820,LAN,SEA,6,3,621111,682243,F
745781,20240821,NYN,BAL,4,3,640455,608344,F
746350,20240821,HOU,BOS,1,4,434378,681867,F
744973,20240821,TEX,PIT,1,0,571760,593334,F
745297,20240821,SFN,CHA,2,6,657277,676979,F
745375,20240821,SDN,MIN,4,11,663362,680573,F
746028,20240821,MIA,ARI,8,10,682610,656756,F
744812,20240821,WAS,COL,6,1,680730,685299,F
745704,20240821,NYA,CLE,8,1,641482,676282,F
744893,20240821,TOR,CIN,7,11,684320,607259,F
747084,20240821,ATL,PHI,2,3,608331,605400,F
745138,20240821,SLN,MIL,10,6,502043,668964,F
746837,20240821,CHN,DET,2,8,592791,689225,F
746267,20240821,KCA,ANA,3,0,547179,456501,F
745622,20240821,ATH,TBA,2,4,687765,686752,F
746110,20240821,LAN,SEA,8,4,656427,669302,F
744815,20240822,WAS,COL,8,3,571578,615698,F
745705,20240822,NYA,CLE,6,0,543037,668909,F
745137,20240822,SLN,MIL,3,0,571945,642547,F
746836,20240822,CHN,DET,10,2,657006,663947,F
745623,20240822,ATH,TBA,3,1,674370,605488,F
745465,20240822,PIT,CIN,7,0,694973,666157,F
744894,20240822,TOR,ANA,5,3,621114,656271,F
746998,20240822,BAL,HOU,0,6,669203,681293,F
747082,20240822,ATL,PHI,3,2,680885,650911,F
745379,20240822,SDN,NYN,3,8,656302,622663,F
745460,20240823,PIT,CIN,6,5,663559,571656,F
746995,20240823,BAL,HOU,7,5,700249,686613,F
745702,20240823,NYA,COL,3,0,607074,607536,F
744889,20240823,TOR,ANA,5,4,605135,686799,F
746920,20240823,BOS,ARI,2,12,678394,669194,F
746597,20240823,CLE,TEX,3,5,676440,543135,F
746024,20240823,MIA,CHN,3,6,676974,543294,F
747080,20240823,ATL,WAS,3,2,519242,669022,F
745870,20240823,MIN,SLN,1,6,701581,669467,F
746268,20240823,KCA,PHI,7,4,608379,592836,F
746758,20240823,CHA,DET,2,5,623167,672456,F
745378,20240823,SDN,NYN,7,0,605397,621112,F
745625,20240823,ATH,MIL,3,11,676664,650644,F
745217,20240823,SEA,SFN,6,5,622491,806185,F
746111,20240823,LAN,TBA,7,3,676272,641302,F
745703,20240824,NYA,COL,2,9,701542,687134,F
744890,20240824,TOR,ANA,3,1,670102,608334,F
746996,20240824,BAL,HOU,3,2,544150,664285,F
745617,20240824,ATH,MIL,5,9,671212,607067,F
746917,20240824,BOS,ARI,1,4,676710,668678,F
745218,20240824,SEA,SFN,3,4,669923,605483,F
746022,20240824,MIA,CHN,2,14,678368,684007,F
745457,20240824,PIT,CIN,2,10,663765,687924,F
746599,20240824,CLE,TEX,13,5,594902,592351,F
745868,20240824,MIN,SLN,6,0,641154,543243,F
746271,20240824,KCA,PHI,2,11,663903,624133,F
746756,20240824,CHA,DET,4,13,681066,669373,F
747077,20240824,ATL,WAS,4,2,450203,663623,F
745377,20240824,SDN,NYN,1,7,650633,656849,F
746108,20240824,LAN,TBA,8,9,477132,671737,F
747078,20240825,ATL,WAS,1,5,625643,687792,F
746918,20240825,BOS,ARI,5,7,656557,518876,F
745459,20240825,PIT,CIN,4,3,682847,607259,F
745706,20240825,NYA,COL,10,3,573186,596295,F
744892,20240825,TOR,ANA,8,2,592332,542881,F
746595,20240825,CLE,TEX,4,2,571510,674003,F
746023,20240825,MIA,CHN,7,2,670124,665871,F
745863,20240825,MIN,SLN,2,3,805673,607200,F
746263,20240825,KCA,PHI,3,11,607625,663465,F
746754,20240825,CHA,DET,4,9,686563,689225,F
745618,20240825,ATH,MIL,4,3,683155,593423,F
745376,20240825,SDN,NYN,3,2,527048,500779,F
745212,20240825,SEA,SFN,4,3,693433,592662,F
746106,20240825,LAN,TBA,3,1,694813,682052,F
746994,20240825,BAL,HOU,3,6,665152,579328,F
746628,20240826,CLE,KCA,3,4,680704,666142,F
746596,20240826,CLE,KCA,4,9,671106,679525,F
746942,20240626,BOS,TOR,1,4,676710,684320,F
745458,20240826,PIT,CHN,8,18,656605,592791,F
745538,20240826,PHI,HOU,3,2,554430,669854,F
744813,20240826,WAS,NYA,2,5,680730,641482,F
746915,20240826,BOS,TOR,3,7,677161,621244,F
745865,20240826,MIN,ATL,6,10,641927,608331,F
745133,20240826,SLN,SDN,4,7,502043,681190,F
746753,20240826,CHA,DET,3,6,663436,680744,F
746513,20240826,COL,MIA,3,2,663372,665795,F
745215,20240826,SEA,TBA,5,1,682243,686752,F
746429,20240827,DET,ANA,6,2,676428,456501,F
746594,20240827,CLE,KCA,1,6,668909,547179,F
746671,20240827,CIN,ATH,4,5,596001,687765,F
745461,20240827,PIT,CHN,5,9,683003,657006,F
745540,20240827,PHI,HOU,5,0,605400,434378,F
744811,20240827,WAS,NYA,4,2,571578,543037,F
746916,20240827,BOS,TOR,6,3,681867,684320,F
745864,20240827,MIN,ATL,6,8,680573,680885,F
745132,20240827,SLN,SDN,5,7,571945,656302,F
746755,20240827,CHA,TEX,1,3,676979,571760,F
745946,20240827,MIL,SFN,4,5,668964,657277,F
746510,20240827,COL,MIA,8,9,615698,682610,F
747162,20240827,ARI,NYN,3,8,694297,640455,F
745213,20240827,SEA,TBA,2,3,669302,605488,F
746105,20240827,LAN,BAL,2,3,656427,608344,F
745452,20240828,PIT,CHN,10,14,694973,543294,F
746589,20240828,CLE,KCA,7,5,676440,608379,F
745541,20240828,PHI,HOU,0,10,592836,681293,F
745211,20240828,SEA,TBA,6,2,622491,656876,F
746755,20240827,CHA,TEX,1,3,676979,571760,F
746430,20240828,DET,ANA,3,2,669438,656288,F
746672,20240828,CIN,ATH,6,9,518585,674370,F
744809,20240828,WAS,NYA,5,2,669022,607074,F
746913,20240828,BOS,TOR,3,0,678394,605135,F
745866,20240828,MIN,ATL,1,5,701581,519242,F
745134,20240828,SLN,SDN,4,3,669467,605397,F
746752,20240828,CHA,TEX,3,4,641582,683004,F
745943,20240828,MIL,SFN,5,3,642547,690986,F
746512,20240828,COL,MIA,8,2,607536,676974,F
747161,20240828,ARI,NYN,8,5,593958,622663,F
746103,20240828,LAN,BAL,6,4,621111,669203,F
746432,20240829,DET,ANA,0,3,672456,686799,F
746748,20240829,CHA,TEX,1,2,680897,543135,F
745945,20240829,MIL,SFN,6,0,650644,806185,F
745135,20240829,SLN,SDN,4,1,543243,650633,F
746514,20240829,COL,MIA,8,12,687134,678368,F
747159,20240829,ARI,NYN,2,3,669194,656849,F
746670,20240829,CIN,ATH,10,9,687924,669372,F
745531,20240829,PHI,ATL,5,4,650911,450203,F
746914,20240829,BOS,TOR,0,2,676710,670102,F
746352,20240829,HOU,KCA,6,3,686613,663903,F
746102,20240829,LAN,BAL,6,3,676272,700249,F
746730,20240830,CIN,MIL,4,5,607259,607067,F
746665,20240830,CIN,MIL,0,14,695076,669084,F
746433,20240830,DET,BOS,5,7,663554,656557,F
745533,20240830,PHI,ATL,2,7,624133,625643,F
744810,20240830,WAS,CHN,6,7,663623,684007,F
745052,20240830,TBA,SDN,5,13,671737,527048,F
745700,20240830,NYA,SLN,6,3,573186,607200,F
746593,20240830,CLE,PIT,10,8,594902,663559,F
744969,20240830,TEX,ATH,2,9,592351,676664,F
746353,20240830,HOU,KCA,3,2,664285,607625,F
745862,20240830,MIN,TOR,2,0,641154,592332,F
746749,20240830,CHA,NYN,1,5,686563,656731,F
746511,20240830,COL,BAL,3,5,596295,544150,F
746184,20240830,ANA,SEA,5,9,691951,669923,F
747156,20240830,ARI,LAN,9,10,668678,477132,F
745299,20240830,SFN,MIA,3,1,605483,670124,F
745699,20240831,NYA,SLN,5,6,701542,502043,F
744808,20240831,WAS,CHN,3,5,687792,665871,F
745050,20240831,TBA,SDN,11,4,669358,681190,F
746424,20240831,DET,BOS,2,1,669373,601713,F
746590,20240831,CLE,PIT,0,3,571510,682847,F
744971,20240831,TEX,ATH,3,2,674003,683155,F
746348,20240831,HOU,KCA,5,2,579328,666142,F
745859,20240831,MIN,TOR,0,15,805673,621244,F
746751,20240831,CHA,NYN,3,5,663436,500779,F
745532,20240831,PHI,ATL,3,0,554430,608331,F
746667,20240831,CIN,MIL,4,5,518585,593423,F
746507,20240831,COL,BAL,7,5,663372,665152,F
747158,20240831,ARI,LAN,6,8,518876,694813,F
745296,20240831,SFN,MIA,3,4,696131,665795,F
746182,20240831,ANA,SEA,5,4,542881,693433,F
746669,20240901,CIN,MIL,4,3,682227,668964,F
744806,20240901,WAS,CHN,1,14,680730,696136,F
745701,20240901,NYA,SLN,7,14,641482,571945,F
746426,20240901,DET,BOS,4,1,689225,681867,F
746592,20240901,CLE,PIT,6,1,502171,656605,F
745048,20240901,TBA,SDN,3,4,686752,656302,F
746347,20240901,HOU,KCA,7,2,669854,679525,F
745861,20240901,MIN,TOR,4,3,641927,684320,F
746750,20240901,CHA,NYN,0,2,676979,640455,F
744970,20240901,TEX,ATH,6,4,679156,687765,F
746505,20240901,COL,BAL,1,6,621389,621107,F
745292,20240901,SFN,MIA,5,7,657277,670766,F
746183,20240901,ANA,SEA,3,2,702674,682243,F
747157,20240901,ARI,LAN,14,3,694297,680736,F
745536,20240901,PHI,ATL,3,2,605400,680885,F
745947,20240902,MIL,SLN,9,3,642547,669467,F
746992,20240902,BAL,CHA,13,3,669203,623167,F
746668,20240902,CIN,HOU,5,3,687924,434378,F
746265,20240902,KCA,CLE,2,4,608379,668909,F
747155,20240902,ARI,LAN,6,11,593958,656427,F
745373,20240902,SDN,DET,3,0,605397,663947,F
745046,20240902,TBA,MIN,4,5,641793,680573,F
745619,20240902,ATH,SEA,5,4,674370,669302,F
745779,20240902,NYN,BOS,4,1,622663,678394,F
746833,20240902,CHN,PIT,3,5,592791,683003,F
744972,20240902,TEX,NYA,4,8,683004,543037,F
746991,20240903,BAL,CHA,9,0,700249,680897,F
746020,20240903,MIA,WAS,2,6,676974,571578,F
745047,20240903,TBA,MIN,2,1,605488,701581,F
744891,20240903,TOR,PHI,9,10,605135,663969,F
745778,20240903,NYN,BOS,7,2,656849,676710,F
747079,20240903,ATL,COL,3,0,519242,607536,F
746264,20240903,KCA,CLE,1,7,663903,676440,F
746834,20240903,CHN,PIT,0,5,543294,694973,F
745944,20240903,MIL,SLN,4,7,650644,571927,F
744968,20240903,TEX,NYA,7,4,571760,607074,F
746185,20240903,ANA,LAN,2,6,672282,621111,F
745615,20240903,ATH,SEA,3,2,669372,622491,F
745293,20240903,SFN,ARI,7,8,690986,669194,F
744887,20240904,TOR,PHI,2,4,670102,650911,F
746990,20240904,BAL,CHA,1,8,544150,686563,F
746666,20240904,CIN,HOU,12,5,607259,681293,F
746019,20240904,MIA,WAS,4,3,678368,669022,F
745045,20240904,TBA,MIN,9,4,642121,678692,F
745776,20240904,NYN,BOS,8,3,656731,656557,F
747075,20240904,ATL,COL,5,2,450203,687134,F
746262,20240904,KCA,CLE,4,1,607625,594902,F
746835,20240904,CHN,PIT,12,0,684007,593334,F
745938,20240904,MIL,SLN,2,3,607067,543243,F
744964,20240904,TEX,NYA,10,6,543135,573186,F
746178,20240904,ANA,LAN,10,1,656288,676272,F
745370,20240904,SDN,DET,6,5,506433,672456,F
745614,20240904,ATH,SEA,3,16,676664,669923,F
745290,20240904,SFN,ARI,4,6,806185,668678,F
746664,20240905,CIN,HOU,1,0,695076,686613,F
745042,20240905,TBA,MIN,3,4,671737,641154,F
745612,20240905,ATH,SEA,4,6,683155,693433,F
745289,20240905,SFN,ARI,3,2,605483,518876,F
745451,20240905,PIT,WAS,9,4,663559,663623,F
746021,20240905,MIA,PHI,2,5,670124,624133,F
747073,20240905,ATL,COL,1,3,625643,596295,F
744966,20240905,TEX,ANA,3,1,674003,686799,F
745369,20240905,SDN,DET,3,4,527048,663554,F
746832,20240906,CHN,NYA,0,3,696136,661563,F
745941,20240906,MIL,COL,2,3,593423,663372,F
746993,20240906,BAL,TBA,2,0,665152,669358,F
745777,20240906,NYN,CIN,6,4,640455,518585,F
746912,20240906,BOS,CHA,3,1,601713,663436,F
746016,20240906,MIA,PHI,2,16,685116,554430,F
747074,20240906,ATL,TOR,3,1,608331,592332,F
744967,20240906,TEX,ANA,1,5,642520,691951,F
746343,20240906,HOU,ARI,8,0,664285,694297,F
746257,20240906,KCA,MIN,5,0,666142,805673,F
745131,20240906,SLN,SEA,1,6,607200,682243,F
745611,20240906,ATH,DET,7,6,687765,669373,F
745371,20240906,SDN,SFN,5,1,650633,696131,F
746104,20240906,LAN,CLE,1,3,689017,571510,F
745455,20240907,PIT,WAS,,,682847,687792,F
745455,20240907,PIT,WAS,3,5,682847,687792,F
745456,20240907,PIT,WAS,6,8,656605,680730,F
746829,20240907,CHN,NYA,0,2,665871,657376,F
746986,20240907,BAL,TBA,1,7,621107,686752,F
745613,20240907,ATH,DET,1,2,669620,669724,F
746344,20240907,HOU,ARI,11,5,579328,593958,F
745775,20240907,NYN,CIN,4,0,500779,596001,F
746018,20240907,MIA,PHI,9,5,670766,605400,F
744963,20240907,TEX,ANA,6,4,683004,542881,F
745942,20240907,MIL,COL,5,2,668964,621389,F
745125,20240907,SLN,SEA,2,0,502043,669302,F
746259,20240907,KCA,MIN,4,2,679525,641927,F
746911,20240907,BOS,CHA,7,5,681867,676979,F
747076,20240907,ATL,TOR,5,9,680885,621244,F
745372,20240907,SDN,SFN,3,6,656302,657277,F
746099,20240907,LAN,CLE,7,2,518489,668909,F
746989,20240908,BAL,TBA,0,2,669203,641793,F
745453,20240908,PIT,WAS,7,3,683003,571578,F
747072,20240908,ATL,TOR,4,3,519242,684320,F
746910,20240908,BOS,CHA,2,7,690916,623167,F
745774,20240908,NYN,CIN,1,3,622663,687924,F
746017,20240908,MIA,PHI,10,1,665795,686751,F
746258,20240908,KCA,MIN,2,0,608379,680573,F
745940,20240908,MIL,COL,1,4,642547,607536,F
745128,20240908,SLN,SEA,4,10,571945,622491,F
746827,20240908,CHN,NYA,2,1,592791,543037,F
744965,20240908,TEX,ANA,7,4,571760,702674,F
745616,20240908,ATH,DET,1,9,669372,689225,F
746098,20240908,LAN,CLE,4,0,656427,676440,F
745368,20240908,SDN,SFN,6,7,605397,702352,F
746345,20240908,HOU,ARI,6,12,434378,669194,F
745534,20240909,PHI,TBA,2,1,650911,642121,F
747090,20240909,ATL,CIN,0,1,450203,607259,F
745454,20240909,PIT,MIA,3,2,694973,678368,F
745698,20240909,NYA,KCA,10,4,607074,663903,F
744888,20240909,TOR,NYN,2,3,621114,656731,F
746909,20240909,BOS,BAL,12,3,678394,700249,F
745860,20240909,MIN,ANA,2,6,701581,672282,F
746746,20240909,CHA,CLE,3,5,694363,676282,F
746101,20240909,LAN,CHN,4,10,621111,543294,F
746428,20240910,DET,COL,11,0,672456,687134,F
745535,20240910,PHI,TBA,9,4,624133,671737,F
745446,20240910,PIT,MIA,6,4,669387,670124,F
744807,20240910,WAS,ATL,0,12,669022,625643,F
745694,20240910,NYA,KCA,0,5,573186,607625,F
744886,20240910,TOR,NYN,6,2,605135,656849,F
746907,20240910,BOS,BAL,3,5,676710,544150,F
745856,20240910,MIN,ANA,10,5,641154,656288,F
746747,20240910,CHA,CLE,0,5,686563,594902,F
745126,20240910,SLN,CIN,0,3,669467,695076,F
746346,20240910,HOU,ATH,3,4,681293,676664,F
745210,20240910,SEA,SDN,3,7,669923,506433,F
747152,20240910,ARI,TEX,6,0,668678,543135,F
745291,20240910,SFN,MIL,2,3,694738,650644,F
746097,20240910,LAN,CHN,3,6,808967,684007,F
745450,20240911,PIT,MIA,3,1,663559,642834,F
746745,20240911,CHA,CLE,4,6,663436,571510,F
744881,20240911,TOR,NYN,2,6,670102,640455,F
747154,20240911,ARI,TEX,14,4,518876,674003,F
746425,20240911,DET,COL,7,4,663554,685299,F
745525,20240911,PHI,TBA,3,2,554430,669358,F
744804,20240911,WAS,ATL,5,1,663623,608331,F
745697,20240911,NYA,KCA,4,3,661563,666142,F
746908,20240911,BOS,BAL,5,3,601713,665152,F
745857,20240911,MIN,ANA,6,4,805673,686799,F
745127,20240911,SLN,CIN,2,1,458681,682227,F
746342,20240911,HOU,ATH,4,5,686613,683155,F
745214,20240911,SEA,SDN,5,2,693433,650633,F
745285,20240911,SFN,MIL,13,2,605483,607067,F
746100,20240911,LAN,CHN,10,8,676272,696136,F
746427,20240912,DET,COL,2,4,669373,663372,F
745129,20240912,SLN,CIN,6,1,543243,596001,F
746337,20240912,HOU,ATH,6,3,664285,687765,F
744805,20240912,WAS,MIA,3,6,680730,670766,F
746591,20240912,CLE,TBA,2,5,668909,686752,F
745695,20240912,NYA,BOS,2,1,641482,681867,F
745208,20240912,SEA,TEX,4,5,682243,677958,F
745288,20240912,SFN,MIL,0,3,806185,593423,F
746423,20240913,DET,BAL,1,0,689225,621107,F
745447,20240913,PIT,KCA,3,8,682847,679525,F
745529,20240913,PHI,NYN,3,11,605400,500779,F
744800,20240913,WAS,MIA,4,1,687792,665795,F
745696,20240913,NYA,BOS,5,4,657376,690916,F
744882,20240913,TOR,SLN,4,3,592332,607200,F
746586,20240913,CLE,TBA,1,3,676440,641793,F
747069,20240913,ATL,LAN,6,2,680885,689017,F
746744,20240913,CHA,ATH,0,2,676979,669620,F
745855,20240913,MIN,CIN,4,8,641927,687924,F
746509,20240913,COL,CHN,9,5,596295,665871,F
746181,20240913,ANA,HOU,3,5,691951,579328,F
747153,20240913,ARI,MIL,1,2,593958,642547,F
745207,20240913,SEA,TEX,5,4,676106,594798,F
745286,20240913,SFN,SDN,0,5,657277,656302,F
745448,20240914,PIT,KCA,1,5,656605,608379,F
745689,20240914,NYA,BOS,1,7,543037,678394,F
744884,20240914,TOR,SLN,7,2,621244,502043,F
745528,20240914,PHI,NYN,6,4,663465,622663,F
744803,20240914,WAS,MIA,4,1,571578,678368,F
746422,20240914,DET,BAL,2,4,689225,669203,F
746584,20240914,CLE,TBA,6,1,676282,656876,F
745858,20240914,MIN,CIN,1,11,680573,607259,F
746740,20240914,CHA,ATH,7,6,623167,669372,F
747070,20240914,ATL,LAN,10,1,519242,656427,F
746508,20240914,COL,CHN,6,5,607536,592791,F
747148,20240914,ARI,MIL,8,15,694297,668964,F
745284,20240914,SFN,SDN,0,8,696131,605397,F
746177,20240914,ANA,HOU,3,5,542881,434378,F
745209,20240914,SEA,TEX,5,4,669302,453286,F
746419,20240915,DET,BAL,4,2,672456,700249,F
745852,20240915,MIN,CIN,9,2,701581,695076,F
745449,20240915,PIT,KCA,4,3,683003,663903,F
745530,20240915,PHI,NYN,2,1,650911,656849,F
744801,20240915,WAS,MIA,4,3,669022,670124,F
745693,20240915,NYA,BOS,5,2,607074,676710,F
744883,20240915,TOR,SLN,3,2,684320,571945,F
746585,20240915,CLE,TBA,2,0,594902,671737,F
746741,20240915,CHA,ATH,4,3,680732,676664,F
746506,20240915,COL,CHN,2,6,615698,543294,F
745287,20240915,SFN,SDN,3,4,694738,527048,F
746180,20240915,ANA,HOU,4,6,702674,669854,F
745206,20240915,SEA,TEX,7,0,669923,571760,F
747151,20240915,ARI,MIL,11,10,668678,669084,F
747071,20240915,ATL,LAN,2,9,450203,621111,F
746588,20240916,CLE,MIN,4,3,571510,641154,F
745773,20240916,NYN,WAS,2,1,640455,663623,F
747067,20240916,ATL,LAN,0,9,608331,808967,F
746260,20240916,KCA,DET,6,7,607625,681857,F
746828,20240916,CHN,ATH,9,2,684007,683155,F
745939,20240916,MIL,PHI,6,2,650644,624133,F
745130,20240916,SLN,PIT,4,0,669467,694973,F
746502,20240916,COL,ARI,3,2,622608,518876,F
746179,20240916,ANA,CHA,4,8,672282,686563,F
745367,20240916,SDN,HOU,3,1,506433,681293,F
746987,20240917,BAL,SFN,0,10,544150,605483,F
746587,20240917,CLE,MIN,1,4,668909,805673,F
746659,20240917,CIN,ATL,6,5,682227,656550,F
746015,20240917,MIA,LAN,11,9,670766,676272,F
745044,20240917,TBA,BOS,8,3,669358,601713,F
745772,20240917,NYN,WAS,10,1,656731,680730,F
746261,20240917,KCA,DET,1,3,666142,663554,F
746830,20240917,CHN,ATH,3,4,696136,687765,F
745935,20240917,MIL,PHI,1,5,593423,554430,F
745122,20240917,SLN,PIT,3,1,458681,663559,F
744961,20240917,TEX,TOR,13,8,543135,605135,F
746503,20240917,COL,ARI,8,2,663372,656756,F
746176,20240917,ANA,CHA,5,0,656288,663436,F
745366,20240917,SDN,HOU,3,4,650633,686613,F
745205,20240917,SEA,NYA,2,11,693433,661563,F
746831,20240918,CHN,ATH,3,5,657006,669620,F
746500,20240918,COL,ARI,4,9,596295,593958,F
746172,20240918,ANA,CHA,4,3,686799,694363,F
746988,20240918,BAL,SFN,3,5,665152,806185,F
745365,20240918,SDN,HOU,4,0,656302,664285,F
746582,20240918,CLE,MIN,5,4,676440,641927,F
746662,20240918,CIN,ATL,1,7,596001,680885,F
746014,20240918,MIA,LAN,4,8,677960,689017,F
745040,20240918,TBA,BOS,1,2,686752,656557,F
745771,20240918,NYN,WAS,10,0,500779,687792,F
746254,20240918,KCA,DET,2,4,679525,669373,F
745933,20240918,MIL,PHI,2,1,642547,605400,F
745121,20240918,SLN,PIT,10,5,543243,663765,F
744959,20240918,TEX,TOR,2,0,674003,670102,F
745199,20240918,SEA,NYA,1,2,682243,641482,F
746985,20240919,BAL,SFN,5,3,621107,657277,F
746579,20240919,CLE,MIN,3,2,676282,680573,F
746663,20240919,CIN,ATL,3,15,687924,519242,F
744962,20240919,TEX,TOR,0,4,677958,592332,F
745204,20240919,SEA,NYA,3,2,669302,657376,F
746011,20240919,MIA,LAN,4,20,665795,656427,F
745041,20240919,TBA,BOS,2,0,641793,678394,F
745120,20240919,SLN,PIT,2,3,607200,682847,F
745769,20240919,NYN,PHI,10,6,622663,592836,F
745937,20240919,MIL,ARI,1,5,668964,694297,F
746823,20240919,CHN,WAS,7,6,665871,571578,F
746341,20240919,HOU,ANA,3,1,579328,660761,F
746824,20240920,CHN,WAS,3,1,592791,592866,F
746661,20240920,CIN,PIT,8,3,607259,656605,F
745043,20240920,TBA,TOR,1,0,641302,621244,F
746984,20240920,BAL,DET,7,1,669203,663947,F
746905,20240920,BOS,MIN,2,4,690916,701581,F
745770,20240920,NYN,PHI,2,12,656849,650911,F
746013,20240920,MIA,ATL,4,3,678368,450203,F
744960,20240920,TEX,SEA,2,8,594798,669923,F
746340,20240920,HOU,ANA,9,7,434378,542881,F
746256,20240920,KCA,SFN,1,2,608379,696131,F
745934,20240920,MIL,ARI,4,7,607067,668678,F
745123,20240920,SLN,CLE,1,5,502043,594902,F
745364,20240920,SDN,CHA,3,2,605397,676979,F
745606,20240920,ATH,NYA,2,4,669372,543037,F
746094,20240920,LAN,COL,6,4,518489,607536,F
746660,20240921,CIN,PIT,7,1,695076,683003,F
746826,20240921,CHN,WAS,1,5,543294,669022,F
746983,20240921,BAL,DET,4,6,700249,681857,F
745038,20240921,TBA,TOR,3,2,671737,684320,F
745768,20240921,NYN,PHI,6,3,640455,624133,F
746012,20240921,MIA,ATL,2,6,670124,608331,F
746255,20240921,KCA,SFN,0,9,663903,694738,F
744958,20240921,TEX,SEA,4,8,641540,676106,F
746338,20240921,HOU,ANA,10,4,669854,672282,F
745936,20240921,MIL,ARI,0,5,650644,518876,F
745124,20240921,SLN,CLE,6,5,571945,571510,F
745360,20240921,SDN,CHA,6,2,527048,623167,F
745610,20240921,ATH,NYA,0,10,676664,607074,F
746096,20240921,LAN,COL,3,6,621111,615698,F
746906,20240922,BOS,MIN,,,676710,805673,F
746903,20240922,BOS,MIN,8,1,601713,641154,F
746906,20240922,BOS,MIN,9,3,676710,805673,F
746657,20240922,CIN,PIT,0,2,668881,694973,F
746982,20240922,BAL,DET,3,4,544150,663947,F
745036,20240922,TBA,TOR,4,3,669358,621114,F
746010,20240922,MIA,ATL,4,5,670766,656550,F
746339,20240922,HOU,ANA,8,9,681293,656288,F
746253,20240922,KCA,SFN,0,2,607625,605483,F
745929,20240922,MIL,ARI,10,9,593423,656756,F
745118,20240922,SLN,CLE,2,1,669467,668909,F
746825,20240922,CHN,WAS,5,0,684007,663623,F
744955,20240922,TEX,SEA,6,5,571760,693433,F
745608,20240922,ATH,NYA,4,7,683155,661563,F
746092,20240922,LAN,COL,6,5,808967,622608,F
745358,20240922,SDN,CHA,4,2,506433,680732,F
745767,20240922,NYN,PHI,2,1,656731,554430,F
745527,20240923,PHI,CHN,6,2,605400,663878,F
744885,20240923,TOR,BOS,1,4,605135,656557,F
746334,20240923,HOU,SEA,1,6,686613,682243,F
747150,20240923,ARI,SFN,3,6,593958,806185,F
746421,20240924,DET,TBA,2,1,669373,686752,F
746581,20240924,CLE,CIN,6,1,676440,686730,F
745526,20240924,PHI,CHN,4,10,621383,657006,F
745441,20240924,PIT,MIL,2,7,663559,668964,F
744802,20240924,WAS,KCA,0,1,680730,666142,F
745688,20240924,NYA,BAL,3,5,657376,665152,F
744876,20240924,TOR,BOS,5,6,670102,678394,F
747068,20240924,ATL,NYN,5,1,680885,622663,F
746743,20240924,CHA,ANA,3,2,686563,686799,F
745851,20240924,MIN,MIA,1,4,641927,677960,F
746336,20240924,HOU,SEA,4,3,664285,669302,F
746504,20240924,COL,SLN,3,7,663372,700241,F
747149,20240924,ARI,SFN,0,11,694297,657277,F
745605,20240924,ATH,TEX,5,4,687765,543135,F
746093,20240924,LAN,SDN,2,4,689017,650633,F
746331,20240925,HOU,SEA,1,8,579328,669923,F
745521,20240925,PHI,CHN,9,6,650911,665871,F
746583,20240925,CLE,CIN,5,2,689958,596001,F
746420,20240925,DET,TBA,7,1,672456,641793,F
745442,20240925,PIT,MIL,2,1,682847,642547,F
744795,20240925,WAS,KCA,0,3,687792,547179,F
745690,20240925,NYA,BAL,7,9,573186,621107,F
744877,20240925,TOR,BOS,6,1,592332,690916,F
746742,20240925,CHA,ANA,4,3,663436,660761,F
745854,20240925,MIN,MIA,8,3,680573,665795,F
746501,20240925,COL,SLN,2,5,596295,607200,F
747144,20240925,ARI,SFN,8,2,668678,696131,F
745607,20240925,ATH,TEX,1,5,669620,674003,F
746095,20240925,LAN,SDN,4,3,656427,656302,F
747064,20240930,ATL,NYN,,,656550,664192,F
745443,20240926,PIT,MIL,2,5,656605,650644,F
744796,20240926,WAS,KCA,4,7,571578,608379,F
746415,20240926,DET,TBA,4,3,681857,641302,F
746738,20240926,CHA,ANA,7,0,623167,542881,F
746495,20240926,COL,SLN,10,8,607536,502043,F
745609,20240926,ATH,TEX,3,2,669372,677958,F
745691,20240926,NYA,BAL,10,1,543037,669203,F
745853,20240926,MIN,MIA,6,8,701581,678368,F
746088,20240926,LAN,SDN,7,2,621111,605397,F
747139,20240930,ATL,NYN,,,680885,656731,F
746822,20240927,CHN,CIN,1,0,592791,607259,F
746417,20240927,DET,CHA,4,1,669724,676979,F
744797,20240927,WAS,PHI,9,1,592866,624133,F
745692,20240927,NYA,PIT,2,4,607074,683003,F
744879,20240927,TOR,MIA,5,15,621244,670124,F
746580,20240927,CLE,HOU,2,5,676282,669854,F
746904,20240927,BOS,TBA,1,2,601713,671737,F
747065,20240927,ATL,KCA,3,0,608331,663903,F
746494,20240927,COL,LAN,4,11,615698,518489,F
745847,20240927,MIN,BAL,2,7,641154,700249,F
745930,20240927,MIL,NYN,8,4,593423,640455,F
746173,20240927,ANA,TEX,2,5,672282,594798,F
747145,20240927,ARI,SDN,3,5,518876,506433,F
745202,20240927,SEA,ATH,2,0,693433,676664,F
745280,20240927,SFN,SLN,3,6,694738,571945,F
745685,20240928,NYA,PIT,4,9,661563,694973,F
746414,20240928,DET,CHA,0,4,689225,680732,F
746819,20240928,CHN,CIN,3,0,543294,695076,F
744878,20240928,TOR,MIA,1,8,684320,675540,F
745281,20240928,SFN,SLN,6,5,663941,669467,F
744799,20240928,WAS,PHI,6,3,669022,554430,F
746902,20240928,BOS,TBA,2,7,676710,669358,F
746578,20240928,CLE,HOU,3,4,594902,434378,F
745849,20240928,MIN,BAL,2,9,805673,621199,F
745931,20240928,MIL,NYN,6,0,657649,500779,F
747066,20240928,ATL,KCA,2,1,625643,607625,F
746499,20240928,COL,LAN,2,13,622608,808967,F
747146,20240928,ARI,SDN,0,5,593958,681190,F
746171,20240928,ANA,TEX,8,9,656288,571760,F
745203,20240928,SEA,ATH,7,6,676106,683155,F
745282,20240929,SFN,SLN,1,6,806185,700241,F
746901,20240929,BOS,TBA,3,1,682990,686752,F
744798,20240929,WAS,PHI,3,6,663623,605400,F
745686,20240929,NYA,PIT,6,4,657376,663559,F
746174,20240929,ANA,TEX,0,8,686799,543135,F
744880,20240929,TOR,MIA,1,3,621114,677960,F
746496,20240929,COL,LAN,1,2,663372,607455,F
747147,20240929,ARI,SDN,11,2,694297,527048,F
745201,20240929,SEA,ATH,6,4,669302,687765,F
745846,20240929,MIN,BAL,2,6,641927,544150,F
746416,20240929,DET,CHA,5,9,628317,686563,F
745932,20240929,MIL,NYN,0,5,607067,656849,F
746820,20240929,CHN,CIN,0,3,668873,668881,F
747061,20240929,ATL,KCA,2,4,450203,679525,F
746577,20240929,CLE,HOU,,,,,F
747139,20240930,ATL,NYN,7,8,680885,656731,F
747064,20240930,ATL,NYN,3,0,656550,664192,F
