game_pk,date,home,away,home_score,away_score,home_sp,away_sp,status
778563,20250318,CHN,LAN,1,4,684007,808967,F
778564,20250319,CHN,LAN,3,6,657006,808963,F
778557,20250327,NYA,MIL,4,2,607074,642547,F
778556,20250327,TOR,BAL,2,12,621244,621107,F
778553,20250327,TEX,BOS,2,5,543135,676979,F
778555,20250327,WAS,PHI,3,7,669022,554430,F
778558,20250327,KCA,CLE,4,7,666142,594902,F
778559,20250327,HOU,NYN,3,1,664285,605280,F
778561,20250327,CIN,SFN,4,6,668881,657277,F
778545,20250327,SDN,ATL,7,4,650633,519242,F
778554,20250327,CHA,ANA,8,1,680732,579328,F
778562,20250327,MIA,PIT,5,4,645261,694973,F
778551,20250327,SLN,MIN,5,3,543243,641154,F
778546,20250327,LAN,DET,5,4,605483,669373,F
778552,20250327,ARI,CHN,6,10,668678,657006,F
778547,20250327,SEA,ATH,4,2,669302,622663,F
778560,20250328,TBA,COL,3,2,686752,607536,F
778549,20250328,TOR,BAL,8,2,592332,450203,F
778548,20250328,MIA,PIT,3,4,687362,656605,F
778550,20250328,TEX,BOS,4,1,683004,656557,F
778518,20250328,HOU,NYN,1,3,686613,656731,F
778543,20250328,ARI,CHN,8,1,518876,592791,F
778541,20250328,SEA,ATH,0,7,622491,605488,F
778542,20250328,SDN,ATL,4,3,656302,625643,F
778544,20250328,LAN,DET,8,5,808967,656427,F
778538,20250329,NYA,MIL,20,9,608331,641482,F
778534,20250329,CHA,ANA,0,1,686563,667755,F
778528,20250329,SLN,MIN,5,1,607200,657746,F
778536,20250329,TOR,BAL,5,9,453286,665152,F
778535,20250329,WAS,PHI,6,11,663623,666200,F
778529,20250329,KCA,CLE,4,3,607625,668909,F
778540,20250329,CIN,SFN,3,2,666157,434378,F
778537,20250329,TBA,COL,1,2,641793,622608,F
778539,20250329,MIA,PIT,5,4,678368,663559,F
778531,20250329,TEX,BOS,4,3,641816,621111,F
778530,20250329,HOU,NYN,2,1,681293,656288,F
778520,20250329,SDN,ATL,1,0,681190,680885,F
778532,20250329,ARI,CHN,3,4,694297,684007,F
778533,20250329,LAN,DET,7,3,808963,681857,F
778521,20250329,SEA,ATH,2,4,682243,674370,F
778526,20250330,WAS,PHI,5,1,680730,605400,F
778523,20250330,NYA,MIL,12,3,573186,650644,F
778525,20250330,TOR,BAL,3,1,605135,608372,F
778522,20250330,CIN,SFN,3,6,607259,592662,F
778524,20250330,TBA,COL,6,4,671737,663372,F
778519,20250330,MIA,PIT,3,2,676974,571760,F
778510,20250330,KCA,CLE,2,6,608379,676440,F
778527,20250330,CHA,ANA,2,3,663436,686799,F
778517,20250330,SLN,MIN,9,2,669467,641927,F
778516,20250330,TEX,BOS,3,2,594798,690916,F
778515,20250330,ARI,CHN,10,6,593958,571510,F
778513,20250330,SEA,ATH,2,1,693433,676664,F
778514,20250330,SDN,ATL,5,0,601713,700363,F
778506,20250331,CHA,MIN,9,0,527048,663978,F
778504,20250331,MIL,KCA,1,11,660730,663460,F
778512,20250331,BAL,BOS,8,5,700249,656794,F
778502,20250331,PHI,COL,6,1,650911,608566,F
778511,20250331,CIN,TEX,14,3,663903,677958,F
778509,20250331,MIA,NYN,4,10,615698,656849,F
778508,20250331,TBA,PIT,6,1,656876,669387,F
778507,20250331,TOR,WAS,5,2,670102,647336,F
778503,20250331,SLN,ANA,4,5,571945,542881,F
778505,20250331,HOU,SFN,2,7,669854,663855,F
778499,20250331,SDN,CLE,7,2,606996,682847,F
778496,20250331,SEA,DET,6,9,676106,695549,F
778501,20250331,ATH,CHN,3,18,683155,676962,F
778500,20250331,LAN,ATL,6,1,607192,656550,F
778498,20250401,CIN,TEX,0,1,686730,543135,F
778497,20250401,MIA,NYN,4,2,645261,673540,F
778493,20250401,TBA,PIT,7,0,669358,802419,F
778492,20250401,NYA,ARI,5,7,701542,669203,F
778491,20250401,TOR,WAS,5,3,621244,592866,F
778490,20250401,CHA,MIN,3,8,681343,680573,F
778488,20250401,MIL,KCA,5,0,694477,547179,F
778495,20250401,SLN,ANA,7,9,669461,543294,F
778489,20250401,HOU,SFN,1,3,669713,657277,F
778485,20250401,SDN,CLE,7,0,650633,671106,F
778486,20250401,SEA,DET,1,4,669302,663554,F
778494,20250401,ATH,CHN,4,7,622663,657006,F
778487,20250401,LAN,ATL,3,1,669160,519242,F
778480,20250402,CIN,TEX,0,1,668881,683004,F
778479,20250402,TBA,PIT,2,4,686752,694973,F
778477,20250402,MIL,KCA,3,2,642547,666142,F
778473,20250402,SLN,ANA,12,5,543243,579328,F
778474,20250402,CHA,MIN,1,6,680732,641154,F
778478,20250402,TOR,WAS,4,2,687922,669022,F
778471,20250402,ATH,CHN,2,10,605488,592791,F
778476,20250402,SDN,CLE,5,2,656302,594902,F
778469,20250402,SEA,DET,3,2,622491,669373,F
778475,20250402,HOU,SFN,3,6,664285,694738,F
778481,20250402,MIA,NYN,5,6,687362,605280,F
778483,20250402,BAL,BOS,0,3,621107,676979,F
778482,20250402,PHI,COL,5,1,554430,607536,F
778484,20250402,NYA,ARI,3,4,607074,668678,F
778472,20250402,LAN,ATL,6,5,605483,693821,F
778470,20250403,BAL,BOS,4,8,450203,656557,F
778467,20250403,PHI,COL,3,1,592836,622608,F
778462,20250403,MIN,HOU,2,5,657746,686613,F
778466,20250403,NYA,ARI,9,7,471911,518876,F
778468,20250403,MIL,CIN,1,0,641482,666157,F
778458,20250404,DET,CHA,7,4,656427,686563,F
778463,20250404,BOS,SLN,13,9,621111,607200,F
778460,20250404,CHN,SDN,3,1,684007,681190,F
778465,20250404,NYN,TOR,5,0,656731,592332,F
778456,20250404,COL,ATH,3,6,663372,674370,F
778461,20250404,PIT,NYA,4,9,656605,608331,F
778444,20250404,SFN,SEA,10,9,434378,622379,F
778457,20250404,WAS,ARI,4,6,663623,694297,F
778459,20250404,PHI,LAN,3,2,666200,808967,F
778464,20250404,ATL,MIA,10,0,680885,676974,F
778455,20250404,KCA,BAL,8,2,607625,665152,F
778454,20250404,TEX,TBA,5,2,641816,641793,F
778453,20250404,MIL,CIN,3,2,641302,607259,F
778447,20250404,ANA,CLE,6,8,667755,668909,F
778445,20250405,DET,CHA,7,2,681857,663436,F
778440,20250405,MIN,HOU,6,1,641927,681293,F
778450,20250405,CHN,SDN,7,1,571510,601713,F
778452,20250405,WAS,ARI,4,3,680730,593958,F
778448,20250405,PHI,LAN,1,3,605400,808963,F
778449,20250405,PIT,NYA,4,10,663559,573186,F
778441,20250405,KCA,BAL,1,8,608379,608372,F
778438,20250405,TEX,TBA,6,4,594798,671737,F
778446,20250405,NYN,TOR,3,2,656288,605135,F
778439,20250405,MIL,CIN,7,11,660730,663903,F
778451,20250405,ATL,MIA,0,4,700363,615698,F
778442,20250405,COL,ATH,4,7,608566,676664,F
778436,20250405,SFN,SEA,4,1,592662,682243,F
778437,20250405,ANA,CLE,10,4,686799,676440,F
778443,20250406,BOS,SLN,,,656794,669467,F
778429,20250406,WAS,ARI,5,4,592866,669203,F
778443,20250406,BOS,SLN,5,4,656794,669467,F
778432,20250406,BOS,SLN,18,7,690928,571945,F
778434,20250406,PHI,LAN,8,7,650911,607192,F
778428,20250406,PIT,NYA,5,4,571760,701542,F
778435,20250406,NYN,TOR,2,1,656849,670102,F
778433,20250406,DET,CHA,4,3,695549,527048,F
778422,20250406,KCA,BAL,4,1,663460,700249,F
778419,20250406,MIN,HOU,7,9,663978,669854,F
778421,20250406,MIL,CIN,8,2,694477,686730,F
778430,20250406,CHN,SDN,7,8,676962,606996,F
778420,20250406,TEX,TBA,4,3,677958,656876,F
778423,20250406,COL,ATH,12,5,801403,683155,F
778427,20250406,SFN,SEA,5,4,663855,693433,F
778425,20250406,ANA,CLE,6,2,542881,682847,F
778431,20250809,ATL,MIA,,,694462,687473,F
778424,20250407,DET,NYA,6,2,663554,607074,F
778415,20250407,PIT,SLN,8,4,669387,669461,F
778418,20250407,WAS,LAN,6,4,669022,669160,F
778426,20250407,BOS,TOR,2,6,690916,621244,F
778416,20250407,NYN,MIA,2,0,673540,678368,F
778411,20250407,CHN,TEX,7,0,657006,543135,F
778412,20250407,KCA,MIN,4,2,547179,680573,F
778413,20250407,ARI,BAL,1,5,668678,621107,F
778405,20250407,SEA,HOU,4,3,669302,669713,F
778410,20250407,SFN,CIN,0,2,657277,668881,F
778414,20250407,ATH,SDN,4,5,622663,650633,F
778403,20250408,DET,NYA,5,0,669373,471911,F
778402,20250408,CLE,CHA,1,0,594902,681343,F
778407,20250408,NYN,MIA,10,5,605280,687362,F
778408,20250408,PIT,SLN,3,5,694973,543243,F
778409,20250408,WAS,LAN,8,2,695418,680736,F
778404,20250408,BOS,TOR,1,6,676979,687922,F
778417,20250408,TBA,ANA,3,4,669358,543294,F
778406,20250408,ATL,PHI,7,5,519242,554430,F
778401,20250408,CHN,TEX,10,6,592791,571578,F
778400,20250408,KCA,MIN,2,1,666142,641154,F
778394,20250408,COL,MIL,1,7,607536,642547,F
778396,20250408,ARI,BAL,4,3,518876,450203,F
778398,20250408,SEA,HOU,1,2,622491,664285,F
778397,20250408,SFN,CIN,0,1,694738,666157,F
778395,20250408,ATH,SDN,10,4,605488,656302,F
778389,20250409,PIT,SLN,2,1,656605,607200,F
778390,20250409,NYN,MIA,0,5,656731,676974,F
778387,20250409,DET,NYA,3,4,656427,608331,F
778385,20250409,CHN,TEX,2,6,684007,641816,F
778381,20250409,ATH,SDN,1,2,674370,681190,F
778380,20250409,ARI,BAL,9,0,694297,665152,F
778376,20250409,SFN,CIN,8,6,434378,607259,F
778392,20250409,WAS,LAN,5,6,663623,689017,F
778383,20250409,SEA,HOU,7,6,622379,686613,F
778391,20250409,CLE,CHA,3,2,671106,680732,F
778386,20250409,BOS,TOR,1,2,656557,592332,F
778399,20250409,TBA,ANA,5,4,686752,579328,F
778393,20250409,ATL,PHI,3,4,656550,592836,F
778388,20250409,KCA,MIN,0,4,607625,657746,F
778379,20250409,COL,MIL,2,17,622608,641302,F
778382,20250410,TBA,ANA,1,11,641793,667755,F
778378,20250410,CLE,CHA,6,1,668909,686563,F
778373,20250410,KCA,MIN,3,2,608379,641927,F
778371,20250410,COL,MIL,7,2,663372,682990,F
778377,20250410,BOS,TOR,4,3,621111,605135,F
778384,20250410,ATL,PHI,4,2,680885,666200,F
778375,20250411,CLE,KCA,7,0,676440,663460,F
778374,20250411,CIN,PIT,5,3,663903,663559,F
778367,20250411,TBA,ATL,6,3,671737,693821,F
778370,20250411,NYA,SFN,1,9,573186,592662,F
778369,20250411,MIA,WAS,4,7,665795,680730,F
778366,20250411,CHA,BOS,11,1,663436,656794,F
778368,20250411,HOU,ANA,14,3,669854,686799,F
778363,20250411,MIN,DET,6,7,701581,681857,F
778365,20250411,SLN,PHI,2,0,669467,605400,F
778361,20250411,SDN,COL,8,0,601713,608566,F
778360,20250411,SEA,TEX,5,3,682243,594798,F
778364,20250411,ARI,MIL,0,7,593958,500779,F
778358,20250411,ATH,NYN,6,7,676664,656288,F
778356,20250411,LAN,CHN,3,0,808967,571510,F
778372,20250729,BAL,TOR,,,450203,687922,F
778348,20250412,MIN,DET,0,4,663978,695549,F
778347,20250412,SLN,PHI,1,4,571945,650911,F
778355,20250412,NYA,SFN,8,4,701542,663855,F
778346,20250412,ATH,NYN,3,1,669372,656849,F
778362,20250412,BAL,TOR,5,4,608372,670102,F
778353,20250412,TBA,ATL,4,5,656876,700363,F
778349,20250412,CHA,BOS,3,2,527048,690916,F
778354,20250412,MIA,WAS,7,6,645261,592866,F
778359,20250412,CLE,KCA,6,3,682847,547179,F
778357,20250412,CIN,PIT,5,2,671096,571760,F
778351,20250412,HOU,ANA,1,4,687473,542881,F
778350,20250412,ARI,MIL,5,4,669203,694477,F
778352,20250412,SDN,COL,2,0,606996,801403,F
778345,20250412,LAN,CHN,0,16,808963,676962,F
778341,20250412,SEA,TEX,9,2,693433,677958,F
778344,20250413,BAL,TOR,6,7,700249,621244,F
778339,20250413,NYA,SFN,4,5,607074,657277,F
778342,20250413,CLE,KCA,2,4,594902,666142,F
778343,20250413,CIN,PIT,4,0,668881,669387,F
778340,20250413,TBA,ATL,8,3,671212,519242,F
778337,20250413,MIA,WAS,11,4,615698,669022,F
778329,20250413,HOU,ANA,7,3,669713,543294,F
778335,20250413,MIN,DET,5,1,680573,663554,F
778338,20250413,CHA,BOS,1,3,681343,676979,F
778336,20250413,SLN,PHI,7,0,669461,554430,F
778333,20250413,ATH,NYN,0,8,622663,673540,F
778330,20250413,SDN,COL,6,0,650633,607536,F
778334,20250413,SEA,TEX,3,1,669302,543135,F
778332,20250413,ARI,MIL,5,2,668678,642547,F
778331,20250413,LAN,CHN,2,4,607192,607067,F
778321,20250414,PIT,WAS,10,3,694973,695418,F
778320,20250414,PHI,SFN,4,10,592836,694738,F
778328,20250414,TBA,BOS,16,1,669358,656557,F
778327,20250414,NYA,KCA,4,1,471911,607625,F
778322,20250414,TOR,ATL,4,8,687922,656550,F
778324,20250414,MIN,NYN,1,5,657746,605280,F
778323,20250414,MIL,DET,1,9,641302,669373,F
778325,20250414,SLN,HOU,8,3,543243,664285,F
778315,20250414,SDN,CHN,10,4,656302,592791,F
778326,20250414,LAN,COL,5,3,669160,622608,F
778314,20250415,PIT,WAS,0,3,656605,663623,F
778316,20250415,CIN,SEA,8,4,666157,622491,F
778318,20250415,MIA,ARI,4,10,687362,518876,F
778313,20250415,PHI,SFN,6,4,666200,434378,F
778317,20250415,BAL,CLE,3,6,450203,671106,F
778319,20250415,TBA,BOS,4,7,686752,621111,F
778312,20250415,NYA,KCA,4,2,608331,608379,F
778311,20250415,TOR,ATL,6,3,592332,680885,F
778307,20250415,MIN,NYN,6,3,641927,656731,F
778309,20250415,CHA,ATH,3,12,680732,605488,F
778310,20250415,MIL,DET,5,0,682990,656427,F
778308,20250415,SLN,HOU,0,2,607200,686613,F
778306,20250415,TEX,ANA,4,0,641816,579328,F
778305,20250415,SDN,CHN,1,2,681190,684007,F
778302,20250415,LAN,COL,6,2,689017,663372,F
778297,20250416,TOR,ATL,3,1,605135,675911,F
778299,20250416,MIN,NYN,4,3,701581,623211,F
778295,20250416,MIL,DET,5,1,500779,672456,F
778290,20250416,SLN,HOU,4,1,571927,669854,F
778288,20250416,SDN,CHN,4,2,601713,571510,F
778301,20250416,BAL,CLE,9,1,665152,668909,F
778293,20250416,PIT,WAS,6,1,663559,680730,F
778304,20250416,CIN,SEA,3,5,607259,682243,F
778303,20250416,MIA,ARI,2,6,676974,694297,F
778296,20250416,PHI,SFN,4,11,605400,592662,F
778298,20250416,TBA,BOS,0,1,641793,656794,F
778300,20250416,NYA,KCA,4,3,657376,663460,F
778294,20250416,CHA,ATH,1,3,686563,674370,F
778289,20250416,TEX,ANA,3,1,571578,667755,F
778287,20250416,LAN,COL,8,7,676272,608566,F
778291,20250417,MIA,ARI,4,6,665795,593958,F
778280,20250417,PIT,WAS,1,0,571760,592866,F
778285,20250417,CIN,SEA,7,11,663903,676106,F
778283,20250417,CHA,ATH,0,8,663436,676664,F
778279,20250417,PHI,SFN,6,4,650911,663855,F
778292,20250417,BAL,CLE,6,2,608372,676440,F
778286,20250417,DET,KCA,6,1,681857,547179,F
778282,20250417,TBA,NYA,3,6,671737,701542,F
778278,20250417,NYN,SLN,4,1,656288,669467,F
778281,20250417,TEX,ANA,5,3,677958,686799,F
778268,20250418,CHN,ARI,13,11,607067,669203,F
778277,20250418,DET,KCA,7,3,695549,666142,F
778271,20250418,PIT,CLE,7,10,669387,682847,F
778274,20250418,PHI,MIA,7,2,554430,645261,F
778276,20250418,BAL,CIN,3,8,700249,671096,F
778272,20250418,TBA,NYA,0,1,656876,607074,F
778273,20250418,TOR,SEA,3,1,670102,693433,F
778270,20250418,NYN,SLN,5,4,656849,571945,F
778275,20250418,BOS,CHA,10,3,690928,527048,F
778284,20250418,ATL,MIN,6,4,693821,663978,F
778263,20250418,TEX,LAN,0,3,594798,808967,F
778269,20250418,HOU,SDN,6,4,687473,606996,F
778261,20250418,MIL,ATH,5,3,642547,669372,F
778260,20250418,ANA,SFN,2,0,542881,657277,F
778266,20250420,COL,WAS,,,622608,695418,F
778252,20250419,PHI,MIA,11,10,592836,615698,F
778265,20250419,DET,KCA,3,1,663554,607625,F
778257,20250419,CHN,ARI,6,2,676962,668678,F
778258,20250419,TOR,SEA,4,8,621244,669302,F
778262,20250419,BAL,CIN,9,5,687064,668881,F
778254,20250419,PIT,CLE,0,3,694973,594902,F
778256,20250419,NYN,SLN,3,0,673540,669461,F
778251,20250419,TEX,LAN,4,3,543135,808963,F
778247,20250419,COL,WAS,11,12,801403,669022,F
778264,20250419,BOS,CHA,4,3,676979,681343,F
778255,20250419,TBA,NYA,10,8,669358,471911,F
778259,20250419,HOU,SDN,3,2,669713,650633,F
778253,20250419,MIL,ATH,1,3,694477,622663,F
778267,20250419,ATL,MIN,4,3,519242,623437,F
778243,20250419,ANA,SFN,2,3,543294,694738,F
778250,20250420,BAL,CIN,2,24,450203,608718,F
778242,20250420,PIT,CLE,4,5,656605,671106,F
778249,20250420,ATL,MIN,6,2,656550,657746,F
778245,20250420,BOS,CHA,4,8,656557,680732,F
778248,20250420,PHI,MIA,5,7,666200,687362,F
778241,20250420,TOR,SEA,3,8,687922,622491,F
778246,20250420,DET,KCA,3,4,669373,608379,F
778244,20250420,NYN,SLN,7,4,605280,543243,F
778240,20250420,TBA,NYA,0,4,686752,608331,F
778239,20250420,MIL,ATH,14,1,701656,605488,F
778236,20250420,CHN,ARI,2,3,592791,518876,F
778234,20250420,TEX,LAN,0,1,641816,607192,F
778235,20250420,COL,WAS,2,3,607536,663623,F
778266,20250420,COL,WAS,3,1,622608,695418,F
778232,20250420,ANA,SFN,5,4,579328,434378,F
778237,20250420,HOU,SDN,2,3,664285,656302,F
778238,20250421,BOS,CHA,4,2,621111,686563,F
778227,20250421,CLE,NYA,6,4,668909,657376,F
778228,20250421,DET,SDN,6,4,672456,681190,F
778230,20250421,MIA,CIN,6,3,676974,666157,F
778225,20250421,NYN,PHI,5,4,656731,605400,F
778233,20250421,ATL,SLN,7,6,680885,607200,F
778231,20250421,HOU,TOR,7,0,686613,592332,F
778226,20250421,SFN,MIL,5,2,592662,682990,F
778218,20250422,CLE,NYA,3,2,676440,701542,F
778221,20250422,DET,SDN,0,2,656427,601713,F
778219,20250422,MIA,CIN,4,3,665795,607259,F
778222,20250422,WAS,BAL,7,0,680730,665152,F
778224,20250422,BOS,SEA,8,3,678394,682243,F
778223,20250422,NYN,PHI,5,1,656288,650911,F
778229,20250422,ATL,SLN,4,10,656240,669467,F
778215,20250422,KCA,COL,4,3,663460,663372,F
778220,20250422,CHN,LAN,11,10,684007,669160,F
778216,20250422,MIN,CHA,4,2,641927,663436,F
778217,20250422,HOU,TOR,5,1,669854,605135,F
778211,20250422,ANA,PIT,3,9,667755,663559,F
778212,20250422,ARI,TBA,5,1,694297,641793,F
778210,20250422,SFN,MIL,3,11,663855,500779,F
778213,20250422,ATH,TEX,5,8,674370,571578,F
778214,20250423,ATL,SLN,4,1,693821,571945,F
778209,20250423,DET,SDN,6,0,681857,606996,F
778203,20250423,NYN,PHI,4,3,656849,554430,F
778208,20250423,MIA,CIN,2,5,645261,663903,F
778206,20250423,CLE,NYA,1,5,682847,607074,F
778204,20250423,WAS,BAL,4,3,592866,608372,F
778207,20250423,BOS,SEA,5,8,656794,676106,F
778205,20250423,CHN,LAN,7,6,571510,676508,F
778200,20250423,HOU,TOR,3,1,687473,670102,F
778201,20250423,MIN,CHA,6,3,701581,669060,F
778202,20250423,ANA,PIT,0,3,686799,571760,F
778199,20250423,ARI,TBA,6,7,593958,671737,F
778198,20250423,SFN,MIL,4,2,657277,642547,F
778197,20250423,ATH,TEX,5,2,676664,677958,F
778195,20250424,KCA,COL,,,547179,801403,F
778189,20250424,MIN,CHA,0,3,663978,681343,F
778196,20250424,BOS,SEA,3,4,676979,693433,F
778190,20250424,KCA,COL,7,4,666142,608566,F
778195,20250424,KCA,COL,6,2,547179,801403,F
778194,20250424,SFN,MIL,6,5,694738,668964,F
778193,20250424,WAS,BAL,1,2,669022,700249,F
778191,20250424,ANA,PIT,4,3,542881,669387,F
778188,20250424,ARI,TBA,4,7,669203,656876,F
778192,20250424,ATH,TEX,4,3,669372,594798,F
778182,20250425,CHN,PHI,4,0,607067,592836,F
778183,20250425,WAS,NYN,5,4,663623,673540,F
778185,20250425,NYA,TOR,2,4,471911,621244,F
778187,20250425,KCA,HOU,2,0,607625,669713,F
778186,20250425,MIN,ANA,11,4,641154,543294,F
778184,20250425,SLN,MIL,3,2,669461,694477,F
778181,20250425,COL,CIN,7,8,607536,671096,F
778172,20250425,SDN,TBA,0,1,650633,669358,F
778177,20250425,ARI,ATL,2,8,668678,519242,F
778175,20250425,SEA,MIA,4,8,669302,615698,F
778178,20250425,ATH,CHA,6,5,622663,656457,F
778176,20250425,LAN,PIT,0,3,808967,694973,F
778171,20250425,SFN,TEX,0,2,434378,543135,F
778180,20250426,DET,BAL,,,672456,669211,F
778179,20250426,CLE,BOS,,,594902,656557,F
778179,20250426,CLE,BOS,5,4,594902,656557,F
778169,20250426,CLE,BOS,3,7,680951,621111,F
778168,20250426,DET,BAL,4,3,663554,687064,F
778180,20250426,DET,BAL,6,2,672456,669211,F
778166,20250426,MIN,ANA,5,1,680573,579328,F
778164,20250426,SLN,MIL,6,5,543243,682990,F
778161,20250426,COL,CIN,4,6,622608,668881,F
778173,20250426,WAS,NYN,0,2,695418,605280,F
778159,20250426,SFN,TEX,3,2,592662,641816,F
778174,20250426,CHN,PHI,4,10,676962,666200,F
778165,20250426,ATH,CHA,3,10,605488,656457,F
778167,20250426,KCA,HOU,2,0,608379,664285,F
778162,20250426,ARI,ATL,7,8,518876,656550,F
778160,20250426,SDN,TBA,1,4,656302,686752,F
778163,20250426,LAN,PIT,8,4,808963,656605,F
778154,20250426,SEA,MIA,14,0,622491,687362,F
778170,20250427,NYA,TOR,,,657376,605135,F
778153,20250427,WAS,NYN,8,7,680730,656731,F
778156,20250427,NYA,TOR,11,2,608331,592332,F
778170,20250427,NYA,TOR,5,1,657376,605135,F
778157,20250427,CLE,BOS,3,13,671106,678394,F
778155,20250427,DET,BAL,7,0,669373,665152,F
778144,20250427,MIN,ANA,5,0,657746,667755,F
778152,20250427,KCA,HOU,3,7,663460,686613,F
778150,20250427,SLN,MIL,1,7,607200,500779,F
778148,20250427,COL,CIN,1,8,687134,666157,F
778151,20250427,SFN,TEX,3,2,663855,683004,F
778149,20250427,ATH,CHA,3,2,674370,685126,F
778145,20250427,LAN,PIT,9,2,607192,663559,F
778146,20250427,SDN,TBA,2,4,681190,641793,F
778147,20250427,ARI,ATL,6,4,694297,680885,F
778136,20250427,SEA,MIA,7,6,688138,676974,F
778158,20250427,CHN,PHI,1,3,592791,605400,F
778138,20250428,WAS,NYN,5,19,592866,656288,F
778139,20250428,CLE,MIN,1,11,668909,641927,F
778140,20250428,BAL,NYA,4,3,608372,701542,F
778141,20250428,CIN,SLN,3,1,607259,669467,F
778143,20250428,TEX,ATH,1,2,571578,676664,F
778142,20250428,HOU,DET,8,5,669854,656427,F
778137,20250428,COL,ATL,3,6,663372,693821,F
778132,20250428,LAN,MIA,7,6,669160,665795,F
778129,20250429,CLE,MIN,2,1,676440,663978,F
778133,20250429,BAL,NYA,3,15,502043,607074,F
778135,20250429,PIT,CHN,0,9,571760,684007,F
778131,20250429,PHI,WAS,7,6,554430,669022,F
778128,20250429,TBA,KCA,1,3,671737,547179,F
778127,20250429,TOR,BOS,2,10,670102,676979,F
778130,20250429,NYN,ARI,8,3,656849,593958,F
778125,20250429,CHA,MIL,2,7,656457,642547,F
778122,20250429,TEX,ATH,15,2,594798,682052,F
778124,20250429,HOU,DET,6,4,687473,681857,F
778120,20250429,COL,ATL,2,8,608566,700363,F
778121,20250429,SEA,ANA,5,3,682243,686799,F
778126,20250429,SDN,SFN,7,4,601713,657277,F
778123,20250429,LAN,MIA,15,2,676263,645261,F
778134,20250430,CIN,SLN,,,663903,571945,F
778134,20250430,CIN,SLN,0,6,663903,571945,F
778119,20250430,CIN,SLN,1,9,695534,571927,F
778110,20250430,HOU,DET,4,7,805123,695549,F
778102,20250430,COL,ATL,2,1,801403,519242,F
778109,20250430,LAN,MIA,12,7,664062,615698,F
778104,20250430,SEA,ANA,9,3,676106,542881,F
778105,20250430,SDN,SFN,5,3,650633,694738,F
778116,20250430,CLE,MIN,4,2,682847,641154,F
778115,20250430,BAL,NYA,5,4,700249,471911,F
778112,20250430,PIT,CHN,4,3,669387,571510,F
778118,20250430,PHI,WAS,7,2,650911,663623,F
778113,20250430,TBA,KCA,0,3,656876,702070,F
778114,20250430,TOR,BOS,7,6,684320,608337,F
778117,20250430,NYN,ARI,3,4,623211,669203,F
778111,20250430,CHA,MIL,4,6,681343,668964,F
778106,20250430,TEX,ATH,1,7,543135,622663,F
778100,20250501,PIT,CHN,3,8,694973,607067,F
778107,20250501,CIN,SLN,9,1,671096,669461,F
778103,20250501,NYN,ARI,2,4,673540,668678,F
778097,20250501,TBA,KCA,2,8,669358,607625,F
778108,20250501,CLE,MIN,4,3,594902,680573,F
778094,20250501,CHA,MIL,8,0,680732,694477,F
778096,20250501,TEX,ATH,0,3,641816,605488,F
778099,20250501,PHI,WAS,2,4,592836,695418,F
778095,20250501,TOR,BOS,4,2,621244,656557,F
778101,20250501,ANA,DET,4,10,579328,663554,F
778098,20250501,SFN,COL,3,4,434378,607536,F
778087,20250502,CIN,WAS,6,1,668881,680730,F
778090,20250502,PIT,SDN,4,9,656605,656302,F
778086,20250502,PHI,ARI,3,2,666200,518876,F
778093,20250502,BAL,KCA,3,0,665152,608379,F
778088,20250502,NYA,TBA,3,0,608331,686752,F
778081,20250502,TOR,CLE,5,3,605135,671106,F
778089,20250502,BOS,MIN,6,1,678394,657746,F
778091,20250502,MIA,ATH,1,6,678368,680684,F
778092,20250502,ATL,LAN,1,2,656550,808967,F
778079,20250502,CHA,HOU,7,3,686563,664285,F
778083,20250502,TEX,SEA,1,13,683004,693433,F
778080,20250502,MIL,CHN,0,10,641302,676962,F
778084,20250502,SLN,NYN,3,9,543243,605280,F
778085,20250502,ANA,DET,1,9,667755,669373,F
778082,20250502,SFN,COL,4,0,592662,622608,F
778074,20250503,NYA,TBA,2,3,642232,641793,F
778066,20250503,CHA,HOU,3,8,663436,686613,F
778064,20250503,TOR,CLE,3,5,592332,668909,F
778065,20250503,PIT,SDN,1,2,663559,681190,F
778069,20250503,SFN,COL,6,3,663855,687134,F
778073,20250503,BOS,MIN,3,4,690928,641927,F
778075,20250503,MIA,ATH,9,6,676974,674370,F
778078,20250503,PHI,ARI,7,2,605400,694297,F
778077,20250503,CIN,WAS,6,11,666157,592866,F
778070,20250503,TEX,SEA,1,2,571578,622491,F
778071,20250503,MIL,CHN,2,6,500779,592791,F
778072,20250503,BAL,KCA,0,4,608372,663460,F
778076,20250503,ATL,LAN,3,10,680885,808963,F
778067,20250503,ANA,DET,5,2,543294,656427,F
778068,20250504,SLN,NYN,,,669467,656731,F
778053,20250504,SLN,NYN,6,5,607200,694918,F
778068,20250504,SLN,NYN,5,4,669467,656731,F
778062,20250504,BAL,KCA,6,11,502043,547179,F
778051,20250504,PIT,SDN,0,4,571760,663568,F
778063,20250504,BOS,MIN,4,5,676979,663978,F
778057,20250504,NYA,TBA,5,7,701542,671737,F
778056,20250504,TOR,CLE,4,5,670102,676440,F
778061,20250504,MIA,ATH,2,3,665795,676664,F
778059,20250504,PHI,ARI,9,11,624133,593958,F
778055,20250504,CHA,HOU,5,4,669060,621121,F
778054,20250504,MIL,CHN,4,0,642547,684007,F
778052,20250504,TEX,SEA,8,1,594798,688138,F
778048,20250504,SFN,COL,9,3,657277,608566,F
778050,20250504,ANA,DET,1,13,686799,681857,F
778058,20250504,CIN,WAS,1,4,607259,669022,F
778060,20250504,ATL,LAN,4,3,693821,669160,F
778047,20250505,MIA,LAN,4,7,645261,676263,F
778045,20250505,NYA,SDN,3,4,607074,601713,F
778049,20250505,ATL,CIN,4,0,700363,663903,F
778044,20250505,CHN,SFN,9,2,571510,694738,F
778043,20250505,KCA,CHA,3,0,666142,681343,F
778042,20250505,MIL,HOU,5,1,668964,669854,F
778036,20250505,SLN,PIT,6,3,571945,669387,F
778039,20250505,ARI,NYN,4,5,669194,656288,F
778038,20250505,ATH,SEA,7,6,622663,682243,F
778046,20250506,WAS,CLE,,,695418,594902,F
778026,20250506,WAS,CLE,10,9,663623,682847,F
778046,20250506,WAS,CLE,1,9,695418,594902,F
778035,20250506,MIA,LAN,5,4,615698,664062,F
778037,20250506,BOS,TEX,1,6,608337,543135,F
778040,20250506,TBA,PHI,4,8,656876,554430,F
778041,20250506,NYA,SDN,12,3,657376,650633,F
778034,20250506,ATL,CIN,2,1,519242,671096,F
778027,20250506,CHN,SFN,5,14,607067,434378,F
778028,20250506,MIN,BAL,9,1,641154,700249,F
778033,20250506,KCA,CHA,4,3,607625,680732,F
778031,20250506,MIL,HOU,4,3,694477,669713,F
778030,20250506,SLN,PIT,2,1,669461,694973,F
778025,20250506,ANA,TOR,8,3,542881,570632,F
778032,20250506,ARI,NYN,5,1,668678,656849,F
778024,20250506,ATH,SEA,3,5,605488,676106,F
778029,20250508,COL,DET,,,685299,672456,F
778022,20250507,WAS,CLE,6,8,647336,671106,F
778015,20250507,MIL,HOU,1,9,682990,664285,F
778016,20250507,SLN,PIT,5,0,543243,656605,F
778020,20250507,CHN,SFN,1,3,676962,592662,F
778010,20250507,ATH,SEA,5,6,680684,693433,F
778014,20250507,ARI,NYN,1,7,518876,673540,F
778017,20250507,MIA,LAN,1,10,678368,689017,F
778018,20250507,BOS,TEX,6,4,656557,641816,F
778021,20250507,TBA,PHI,0,7,669358,650911,F
778019,20250507,NYA,SDN,4,3,608331,656302,F
778023,20250507,ATL,CIN,3,4,656550,668881,F
778011,20250507,MIN,BAL,5,2,680573,450203,F
778012,20250507,KCA,CHA,2,1,608379,686563,F
778013,20250507,COL,DET,6,8,801403,695549,F
778009,20250507,ANA,TOR,5,4,579328,621244,F
778007,20250508,MIN,BAL,5,2,641927,665152,F
778006,20250508,BOS,TEX,5,0,678394,683004,F
778008,20250508,KCA,CHA,10,0,663460,663436,F
778004,20250508,COL,DET,2,10,607536,663554,F
778029,20250508,COL,DET,1,11,685299,672456,F
778005,20250508,TBA,PHI,6,7,686752,666200,F
778003,20250508,ATL,CIN,5,4,680885,666157,F
778000,20250508,ANA,TOR,5,8,667755,605135,F
777999,20250508,ARI,LAN,5,3,694297,808967,F
777996,20250509,DET,TEX,2,1,669373,571578,F
777998,20250509,PIT,ATL,3,2,663559,693821,F
777995,20250509,WAS,SLN,0,10,680730,607200,F
778002,20250509,TBA,MIL,4,3,641793,500779,F
778001,20250509,NYN,CHN,7,2,605280,592791,F
777997,20250509,CLE,PHI,6,0,668909,605400,F
777990,20250509,KCA,BOS,2,1,547179,690928,F
777991,20250509,CHA,MIA,6,2,669060,676974,F
777989,20250509,HOU,CIN,3,0,686613,607259,F
777992,20250509,MIN,SFN,3,1,663978,663855,F
777993,20250509,COL,SDN,9,13,622608,681190,F
777986,20250509,ANA,BAL,1,4,543294,608372,F
777988,20250509,ARI,LAN,11,14,593958,808963,F
777984,20250509,SEA,TOR,3,6,622491,592332,F
777994,20250509,ATH,NYA,2,10,674370,701542,F
777980,20250510,WAS,SLN,2,4,592866,669467,F
777985,20250510,PIT,ATL,2,3,571760,700363,F
777972,20250510,ATH,NYA,11,7,676664,607074,F
777981,20250510,TBA,MIL,3,2,671737,668964,F
777987,20250510,DET,TEX,3,10,656427,594798,F
777983,20250510,CLE,PHI,1,7,676440,624133,F
777979,20250510,HOU,CIN,9,13,621121,663903,F
777977,20250510,KCA,BOS,1,10,666142,676979,F
777978,20250510,CHA,MIA,1,3,681343,665795,F
777982,20250510,NYN,CHN,5,6,656731,641745,F
777974,20250510,MIN,SFN,2,1,657746,657277,F
777975,20250510,ARI,LAN,3,0,669203,669160,F
777976,20250510,COL,SDN,0,21,687134,663568,F
777973,20250510,ANA,BAL,5,2,686799,502043,F
777970,20250510,SEA,TOR,3,6,688138,670102,F
777968,20250511,NYN,CHN,6,2,656288,571510,F
777962,20250511,WAS,SLN,1,6,669022,571945,F
777967,20250511,PIT,ATL,4,3,669387,519242,F
777969,20250511,DET,TEX,1,6,681857,543135,F
777964,20250511,TBA,MIL,2,4,656876,694477,F
777963,20250511,HOU,CIN,6,0,669854,695534,F
777965,20250511,KCA,BOS,1,3,607625,608337,F
777956,20250511,MIN,SFN,7,6,641154,694738,F
777966,20250511,CHA,MIA,4,2,680732,645261,F
777955,20250511,COL,SDN,9,3,608566,601713,F
777957,20250511,ATH,NYA,2,12,622663,642232,F
777961,20250511,ANA,BAL,3,7,542881,621107,F
777954,20250511,ARI,LAN,1,8,668678,664062,F
777958,20250511,SEA,TOR,1,9,682243,570632,F
777971,20250511,CLE,PHI,0,3,682847,554430,F
777960,20250512,CLE,MIL,5,0,594902,642547,F
777951,20250512,DET,BOS,14,2,695549,656557,F
777953,20250512,PHI,SLN,2,3,650911,669461,F
777950,20250512,NYN,PIT,4,3,656849,694973,F
777959,20250512,ATL,WAS,4,3,656550,663623,F
777952,20250512,CHN,MIA,5,2,607067,615698,F
777949,20250512,TEX,COL,2,1,641816,801403,F
777948,20250512,HOU,KCA,5,7,687473,608379,F
777947,20250512,SDN,ANA,5,9,650633,579328,F
777941,20250512,SEA,NYA,5,11,676106,657376,F
777939,20250512,SFN,ARI,1,2,434378,518876,F
777944,20250513,CLE,MIL,2,0,671106,682990,F
777940,20250513,DET,BOS,10,9,663947,678394,F
777945,20250513,CIN,CHA,1,5,671096,685126,F
777935,20250513,TOR,TBA,9,11,621244,669358,F
777943,20250513,NYN,PIT,2,1,673540,656605,F
777942,20250513,ATL,WAS,5,2,680885,647336,F
777936,20250513,CHN,MIA,5,4,676962,678368,F
777934,20250513,TEX,COL,4,1,683004,607536,F
777931,20250513,HOU,KCA,2,1,664285,663460,F
777932,20250513,SDN,ANA,6,4,656302,667755,F
777926,20250513,SEA,NYA,2,1,693433,608331,F
777930,20250513,SFN,ARI,10,6,592662,694297,F
777937,20250513,LAN,ATH,1,11,689017,605488,F
777938,20250514,BAL,MIN,,,694646,680573,F
777933,20250514,PHI,SLN,,,605400,543243,F
777924,20250514,BAL,MIN,3,6,665152,641927,F
777938,20250514,BAL,MIN,6,8,694646,680573,F
777922,20250514,PHI,SLN,2,1,666200,607200,F
777933,20250514,PHI,SLN,7,14,605400,543243,F
777925,20250514,CLE,MIL,5,9,668909,701656,F
777916,20250514,SFN,ARI,7,8,663855,593958,F
777915,20250514,SEA,NYA,2,3,622491,701542,F
777927,20250514,DET,BOS,6,5,669373,690928,F
777923,20250514,TOR,TBA,3,1,605135,686752,F
777919,20250514,NYN,PIT,0,4,605280,663559,F
777928,20250514,CIN,CHA,2,4,666157,663436,F
777929,20250514,ATL,WAS,4,5,693821,680730,F
777921,20250514,CHN,MIA,1,3,592791,677960,F
777918,20250514,TEX,COL,8,3,571578,622608,F
777920,20250514,HOU,KCA,4,3,676467,547179,F
777914,20250514,SDN,ANA,5,1,681190,543294,F
777917,20250514,LAN,ATH,9,3,808967,680684,F
777909,20250515,ATL,WAS,5,2,700363,592866,F
777911,20250515,BAL,MIN,0,4,608372,663978,F
777912,20250515,CIN,CHA,7,1,607259,669060,F
777913,20250515,TOR,TBA,3,8,592332,641793,F
777910,20250515,TEX,HOU,1,0,594798,686613,F
777946,20250515,LAN,ATH,19,2,669422,674370,F
777900,20250516,CHN,CHA,13,3,690990,681343,F
777902,20250516,CIN,CLE,5,4,663903,676440,F
777905,20250516,PHI,PIT,8,4,624133,571760,F
777907,20250516,BAL,WAS,3,4,700249,669022,F
777904,20250516,NYA,NYN,6,2,607074,656731,F
777906,20250516,TOR,DET,4,5,670102,656427,F
777908,20250516,BOS,ATL,2,4,676979,519242,F
777903,20250516,MIA,TBA,9,4,676974,671737,F
777901,20250516,KCA,SLN,3,10,666142,669467,F
777895,20250516,TEX,HOU,3,6,543135,621121,F
777898,20250516,MIL,MIN,0,3,694477,657746,F
777897,20250516,ARI,COL,8,0,669203,687223,F
777896,20250516,SDN,SEA,1,5,663568,688138,F
777899,20250516,LAN,ANA,2,6,669160,686799,F
777891,20250516,SFN,ATH,9,1,657277,676664,F
777888,20250517,NYA,NYN,2,3,657376,656288,F
777881,20250517,CHN,CHA,7,3,571510,680732,F
777886,20250517,TOR,DET,2,1,641778,681857,F
777890,20250517,BAL,WAS,6,10,502043,663623,F
777889,20250517,MIA,TBA,0,4,645261,656876,F
777894,20250517,PHI,PIT,5,2,554430,669387,F
777892,20250517,CIN,CLE,4,1,608718,677944,F
777882,20250517,TEX,HOU,5,1,641816,669854,F
777885,20250517,KCA,SLN,0,1,702070,571945,F
777893,20250517,BOS,ATL,7,6,608337,656550,F
777883,20250517,MIL,MIN,0,7,668964,641154,F
777887,20250517,ARI,COL,12,14,668678,608566,F
777875,20250517,SDN,SEA,1,4,601713,676106,F
777879,20250517,SFN,ATH,1,0,694738,622663,F
777884,20250517,LAN,ANA,9,11,477132,542881,F
777869,20250518,TEX,HOU,3,4,683004,664285,F
777873,20250518,BAL,WAS,4,10,621107,647336,F
777880,20250518,PHI,PIT,1,0,690953,694973,F
777876,20250518,BOS,ATL,4,10,678394,680885,F
777871,20250518,TOR,DET,2,3,621244,695549,F
777874,20250518,CIN,CLE,3,1,671096,682847,F
777877,20250518,MIA,TBA,5,1,615698,669358,F
777864,20250518,KCA,SLN,2,1,608379,669461,F
777865,20250518,MIL,MIN,5,2,642547,805673,F
777872,20250518,CHN,CHA,6,2,607067,686563,F
777867,20250518,SFN,ATH,3,2,434378,605488,F
777870,20250518,ARI,COL,1,0,518876,801403,F
777866,20250518,LAN,ANA,4,6,664062,579328,F
777868,20250518,SDN,SEA,1,6,650633,693433,F
777878,20250518,NYA,NYN,8,2,608331,656849,F
777859,20250519,PIT,CIN,1,7,656605,666157,F
777863,20250519,MIA,CHN,8,7,665795,676962,F
777856,20250519,BOS,NYN,3,1,690928,673540,F
777858,20250519,TBA,HOU,3,4,686752,676467,F
777861,20250519,MIN,CLE,6,5,641927,671106,F
777857,20250519,CHA,SEA,1,5,663436,622491,F
777860,20250519,MIL,BAL,5,4,642239,665152,F
777862,20250519,SLN,DET,11,4,543243,674944,F
777852,20250519,COL,PHI,3,9,607536,650911,F
777855,20250519,SFN,KCA,1,3,592662,663460,F
777853,20250519,ATH,ANA,3,4,669372,667755,F
777854,20250519,LAN,ARI,5,9,676263,694297,F
777847,20250520,PIT,CIN,1,0,663559,607259,F
777850,20250520,MIA,CHN,1,14,677960,592791,F
777851,20250520,BOS,NYN,2,0,621111,605280,F
777841,20250520,WAS,ATL,5,3,680730,675911,F
777848,20250520,TBA,HOU,3,2,641793,687888,F
777849,20250520,NYA,TEX,5,2,701542,571578,F
777845,20250520,TOR,SDN,3,0,605135,656302,F
777846,20250520,CHA,SEA,1,0,605288,668984,F
777844,20250520,MIL,BAL,5,2,701656,669211,F
777840,20250520,SLN,DET,4,5,607200,669373,F
777842,20250520,COL,PHI,4,7,622608,666200,F
777836,20250520,SFN,KCA,3,2,806185,547179,F
777843,20250520,ATH,ANA,5,7,680684,543294,F
777838,20250520,LAN,ARI,4,3,808967,669194,F
777839,20250920,MIN,CLE,,,657746,677944,F
777834,20250521,PIT,CIN,3,1,571760,663903,F
777832,20250521,TBA,HOU,8,4,671737,686613,F
777861,20250519,MIN,CLE,6,5,641927,671106,F
777833,20250521,MIA,CHN,1,2,676974,690990,F
777826,20250521,MIL,BAL,4,8,694477,608372,F
777827,20250521,SLN,DET,1,5,669467,676428,F
777830,20250521,CHA,SEA,5,6,681343,688138,F
777819,20250521,SFN,KCA,4,8,657277,663738,F
777829,20250521,MIN,CLE,1,5,663978,668909,F
777831,20250521,BOS,NYN,1,5,676979,656731,F
777835,20250521,NYA,TEX,4,3,642232,594798,F
777837,20250521,TOR,SDN,14,0,592332,681190,F
777823,20250521,COL,PHI,5,9,687223,592836,F
777828,20250521,ATH,ANA,5,10,676664,686799,F
777824,20250521,LAN,ARI,3,1,669160,669203,F
777825,20250916,WAS,ATL,,,663623,660761,F
777818,20250522,NYA,TEX,1,0,607074,543135,F
777816,20250522,TOR,SDN,7,6,670102,663568,F
777817,20250522,COL,PHI,0,2,608566,624133,F
777812,20250522,ATH,ANA,5,10,622663,542881,F
777821,20250522,DET,CLE,0,7,656427,676440,F
777814,20250522,PIT,MIL,5,8,681347,650644,F
777820,20250522,WAS,ATL,8,7,592866,700363,F
777822,20250522,HOU,SEA,9,2,621121,669923,F
777815,20250523,BOS,BAL,,,678394,700249,F
777815,20250523,BOS,BAL,19,5,678394,700249,F
777811,20250523,CIN,CHN,6,13,668881,571510,F
777806,20250523,PIT,MIL,6,5,694973,642547,F
777801,20250523,WAS,SFN,0,4,669022,694738,F
777810,20250523,TBA,TOR,3,1,656876,641778,F
777807,20250523,DET,CLE,1,3,695549,677944,F
777808,20250523,NYN,LAN,5,7,656288,477132,F
777813,20250523,ATL,SDN,1,2,519242,601713,F
777805,20250523,CHA,TEX,4,1,680732,641816,F
777800,20250523,HOU,SEA,3,5,687473,676106,F
777799,20250523,MIN,KCA,3,1,641154,702070,F
777797,20250523,SLN,ARI,4,3,571945,668678,F
777802,20250523,COL,NYA,3,2,685299,657376,F
777798,20250523,ANA,MIA,7,4,579328,645261,F
777804,20250523,ATH,PHI,3,4,682052,554430,F
777809,20250524,BOS,BAL,,,690928,621107,F
777809,20250524,BOS,BAL,6,5,690928,621107,F
777790,20250524,BOS,BAL,1,2,608337,669432,F
777788,20250524,MIN,KCA,5,4,805673,608379,F
777786,20250524,SLN,ARI,6,5,669461,518876,F
777793,20250524,WAS,SFN,3,0,663623,690986,F
777794,20250524,PIT,MIL,2,1,656605,682990,F
777791,20250524,CIN,CHN,6,4,671096,607067,F
777787,20250524,HOU,SEA,2,1,664285,693433,F
777803,20250524,ATL,SDN,7,1,656550,669308,F
777792,20250524,CHA,TEX,10,5,669060,683004,F
777782,20250524,COL,NYA,1,13,607536,608331,F
777795,20250524,TBA,TOR,3,1,669358,621244,F
777796,20250524,DET,CLE,5,7,663554,682847,F
777789,20250524,NYN,LAN,5,2,656849,664062,F
777784,20250524,ATH,PHI,6,9,605488,650911,F
777781,20250524,ANA,MIA,2,6,667755,615698,F
777780,20250525,DET,CLE,5,0,669373,671106,F
777785,20250525,BOS,BAL,1,5,621111,665152,F
777778,20250525,WAS,SFN,2,3,647336,592662,F
777776,20250525,PIT,MIL,5,6,663559,701656,F
777779,20250525,CIN,CHN,8,11,666157,676962,F
777775,20250525,TBA,TOR,13,0,686752,605135,F
777774,20250525,HOU,SEA,5,3,676467,622491,F
777772,20250525,MIN,KCA,1,2,641927,663460,F
777777,20250525,CHA,TEX,4,5,663436,571578,F
777766,20250525,SLN,ARI,4,3,543243,694297,F
777768,20250525,COL,NYA,4,5,622608,701542,F
777765,20250525,ATH,PHI,5,4,680684,666200,F
777767,20250525,ANA,MIA,0,3,543294,665795,F
777783,20250525,ATL,SDN,3,5,680885,656302,F
777773,20250525,NYN,LAN,3,1,673540,689017,F
777770,20250526,DET,SFN,3,1,672456,806185,F
777764,20250526,MIL,BOS,3,2,694477,676979,F
777757,20250526,CHN,COL,3,1,592791,687223,F
777771,20250526,BAL,SLN,5,2,450203,607200,F
777759,20250526,TEX,TOR,1,2,594798,592332,F
777760,20250526,KCA,CIN,4,7,547179,607259,F
777758,20250526,NYN,CHA,2,1,605280,605288,F
777769,20250526,CLE,LAN,2,7,668909,808967,F
777762,20250526,TBA,MIN,7,2,641793,663978,F
777761,20250526,ARI,PIT,5,0,669194,571760,F
777756,20250526,SDN,MIA,4,3,681190,677960,F
777763,20250526,ANA,NYA,1,5,686799,642232,F
777753,20250527,CLE,LAN,5,9,676440,669160,F
777754,20250527,BAL,SLN,4,7,608372,669467,F
777755,20250527,DET,SFN,3,1,656427,657277,F
777748,20250527,PHI,ATL,2,0,624133,675911,F
777746,20250527,TBA,MIN,2,4,671737,657746,F
777749,20250527,NYN,CHA,6,4,656731,686563,F
777750,20250527,KCA,CIN,2,7,663738,663903,F
777747,20250527,MIL,BOS,5,1,650644,690916,F
777751,20250527,CHN,COL,4,3,690990,608566,F
777741,20250527,TEX,TOR,2,0,543135,670102,F
777752,20250527,HOU,ATH,11,1,686613,676664,F
777745,20250527,ANA,NYA,2,3,542881,607074,F
777744,20250527,ARI,PIT,6,9,669203,681347,F
777743,20250527,SEA,WAS,9,1,688138,680730,F
777742,20250527,SDN,MIA,8,6,663568,676974,F
777739,20250528,CLE,LAN,7,4,663465,477132,F
777738,20250528,DET,SFN,4,3,695549,694738,F
777732,20250528,TBA,MIN,5,0,656876,641154,F
777737,20250528,NYN,CHA,4,9,656288,681343,F
777736,20250528,MIL,BOS,6,5,642547,678394,F
777734,20250528,HOU,ATH,5,3,621121,622663,F
777729,20250528,ARI,PIT,1,10,668678,694973,F
777726,20250528,SDN,MIA,8,10,606996,645261,F
777740,20250528,BAL,SLN,4,6,700249,571945,F
777733,20250528,KCA,CIN,3,2,702070,668881,F
777731,20250528,CHN,COL,2,1,571510,685299,F
777724,20250528,TEX,TOR,0,2,641816,687606,F
777728,20250528,ANA,NYA,0,1,579328,657376,F
777730,20250528,SEA,WAS,0,9,669923,592866,F
777735,20250529,PHI,ATL,,,650911,700363,F
777735,20250529,PHI,ATL,5,4,650911,700363,F
777723,20250529,PHI,ATL,3,9,554430,519242,F
777727,20250529,TOR,ATH,12,0,621244,682052,F
777725,20250529,HOU,TBA,3,13,687473,669358,F
777722,20250529,SEA,WAS,3,9,676106,669022,F
777712,20250530,CHN,CIN,2,6,607067,671096,F
777720,20250530,BAL,CHA,2,1,621107,694363,F
777715,20250530,PHI,MIL,2,6,592836,669084,F
777716,20250530,TOR,ATH,11,7,605135,605488,F
777721,20250530,CLE,ANA,1,4,682847,667755,F
777718,20250530,NYN,COL,4,2,656849,607536,F
777717,20250530,MIA,SFN,0,2,615698,690986,F
777719,20250530,ATL,BOS,1,5,656550,608337,F
777709,20250530,TEX,SLN,11,1,683004,669461,F
777711,20250530,KCA,DET,5,7,607625,663554,F
777714,20250530,HOU,TBA,2,1,664285,686752,F
777710,20250530,ARI,WAS,7,9,518876,663623,F
777707,20250530,SDN,PIT,3,2,601713,656605,F
777713,20250530,SEA,MIN,6,12,693433,805673,F
777708,20250530,LAN,NYA,8,5,664062,608331,F
777704,20250531,CHN,CIN,2,0,519141,666157,F
777701,20250531,TOR,ATH,8,7,680755,680684,F
777697,20250531,TEX,SLN,0,2,571578,543243,F
777699,20250531,BAL,CHA,4,2,665152,663436,F
777702,20250531,PHI,MIL,7,17,666200,694477,F
777703,20250531,CLE,ANA,7,5,677944,543294,F
777694,20250531,KCA,DET,1,0,608379,669373,F
777700,20250531,NYN,COL,8,2,673540,622608,F
777693,20250531,HOU,TBA,3,16,676467,641793,F
777706,20250531,ATL,BOS,5,0,680885,621111,F
777705,20250531,MIA,SFN,1,0,665795,592662,F
777695,20250531,SEA,MIN,5,4,682243,641927,F
777698,20250531,LAN,NYA,18,2,689017,701542,F
777691,20250531,SDN,PIT,0,5,656302,663559,F
777696,20250531,ARI,WAS,7,11,694297,647336,F
777678,20250601,TEX,SLN,8,1,594798,607200,F
777692,20250601,ATL,BOS,1,3,693821,676979,F
777684,20250601,BAL,CHA,3,2,450203,605288,F
777688,20250601,PHI,MIL,2,5,624133,500779,F
777685,20250601,TOR,ATH,8,4,592332,676664,F
777683,20250601,CLE,ANA,4,2,668909,686799,F
777686,20250601,NYN,COL,5,3,605280,687223,F
777689,20250601,MIA,SFN,2,4,677960,806185,F
777677,20250601,KCA,DET,0,1,663460,672456,F
777690,20250601,HOU,TBA,1,0,686613,671737,F
777687,20250601,CHN,CIN,7,3,592791,607259,F
777679,20250601,ARI,WAS,3,1,669203,680730,F
777680,20250601,SEA,MIN,2,1,622491,663978,F
777681,20250601,SDN,PIT,6,4,681190,571760,F
777682,20250601,LAN,NYA,3,7,808967,642232,F
777673,20250602,MIA,COL,4,6,676974,608566,F
777670,20250602,BOS,ANA,6,7,690916,542881,F
777671,20250602,CIN,MIL,2,3,663903,650644,F
777674,20250602,CHA,DET,1,13,686563,656427,F
777676,20250602,SFN,SDN,0,1,657277,663568,F
777669,20250602,ATH,MIN,4,10,622663,657746,F
777675,20250602,LAN,NYN,3,4,669160,621112,F
777663,20250603,PIT,HOU,0,3,694973,621121,F
777666,20250603,MIA,COL,2,3,645261,801403,F
777659,20250603,WAS,CHN,3,8,592866,690990,F
777664,20250603,NYA,CLE,3,2,607074,676440,F
777665,20250603,TOR,PHI,3,8,670102,650911,F
777667,20250603,BOS,ANA,3,4,678394,579328,F
777668,20250603,CIN,MIL,4,2,668881,642547,F
777672,20250603,ATL,ARI,3,8,675911,668678,F
777662,20250603,TBA,TEX,5,1,656876,641816,F
777661,20250603,CHA,DET,8,1,681343,689225,F
777660,20250603,SLN,KCA,7,10,669467,547179,F
777655,20250603,SEA,BAL,1,5,669923,608372,F
777656,20250603,SFN,SDN,2,3,694738,686701,F
777658,20250603,ATH,MIN,3,10,680880,641154,F
777657,20250603,LAN,NYN,6,5,477132,656731,F
777652,20250604,MIA,COL,2,3,615698,607536,F
777647,20250604,CIN,MIL,1,9,671096,669084,F
777649,20250604,BOS,ANA,11,9,608337,667755,F
777648,20250604,PIT,HOU,3,0,681347,687473,F
777650,20250604,WAS,CHN,2,0,669022,571510,F
777653,20250604,NYA,CLE,0,4,657376,682847,F
777651,20250604,TOR,PHI,2,1,621244,690953,F
777654,20250604,ATL,ARI,1,2,519242,518876,F
777646,20250604,TBA,TEX,5,4,669358,677958,F
777639,20250604,CHA,DET,4,5,694363,687830,F
777645,20250604,SEA,BAL,2,3,676106,700249,F
777641,20250604,SFN,SDN,6,5,690986,601713,F
777643,20250604,ATH,MIN,1,6,686993,805673,F
777638,20250604,LAN,NYN,1,6,664062,656288,F
777642,20250605,SLN,KCA,,,571945,702070,F
777640,20250605,ATL,ARI,10,11,656550,694297,F
777642,20250605,SLN,KCA,6,5,571945,702070,F
777635,20250605,SLN,KCA,5,7,669461,666142,F
777634,20250605,CHA,DET,3,2,680732,663554,F
777637,20250605,TOR,PHI,9,1,605135,666200,F
777636,20250605,ATH,MIN,14,3,687765,701581,F
777628,20250605,SEA,BAL,3,4,693433,621107,F
777633,20250605,SFN,SDN,3,2,592662,656302,F
777631,20250605,LAN,NYN,6,5,689017,656849,F
777630,20250605,PIT,HOU,2,8,656605,664285,F
777632,20250605,WAS,CHN,1,7,663623,519141,F
777644,20250605,NYA,CLE,4,0,608331,677944,F
777629,20250605,TBA,TEX,4,3,686752,683004,F
777625,20250606,TBA,MIA,4,3,641793,665795,F
777621,20250606,PIT,PHI,5,4,663559,605452,F
777624,20250606,WAS,TEX,2,0,647336,571578,F
777627,20250606,NYA,BOS,9,6,701542,621111,F
777623,20250606,CIN,ARI,4,3,666157,593958,F
777626,20250606,DET,CHN,3,1,669373,676962,F
777622,20250606,CLE,HOU,2,4,671106,676467,F
777618,20250606,CHA,KCA,7,2,663436,607625,F
777615,20250606,MIN,TOR,4,6,641927,687606,F
777617,20250606,MIL,SDN,0,2,694477,681190,F
777620,20250606,SLN,LAN,5,0,543243,680736,F
777616,20250606,COL,NYN,2,4,669020,673540,F
777614,20250606,ANA,SEA,5,4,543294,682243,F
777613,20250606,ATH,BAL,5,4,676664,665152,F
777619,20250606,SFN,ATL,5,4,806185,680885,F
777609,20250607,DET,CHN,1,6,663947,592791,F
777623,20250606,CIN,ARI,4,3,666157,593958,F
777600,20250607,MIN,TOR,4,5,663978,592332,F
777601,20250607,SLN,LAN,2,1,607200,808967,F
777610,20250607,WAS,TEX,0,5,680730,594798,F
777607,20250607,PIT,PHI,2,1,571760,624133,F
777598,20250607,SFN,ATL,3,2,657277,693821,F
777612,20250607,CIN,ARI,13,1,607259,669194,F
777608,20250607,CLE,HOU,3,5,668909,686613,F
777606,20250607,CHA,KCA,4,1,605288,608379,F
777611,20250607,TBA,MIA,10,11,671737,677960,F
777605,20250607,NYA,BOS,7,10,642232,676979,F
777597,20250607,MIL,SDN,4,3,500779,663568,F
777603,20250607,ANA,SEA,8,6,686799,622491,F
777604,20250607,COL,NYN,1,8,608566,605280,F
777599,20250607,ATH,BAL,4,7,622663,450203,F
777592,20250608,TBA,MIA,3,2,656876,685107,F
777586,20250608,MIL,SDN,0,1,642547,686701,F
777596,20250608,WAS,TEX,2,4,592866,656641,F
777595,20250608,PIT,PHI,2,1,694973,650911,F
777602,20250608,CIN,ARI,4,2,663903,668678,F
777594,20250608,DET,CHN,4,0,656427,690990,F
777591,20250608,CLE,HOU,4,2,676440,687888,F
777585,20250608,MIN,TOR,6,3,657746,670102,F
777590,20250608,CHA,KCA,5,7,678024,547179,F
777582,20250608,SLN,LAN,3,7,700241,477132,F
777583,20250608,COL,NYN,5,13,801403,656731,F
777588,20250608,ATH,BAL,5,1,682052,608372,F
777587,20250608,SFN,ATL,4,3,694738,675911,F
777589,20250608,ANA,SEA,2,3,542881,669923,F
777593,20250608,NYA,BOS,7,11,607074,690928,F
777580,20250609,CLE,CIN,4,7,682847,489119,F
777574,20250609,PIT,MIA,10,3,681347,691587,F
777578,20250609,PHI,CHN,4,3,554430,571510,F
777584,20250609,BOS,TBA,8,10,678394,669358,F
777575,20250609,MIL,ATL,1,7,650644,519242,F
777581,20250609,SLN,TOR,4,5,669467,621244,F
777576,20250609,ANA,ATH,7,4,579328,680880,F
777579,20250609,SDN,LAN,7,8,601713,669160,F
777577,20250609,ARI,SEA,8,4,518876,676106,F
777573,20250610,BAL,DET,3,5,700249,676428,F
777569,20250610,CLE,CIN,0,1,677944,671096,F
777566,20250610,PIT,MIA,2,3,656605,645261,F
777571,20250610,PHI,CHN,4,8,690953,607067,F
777570,20250610,NYN,WAS,5,4,656288,669022,F
777565,20250610,BOS,TBA,3,1,608337,686752,F
777557,20250610,MIN,TEX,4,16,680573,641816,F
777572,20250610,KCA,NYA,2,10,702070,608331,F
777568,20250610,MIL,ATL,4,1,682990,656550,F
777558,20250610,SLN,TOR,9,10,571945,605135,F
777567,20250610,HOU,CHA,2,4,621121,681343,F
777563,20250610,COL,SFN,5,6,687223,690986,F
777564,20250610,ANA,ATH,2,1,667755,687765,F
777560,20250610,SDN,LAN,11,1,656302,642152,F
777559,20250610,ARI,SEA,10,3,694297,688138,F
777552,20250611,PIT,MIA,5,2,663559,615698,F
777553,20250611,PHI,CHN,7,2,666200,676962,F
777549,20250611,CLE,CIN,11,2,671106,666157,F
777554,20250611,MIL,ATL,2,6,694477,680885,F
777545,20250611,SLN,TOR,2,5,669461,641778,F
777548,20250611,ARI,SEA,5,2,593958,693433,F
777542,20250611,ANA,ATH,6,5,543294,676664,F
777543,20250611,SDN,LAN,2,5,681190,676508,F
777562,20250611,BAL,DET,10,1,621107,663554,F
777555,20250611,NYN,WAS,5,0,656849,663623,F
777561,20250611,BOS,TBA,4,3,621111,641793,F
777556,20250611,MIN,TEX,6,2,701581,683004,F
777551,20250611,KCA,NYA,3,6,663460,657376,F
777550,20250611,HOU,CHA,10,2,687473,680732,F
777547,20250611,COL,SFN,7,10,607536,592662,F
777544,20250612,NYN,WAS,4,3,673540,647336,F
777533,20250612,MIN,TEX,3,16,641927,571578,F
777534,20250612,COL,SFN,8,7,622608,806185,F
777540,20250612,BAL,DET,1,4,669211,669373,F
777536,20250612,KCA,NYA,0,1,607625,701542,F
777532,20250612,MIL,SLN,6,0,694819,543243,F
777541,20250612,CHN,PIT,3,2,592791,571760,F
777546,20250612,HOU,CHA,4,3,664285,663436,F
777526,20250613,CHN,PIT,1,2,690990,694973,F
777531,20250613,PHI,TOR,8,0,624133,592332,F
777530,20250613,WAS,MIA,9,11,680730,665795,F
777539,20250613,BAL,ANA,2,0,450203,686799,F
777538,20250613,DET,CIN,11,5,676428,607259,F
777528,20250613,NYN,TBA,5,7,605280,671737,F
777537,20250613,BOS,NYA,2,1,676979,642232,F
777535,20250613,ATL,COL,12,4,693821,608566,F
777524,20250613,TEX,CHA,3,1,542888,605288,F
777529,20250613,KCA,ATH,4,6,608379,622663,F
777527,20250613,HOU,MIN,10,3,676467,663978,F
777525,20250613,MIL,SLN,3,2,642547,607200,F
777521,20250613,ARI,SDN,5,1,669194,663568,F
777520,20250613,SEA,CLE,7,2,622491,668909,F
777522,20250613,LAN,SFN,2,6,808967,657277,F
777514,20250614,WAS,MIA,3,4,592866,806188,F
777517,20250614,DET,CIN,1,11,656427,663903,F
777513,20250614,CHN,PIT,2,1,571510,681347,F
777519,20250614,BAL,ANA,6,5,608372,542881,F
777509,20250614,PHI,TOR,3,2,650911,670102,F
777508,20250614,TEX,CHA,5,4,594798,678024,F
777511,20250614,KCA,ATH,0,4,547179,682052,F
777518,20250614,NYN,TBA,4,8,656731,656876,F
777510,20250614,HOU,MIN,3,2,686613,657746,F
777523,20250614,ATL,COL,4,1,675911,801403,F
777512,20250614,MIL,SLN,5,8,500779,669467,F
777515,20250614,ARI,SDN,8,7,668678,686701,F
777516,20250614,BOS,NYA,4,3,690928,607074,F
777507,20250614,SEA,CLE,4,3,669923,676440,F
777506,20250614,LAN,SFN,11,5,477132,694738,F
777505,20250615,DET,CIN,4,8,663947,489119,F
777501,20250615,BAL,ANA,11,2,656240,579328,F
777499,20250615,PHI,TOR,11,4,554430,621244,F
777504,20250615,ATL,COL,1,10,656550,596295,F
777503,20250615,WAS,MIA,1,3,669022,691587,F
777500,20250615,BOS,NYA,2,0,678394,608331,F
777502,20250615,NYN,TBA,0,9,656288,669358,F
777496,20250615,KCA,ATH,2,3,702070,605488,F
777494,20250615,HOU,MIN,2,1,687888,680573,F
777492,20250615,MIL,SLN,3,2,682990,571945,F
777497,20250615,CHN,PIT,3,2,607067,656605,F
777493,20250615,TEX,CHA,2,1,677958,650644,F
777491,20250615,ARI,SDN,2,8,518876,601713,F
777495,20250615,SEA,CLE,6,0,676106,682847,F
777498,20250615,LAN,SFN,5,4,669160,663546,F
777483,20250616,MIA,PHI,2,5,645261,690953,F
777488,20250616,WAS,COL,4,6,663623,687223,F
777487,20250616,NYA,ANA,0,1,657376,667755,F
777484,20250616,TBA,BAL,7,1,686752,621107,F
777486,20250616,SEA,BOS,0,2,669302,608337,F
777485,20250616,ATH,HOU,3,1,687765,687473,F
777490,20250616,LAN,SDN,6,3,660271,656302,F
777481,20250617,MIA,PHI,8,3,615698,666200,F
777475,20250617,DET,PIT,7,3,663554,663559,F
777480,20250617,WAS,COL,6,10,647336,622608,F
777476,20250617,NYA,ANA,0,4,701542,543294,F
777479,20250617,TOR,ARI,5,4,605135,694297,F
777478,20250617,CIN,MIN,6,5,671096,701581,F
777489,20250617,ATL,NYN,5,4,680885,656849,F
777477,20250617,TBA,BAL,1,5,641793,665152,F
777467,20250617,CHA,SLN,2,12,681343,669461,F
777468,20250617,TEX,KCA,1,6,683004,607625,F
777482,20250617,CHN,MIL,5,3,676962,694477,F
777473,20250617,SEA,BOS,8,0,693433,621111,F
777472,20250617,SFN,CLE,2,3,592662,677944,F
777469,20250617,ATH,HOU,3,13,676664,669920,F
777471,20250617,LAN,SDN,8,6,676263,681190,F
777453,20250618,SEA,BOS,1,3,622491,676979,F
777465,20250618,MIA,PHI,2,4,800049,624133,F
777461,20250618,WAS,COL,1,3,680730,608566,F
777466,20250618,NYA,ANA,2,3,642232,686799,F
777462,20250618,TOR,ARI,8,1,641778,593958,F
777474,20250618,CIN,MIN,4,2,666157,641927,F
777470,20250618,ATL,NYN,5,0,519242,621112,F
777463,20250618,TBA,BAL,12,8,671737,669432,F
777460,20250618,TEX,KCA,3,6,571578,663460,F
777454,20250618,SFN,CLE,2,4,434378,671106,F
777456,20250618,ATH,HOU,4,11,622663,664285,F
777457,20250618,LAN,SDN,4,3,686218,663568,F
777464,20250619,DET,PIT,,,663947,694973,F
777458,20250619,CHA,SLN,,,678024,700241,F
777459,20250818,CHN,MIL,,,690990,642547,F
777452,20250619,CIN,MIN,5,12,607259,663978,F
777445,20250619,WAS,COL,4,3,592866,801403,F
777449,20250619,NYA,ANA,7,3,607074,542881,F
777451,20250619,DET,PIT,9,2,669373,571760,F
777464,20250619,DET,PIT,4,8,663947,694973,F
777447,20250619,CHA,SLN,4,5,680732,607200,F
777458,20250619,CHA,SLN,6,8,678024,700241,F
777450,20250619,CHN,MIL,7,8,592791,642547,F
777443,20250619,TEX,KCA,1,4,542888,608379,F
777448,20250619,TOR,ARI,5,9,592332,669194,F
777440,20250619,SFN,CLE,2,1,657277,668909,F
777444,20250619,MIA,PHI,1,2,665795,650911,F
777455,20250619,ATL,NYN,7,1,675911,605280,F
777446,20250619,TBA,BAL,1,4,656876,450203,F
777441,20250619,ATH,HOU,6,4,682052,676467,F
777442,20250619,LAN,SDN,3,5,808967,686701,F
777436,20250620,CHN,SEA,4,9,571510,669923,F
777432,20250620,PIT,TEX,2,6,681347,594798,F
777431,20250620,TBA,DET,14,8,669358,656427,F
777438,20250620,NYA,BAL,3,5,608331,608372,F
777435,20250620,TOR,CHA,1,7,605513,691799,F
777439,20250620,MIA,ATL,6,2,676083,800311,F
777433,20250620,SLN,CIN,6,1,669467,663903,F
777437,20250620,PHI,NYN,10,2,554430,694918,F
777434,20250620,MIN,MIL,6,17,657746,694819,F
777430,20250620,COL,ARI,8,14,596295,668678,F
777428,20250620,ANA,HOU,2,3,579328,686613,F
777426,20250620,SDN,KCA,5,6,601713,547179,F
777429,20250620,ATH,CLE,5,1,605488,676440,F
777427,20250620,LAN,WAS,6,5,477132,669022,F
777425,20250620,SFN,BOS,5,7,806185,690928,F
777420,20250621,TBA,DET,8,3,686752,676428,F
777422,20250621,NYA,BAL,9,0,657376,621107,F
777412,20250621,MIN,MIL,0,9,680573,500779,F
777415,20250621,SLN,CIN,6,5,543243,608718,F
777419,20250621,CHN,SEA,10,7,690990,676106,F
777418,20250621,TOR,CHA,7,1,621244,650644,F
777417,20250621,SFN,BOS,3,2,694738,678394,F
777421,20250621,PIT,TEX,2,3,656605,677958,F
777424,20250621,MIA,ATL,0,7,691587,656550,F
777413,20250621,SDN,KCA,5,1,656302,702070,F
777423,20250621,PHI,NYN,4,11,690953,656288,F
777410,20250621,COL,ARI,3,5,687223,518876,F
777414,20250621,ANA,HOU,9,1,667755,687888,F
777411,20250621,ATH,CLE,2,4,687765,682847,F
777416,20250621,LAN,WAS,3,7,669160,663623,F
777406,20250622,NYA,BAL,4,2,701542,665152,F
777409,20250622,TBA,DET,3,9,641793,663554,F
777404,20250622,PIT,TEX,8,3,663559,683004,F
777408,20250622,TOR,CHA,2,4,605135,605288,F
777402,20250622,MIA,ATL,5,3,645261,693821,F
777401,20250622,MIN,MIL,8,9,543056,682990,F
777407,20250622,SLN,CIN,1,4,571945,671096,F
777403,20250622,CHN,SEA,6,14,607067,669302,F
777399,20250622,COL,ARI,4,2,622608,694297,F
777400,20250622,ATH,CLE,0,3,676664,677944,F
777395,20250622,SFN,BOS,9,5,592662,608337,F
777397,20250622,ANA,HOU,7,8,543294,687473,F
777398,20250622,LAN,WAS,13,7,660271,647336,F
777396,20250622,SDN,KCA,3,2,681190,607625,F
777405,20250622,PHI,NYN,7,1,666200,656849,F
777394,20250623,BAL,TEX,6,0,669432,571578,F
777389,20250623,NYN,ATL,2,3,621112,680885,F
777390,20250623,CIN,NYA,6,1,666157,642216,F
777388,20250623,MIN,SEA,2,11,641927,693433,F
777393,20250623,CHA,ARI,0,10,681343,593958,F
777391,20250623,MIL,PIT,4,5,694477,677952,F
777392,20250623,SLN,CHN,8,2,669461,676962,F
777381,20250623,ANA,BOS,9,5,686799,621111,F
777382,20250623,SDN,WAS,6,10,663568,680730,F
777380,20250624,BAL,TEX,5,6,450203,656641,F
777386,20250624,DET,ATH,11,4,669373,622663,F
777384,20250624,CLE,TOR,6,10,671106,641778,F
777387,20250624,NYN,ATL,4,7,593423,675911,F
777385,20250624,CIN,NYA,5,4,695505,607074,F
777378,20250624,KCA,TBA,1,5,663460,671737,F
777375,20250624,MIN,SEA,5,6,663978,622491,F
777383,20250624,CHA,ARI,1,4,673929,669194,F
777374,20250624,MIL,PIT,9,3,642547,571760,F
777373,20250624,SLN,CHN,8,7,700241,592791,F
777377,20250624,HOU,PHI,1,0,664285,624133,F
777379,20250624,COL,LAN,7,9,608566,676263,F
777376,20250624,ANA,BOS,3,2,542881,676979,F
777372,20250624,SDN,WAS,4,3,686701,592866,F
777364,20250624,SFN,MIA,2,4,434378,615698,F
777370,20250625,CHA,ARI,7,3,680732,668678,F
777361,20250625,MIL,PIT,4,2,694819,694973,F
777362,20250625,ANA,BOS,5,2,579328,690916,F
777360,20250625,SDN,WAS,1,0,601713,669022,F
777365,20250625,BAL,TEX,0,7,687064,594798,F
777371,20250625,DET,ATH,0,3,656427,682052,F
777368,20250625,CLE,TOR,5,4,668909,453286,F
777369,20250625,NYN,ATL,7,3,605280,800311,F
777367,20250625,CIN,NYA,1,7,663903,608331,F
777359,20250625,KCA,TBA,0,3,608379,656876,F
777363,20250625,MIN,SEA,2,0,657746,669923,F
777357,20250625,SLN,CHN,0,8,607200,571510,F
777366,20250625,HOU,PHI,2,0,676467,554430,F
777358,20250625,COL,LAN,1,8,801403,808967,F
777355,20250625,SFN,MIA,5,8,657277,665795,F
777351,20250626,DET,ATH,8,0,608650,605488,F
777354,20250626,CLE,TOR,0,6,676440,592332,F
777356,20250626,MIN,SEA,10,1,680573,676106,F
777353,20250626,KCA,TBA,0,4,547179,669358,F
777350,20250626,HOU,PHI,2,1,686613,650911,F
777348,20250626,SLN,CHN,0,3,669467,684007,F
777344,20250626,COL,LAN,1,3,596295,477132,F
777347,20250626,SFN,MIA,5,12,806185,676083,F
777352,20250626,NYN,ATL,4,0,656288,656550,F
777341,20250627,PIT,NYN,9,1,656605,656849,F
777343,20250627,BAL,TBA,22,8,608372,686752,F
777337,20250627,NYA,ATH,3,0,701542,687765,F
777346,20250627,CIN,SDN,8,1,607259,656302,F
777349,20250627,CLE,SLN,0,5,682847,543243,F
777345,20250627,BOS,TOR,0,9,678394,621244,F
777334,20250627,DET,MIN,1,4,687830,701581,F
777342,20250627,ATL,PHI,0,13,693821,690953,F
777338,20250627,CHA,SFN,1,3,650644,694738,F
777340,20250627,TEX,SEA,6,7,543135,669302,F
777336,20250627,HOU,CHN,7,4,687888,690990,F
777335,20250627,KCA,LAN,4,5,702070,669160,F
777339,20250627,MIL,COL,10,6,500779,607536,F
777331,20250627,ANA,WAS,9,15,667755,663623,F
777332,20250627,ARI,MIA,8,9,518876,691587,F
777326,20250628,NYA,ATH,0,7,657376,676664,F
777324,20250628,DET,MIN,10,5,663554,641927,F
777325,20250628,PIT,NYN,9,2,663559,621112,F
777330,20250628,BAL,TBA,3,11,621107,641793,F
777322,20250628,TEX,SEA,3,2,677958,693433,F
777319,20250628,KCA,LAN,9,5,607625,660271,F
777328,20250628,CIN,SDN,4,6,671096,681190,F
777329,20250628,CLE,SLN,6,9,677944,571945,F
777323,20250628,BOS,TOR,15,1,608337,605135,F
777327,20250628,CHA,SFN,1,0,605288,592662,F
777318,20250628,ARI,MIA,7,8,694297,645261,F
777321,20250628,MIL,COL,5,0,682990,622608,F
777320,20250628,HOU,CHN,3,12,621121,607067,F
777333,20250628,ATL,PHI,6,1,680885,666200,F
777315,20250628,ANA,WAS,8,2,543294,647336,F
777309,20250629,CLE,SLN,0,7,671106,669461,F
777313,20250629,PIT,NYN,12,1,681347,593423,F
777317,20250629,BAL,TBA,5,1,665152,671737,F
777310,20250629,BOS,TOR,3,5,621111,641778,F
777316,20250629,ATL,PHI,1,2,675911,624133,F
777307,20250629,NYA,ATH,12,5,573186,622663,F
777312,20250629,CIN,SDN,3,2,666157,663568,F
777308,20250629,HOU,CHN,2,0,664285,592791,F
777304,20250629,KCA,LAN,1,5,663460,642152,F
777311,20250629,CHA,SFN,5,2,686563,434378,F
777301,20250629,MIL,COL,3,4,694477,608566,F
777302,20250629,TEX,SEA,4,6,683004,622491,F
777305,20250629,ANA,WAS,4,7,686799,680730,F
777303,20250629,ARI,MIA,4,6,593958,615698,F
777314,20250629,DET,MIN,3,0,669373,663978,F
777306,20250630,PHI,SDN,4,0,554430,663362,F
777299,20250630,PIT,SLN,7,0,571760,607200,F
777295,20250630,TOR,NYA,5,4,453286,607074,F
777300,20250630,BOS,CIN,13,6,676979,695505,F
777296,20250630,TBA,ATH,4,6,656876,682052,F
777292,20250630,TEX,BAL,6,10,571578,669432,F
777297,20250630,SEA,KCA,6,2,669923,608379,F
777291,20250630,ARI,SFN,4,2,669194,657277,F
777283,20250701,TOR,NYA,12,5,592332,608331,F
777288,20250701,PIT,SLN,1,0,694973,669467,F
777293,20250701,MIA,MIN,2,0,665795,657746,F
777286,20250701,TBA,ATH,3,4,669358,605488,F
777294,20250701,BOS,CIN,5,3,690916,663903,F
777298,20250701,ATL,ANA,0,4,656550,542881,F
777287,20250701,CHN,CLE,5,2,571510,668909,F
777282,20250701,TEX,BAL,10,2,594798,687064,F
777285,20250701,COL,HOU,5,6,801403,676467,F
777281,20250701,SEA,KCA,3,6,676106,547179,F
777278,20250701,ARI,SFN,8,2,668678,806185,F
777280,20250701,LAN,CHA,6,1,808967,681343,F
777290,20250702,PHI,SDN,,,650911,656302,F
777284,20250702,WAS,DET,,,592866,663947,F
777289,20250702,NYN,MIL,,,605280,642547,F
777271,20250702,TBA,ATH,6,5,686752,687765,F
777272,20250702,PIT,SLN,5,0,656605,543243,F
777284,20250702,WAS,DET,2,11,592866,663947,F
777265,20250702,WAS,DET,9,4,669022,656427,F
777273,20250702,PHI,SDN,4,6,690953,601713,F
777290,20250702,PHI,SDN,5,1,650911,656302,F
777289,20250702,NYN,MIL,2,7,605280,642547,F
777276,20250702,NYN,MIL,7,3,623211,694819,F
777294,20250701,BOS,CIN,5,3,690916,663903,F
777275,20250702,MIA,MIN,1,2,676083,680573,F
777274,20250702,TOR,NYA,11,9,621244,701542,F
777277,20250702,BOS,CIN,4,8,657514,607259,F
777279,20250702,ATL,ANA,8,3,800311,579328,F
777266,20250702,CHN,CLE,5,4,684007,676440,F
777268,20250702,TEX,BAL,6,0,543135,608372,F
777269,20250702,COL,HOU,3,5,596295,686613,F
777262,20250702,SEA,KCA,3,2,669302,702070,F
777270,20250702,ARI,SFN,5,6,518876,694738,F
777267,20250702,LAN,CHA,5,4,477132,685126,F
777263,20250703,MIA,MIN,4,1,691587,701581,F
777264,20250703,COL,HOU,7,6,607536,687888,F
777258,20250703,WAS,DET,11,7,663623,608650,F
777260,20250703,TOR,NYA,8,5,605135,657376,F
777257,20250703,NYN,MIL,3,2,656849,500779,F
777261,20250703,ATL,ANA,1,5,693821,667755,F
777259,20250703,CHN,CLE,1,0,690990,676282,F
777256,20250703,ARI,SFN,2,7,694297,592662,F
777251,20250703,SEA,KCA,2,3,688138,607625,F
777253,20250703,LAN,CHA,6,2,669160,650644,F
777245,20250704,WAS,BOS,2,11,647336,608337,F
777255,20250704,PHI,CIN,6,9,666200,671096,F
777246,20250704,CHN,SLN,11,3,607067,571945,F
777250,20250704,NYN,NYA,6,5,663795,573186,F
777236,20250704,SEA,PIT,6,0,693433,663559,F
777247,20250704,MIN,TBA,4,3,663978,641793,F
777239,20250704,SDN,TEX,3,2,681190,677958,F
777242,20250704,TOR,ANA,4,3,641778,543294,F
777249,20250704,CLE,DET,1,2,677944,681857,F
777254,20250704,MIA,MIL,5,6,645261,682990,F
777252,20250704,ATL,BAL,2,3,675911,450203,F
777243,20250704,COL,CHA,2,3,622608,605288,F
777235,20250704,LAN,HOU,1,18,676508,621121,F
777248,20250704,ARI,KCA,3,9,593958,663460,F
777244,20250704,ATH,SFN,11,2,676664,434378,F
777230,20250705,MIN,TBA,6,5,663485,671737,F
777229,20250705,CHN,SLN,6,8,519141,669461,F
777231,20250705,TOR,ANA,4,3,453286,686799,F
777228,20250705,WAS,BOS,3,10,680730,621111,F
777233,20250705,PHI,CIN,5,1,624133,666157,F
777234,20250705,ARI,KCA,7,1,669194,608379,F
777237,20250705,ATL,BAL,6,9,607481,665152,F
777241,20250705,NYN,NYA,12,6,593423,607074,F
777238,20250705,MIA,MIL,4,2,615698,694477,F
777240,20250705,CLE,DET,0,1,671106,663554,F
777221,20250705,LAN,HOU,4,6,660271,664285,F
777232,20250705,COL,CHA,3,10,608566,686563,F
777223,20250705,SDN,TEX,4,7,663568,571578,F
777227,20250705,ATH,SFN,2,7,622663,657277,F
777225,20250705,SEA,PIT,1,0,622491,681347,F
777222,20250706,ATL,BAL,1,2,656550,669432,F
777213,20250706,WAS,BOS,4,6,829272,676979,F
777217,20250706,PHI,CIN,3,1,554430,695505,F
777214,20250706,TOR,ANA,3,2,592332,542881,F
777226,20250706,CLE,DET,2,7,668909,669373,F
777216,20250706,NYN,NYA,4,6,606965,608331,F
777224,20250706,MIA,MIL,1,3,665795,605540,F
777220,20250706,MIN,TBA,5,7,657746,656876,F
777215,20250706,COL,CHA,6,4,801403,681343,F
777218,20250706,ARI,KCA,0,4,543101,547179,F
777206,20250706,LAN,HOU,1,5,686218,687473,F
777205,20250706,SEA,PIT,1,0,669923,694973,F
777219,20250706,CHN,SLN,11,0,571510,607200,F
777207,20250706,SDN,TEX,4,1,688158,683004,F
777210,20250706,ATH,SFN,2,6,682052,806185,F
777211,20250707,DET,TBA,5,1,672456,669358,F
777209,20250707,BOS,COL,9,3,690916,596295,F
777208,20250707,CIN,MIA,1,5,663903,676083,F
777204,20250707,KCA,PIT,9,3,702070,571760,F
777212,20250707,CHA,TOR,4,8,680732,621244,F
777201,20250707,MIL,LAN,9,1,642547,808967,F
777202,20250707,HOU,CLE,5,7,676467,676440,F
777200,20250707,ANA,TEX,6,5,579328,594798,F
777203,20250707,SDN,ARI,3,6,506433,668678,F
777199,20250707,SFN,PHI,3,1,694738,650911,F
777198,20250708,BAL,NYN,6,7,687064,605280,F
777195,20250708,DET,TBA,4,2,656427,686752,F
777187,20250708,NYA,SEA,10,3,701542,669302,F
777196,20250708,BOS,COL,10,2,678394,607536,F
777197,20250708,CIN,MIA,2,12,607259,691587,F
777194,20250708,KCA,PIT,4,3,607625,656605,F
777190,20250708,MIN,CHN,8,1,680573,684007,F
777188,20250708,CHA,TOR,1,6,650644,605135,F
777193,20250708,MIL,LAN,3,1,694819,477132,F
777191,20250708,SLN,WAS,4,2,543243,663623,F
777192,20250708,HOU,CLE,6,10,686613,676282,F
777180,20250708,ANA,TEX,1,13,667755,543135,F
777185,20250708,SDN,ARI,1,0,601713,518876,F
777186,20250708,SFN,PHI,4,3,592662,592836,F
777189,20250708,ATH,ATL,10,1,605488,800311,F
777172,20250709,CHA,TOR,2,1,605288,641778,F
777175,20250709,MIL,LAN,3,2,500779,607192,F
777163,20250709,SFN,PHI,0,13,434378,666200,F
777182,20250709,DET,TBA,3,7,681857,641793,F
777184,20250709,NYA,SEA,9,6,693645,688138,F
777179,20250709,BOS,COL,10,2,608337,622608,F
777183,20250709,CIN,MIA,7,2,671096,645261,F
777177,20250709,KCA,PIT,4,3,663460,663559,F
777173,20250709,MIN,CHN,4,2,701581,690990,F
777178,20250709,SLN,WAS,2,8,669467,669022,F
777174,20250709,HOU,CLE,2,4,687888,677944,F
777171,20250709,ANA,TEX,11,8,543294,677958,F
777162,20250709,SDN,ARI,2,8,656302,694297,F
777176,20250709,ATH,ATL,2,9,687765,693821,F
777181,20250710,BAL,NYN,,,608372,663399,F
777165,20250710,BAL,NYN,3,1,450203,656849,F
777181,20250710,BAL,NYN,7,3,608372,663399,F
777166,20250710,MIN,CHN,1,8,663978,607067,F
777168,20250710,CIN,MIA,6,0,666157,615698,F
777169,20250710,NYA,SEA,6,5,573186,693433,F
777170,20250710,BOS,TBA,4,3,621111,671737,F
777167,20250710,SLN,WAS,8,1,571945,647336,F
777156,20250710,ATH,ATL,5,4,676664,675911,F
777159,20250710,ANA,TEX,4,11,686799,571578,F
777158,20250710,SDN,ARI,4,3,681190,593958,F
777164,20250711,CHA,CLE,,,681343,671106,F
777164,20250711,CHA,CLE,2,4,681343,671106,F
777146,20250711,CHA,CLE,5,4,686563,668909,F
777157,20250711,BAL,MIA,5,2,665152,665795,F
777153,20250711,NYA,CHN,11,0,607074,623167,F
777160,20250711,CIN,COL,2,3,695505,608566,F
777161,20250711,DET,SEA,3,12,669373,622491,F
777155,20250711,BOS,TBA,5,4,690928,656876,F
777151,20250711,KCA,NYN,3,8,608379,673540,F
777154,20250711,HOU,TEX,3,7,621121,683004,F
777148,20250711,MIN,PIT,2,1,657746,694973,F
777149,20250711,MIL,WAS,8,3,669084,680730,F
777147,20250711,SLN,ATL,5,6,669461,656550,F
777150,20250711,ANA,ARI,6,5,542881,669194,F
777139,20250711,SDN,PHI,4,2,686701,624133,F
777152,20250711,ATH,TOR,6,7,622663,453286,F
777143,20250711,SFN,LAN,8,7,657277,669160,F
777142,20250712,NYA,CHN,2,5,608331,571510,F
777145,20250712,DET,SEA,7,15,663554,669923,F
777134,20250712,MIN,PIT,12,4,663485,681347,F
777133,20250712,SLN,ATL,6,7,607200,607481,F
777127,20250712,SFN,LAN,1,2,694738,660271,F
777141,20250712,BAL,MIA,0,6,669432,676083,F
777140,20250712,CIN,COL,4,3,663903,687134,F
777136,20250712,KCA,NYN,1,3,672582,593423,F
777144,20250712,BOS,TBA,1,0,676979,669358,F
777138,20250712,CHA,CLE,2,6,680732,676440,F
777135,20250712,MIL,WAS,6,5,605540,829272,F
777137,20250712,HOU,TEX,5,4,664285,594798,F
777126,20250712,SDN,PHI,5,4,506433,554430,F
777131,20250712,ANA,ARI,10,5,579328,668678,F
777132,20250712,ATH,TOR,4,3,682052,592332,F
777130,20250713,BOS,TBA,4,1,678394,686752,F
777129,20250713,BAL,MIA,1,11,687064,691587,F
777122,20250713,NYA,CHN,1,4,701542,684007,F
777128,20250713,CIN,COL,4,2,607259,596295,F
777121,20250713,DET,SEA,4,8,656427,669302,F
777124,20250713,KCA,NYN,3,2,702070,605280,F
777125,20250713,HOU,TEX,1,5,686613,543135,F
777113,20250713,MIN,PIT,1,2,680573,656605,F
777120,20250713,CHA,CLE,5,6,650644,676282,F
777123,20250713,MIL,WAS,8,1,642547,663623,F
777118,20250713,SLN,ATL,5,4,543243,669721,F
777119,20250713,SFN,LAN,2,5,592662,808967,F
777116,20250713,ATH,TOR,6,3,605488,621244,F
777115,20250713,ANA,ARI,1,5,667755,518876,F
777117,20250713,SDN,PHI,1,2,601713,650911,F
777101,20250718,CHN,BOS,4,1,607067,608337,F
777107,20250718,PIT,CHA,1,10,663559,686563,F
777112,20250718,WAS,SDN,2,7,647336,656302,F
777106,20250718,PHI,ANA,5,6,666200,666171,F
777108,20250718,TOR,SFN,4,0,605135,434378,F
777111,20250718,NYN,CIN,4,8,640455,666157,F
777105,20250718,CLE,ATH,8,6,677944,676664,F
777109,20250718,MIA,KCA,8,7,645261,607625,F
777114,20250718,ATL,NYA,7,3,675911,641656,F
777110,20250718,TBA,BAL,11,1,671737,450203,F
777098,20250718,TEX,DET,2,0,571578,681857,F
777102,20250718,COL,MIN,6,4,607536,663978,F
777100,20250718,ARI,SLN,7,3,694297,669467,F
777099,20250718,SEA,HOU,6,1,622491,687888,F
777103,20250718,LAN,MIL,0,2,607192,682990,F
777094,20250719,TOR,SFN,6,3,641778,657277,F
777092,20250719,NYN,CIN,2,5,605280,607259,F
777093,20250719,MIA,KCA,3,1,615698,608379,F
777089,20250719,PHI,ANA,9,5,592836,579328,F
777090,20250719,PIT,CHA,4,10,681347,605288,F
777091,20250719,WAS,SDN,4,2,680730,506433,F
777095,20250719,TBA,BAL,4,3,641793,665152,F
777088,20250719,TEX,DET,4,1,677958,672456,F
777104,20250719,CLE,ATH,2,8,671106,622663,F
777096,20250719,CHN,BOS,6,0,684007,678394,F
777081,20250719,ARI,SLN,10,1,669194,543243,F
777097,20250719,ATL,NYA,9,12,666214,701542,F
777080,20250719,COL,MIN,10,6,622608,805673,F
777085,20250719,LAN,MIL,7,8,686218,642547,F
777086,20250719,SEA,HOU,7,6,688138,621121,F
777079,20250720,TOR,SFN,8,6,621244,592662,F
777076,20250720,TBA,BAL,3,5,686752,669432,F
777077,20250720,WAS,SDN,1,8,669022,601713,F
777078,20250720,PHI,ANA,2,8,624133,667755,F
777074,20250720,PIT,CHA,2,7,571760,650644,F
777083,20250720,ATL,NYA,2,4,656550,573186,F
777087,20250720,NYN,CIN,3,2,656849,671096,F
777084,20250720,CLE,ATH,8,2,668909,605488,F
777082,20250720,MIA,KCA,4,7,676083,663460,F
777075,20250720,CHN,BOS,1,6,690990,676979,F
777072,20250720,COL,MIN,1,7,608566,657746,F
777067,20250720,SEA,HOU,3,11,693433,686613,F
777071,20250720,ARI,SLN,5,3,518876,571945,F
777070,20250720,LAN,MIL,5,6,477132,500779,F
777073,20250720,TEX,DET,1,2,656641,669373,F
777068,20250721,CLE,BAL,10,5,676440,608372,F
777060,20250721,PIT,DET,3,0,694973,656427,F
777062,20250721,MIA,SDN,1,2,691587,681190,F
777064,20250721,WAS,CIN,10,8,663623,663903,F
777063,20250721,PHI,BOS,3,2,554430,621111,F
777066,20250721,TOR,NYA,4,1,592332,607074,F
777061,20250721,NYN,ANA,7,5,673540,542881,F
777069,20250721,ATL,SFN,9,5,693821,806185,F
777059,20250721,TBA,CHA,3,8,669358,680732,F
777065,20250721,CHN,KCA,4,12,518489,702070,F
777057,20250721,TEX,ATH,7,2,683004,682052,F
777053,20250721,COL,SLN,2,6,596295,700241,F
777055,20250721,ARI,HOU,3,6,668678,676467,F
777050,20250721,SEA,MIL,0,6,669923,605540,F
777051,20250721,LAN,MIN,5,2,660271,701581,F
777056,20250722,CLE,BAL,6,3,676282,687064,F
777044,20250722,PIT,DET,8,5,656605,663554,F
777052,20250722,MIA,SDN,4,3,665795,663568,F
777042,20250722,WAS,CIN,6,1,695418,695505,F
777045,20250722,PHI,BOS,4,1,650911,690916,F
777048,20250722,TBA,CHA,4,3,656876,663436,F
777046,20250722,TOR,NYA,4,5,453286,693645,F
777054,20250722,NYN,ANA,3,2,593423,543294,F
777058,20250722,ATL,SFN,0,9,669721,694738,F
777047,20250722,CHN,KCA,6,0,571510,448179,F
777043,20250722,TEX,ATH,6,2,594798,669372,F
777049,20250722,COL,SLN,8,4,687134,607200,F
777040,20250722,ARI,HOU,1,3,593958,664285,F
777035,20250722,SEA,MIL,1,0,669302,694819,F
777039,20250722,LAN,MIN,7,10,808967,680573,F
777026,20250723,WAS,CIN,0,5,647336,666157,F
777037,20250723,MIA,SDN,3,2,645261,656302,F
777041,20250723,ATL,SFN,3,9,675911,434378,F
777029,20250723,PIT,DET,6,1,663559,675512,F
777034,20250723,NYN,ANA,6,3,640455,656271,F
777031,20250723,CHN,KCA,4,8,607067,607625,F
777028,20250723,COL,SLN,6,0,685299,669467,F
777032,20250723,ARI,HOU,3,4,694297,687888,F
777024,20250723,SEA,MIL,2,10,622491,682990,F
777022,20250723,LAN,MIN,4,3,607192,663978,F
777036,20250723,CLE,BAL,3,2,677944,621107,F
777027,20250723,TOR,NYA,8,4,605135,608331,F
777038,20250723,PHI,BOS,8,9,666200,608337,F
777030,20250723,TBA,CHA,9,11,671737,686563,F
777033,20250723,TEX,ATH,2,1,571578,676664,F
777019,20250724,CLE,BAL,3,4,671106,450203,F
777021,20250724,DET,TOR,4,11,681857,641778,F
777023,20250724,SLN,SDN,9,7,543243,506433,F
777025,20250724,HOU,ATH,2,5,669920,622663,F
777018,20250724,ANA,SEA,2,4,579328,688138,F
777008,20250725,MIL,MIA,1,5,642547,615698,F
777014,20250725,PIT,ARI,0,1,681347,669194,F
777020,20250725,BAL,COL,5,6,665152,607536,F
777015,20250725,NYA,PHI,5,12,701542,592836,F
777012,20250725,BOS,LAN,2,5,678394,686218,F
777013,20250725,CIN,TBA,7,2,607259,641793,F
777016,20250725,DET,TOR,2,6,672456,621244,F
777005,20250725,SLN,SDN,3,0,571945,601713,F
777017,20250725,CHA,CHN,12,5,605288,684007,F
777009,20250725,TEX,ATL,8,3,543135,666214,F
777007,20250725,HOU,ATH,3,15,687473,605488,F
777011,20250725,MIN,WAS,1,0,805673,669022,F
777006,20250725,ANA,SEA,3,2,667755,693433,F
777004,20250725,SFN,NYN,1,8,657277,605280,F
777010,20250726,KCA,CLE,,,608379,668909,F
777001,20250726,NYA,PHI,4,9,573186,624133,F
777010,20250726,KCA,CLE,5,3,608379,668909,F
776990,20250726,KCA,CLE,4,6,663460,676440,F
777003,20250726,DET,TOR,1,6,669373,592332,F
777002,20250726,PIT,ARI,2,0,571760,518876,F
777000,20250726,CIN,TBA,6,2,671096,686752,F
776999,20250726,BAL,COL,18,0,669432,622608,F
776993,20250726,TEX,ATL,6,5,677958,656550,F
776991,20250726,HOU,ATH,1,5,686613,682052,F
776997,20250726,MIN,WAS,3,9,657746,680730,F
776994,20250726,CHA,CHN,1,6,650644,690990,F
776996,20250726,MIL,MIA,4,7,500779,676083,F
776998,20250726,BOS,LAN,4,2,676979,477132,F
776992,20250726,SLN,SDN,1,3,669461,681190,F
776985,20250726,SFN,NYN,1,2,592662,656849,F
776995,20250726,ANA,SEA,2,7,542881,669923,F
776986,20250727,BAL,COL,5,1,608372,596295,F
776983,20250727,BOS,LAN,4,3,621111,669160,F
776984,20250727,PIT,ARI,6,0,694973,668678,F
776988,20250727,NYA,PHI,4,3,607074,554430,F
776982,20250727,CIN,TBA,2,1,663903,669358,F
776987,20250727,DET,TOR,10,4,656427,453286,F
776975,20250727,KCA,CLE,4,1,702070,676282,F
776976,20250727,HOU,ATH,1,7,676467,669372,F
776979,20250727,MIN,WAS,2,7,663485,663623,F
776989,20250727,CHA,CHN,4,5,691799,676962,F
776978,20250727,MIL,MIA,3,2,605540,691587,F
776980,20250727,SLN,SDN,2,9,700241,663568,F
776981,20250727,TEX,ATL,8,1,683004,693821,F
776977,20250727,ANA,SEA,4,1,543294,669302,F
776974,20250727,SFN,NYN,3,5,657424,673540,F
776966,20250728,BAL,TOR,11,4,621107,605135,F
776968,20250728,CLE,COL,6,8,677944,687134,F
776973,20250728,DET,ARI,5,1,675512,593958,F
776970,20250728,NYA,TBA,2,4,693645,656876,F
776967,20250728,CIN,LAN,2,5,695505,808967,F
776961,20250728,MIN,BOS,5,4,680573,690916,F
776971,20250728,KCA,ATL,7,10,448179,675911,F
776972,20250728,CHA,PHI,6,2,663436,650911,F
776965,20250728,MIL,CHN,8,4,694819,571510,F
776960,20250728,SLN,MIA,7,1,669467,665795,F
776969,20250728,HOU,WAS,1,2,664285,695418,F
776958,20250728,ANA,TEX,6,4,686799,594798,F
776959,20250728,SDN,NYN,7,6,656302,593423,F
776964,20250728,SFN,PIT,5,6,687931,656605,F
776957,20250728,ATH,SEA,1,3,676664,622491,F
778372,20250729,BAL,TOR,16,4,450203,687922,F
776962,20250729,BAL,TOR,3,2,687064,641778,F
776951,20250729,CLE,COL,10,4,671106,685299,F
776953,20250729,DET,ARI,12,2,663554,694297,F
776949,20250729,NYA,TBA,7,5,608331,671212,F
776963,20250729,CIN,LAN,4,5,666157,607192,F
776954,20250729,MIN,BOS,5,8,701487,608337,F
776955,20250729,KCA,ATL,9,6,607625,607200,F
776952,20250729,CHA,PHI,3,6,686563,666200,F
776956,20250729,MIL,CHN,9,3,682990,607067,F
776946,20250729,SLN,MIA,0,5,543243,645261,F
776950,20250729,HOU,WAS,7,4,669920,647336,F
776945,20250729,ANA,TEX,8,5,579328,571578,F
776947,20250729,SDN,NYN,7,1,686701,640455,F
776943,20250729,SFN,PIT,1,3,434378,663559,F
776944,20250729,ATH,SEA,6,1,622663,688138,F
776948,20250730,BAL,TOR,8,9,665152,621244,F
776940,20250730,DET,ARI,7,2,663978,669194,F
776935,20250730,MIN,BOS,1,13,805673,678394,F
776937,20250730,HOU,WAS,9,1,687473,669022,F
776936,20250730,KCA,ATL,1,0,672582,666214,F
776939,20250730,CHA,PHI,9,3,641302,592836,F
776929,20250730,MIL,CHN,3,10,642547,684007,F
776933,20250730,SFN,PIT,1,2,657277,681347,F
776931,20250730,SDN,NYN,5,0,506433,605280,F
776942,20250730,CLE,COL,5,0,663465,607536,F
776938,20250730,NYA,TBA,5,4,701542,641793,F
776941,20250730,CIN,LAN,5,2,607259,660271,F
776934,20250730,SLN,MIA,0,2,571945,615698,F
776932,20250730,ANA,TEX,3,6,667755,543135,F
776930,20250730,ATH,SEA,5,4,605488,693433,F
776927,20250731,NYA,TBA,7,4,573186,686752,F
776928,20250731,CIN,ATL,11,12,671096,471911,F
776923,20250731,SEA,TEX,6,0,669923,677958,F
776921,20250801,CIN,ATL,3,2,663903,693821,F
776915,20250801,CHN,BAL,1,0,690990,669432,F
776913,20250801,PHI,DET,5,4,624133,656427,F
776917,20250801,WAS,MIL,9,16,680730,500779,F
776920,20250801,TOR,KCA,3,9,592332,608379,F
776922,20250801,BOS,HOU,2,1,681867,686613,F
776926,20250801,NYN,SFN,3,4,656849,592662,F
776924,20250801,CLE,MIN,3,2,668909,657746,F
776925,20250801,MIA,NYA,13,12,676083,607074,F
776918,20250801,TBA,LAN,0,5,669358,477132,F
776919,20250801,COL,PIT,17,16,622608,571760,F
776916,20250801,ANA,CHA,3,6,542881,681343,F
776906,20250801,SDN,SLN,4,1,601713,669461,F
776914,20250801,ATH,ARI,5,1,682052,543101,F
776908,20250801,SEA,TEX,4,3,669302,683004,F
776901,20250802,TBA,LAN,4,0,656876,605483,F
776902,20250802,CHN,BAL,3,4,571510,608372,F
776900,20250802,TOR,KCA,4,2,453286,702070,F
776904,20250802,COL,PIT,8,5,596295,694973,F
776912,20250802,PHI,DET,5,7,554430,669373,F
776903,20250802,WAS,MIL,2,8,663623,605540,F
776909,20250802,BOS,HOU,7,3,621111,676467,F
776911,20250802,NYN,SFN,12,6,673540,678906,F
776897,20250802,SEA,TEX,4,6,622491,518876,F
776905,20250802,CLE,MIN,5,4,676440,641927,F
776910,20250802,MIA,NYA,2,0,691587,693645,F
776907,20250802,CIN,ATL,2,4,695505,680735,F
776899,20250802,ATH,ARI,2,7,669372,668678,F
776898,20250802,ANA,CHA,0,1,543294,650644,F
776896,20250802,SDN,SLN,5,8,681190,700241,F
776895,20250803,BOS,HOU,6,1,608337,664285,F
776889,20250803,TBA,LAN,0,3,671212,808967,F
776907,20250802,CIN,ATL,2,4,695505,680735,F
776894,20250803,WAS,MIL,3,14,695418,701656,F
776893,20250803,TOR,KCA,4,7,605135,607625,F
776887,20250803,NYN,SFN,4,12,593423,687931,F
776892,20250803,CLE,MIN,4,5,676282,570632,F
776891,20250803,MIA,NYA,7,3,665795,661563,F
776888,20250803,CHN,BAL,5,3,607067,687064,F
776886,20250803,COL,PIT,5,9,687134,656605,F
776881,20250803,ATH,ARI,4,6,678022,593958,F
776885,20250803,ANA,CHA,8,5,686799,680732,F
776884,20250803,SDN,SLN,7,3,656302,669467,F
776883,20250803,SEA,TEX,5,4,688138,594798,F
776890,20250803,PHI,DET,2,0,650911,450203,F
776879,20250804,PIT,SFN,5,4,670912,434378,F
776874,20250804,DET,MIN,6,3,663554,701519,F
776875,20250804,MIA,HOU,2,8,645261,669920,F
776877,20250804,PHI,BAL,13,3,666200,700249,F
776880,20250804,BOS,KCA,8,5,678394,663559,F
776876,20250804,NYN,CLE,6,7,640455,677944,F
776882,20250804,ATL,MIL,1,3,607200,682990,F
776878,20250804,CHN,CIN,2,3,647336,666157,F
776871,20250804,TEX,NYA,8,5,571578,608331,F
776872,20250804,COL,TOR,1,15,685299,641778,F
776867,20250804,ANA,TBA,5,1,579328,605288,F
776873,20250804,ARI,SDN,6,2,694297,676664,F
776870,20250804,LAN,SLN,2,3,607192,543243,F
776866,20250805,PIT,SFN,1,8,681347,657277,F
776861,20250805,DET,MIN,3,6,663978,805673,F
776862,20250805,MIA,HOU,3,7,615698,595345,F
776865,20250805,WAS,ATH,7,16,669022,622663,F
776868,20250805,PHI,BAL,5,0,592836,665152,F
776864,20250805,BOS,KCA,6,2,676979,686701,F
776863,20250805,NYN,CLE,2,3,605280,671106,F
776869,20250805,ATL,MIL,2,7,666214,642547,F
776860,20250805,CHN,CIN,1,5,684007,641793,F
776855,20250805,TEX,NYA,2,0,543135,701542,F
776854,20250805,COL,TOR,4,10,683627,621244,F
776848,20250805,ANA,TBA,3,7,667755,686752,F
776852,20250805,ARI,SDN,5,10,669194,506433,F
776857,20250805,SEA,CHA,8,3,693433,663436,F
776858,20250805,LAN,SLN,12,6,686218,571945,F
776844,20250806,PIT,SFN,2,4,571760,592662,F
776851,20250806,PHI,BAL,1,5,624133,669432,F
776846,20250806,NYN,CLE,1,4,656849,668909,F
776859,20250806,DET,MIN,4,9,656427,701487,F
776847,20250806,CHN,CIN,6,1,690990,671096,F
776845,20250806,TEX,NYA,2,3,683004,607074,F
776836,20250806,COL,TOR,1,20,607536,592332,F
776843,20250806,ANA,TBA,4,5,542881,669358,F
776839,20250806,LAN,SLN,3,5,660271,669461,F
776849,20250806,MIA,HOU,6,4,676083,681293,F
776850,20250806,WAS,ATH,2,1,676917,605488,F
776856,20250806,BOS,KCA,3,7,669160,608379,F
776853,20250806,ATL,MIL,4,5,675911,500779,F
776838,20250806,ARI,SDN,2,3,543101,641482,F
776841,20250806,SEA,CHA,8,6,669923,686563,F
776837,20250807,WAS,ATH,0,6,680730,682052,F
776830,20250807,SEA,CHA,4,3,669302,681343,F
776840,20250807,PIT,CIN,7,0,694973,663903,F
776842,20250807,ATL,MIA,8,6,471911,691587,F
776829,20250808,PIT,CIN,3,2,656605,695505,F
776831,20250808,BAL,ATH,3,2,608372,669372,F
776835,20250808,NYA,HOU,3,5,693645,686613,F
776832,20250808,DET,ANA,6,5,669373,543294,F
776834,20250808,ATL,MIA,1,5,693821,665795,F
776833,20250808,CHA,CLE,5,9,650644,676440,F
776821,20250808,TEX,PHI,1,9,518876,650911,F
776827,20250808,MIN,KCA,9,4,657746,607625,F
776828,20250808,MIL,NYN,3,2,605540,673540,F
776826,20250808,SLN,CHN,5,0,700241,571510,F
776825,20250808,ARI,COL,6,1,668678,596295,F
776820,20250808,SDN,BOS,2,10,601713,621111,F
776824,20250808,SEA,TBA,3,2,622491,656876,F
776823,20250808,LAN,TOR,5,1,477132,453286,F
776822,20250808,SFN,WAS,5,0,657424,663623,F
778431,20250809,ATL,MIA,7,1,694462,687473,F
776819,20250809,ATL,MIA,8,6,607200,645261,F
776815,20250809,NYA,HOU,5,4,661563,664285,F
776802,20250809,SFN,WAS,2,4,687931,695418,F
776813,20250809,DET,ANA,4,7,450203,579328,F
776812,20250809,PIT,CIN,1,2,677952,607259,F
776811,20250809,BAL,ATH,3,11,687064,678022,F
776816,20250809,MIN,KCA,0,2,641927,702070,F
776814,20250809,CHA,CLE,1,3,680732,676282,F
776817,20250809,MIL,NYN,7,4,668964,657585,F
776818,20250809,SLN,CHN,1,9,669467,607067,F
776810,20250809,TEX,PHI,2,3,594798,666200,F
776809,20250809,ARI,COL,6,5,593958,687134,F
776807,20250809,SDN,BOS,5,4,650633,608337,F
776808,20250809,LAN,TOR,9,1,605483,605135,F
776805,20250809,SEA,TBA,7,4,688138,671212,F
776796,20250810,MIN,KCA,5,3,570632,686701,F
776804,20250810,BAL,ATH,2,3,700249,806960,F
776801,20250810,PIT,CIN,8,14,681347,641793,F
776803,20250810,ATL,MIA,7,1,666214,615698,F
776797,20250810,NYA,HOU,1,7,608331,669920,F
776806,20250810,DET,ANA,9,5,663554,686799,F
776798,20250810,CHA,CLE,6,4,663436,677944,F
776799,20250810,MIL,NYN,7,6,682990,640455,F
776800,20250810,TEX,PHI,2,4,571578,554430,F
776793,20250810,SFN,WAS,0,8,434378,669022,F
776794,20250810,ARI,COL,13,6,694297,685299,F
776789,20250810,SDN,BOS,6,2,656302,678394,F
776791,20250810,SEA,TBA,6,3,693433,605288,F
776788,20250810,LAN,TOR,4,5,607192,641778,F
776795,20250810,SLN,CHN,3,2,543243,684007,F
776792,20250811,CIN,PHI,1,4,671096,592836,F
776790,20250811,NYA,MIN,6,2,701542,805673,F
776784,20250811,KCA,WAS,7,4,663559,676917,F
776781,20250811,CHA,DET,1,2,665625,663978,F
776786,20250811,MIL,PIT,7,1,500779,571760,F
776783,20250811,SLN,COL,3,2,571945,801403,F
776785,20250811,TEX,ARI,7,6,543135,669194,F
776782,20250811,HOU,BOS,7,6,664299,676979,F
776779,20250811,ANA,LAN,7,4,667755,808967,F
776780,20250811,SFN,SDN,1,4,657277,506433,F
776787,20250811,ATH,TBA,4,7,605488,686752,F
776776,20250812,BAL,SEA,0,1,665152,669923,F
776777,20250812,CIN,PHI,6,1,663903,624133,F
776778,20250812,CLE,MIA,4,3,671106,676083,F
776774,20250812,NYA,MIN,9,1,607074,701519,F
776768,20250812,TOR,CHN,5,1,621244,665871,F
776772,20250812,NYN,ATL,13,5,605280,675911,F
776770,20250812,KCA,WAS,8,5,608379,680730,F
776773,20250812,CHA,DET,9,6,672782,656427,F
776771,20250812,MIL,PIT,14,0,642547,694973,F
776775,20250812,SLN,COL,0,3,669461,607536,F
776764,20250812,TEX,ARI,2,3,683004,543101,F
776769,20250812,HOU,BOS,1,14,681293,669160,F
776763,20250812,ANA,LAN,7,6,682989,686218,F
776767,20250812,SFN,SDN,1,5,592662,641482,F
776762,20250812,ATH,TBA,6,0,682052,669358,F
776759,20250813,KCA,WAS,7,8,607625,663623,F
776754,20250813,CHA,DET,0,1,681343,675512,F
776755,20250813,MIL,PIT,12,5,605540,656605,F
776758,20250813,SLN,COL,5,6,700241,596295,F
776746,20250813,TEX,ARI,4,6,518876,668678,F
776749,20250813,SFN,SDN,1,11,678906,601713,F
776765,20250813,CIN,PHI,8,0,668881,650911,F
776761,20250813,BAL,SEA,4,3,669432,669302,F
776766,20250813,CLE,MIA,4,13,668909,691587,F
776760,20250813,NYA,MIN,1,4,693645,657746,F
776757,20250813,TOR,CHN,1,4,592332,690990,F
776753,20250813,HOU,BOS,4,1,686613,621111,F
776756,20250813,NYN,ATL,6,11,656849,471911,F
776752,20250813,ANA,LAN,6,5,543294,660271,F
776751,20250813,ATH,TBA,2,8,669372,656876,F
776750,20250814,BAL,SEA,5,3,608372,688138,F
776747,20250814,TOR,CHN,2,1,453286,571510,F
776745,20250814,CLE,MIA,9,4,676440,665795,F
776743,20250814,WAS,PHI,3,2,695418,666200,F
776748,20250814,NYN,ATL,3,4,673540,693821,F
776744,20250814,MIN,DET,3,4,641927,669373,F
776742,20250814,COL,ARI,2,8,687134,593958,F
776737,20250815,CHN,PIT,2,3,607067,677952,F
776740,20250815,CIN,MIL,8,10,607259,694819,F
776739,20250815,WAS,PHI,2,6,669022,554430,F
776735,20250815,TOR,TEX,6,5,605135,594798,F
776736,20250815,NYN,SEA,9,11,640455,622491,F
776738,20250815,CLE,ATL,0,2,676282,694462,F
776741,20250815,BOS,MIA,2,1,608337,645261,F
776733,20250815,HOU,BAL,0,7,664285,687064,F
776732,20250815,MIN,DET,0,7,701487,450203,F
776728,20250815,KCA,CHA,3,1,702070,650644,F
776731,20250815,SLN,NYA,3,4,669467,661563,F
776730,20250815,COL,ARI,4,3,685299,694297,F
776734,20250815,ATH,ANA,10,3,678022,579328,F
776727,20250815,LAN,SDN,3,2,477132,593974,F
776729,20250815,SFN,TBA,6,7,694738,671212,F
776719,20250816,CHN,PIT,3,1,684007,681347,F
776723,20250816,TOR,TEX,14,2,641778,571578,F
776725,20250816,WAS,PHI,2,0,676917,592836,F
776726,20250816,NYN,SEA,3,1,690997,693433,F
776724,20250816,BOS,MIA,7,5,678394,615698,F
776721,20250816,CIN,MIL,5,6,641793,682990,F
776722,20250816,HOU,BAL,5,4,669920,670329,F
776720,20250816,CLE,ATL,1,10,677944,666214,F
776712,20250816,KCA,CHA,6,2,547179,680732,F
776716,20250816,MIN,DET,5,8,805673,663554,F
776713,20250816,SLN,NYA,8,12,543243,608331,F
776715,20250816,COL,ARI,10,7,801403,669194,F
776711,20250816,SFN,TBA,1,2,434378,605288,F
776717,20250816,LAN,SDN,6,0,605483,656302,F
776718,20250816,ATH,ANA,7,2,806960,542881,F
776708,20250817,WAS,PHI,9,11,680730,605400,F
776714,20250817,BOS,MIA,3,5,676979,676083,F
776710,20250817,TOR,TEX,4,10,621244,543135,F
776706,20250817,CLE,ATL,4,5,671106,607200,F
776709,20250817,CIN,MIL,3,2,671096,500779,F
776705,20250817,HOU,BAL,0,12,664299,665152,F
776700,20250817,MIN,DET,8,1,641672,663978,F
776702,20250817,KCA,CHA,6,2,686701,663436,F
776698,20250817,SLN,NYA,4,8,571945,701542,F
776704,20250817,CHN,PIT,4,3,665871,669387,F
776701,20250817,COL,ARI,6,5,622608,622503,F
776699,20250817,ATH,ANA,5,11,605488,667755,F
776703,20250817,SFN,TBA,7,1,657277,686752,F
776697,20250817,LAN,SDN,5,4,607192,506433,F
776707,20250817,NYN,SEA,7,3,605280,669923,F
777459,20250818,CHN,MIL,0,7,690990,642547,F
776692,20250818,DET,HOU,10,0,656427,681293,F
776694,20250818,PIT,TOR,5,2,694973,592332,F
776688,20250818,MIA,SLN,3,8,691587,669461,F
776689,20250818,PHI,SEA,12,7,624133,669302,F
776695,20250818,BOS,BAL,3,6,669160,669432,F
776696,20250818,ATL,CHA,9,13,675911,672782,F
776690,20250818,KCA,TEX,4,3,608379,683004,F
776693,20250818,COL,LAN,4,3,607536,808967,F
776681,20250818,ANA,CIN,1,4,682989,663903,F
776682,20250818,ARI,CLE,1,3,668678,668909,F
776683,20250818,SDN,SFN,3,4,641482,592662,F
776691,20250819,CHN,MIL,,,571510,694477,F
776691,20250819,CHN,MIL,6,4,571510,694477,F
776676,20250819,CHN,MIL,4,1,592791,605540,F
776685,20250819,DET,HOU,1,0,669373,686613,F
776679,20250819,PIT,TOR,3,7,656605,453286,F
776686,20250819,MIA,SLN,4,7,665795,700241,F
776678,20250819,WAS,NYN,1,8,663623,656849,F
776680,20250819,PHI,SEA,6,4,650911,682243,F
776684,20250819,BOS,BAL,3,4,621111,608372,F
776687,20250819,ATL,CHA,11,10,693821,681343,F
776677,20250819,TBA,NYA,3,13,669358,607074,F
776675,20250819,KCA,TEX,5,2,607625,518876,F
776674,20250819,MIN,ATH,3,6,657746,682052,F
776671,20250819,COL,LAN,4,11,596295,686218,F
776668,20250819,ANA,CIN,4,6,543294,668881,F
776672,20250819,ARI,CLE,6,5,593958,676440,F
776667,20250819,SDN,SFN,5,1,601713,678906,F
776661,20250820,PIT,TOR,2,1,670912,605135,F
776662,20250820,PHI,SEA,11,2,666200,622491,F
776673,20250820,DET,HOU,7,2,450203,664285,F
776658,20250820,ARI,CLE,3,2,694297,800048,F
776670,20250820,MIA,SLN,6,2,645261,669467,F
776659,20250820,WAS,NYN,5,4,695418,673540,F
776669,20250820,ATL,CHA,1,0,694462,527048,F
776664,20250820,TBA,NYA,4,6,656876,693645,F
776666,20250820,KCA,TEX,3,6,702070,676961,F
776665,20250820,MIN,ATH,2,4,641927,669372,F
776663,20250820,CHN,MIL,4,3,607067,694819,F
776660,20250820,COL,LAN,8,3,685299,660271,F
776652,20250820,ANA,CIN,2,1,579328,607259,F
776656,20250820,SDN,SFN,8,1,676664,694738,F
776653,20250821,MIN,ATH,3,8,570632,678022,F
776657,20250821,KCA,TEX,6,4,547179,571578,F
776651,20250821,CHN,MIL,1,4,684007,682990,F
776644,20250821,COL,LAN,5,9,801403,477132,F
776650,20250821,WAS,NYN,9,3,669022,640455,F
776642,20250821,SDN,SFN,8,4,656302,434378,F
776655,20250821,BAL,HOU,2,7,687064,669920,F
776654,20250821,NYA,BOS,3,6,661563,608337,F
776631,20250821,TBA,SLN,4,7,671212,543243,F
776637,20250822,PIT,COL,9,0,677952,622608,F
776648,20250822,PHI,WAS,4,5,592836,676917,F
776643,20250822,BAL,HOU,7,10,700249,621121,F
776647,20250822,NYA,BOS,0,1,608331,678394,F
776649,20250822,DET,KCA,7,5,663554,686701,F
776646,20250822,MIA,TOR,2,5,687473,669456,F
776645,20250822,ATL,NYN,7,12,666214,690997,F
776633,20250822,TBA,SLN,10,6,605288,571945,F
776639,20250822,CHA,MIN,7,9,650644,805673,F
776641,20250822,TEX,CLE,4,3,543135,677944,F
776634,20250822,MIL,SFN,5,4,500779,687931,F
776640,20250822,ANA,CHN,2,3,542881,665871,F
776635,20250822,ARI,CIN,6,5,669194,641793,F
776636,20250822,SDN,LAN,2,1,506433,605483,F
776638,20250822,SEA,ATH,3,2,693433,806960,F
776627,20250823,NYA,BOS,1,12,701542,676979,F
776630,20250823,MIA,TOR,6,7,676083,621244,F
776628,20250823,PHI,WAS,6,4,605400,680730,F
776625,20250823,DET,KCA,4,2,663978,608379,F
776632,20250823,PIT,COL,5,1,681347,607536,F
776629,20250823,BAL,HOU,8,9,665152,664299,F
776623,20250823,TEX,CLE,10,0,683004,671106,F
776619,20250823,CHA,MIN,7,3,663436,690953,F
776621,20250823,MIL,SFN,1,7,642547,657277,F
776626,20250823,ATL,NYN,2,9,615698,605280,F
776622,20250823,ARI,CIN,10,1,656222,671096,F
776617,20250823,SDN,LAN,5,1,641482,607192,F
776618,20250823,ANA,CHN,1,12,682989,690990,F
776620,20250823,SEA,ATH,1,2,669923,605488,F
776610,20250824,PIT,COL,4,0,694973,685326,F
776606,20250824,TBA,SLN,7,2,686752,669461,F
776612,20250824,BAL,HOU,3,2,669432,681293,F
776613,20250824,PHI,WAS,3,2,624133,663623,F
776624,20250824,ATL,NYN,4,3,693821,656849,F
776615,20250824,DET,KCA,8,10,656427,607625,F
776614,20250824,MIA,TOR,5,3,691587,592332,F
776607,20250824,CHA,MIN,8,0,672782,671737,F
776608,20250824,MIL,SFN,3,4,694477,592662,F
776611,20250824,TEX,CLE,5,0,518876,668909,F
776605,20250824,ANA,CHN,3,4,543294,592791,F
776609,20250824,ARI,CIN,1,6,668678,663903,F
776603,20250824,SDN,LAN,2,8,601713,808967,F
776602,20250824,SEA,ATH,11,4,669302,682052,F
776616,20250824,NYA,BOS,7,2,607074,669160,F
776604,20250825,BAL,BOS,3,4,608372,657514,F
776601,20250825,CLE,TBA,0,9,676440,693855,F
776600,20250825,MIA,ATL,2,1,665795,675911,F
776597,20250825,NYA,WAS,10,5,693645,695418,F
776596,20250825,TOR,MIN,10,4,453286,657746,F
776598,20250825,NYN,PHI,13,3,673540,650911,F
776599,20250825,CHA,KCA,7,0,681343,702070,F
776593,20250825,MIL,ARI,7,5,605540,593958,F
776589,20250825,SLN,PIT,7,6,700241,670912,F
776592,20250825,TEX,ANA,0,4,594798,667755,F
776595,20250825,SEA,SDN,9,6,682243,676664,F
776590,20250825,ATH,DET,8,3,669372,669373,F
776594,20250825,LAN,CIN,7,0,686218,668881,F
776591,20250826,BAL,BOS,0,5,680694,608337,F
776584,20250826,CLE,TBA,3,0,800048,669358,F
776581,20250826,MIA,ATL,2,11,645261,694462,F
776588,20250826,NYA,WAS,5,1,661563,669022,F
776582,20250826,TOR,MIN,5,7,605135,641927,F
776585,20250826,NYN,PHI,6,5,640455,666200,F
776583,20250826,CHA,KCA,4,5,527048,547179,F
776586,20250826,MIL,ARI,9,8,694819,694297,F
776578,20250826,SLN,PIT,3,8,669467,656605,F
776575,20250826,TEX,ANA,7,3,571578,579328,F
776587,20250826,HOU,COL,1,6,686613,685299,F
776577,20250826,SEA,SDN,6,7,622491,656302,F
776576,20250826,SFN,CHN,5,2,434378,571510,F
776573,20250826,ATH,DET,7,6,674370,450203,F
776574,20250826,LAN,CIN,6,3,477132,607259,F
776570,20250827,NYA,WAS,11,2,608331,676917,F
776580,20250827,CLE,TBA,4,3,677944,656876,F
776565,20250827,MIA,ATL,1,12,687473,666214,F
776561,20250827,SEA,SDN,4,3,693433,506433,F
776579,20250827,BAL,BOS,2,3,608650,678394,F
776567,20250827,TOR,MIN,9,8,641778,680573,F
776566,20250827,NYN,PHI,6,0,690997,592836,F
776569,20250827,CHA,KCA,1,12,650644,686701,F
776572,20250827,MIL,ARI,2,3,676879,669194,F
776568,20250827,SLN,PIT,1,2,543243,669387,F
776563,20250827,TEX,ANA,20,3,656641,686799,F
776571,20250827,HOU,COL,4,0,664285,801403,F
776562,20250827,LAN,CIN,5,1,660271,666157,F
776557,20250827,SFN,CHN,12,3,687931,607067,F
776559,20250827,ATH,DET,7,0,806960,663554,F
776564,20250828,BAL,BOS,2,3,700249,676979,F
776555,20250828,HOU,COL,4,3,669920,607536,F
776553,20250828,MIL,ARI,4,6,500779,622503,F
776554,20250828,SLN,PIT,4,1,571945,677952,F
776550,20250828,SFN,CHN,4,3,657277,684007,F
776560,20250828,PHI,ATL,19,4,605400,615698,F
776558,20250828,NYN,MIA,4,7,605280,800049,F
776556,20250828,CHA,NYA,4,10,663436,701542,F
776551,20250829,CIN,SLN,5,7,641793,669461,F
776545,20250829,WAS,TBA,1,4,680730,605288,F
776552,20250829,PHI,ATL,2,1,624133,693821,F
776546,20250829,TOR,MIL,2,7,669456,642547,F
776549,20250829,BOS,PIT,2,4,801139,694973,F
776547,20250829,CLE,SEA,5,4,671106,669923,F
776548,20250829,NYN,MIA,19,9,804636,691587,F
776544,20250829,CHA,NYA,2,10,672782,607074,F
776543,20250829,HOU,ANA,2,0,664299,542881,F
776540,20250829,KCA,DET,3,5,607625,663978,F
776541,20250829,MIN,SDN,7,4,805673,641482,F
776542,20250829,COL,CHN,7,11,608566,690990,F
776538,20250829,ATH,TEX,2,5,605488,683004,F
776534,20250829,LAN,ARI,0,3,605483,668678,F
776533,20250829,SFN,BAL,15,8,592662,665152,F
776527,20250830,TOR,MIL,1,4,592332,682990,F
776525,20250830,WAS,TBA,1,4,663623,686752,F
776539,20250830,BOS,PIT,3,10,669160,670912,F
776535,20250830,NYN,MIA,8,11,656849,665795,F
776532,20250830,PHI,ATL,3,2,650911,519242,F
776536,20250830,CIN,SLN,2,4,671096,700241,F
776531,20250830,HOU,ANA,1,4,681293,543294,F
776530,20250830,MIN,SDN,3,12,671737,601713,F
776529,20250830,CHA,NYA,3,5,681343,693645,F
776528,20250830,KCA,DET,3,1,663568,656427,F
776537,20250830,CLE,SEA,4,3,668909,669302,F
776516,20250830,SFN,BAL,1,11,693313,669432,F
776526,20250830,COL,CHN,3,4,685326,665871,F
776523,20250830,LAN,ARI,1,6,607192,593958,F
776524,20250830,ATH,TEX,3,9,686930,518876,F
776518,20250831,CIN,SLN,7,4,663903,669467,F
776513,20250831,MIN,SDN,7,2,657746,688158,F
776517,20250831,BOS,PIT,5,2,608337,656605,F
776520,20250831,WAS,TBA,4,7,695418,693855,F
776515,20250831,TOR,MIL,8,4,453286,605540,F
776521,20250831,CLE,SEA,2,4,676440,682243,F
776519,20250831,NYN,MIA,1,5,673540,645261,F
776510,20250831,HOU,ANA,0,3,686613,667755,F
776512,20250831,KCA,DET,0,5,608379,669373,F
776514,20250831,CHA,NYA,3,2,527048,661563,F
776511,20250831,COL,CHN,6,5,685299,571510,F
776507,20250831,SFN,BAL,13,2,434378,608372,F
776508,20250831,ATH,TEX,6,9,669372,594798,F
776509,20250831,LAN,ARI,5,4,808967,694297,F
776522,20250831,PHI,ATL,1,3,666200,694462,F
776498,20250901,WAS,MIA,2,0,674841,669199,F
776501,20250901,DET,NYN,8,10,450203,640455,F
776503,20250901,CIN,TOR,5,4,668881,605135,F
776505,20250901,BOS,CLE,6,4,678394,800048,F
776499,20250901,HOU,ANA,8,3,677651,579328,F
776502,20250901,MIN,CHA,5,6,641927,686642,F
776497,20250901,SLN,ATH,3,11,543243,806960,F
776506,20250901,CHN,ATL,7,6,607067,675911,F
776492,20250901,COL,SFN,2,8,801403,678906,F
776500,20250901,MIL,PHI,8,10,694819,592836,F
776494,20250901,SDN,BAL,3,4,656302,680694,F
776504,20250901,TBA,SEA,10,2,669358,622491,F
776495,20250901,ARI,TEX,5,7,669194,571578,F
776490,20250902,DET,NYN,5,12,687830,690997,F
776496,20250902,PIT,LAN,9,7,669387,477132,F
776491,20250902,CIN,TOR,9,12,605130,621244,F
776493,20250902,BOS,CLE,11,7,676979,677944,F
776482,20250902,WAS,MIA,5,2,676917,800049,F
776485,20250902,TBA,SEA,6,5,656876,693433,F
776488,20250902,KCA,ANA,1,5,547179,815083,F
776487,20250902,CHN,ATL,4,3,684007,666214,F
776484,20250902,MIN,CHA,3,12,680573,663436,F
776483,20250902,SLN,ATH,2,1,571945,622663,F
776489,20250902,HOU,NYA,1,7,664285,608331,F
776486,20250902,COL,SFN,4,7,607536,657277,F
776480,20250902,SDN,BAL,2,6,506433,669330,F
776481,20250902,ARI,TEX,5,3,622503,656641,F
776477,20250903,WAS,MIA,10,5,680730,691587,F
776478,20250903,DET,NYN,6,2,663554,605280,F
776468,20250903,ARI,TEX,2,0,668678,683004,F
776465,20250903,SDN,BAL,5,7,641482,700249,F
776479,20250903,PIT,LAN,3,0,677952,686218,F
776475,20250903,CIN,TOR,9,13,641793,669456,F
776474,20250903,BOS,CLE,1,8,657514,676282,F
776476,20250903,TBA,SEA,9,4,605288,669923,F
776466,20250903,KCA,ANA,3,4,686701,702674,F
776473,20250903,CHN,ATL,1,5,690990,693821,F
776469,20250903,MIN,CHA,3,4,805673,672782,F
776471,20250903,MIL,PHI,6,3,500779,605400,F
776470,20250903,SLN,ATH,5,1,669461,605488,F
776472,20250903,HOU,NYA,8,7,669920,701542,F
776467,20250903,COL,SFN,8,10,608566,592662,F
776459,20250904,MIL,PHI,0,2,642547,624133,F
776461,20250904,PIT,LAN,5,3,694973,605483,F
776458,20250904,TBA,CLE,4,2,686752,671106,F
776463,20250904,KCA,ANA,4,3,702070,543294,F
776462,20250904,MIN,CHA,8,11,671737,686642,F
776464,20250904,HOU,NYA,4,8,664299,607074,F
776455,20250905,CHN,WAS,11,5,665871,663623,F
776450,20250905,CIN,NYN,4,5,671096,656849,F
776452,20250905,DET,CHA,5,7,656427,681343,F
776453,20250905,PIT,MIL,2,5,670912,682990,F
776454,20250905,BAL,LAN,2,1,665152,660271,F
776457,20250905,NYA,TOR,1,7,693645,592332,F
776456,20250905,MIA,PHI,3,9,678368,650911,F
776460,20250905,ATL,SEA,4,1,519242,669302,F
776451,20250905,TBA,CLE,1,7,643377,668909,F
776446,20250905,KCA,MIN,2,1,608379,641154,F
776449,20250905,TEX,HOU,4,3,518876,676467,F
776445,20250905,SLN,SFN,2,8,700241,693313,F
776442,20250905,COL,SDN,3,0,607536,601713,F
776444,20250905,ANA,ATH,4,10,667755,686930,F
776448,20250905,ARI,BOS,10,5,593958,801139,F
776436,20250906,NYA,TOR,3,1,661563,605135,F
776440,20250906,CHN,WAS,1,2,571510,695418,F
776433,20250906,MIA,PHI,2,4,645261,666200,F
776435,20250906,DET,CHA,6,0,669373,527048,F
776439,20250906,CIN,NYN,6,3,663903,804636,F
776441,20250906,PIT,MIL,1,4,656605,605540,F
776443,20250906,BAL,LAN,4,3,669432,808967,F
776438,20250906,TBA,CLE,2,3,669358,676440,F
776437,20250906,SLN,SFN,3,2,669467,434378,F
776432,20250906,TEX,HOU,0,11,594798,686613,F
776434,20250906,KCA,MIN,11,2,663568,657746,F
776447,20250906,ATL,SEA,2,10,694462,682243,F
776424,20250906,ARI,BOS,5,1,694297,608337,F
776431,20250906,COL,SDN,8,10,685326,681190,F
776430,20250906,ANA,ATH,4,17,579328,669372,F
776428,20250907,ATL,SEA,2,18,666214,622491,F
776421,20250907,TBA,CLE,1,2,656876,800048,F
776427,20250907,BAL,LAN,2,5,608372,477132,F
776423,20250907,NYA,TOR,4,3,608331,453286,F
776419,20250907,PIT,MIL,2,10,696149,694819,F
776429,20250907,CIN,NYN,3,2,668881,687075,F
776425,20250907,DET,CHA,4,6,450203,663436,F
776426,20250907,MIA,PHI,5,4,663969,592836,F
776422,20250907,KCA,MIN,1,5,547179,641927,F
776416,20250907,SLN,SFN,4,3,543243,678906,F
776420,20250907,CHN,WAS,3,6,519141,674841,F
776418,20250907,TEX,HOU,4,2,571578,664285,F
776417,20250907,COL,SDN,1,8,685299,656302,F
776414,20250907,ANA,ATH,4,3,815083,622663,F
776415,20250907,ARI,BOS,4,7,669194,678394,F
776413,20250908,CLE,KCA,10,2,677944,686701,F
776409,20250908,MIA,WAS,7,15,676083,676917,F
776405,20250908,PHI,NYN,1,0,605400,690997,F
776412,20250908,ATL,CHN,4,1,693821,684007,F
776406,20250908,TEX,MIL,5,0,656641,500779,F
776411,20250908,ANA,MIN,3,12,702674,680573,F
776407,20250908,SDN,CIN,4,3,506433,666157,F
776400,20250908,SEA,SLN,4,2,693433,571945,F
776399,20250908,SFN,ARI,11,5,657277,622503,F
776410,20250908,ATH,BOS,0,7,806960,676979,F
776408,20250908,LAN,COL,3,1,607192,801403,F
776401,20250909,BAL,PIT,3,2,680694,681347,F
776403,20250909,CLE,KCA,2,0,676282,702070,F
776397,20250909,MIA,WAS,5,7,800049,680730,F
776404,20250909,PHI,NYN,9,3,624133,640455,F
776398,20250909,NYA,DET,2,12,701542,663554,F
776393,20250909,TOR,HOU,4,3,669456,677651,F
776402,20250909,ATL,CHN,1,6,675911,690990,F
776388,20250909,CHA,TBA,4,5,672782,605288,F
776395,20250909,TEX,MIL,5,4,683004,694477,F
776390,20250909,ANA,MIN,12,2,543294,805673,F
776392,20250909,SDN,CIN,2,4,650633,641793,F
776391,20250909,SEA,SLN,5,3,669923,669461,F
776394,20250909,SFN,ARI,5,3,592662,668678,F
776396,20250909,ATH,BOS,0,6,605488,813349,F
776389,20250909,LAN,COL,7,2,686218,608566,F
776375,20250910,TEX,MIL,6,3,518876,642547,F
776379,20250910,ATH,BOS,5,4,686930,801139,F
776374,20250910,SFN,ARI,3,5,693313,593958,F
776376,20250910,ANA,MIN,4,3,570632,671737,F
776387,20250910,BAL,PIT,2,1,669330,694973,F
776382,20250910,CLE,KCA,3,4,671106,680742,F
776386,20250910,MIA,WAS,8,3,691587,663623,F
776384,20250910,PHI,NYN,11,3,650911,605280,F
776383,20250910,NYA,DET,1,11,607074,656427,F
776385,20250910,TOR,HOU,2,3,621244,669920,F
776381,20250910,ATL,CHN,2,3,519242,592791,F
776378,20250910,CHA,TBA,6,5,680732,643377,F
776377,20250910,SDN,CIN,1,2,601713,671096,F
776373,20250910,SEA,SLN,4,2,669302,700241,F
776380,20250910,LAN,COL,9,0,605483,607536,F
776372,20250911,BAL,PIT,3,2,700249,670912,F
776364,20250911,CHA,TBA,5,1,681343,693855,F
776369,20250911,TOR,HOU,6,0,592332,664299,F
776367,20250911,MIA,WAS,5,0,677960,669022,F
776368,20250911,NYA,DET,9,3,693645,663947,F
776370,20250911,CLE,KCA,3,2,668909,663568,F
776371,20250911,PHI,NYN,6,4,666200,656849,F
776365,20250911,SDN,COL,2,0,681190,685326,F
776362,20250911,SEA,ANA,7,6,682243,667755,F
776352,20250912,CHN,TBA,6,4,571510,669358,F
776351,20250912,WAS,PIT,6,5,695418,656605,F
776354,20250912,PHI,KCA,8,2,621111,547179,F
776353,20250912,TOR,BAL,6,1,605135,669432,F
776359,20250912,NYN,TEX,3,8,804636,594798,F
776361,20250912,CLE,CHA,4,0,676440,527048,F
776366,20250912,MIA,DET,8,2,645261,669373,F
776363,20250912,BOS,NYA,1,4,608337,661563,F
776360,20250912,ATL,HOU,3,11,694462,681151,F
776355,20250912,MIN,ARI,9,8,641154,694297,F
776356,20250912,MIL,SLN,8,2,682990,669467,F
776357,20250912,SDN,COL,2,4,676664,685299,F
776358,20250912,ATH,CIN,3,0,669372,663903,F
776345,20250912,SEA,ANA,2,1,622491,579328,F
776350,20250912,SFN,LAN,5,1,434378,808967,F
776338,20250913,CHN,TBA,4,5,607067,656876,F
776343,20250913,TOR,BAL,5,4,453286,608372,F
776336,20250913,WAS,PIT,1,5,674841,696149,F
776349,20250913,NYN,TEX,2,3,687075,571578,F
776347,20250913,MIA,DET,6,4,676083,450203,F
776344,20250913,BOS,NYA,3,5,678394,608331,F
776342,20250913,PHI,KCA,8,6,592836,686701,F
776348,20250913,CLE,CHA,3,1,800048,663436,F
776337,20250913,MIN,ARI,2,5,657746,669194,F
776346,20250913,ATL,HOU,2,6,693821,686613,F
776339,20250913,MIL,SLN,9,8,694819,543243,F
776341,20250913,SDN,COL,11,3,656302,687134,F
776328,20250913,SFN,LAN,7,13,657277,477132,F
776333,20250913,SEA,ANA,5,3,693433,815083,F
776340,20250913,ATH,CIN,11,5,622663,668881,F
776320,20250914,WAS,PIT,4,3,676917,681347,F
776334,20250914,PHI,KCA,3,10,605400,702070,F
776329,20250914,ATL,HOU,8,3,666214,664285,F
776322,20250914,TOR,BAL,11,2,669456,544150,F
776335,20250914,NYN,TEX,5,2,690997,656641,F
776331,20250914,CLE,CHA,3,2,677944,672782,F
776332,20250914,MIA,DET,0,2,800049,672456,F
776324,20250914,MIN,ARI,4,6,641927,622503,F
776326,20250914,MIL,SLN,2,3,500779,571945,F
776321,20250914,CHN,TBA,4,3,684007,605288,F
776327,20250914,ATH,CIN,7,4,806960,666157,F
776325,20250914,SFN,LAN,2,10,592662,607192,F
776323,20250914,SDN,COL,9,6,506433,608566,F
776317,20250914,SEA,ANA,11,2,669923,543294,F
776330,20250914,BOS,NYA,6,4,676979,701542,F
776318,20250915,PIT,CHN,0,4,677952,592791,F
776315,20250915,WAS,ATL,3,11,680730,675911,F
776316,20250915,TBA,TOR,1,2,671212,702056,F
776314,20250915,CHA,BAL,1,4,656457,680694,F
776313,20250915,MIN,NYA,7,0,680573,607074,F
776312,20250915,SLN,CIN,6,11,669461,641793,F
776319,20250915,HOU,TEX,6,3,669920,683004,F
776309,20250915,ARI,SFN,8,1,668678,678906,F
776311,20250915,LAN,PHI,5,6,607455,624133,F
777825,20250916,WAS,ATL,3,6,663623,660761,F
776307,20250916,WAS,ATL,0,5,669022,519242,F
776303,20250916,DET,CLE,5,7,663554,676282,F
776308,20250916,PIT,CHN,1,4,694973,690990,F
776310,20250916,BOS,ATH,1,2,813349,605488,F
776304,20250916,NYN,SDN,8,3,605280,650633,F
776305,20250916,TBA,TOR,5,6,686752,621244,F
776302,20250916,KCA,SEA,5,12,608379,669302,F
776306,20250916,CHA,BAL,7,8,681343,665152,F
776298,20250916,MIN,NYA,9,10,805673,693645,F
776295,20250916,MIL,ANA,9,2,642547,702674,F
776300,20250916,SLN,CIN,3,0,700241,671096,F
776301,20250916,HOU,TEX,6,5,805123,518876,F
776293,20250916,COL,MIA,5,6,607536,691587,F
776294,20250916,ARI,SFN,6,5,593958,663941,F
776297,20250916,LAN,PHI,6,9,660271,650911,F
776287,20250917,PIT,CHN,4,8,670912,571510,F
776283,20250917,SLN,CIN,2,6,669467,663903,F
776285,20250917,CHA,BAL,1,3,527048,669330,F
776279,20250917,ARI,SFN,1,5,694297,434378,F
776286,20250917,WAS,ATL,4,9,695418,694462,F
776296,20250917,DET,CLE,0,4,656427,668909,F
776299,20250917,BOS,ATH,5,4,608337,686930,F
776290,20250917,TBA,TOR,2,1,693855,592332,F
776288,20250917,NYN,SDN,4,7,656849,601713,F
776289,20250917,KCA,SEA,7,5,666142,682243,F
776284,20250917,MIN,NYA,5,10,671737,661563,F
776291,20250917,MIL,ANA,9,2,605540,667755,F
776292,20250917,HOU,TEX,5,2,664299,594798,F
776277,20250917,COL,MIA,4,8,685326,677960,F
776280,20250917,LAN,PHI,5,0,605483,666200,F
776275,20250918,DET,CLE,1,3,669373,676440,F
776276,20250918,NYN,SDN,6,1,804636,681190,F
776269,20250918,TBA,TOR,4,0,669358,605135,F
776281,20250918,BOS,ATH,3,5,678394,669372,F
776272,20250918,KCA,SEA,0,2,663568,622491,F
776270,20250918,COL,MIA,7,9,685299,645261,F
776282,20250918,CIN,CHN,1,0,668881,607067,F
776278,20250918,BAL,NYA,0,7,700249,608331,F
776274,20250918,MIL,ANA,5,2,682990,579328,F
776271,20250918,LAN,SFN,2,1,808967,657277,F
776267,20250919,CIN,CHN,7,4,666157,684007,F
776266,20250919,PIT,ATH,3,4,656605,622663,F
776268,20250919,DET,ATL,1,10,450203,693821,F
776273,20250919,BAL,NYA,4,2,669432,701542,F
776259,20250919,NYN,WAS,12,6,687075,674841,F
776261,20250919,TBA,BOS,7,11,656876,676979,F
776260,20250919,KCA,TOR,20,1,547179,453286,F
776264,20250919,CHA,SDN,4,3,663436,656302,F
776251,20250919,TEX,MIA,4,6,641816,676083,F
776253,20250919,COL,ANA,7,6,687134,815083,F
776262,20250919,HOU,SEA,0,4,686613,693433,F
776263,20250919,MIN,CLE,2,6,641154,800048,F
776265,20250919,SLN,MIL,7,1,543243,694819,F
776255,20250919,ARI,PHI,2,8,669194,592836,F
776256,20250919,LAN,SFN,6,3,477132,592662,F
776258,20250920,DET,ATL,5,6,672456,666214,F
777839,20250920,MIN,CLE,0,6,657746,677944,F
776243,20250920,MIN,CLE,0,8,641927,671106,F
776252,20250920,NYN,WAS,3,5,690997,676917,F
776254,20250920,CIN,CHN,6,3,641793,665871,F
776249,20250920,PIT,ATH,2,0,696149,806960,F
776247,20250920,TBA,BOS,3,6,605288,690986,F
776242,20250920,TEX,MIA,3,4,683004,800049,F
776257,20250920,BAL,NYA,1,6,608372,607074,F
776248,20250920,HOU,SEA,4,6,664285,669923,F
776245,20250920,KCA,TOR,2,1,702070,669456,F
776250,20250920,CHA,SDN,3,7,672782,506433,F
776244,20250920,SLN,MIL,2,3,571945,694477,F
776241,20250920,COL,ANA,0,3,608566,543294,F
776246,20250920,ARI,PHI,4,3,668678,605400,F
776233,20250920,LAN,SFN,7,5,607192,678906,F
776238,20250921,DET,ATL,2,6,663554,675911,F
776234,20250921,PIT,ATH,11,0,681347,687765,F
776240,20250921,BAL,NYA,1,7,680694,693645,F
776239,20250921,CIN,CHN,1,0,671096,592791,F
776237,20250921,NYN,WAS,2,3,640455,663623,F
776229,20250921,KCA,TOR,5,8,608379,702056,F
776225,20250921,MIN,CLE,6,2,680573,676282,F
776235,20250921,CHA,SDN,2,3,680732,650633,F
776231,20250921,SLN,MIL,5,1,669461,688107,F
776226,20250921,TEX,MIA,2,4,518876,691587,F
776232,20250921,COL,ANA,3,1,607536,702674,F
776227,20250921,LAN,SFN,1,3,686218,686790,F
776230,20250921,ARI,PHI,9,2,593958,624133,F
776228,20250921,HOU,SEA,3,7,669920,669302,F
776236,20250921,TBA,BOS,7,3,671212,813349,F
776221,20250922,ATL,WAS,11,5,519242,669022,F
776222,20250922,SDN,MIL,5,4,601713,642547,F
776220,20250922,SFN,SLN,5,6,434378,700241,F
776223,20250923,BAL,TBA,6,0,665152,686752,F
776218,20250923,CLE,DET,5,2,668909,669373,F
776224,20250923,CIN,PIT,2,4,663903,670912,F
776215,20250923,PHI,MIA,5,6,650911,665795,F
776216,20250923,NYA,CHA,3,2,661563,681343,F
776217,20250923,TOR,BOS,1,4,592332,608337,F
776219,20250923,ATL,WAS,3,2,694462,695418,F
776209,20250923,CHN,NYN,7,9,690990,656849,F
776210,20250923,TEX,MIN,1,4,571578,805673,F
776207,20250923,ANA,KCA,4,8,691951,666142,F
776213,20250923,ARI,LAN,5,4,694297,660271,F
776212,20250923,SEA,COL,4,3,682243,685326,F
776214,20250923,SDN,MIL,7,0,681190,669145,F
776211,20250923,SFN,SLN,8,9,657277,669467,F
776208,20250923,ATH,HOU,5,1,605488,664299,F
776200,20250924,ATL,WAS,3,4,693821,674841,F
776198,20250924,SDN,MIL,1,3,656302,694477,F
776203,20250924,BAL,TBA,2,6,669330,669358,F
776204,20250924,CLE,DET,5,1,676440,656427,F
776202,20250924,CIN,PIT,3,4,668881,694973,F
776201,20250924,PHI,MIA,11,1,666200,677960,F
776199,20250924,NYA,CHA,8,1,608331,686642,F
776206,20250924,TOR,BOS,1,7,453286,676979,F
776205,20250924,CHN,NYN,10,3,571510,804636,F
776192,20250924,TEX,MIN,4,2,594798,671737,F
776197,20250924,ANA,KCA,3,2,579328,663568,F
776193,20250924,ARI,LAN,4,5,669194,605483,F
776194,20250924,SEA,COL,9,2,622491,685299,F
776196,20250924,SFN,SLN,4,3,664141,543243,F
776195,20250924,ATH,HOU,6,0,622663,686613,F
776190,20250925,CIN,PIT,2,1,666157,677952,F
776191,20250925,BAL,TBA,6,5,700249,656876,F
776183,20250925,TEX,MIN,0,4,641816,641927,F
776182,20250925,ATH,HOU,5,11,669372,664285,F
776185,20250925,ARI,LAN,0,8,656222,808967,F
776188,20250925,PHI,MIA,1,0,621111,676083,F
776189,20250925,CLE,DET,2,4,800048,675512,F
776184,20250925,NYA,CHA,5,3,607074,663436,F
776186,20250925,TOR,BOS,6,1,686973,678394,F
776187,20250925,CHN,NYN,5,8,684007,690997,F
776178,20250925,ANA,KCA,4,9,815083,547179,F
776179,20250925,SEA,COL,6,2,676106,687134,F
776167,20250926,CHN,SLN,12,1,607067,571945,F
776176,20250926,PHI,MIN,3,1,605400,657746,F
776165,20250926,WAS,CHA,9,10,676917,672782,F
776174,20250926,NYA,BAL,8,4,701542,669432,F
776177,20250926,TOR,TBA,4,2,669456,605288,F
776181,20250926,BOS,DET,4,3,690986,663554,F
776175,20250926,CLE,TEX,3,7,677944,683004,F
776173,20250926,MIA,NYN,6,2,645261,687075,F
776180,20250926,ATL,PIT,3,9,666214,656605,F
776171,20250926,MIL,CIN,1,3,682990,641793,F
776169,20250926,ANA,HOU,4,3,543294,669920,F
776170,20250926,SDN,ARI,7,4,506433,668678,F
776168,20250926,SEA,LAN,2,3,669923,686218,F
776172,20250926,ATH,KCA,4,3,686930,702070,F
776166,20250926,SFN,COL,6,3,686790,608566,F
776162,20250927,NYA,BAL,6,1,693645,608372,F
776164,20250927,CHN,SLN,7,3,592791,700241,F
776159,20250927,TOR,TBA,5,1,702056,671212,F
776146,20250927,SFN,COL,4,3,434378,607536,F
776160,20250927,WAS,CHA,6,5,663623,656457,F
776157,20250927,BOS,DET,1,2,813349,672456,F
776161,20250927,MIA,NYN,0,5,691587,605280,F
776163,20250927,PHI,MIN,0,5,624133,690953,F
776158,20250927,CLE,TEX,3,2,676282,656641,F
776156,20250927,ATL,PIT,1,3,675911,696149,F
776153,20250927,MIL,CIN,4,7,688107,671096,F
776152,20250927,SDN,ARI,5,1,650633,593958,F
776155,20250927,ANA,HOU,1,6,702674,805123,F
776150,20250927,SEA,LAN,3,5,669302,607192,F
776154,20250927,ATH,KCA,2,4,806960,608379,F
776151,20250928,BOS,DET,4,3,592254,663978,F
776138,20250928,ATH,KCA,2,9,669620,666142,F
776137,20250928,SFN,COL,4,0,657277,685326,F
776141,20250928,PHI,MIN,2,1,650911,680573,F
776143,20250928,WAS,CHA,0,8,695418,681343,F
776140,20250928,NYA,BAL,3,2,661563,680694,F
776135,20250928,ANA,HOU,2,6,691951,621121,F
776145,20250928,TOR,TBA,13,4,592332,693855,F
776136,20250928,SDN,ARI,12,4,676664,694297,F
776139,20250928,SEA,LAN,1,6,682243,477132,F
776147,20250928,CLE,TEX,9,8,671106,571578,F
776148,20250928,MIA,NYN,4,0,665795,640455,F
776144,20250928,MIL,CIN,4,2,642547,663903,F
776149,20250928,ATL,PIT,4,1,450203,670912,F
776142,20250928,CHN,SLN,2,0,665871,681517,F
