game_pk,date,team,pitcher_id,pitcher_name,is_starter,outs,k,bb,hbp,hr,r,er
823244,20260325,SFN,657277,Logan Webb,1,15,7,1,1,0,7,6
823244,20260325,SFN,676775,Keaton Winn,0,3,2,1,0,0,0,0
823244,20260325,SFN,664141,JT Brubaker,0,6,2,1,0,0,0,0
823244,20260325,SFN,668873,Caleb Kilian,0,3,1,0,0,0,0,0
823244,20260325,NYA,608331,Max Fried,1,19,4,1,1,0,0,0
823244,20260325,NYA,656234,Jake Bird,0,2,1,0,0,0,0,0
823244,20260325,NYA,687396,Brent Headrick,0,3,1,1,0,0,0,0
823244,20260325,NYA,666808,Camilo Doval,0,3,0,0,0,0,0,0
823649,20260326,NYN,642547,Freddy Peralta,1,15,7,0,0,2,4,4
823649,20260326,NYN,668964,Tobias Myers,0,9,1,0,0,1,1,1
823649,20260326,NYN,472610,Luis García,0,3,2,0,0,0,2,2
823649,20260326,PIT,694973,Paul Skenes,1,2,1,2,1,0,5,5
823649,20260326,PIT,670990,Yohan Ramírez,0,7,3,1,0,0,0,0
823649,20260326,PIT,682254,Mason Montgomery,0,4,2,3,0,0,2,2
823649,20260326,PIT,676755,Isaac Mattson,0,2,1,2,0,0,2,2
823649,20260326,PIT,664875,Justin Lawrence,0,3,0,0,0,2,2,2
823649,20260326,PIT,642397,Gregory Soto,0,3,2,0,0,0,0,0
823649,20260326,PIT,642701,Dennis Santana,0,3,1,1,0,0,0,0
823812,20260326,MIL,694819,Jacob Misiorowski,1,15,11,3,0,1,1,1
823812,20260326,MIL,676879,Aaron Ashby,0,3,2,0,0,0,0,0
823812,20260326,MIL,681982,Grant Anderson,0,3,1,0,0,0,0,0
823812,20260326,MIL,669084,DL Hall,0,3,3,2,0,0,0,0
823812,20260326,MIL,663765,Jake Woodford,0,3,3,0,0,1,1,1
823812,20260326,CHA,681343,Shane Smith,1,5,2,2,0,0,4,3
823812,20260326,CHA,656794,Sean Newcomb,0,7,1,1,0,0,2,2
823812,20260326,CHA,656457,Tyler Gilbert,0,3,0,1,0,1,2,2
823812,20260326,CHA,663855,Jordan Hicks,0,2,0,4,0,0,3,3
823812,20260326,CHA,699151,Jedixson Paez,0,4,0,2,0,1,3,3
823812,20260326,CHA,673929,Jordan Leasure,0,3,0,0,0,0,0,0
824704,20260326,CHN,571510,Matthew Boyd,1,11,7,1,0,1,6,6
824704,20260326,CHN,676962,Ben Brown,0,10,3,1,0,1,2,2
824704,20260326,CHN,571948,Hoby Milner,0,3,0,0,1,0,0,0
824704,20260326,CHN,657097,Jacob Webb,0,3,2,0,0,1,2,0
824704,20260326,WAS,676917,Cade Cavalli,1,11,5,3,0,0,3,2
824704,20260326,WAS,676571,PJ Poulin,0,3,0,1,0,0,0,0
824704,20260326,WAS,695418,Brad Lord,0,7,1,0,0,0,1,1
824704,20260326,WAS,690925,Clayton Beeter,0,3,1,2,0,0,0,0
824704,20260326,WAS,672335,Cionel Pérez,0,3,2,0,0,0,0,0
824865,20260326,BAL,669432,Trevor Rogers,1,21,5,4,1,0,0,0
824865,20260326,BAL,669330,Tyler Wells,0,3,1,0,0,0,1,1
824865,20260326,BAL,664854,Ryan Helsley,0,3,3,0,0,0,0,0
824865,20260326,MIN,657746,Joe Ryan,1,16,7,2,0,0,0,0
824865,20260326,MIN,681892,Kody Funderburk,0,2,0,1,0,0,1,1
824865,20260326,MIN,623437,Justin Topa,0,3,0,0,0,0,1,1
824865,20260326,MIN,573124,Taylor Rogers,0,3,1,0,0,0,0,0
824541,20260326,CIN,671096,Andrew Abbott,1,18,4,1,0,0,0,0
824541,20260326,CIN,572955,Pierce Johnson,0,1,0,0,0,0,1,1
824541,20260326,CIN,594580,Sam Moll,0,3,1,0,0,0,0,0
824541,20260326,CIN,668933,Graham Ashcraft,0,2,1,1,0,0,0,0
824541,20260326,CIN,683175,Connor Phillips,0,2,1,1,0,0,2,2
824541,20260326,CIN,656271,Brock Burke,0,1,0,0,0,0,0,0
824541,20260326,BOS,676979,Garrett Crochet,1,18,8,2,0,0,0,0
824541,20260326,BOS,686580,Justin Slaten,0,3,2,1,0,0,0,0
824541,20260326,BOS,676477,Garrett Whitlock,0,3,2,0,0,0,0,0
824541,20260326,BOS,547973,Aroldis Chapman,0,3,0,0,0,0,0,0
824218,20260326,HOU,686613,Hunter Brown,1,14,9,4,0,0,0,0
824218,20260326,HOU,805123,AJ Blubaugh,0,7,3,0,0,1,1,1
824218,20260326,HOU,687911,Bryan King,0,3,1,0,1,0,1,1
824218,20260326,HOU,685005,Christian Roa,0,3,1,2,0,1,1,1
824218,20260326,ANA,667755,José Soriano,1,18,7,4,0,0,0,0
824218,20260326,ANA,700712,Walbert Ureña,0,2,1,1,0,0,0,0
824218,20260326,ANA,681217,Chase Silseth,0,1,0,0,0,0,0,0
824218,20260326,ANA,519141,Drew Pomeranz,0,3,0,0,0,0,0,0
824218,20260326,ANA,605447,Jordan Romano,0,3,1,1,0,0,0,0
823325,20260326,SDN,601713,Nick Pivetta,1,9,4,3,0,0,6,6
823325,20260326,SDN,676760,Ron Marinaccio,0,6,2,0,0,1,2,2
823325,20260326,SDN,699134,Bradgley Rodriguez,0,6,3,0,0,0,0,0
823325,20260326,SDN,688158,David Morgan,0,3,1,1,0,0,0,0
823325,20260326,SDN,593974,Wandy Peralta,0,3,0,0,0,0,0,0
823325,20260326,DET,669373,Tarik Skubal,1,18,6,0,0,0,1,0
823325,20260326,DET,623454,Drew Anderson,0,4,0,2,0,1,1,1
823325,20260326,DET,663947,Tyler Holton,0,2,0,1,0,0,0,0
823325,20260326,DET,676684,Will Vest,0,3,1,0,0,0,0,0
823081,20260326,SLN,669461,Matthew Liberatore,1,15,2,2,0,1,1,1
823081,20260326,SLN,694335,Matt Svanson,0,1,0,0,0,0,3,3
823081,20260326,SLN,677865,Justin Bruihl,0,1,0,1,0,0,2,2
823081,20260326,SLN,688297,Chris Roycroft,0,1,0,0,0,0,1,1
823081,20260326,SLN,668941,JoJo Romero,0,2,0,0,0,0,0,0
823081,20260326,SLN,676617,Riley O'Brien,0,4,2,0,0,0,0,0
823081,20260326,SLN,592773,Ryne Stanek,0,3,1,3,0,0,0,0
823081,20260326,TBA,656876,Drew Rasmussen,1,15,2,0,0,1,1,1
823081,20260326,TBA,693855,Ian Seymour,0,0,0,0,0,0,5,5
823081,20260326,TBA,664076,Garrett Cleavinger,0,1,0,0,0,0,2,2
823081,20260326,TBA,643377,Griffin Jax,0,2,0,0,0,1,1,1
823081,20260326,TBA,672782,Yoendrys Gómez,0,6,1,1,0,0,0,0
823486,20260326,PHI,650911,Cristopher Sánchez,1,18,10,0,0,0,0,0
823486,20260326,PHI,680742,Jonathan Bowlan,0,3,0,0,0,0,0,0
823486,20260326,PHI,647315,Zach Pop,0,3,0,1,0,0,0,0
823486,20260326,PHI,679775,Kyle Backhus,0,1,0,0,0,1,3,3
823486,20260326,PHI,661395,Jhoan Duran,0,2,1,0,0,0,0,0
823486,20260326,TEX,543135,Nathan Eovaldi,1,14,7,0,0,2,5,5
823486,20260326,TEX,656222,Jalen Beeks,0,4,2,0,0,0,0,0
823486,20260326,TEX,641302,Tyler Alexander,0,3,0,0,0,0,0,0
823486,20260326,TEX,691945,Carter Baumler,0,3,1,1,1,0,0,0
823974,20260326,LAN,808967,Yoshinobu Yamamoto,1,18,6,0,0,1,2,2
823974,20260326,LAN,595014,Blake Treinen,0,3,1,0,0,0,0,0
823974,20260326,LAN,694361,Will Klein,0,3,1,0,0,0,0,0
823974,20260326,LAN,656945,Tanner Scott,0,3,0,0,0,0,0,0
823974,20260326,ARI,668678,Zac Gallen,1,12,2,2,0,1,4,4
823974,20260326,ARI,666661,Juan Morillo,0,3,1,1,0,0,0,0
823974,20260326,ARI,657044,Ryan Thompson,0,3,1,0,0,0,0,0
823974,20260326,ARI,664199,Taylor Clarke,0,1,0,0,1,1,4,4
823974,20260326,ARI,694851,Andrew Hoffmann,0,5,0,2,1,0,0,0
823163,20260326,SEA,669302,Logan Gilbert,1,16,7,0,0,1,3,3
823163,20260326,SEA,678606,José A. Ferrer,0,2,0,0,0,0,0,0
823163,20260326,SEA,642100,Gabe Speier,0,3,1,0,0,0,2,2
823163,20260326,SEA,668984,Casey Legumina,0,3,2,1,1,0,0,0
823163,20260326,SEA,681867,Cooper Criswell,0,3,1,1,0,1,1,1
823163,20260326,CLE,676440,Tanner Bibee,1,15,7,2,0,3,3,3
823163,20260326,CLE,641401,Connor Brogdon,0,3,1,0,0,0,0,0
823163,20260326,CLE,542888,Shawn Armstrong,0,2,2,0,0,1,1,1
823163,20260326,CLE,681870,Erik Sabrowski,0,4,3,0,0,0,0,0
823163,20260326,CLE,671922,Cade Smith,0,3,1,0,0,0,0,0
823243,20260327,SFN,592662,Robbie Ray,1,16,4,0,0,1,2,2
823243,20260327,SFN,676130,José Buttó,0,2,2,0,0,1,1,1
823243,20260327,SFN,669062,Erik Miller,0,3,0,0,0,0,0,0
823243,20260327,SFN,676254,Ryan Walker,0,1,1,1,0,0,0,0
823243,20260327,SFN,621366,Ryan Borucki,0,2,0,1,0,0,0,0
823243,20260327,SFN,657424,Matt Gage,0,3,0,1,0,0,0,0
823243,20260327,NYA,693645,Cam Schlittler,1,16,8,0,0,0,0,0
823243,20260327,NYA,518585,Fernando Cruz,0,2,0,1,0,0,0,0
823243,20260327,NYA,657612,Tim Hill,0,3,2,0,0,0,0,0
823243,20260327,NYA,666808,Camilo Doval,0,3,3,0,0,0,0,0
823243,20260327,NYA,670280,David Bednar,0,3,0,1,0,0,0,0
822839,20260327,TOR,592332,Kevin Gausman,1,18,11,0,0,1,1,1
822839,20260327,TOR,686973,Louis Varland,0,3,1,1,0,0,0,0
822839,20260327,TOR,643511,Tyler Rogers,0,3,0,1,0,0,0,0
822839,20260327,TOR,656546,Jeff Hoffman,0,3,4,0,0,1,1,1
822839,20260327,ATH,622663,Luis Severino,1,15,3,3,0,0,2,2
822839,20260327,ATH,605130,Scott Barlow,0,5,0,0,0,0,0,0
822839,20260327,ATH,663687,Hogan Harris,0,4,0,1,0,0,0,0
822839,20260327,ATH,686993,Justin Sterner,0,2,0,0,0,0,1,1
823893,20260327,MIA,645261,Sandy Alcantara,1,21,5,2,0,0,1,0
823893,20260327,MIA,677053,Andrew Nardi,0,2,2,0,0,0,0,0
823893,20260327,MIA,669622,Anthony Bender,0,1,1,0,0,0,0,0
823893,20260327,MIA,664126,Pete Fairbanks,0,3,1,0,0,0,0,0
823893,20260327,COL,607536,Kyle Freeland,1,13,2,2,1,0,2,2
823893,20260327,COL,623474,Jimmy Herget,0,4,1,0,0,0,0,0
823893,20260327,COL,657514,Brennan Bernardino,0,1,0,0,0,0,0,0
823893,20260327,COL,675848,Juan Mejia,0,6,1,0,0,0,0,0
824946,20260327,ATL,519242,Chris Sale,1,18,6,3,1,0,0,0
824946,20260327,ATL,669276,Dylan Lee,0,3,0,0,0,0,0,0
824946,20260327,ATL,663158,Robert Suarez,0,3,1,0,0,0,0,0
824946,20260327,ATL,641755,Tyler Kinley,0,3,1,0,0,0,0,0
824946,20260327,KCA,666142,Cole Ragans,1,12,5,4,0,3,4,4
824946,20260327,KCA,663559,Bailey Falter,0,9,4,0,0,0,2,2
824946,20260327,KCA,656638,Alex Lange,0,3,1,0,0,0,0,0
824216,20260327,HOU,681347,Mike Burrows,1,17,6,2,0,2,5,5
824216,20260327,HOU,682610,Roddery Muñoz,0,2,0,3,0,0,0,0
824216,20260327,HOU,595345,Steven Okert,0,5,3,0,0,0,0,0
824216,20260327,HOU,680802,Ryan Weiss,0,3,2,1,0,1,1,1
824216,20260327,ANA,579328,Yusei Kikuchi,1,13,3,1,0,1,2,2
824216,20260327,ANA,681217,Chase Silseth,0,2,0,0,0,0,0,0
824216,20260327,ANA,666171,Ryan Zeferjahn,0,6,2,0,0,0,0,0
824216,20260327,ANA,696147,Sam Bachman,0,3,3,2,0,0,0,0
824216,20260327,ANA,605447,Jordan Romano,0,3,2,0,0,0,0,0
823324,20260327,SDN,650633,Michael King,1,15,6,4,1,0,1,0
823324,20260327,SDN,670970,Adrian Morejon,0,6,1,0,0,0,0,0
823324,20260327,SDN,669093,Jeremiah Estrada,0,2,2,3,0,0,4,4
823324,20260327,SDN,593974,Wandy Peralta,0,1,0,0,0,0,0,0
823324,20260327,SDN,688158,David Morgan,0,3,0,1,0,0,0,0
823324,20260327,DET,664285,Framber Valdez,1,18,5,1,0,0,2,1
823324,20260327,DET,646241,Enmanuel De Jesus,0,3,2,0,0,0,0,0
823324,20260327,DET,640448,Kyle Finnegan,0,3,2,1,0,0,0,0
823324,20260327,DET,445276,Kenley Jansen,0,3,3,0,0,0,0,0
823162,20260327,SEA,669923,George Kirby,1,18,6,2,1,1,1,1
823162,20260327,SEA,660825,Eduard Bazardo,0,3,1,1,0,0,0,0
823162,20260327,SEA,666374,Matt Brash,0,3,0,0,0,0,0,0
823162,20260327,SEA,662253,Andrés Muñoz,0,3,2,0,0,0,0,0
823162,20260327,CLE,668909,Gavin Williams,1,15,7,6,0,1,3,3
823162,20260327,CLE,670059,Colin Holderman,0,3,1,1,0,1,2,2
823162,20260327,CLE,688883,Peyton Pallette,0,6,2,0,0,0,0,0
823971,20260327,LAN,686218,Emmet Sheehan,1,10,6,2,0,1,4,4
823971,20260327,LAN,676263,Jack Dreyer,0,5,1,0,0,0,0,0
823971,20260327,LAN,676508,Ben Casparius,0,2,1,1,0,0,0,0
823971,20260327,LAN,656945,Tanner Scott,0,1,1,0,0,0,0,0
823971,20260327,LAN,681911,Alex Vesia,0,3,0,0,0,0,0,0
823971,20260327,LAN,683618,Edgardo Henriquez,0,3,1,0,0,0,0,0
823971,20260327,LAN,621242,Edwin Díaz,0,3,2,1,0,0,0,0
823971,20260327,ARI,669194,Ryne Nelson,1,14,4,3,0,2,4,4
823971,20260327,ARI,642528,Jonathan Loáisiga,0,4,1,0,0,0,0,0
823971,20260327,ARI,657044,Ryan Thompson,0,3,0,0,0,0,0,0
823971,20260327,ARI,656464,Kevin Ginkel,0,3,0,0,0,0,1,1
823082,20260328,SLN,700241,Michael McGreevy,1,18,5,2,0,0,0,0
823082,20260328,SLN,676617,Riley O'Brien,0,3,0,0,0,0,0,0
823082,20260328,SLN,668941,JoJo Romero,0,3,1,0,0,0,0,0
823082,20260328,SLN,694335,Matt Svanson,0,2,0,1,0,0,3,3
823082,20260328,SLN,592773,Ryne Stanek,0,4,2,0,0,0,2,1
823082,20260328,TBA,671212,Joe Boyle,1,18,4,0,0,0,2,2
823082,20260328,TBA,642121,Cole Sulser,0,6,2,1,0,0,2,1
823082,20260328,TBA,641329,Bryan Baker,0,3,2,0,0,0,0,0
823082,20260328,TBA,643377,Griffin Jax,0,1,0,1,0,0,2,1
824701,20260328,CHN,690990,Cade Horton,1,19,4,1,0,1,2,2
824701,20260328,CHN,664208,Phil Maton,0,2,1,0,0,0,0,0
824701,20260328,CHN,573204,Caleb Thielbar,0,3,1,1,0,0,0,0
824701,20260328,CHN,657097,Jacob Webb,0,3,0,2,0,0,0,0
824701,20260328,WAS,571945,Miles Mikolas,1,15,4,3,0,1,6,4
824701,20260328,WAS,701552,Andre Granillo,0,2,0,1,0,0,2,2
824701,20260328,WAS,686610,Ken Waldichuk,0,4,2,2,0,1,2,2
824701,20260328,WAS,669371,Cole Henry,0,3,1,0,0,0,0,0
822838,20260328,TOR,656302,Dylan Cease,1,16,12,2,0,0,1,1
822838,20260328,TOR,680755,Braydon Fisher,0,2,0,0,0,0,0,0
822838,20260328,TOR,689254,Mason Fluharty,0,0,0,0,0,0,2,2
822838,20260328,TOR,663893,Brendon Little,0,2,2,1,0,1,3,3
822838,20260328,TOR,667297,Tommy Nance,0,4,1,0,0,0,0,0
822838,20260328,TOR,643511,Tyler Rogers,0,3,2,0,0,0,0,0
822838,20260328,TOR,686973,Louis Varland,0,3,1,1,0,0,1,0
822838,20260328,TOR,693686,Spencer Miles,0,3,1,1,0,0,0,0
822838,20260328,ATH,605488,Jeffrey Springs,1,16,2,3,0,0,2,2
822838,20260328,ATH,643410,Mark Leiter Jr.,0,2,0,0,1,0,1,1
822838,20260328,ATH,665660,Elvis Alvarado,0,3,2,2,0,0,2,2
822838,20260328,ATH,663687,Hogan Harris,0,2,0,1,0,0,0,0
822838,20260328,ATH,547184,Michael Kelly,0,4,1,0,0,1,1,1
822838,20260328,ATH,605130,Scott Barlow,0,3,1,1,0,0,1,0
822838,20260328,ATH,665622,Luis Medina,0,1,1,1,0,0,1,0
824862,20260328,BAL,680694,Kyle Bradish,1,14,4,3,0,1,3,2
824862,20260328,BAL,666974,Yennier Cano,0,1,1,0,0,0,0,0
824862,20260328,BAL,608650,Dietrich Enns,0,5,1,1,0,0,1,1
824862,20260328,BAL,682274,Yaramil Hiraldo,0,1,1,0,0,0,0,0
824862,20260328,BAL,689296,Anthony Nunez,0,6,3,0,0,0,0,0
824862,20260328,MIN,671737,Taj Bradley,1,13,9,3,0,0,1,1
824862,20260328,MIN,607455,Anthony Banda,0,2,2,1,1,0,0,0
824862,20260328,MIN,681892,Kody Funderburk,0,2,2,0,0,0,0,0
824862,20260328,MIN,679358,Eric Orze,0,4,0,1,0,0,0,0
824862,20260328,MIN,623437,Justin Topa,0,3,1,0,0,0,0,0
824862,20260328,MIN,663485,Cole Sands,0,3,2,1,0,0,0,0
823488,20260328,PHI,605400,Aaron Nola,1,15,7,2,0,2,3,3
823488,20260328,PHI,621383,Tanner Banks,0,3,0,0,0,0,0,0
823488,20260328,PHI,621237,José Alvarado,0,3,2,0,0,0,0,0
823488,20260328,PHI,641835,Tim Mayza,0,6,2,1,0,0,0,0
823488,20260328,PHI,661395,Jhoan Duran,0,3,2,0,0,0,2,1
823488,20260328,TEX,656641,Jacob Latz,1,12,3,1,0,0,0,0
823488,20260328,TEX,668390,Cole Winn,0,3,2,1,0,0,0,0
823488,20260328,TEX,656222,Jalen Beeks,0,3,1,0,0,0,0,0
823488,20260328,TEX,596001,Jakob Junis,0,6,2,0,0,0,0,0
823488,20260328,TEX,676395,Robert Garcia,0,2,1,1,0,0,2,0
823488,20260328,TEX,455119,Chris Martin,0,1,1,0,0,0,1,0
823488,20260328,TEX,641302,Tyler Alexander,0,3,1,0,1,0,1,0
824540,20260328,CIN,663903,Brady Singer,1,12,5,2,1,1,3,3
824540,20260328,CIN,594580,Sam Moll,0,3,0,0,1,0,0,0
824540,20260328,CIN,572955,Pierce Johnson,0,2,0,0,0,0,0,0
824540,20260328,CIN,668933,Graham Ashcraft,0,3,2,1,0,0,1,1
824540,20260328,CIN,663574,Tony Santillan,0,3,3,2,0,0,0,0
824540,20260328,CIN,641941,Emilio Pagán,0,4,2,0,0,1,1,1
824540,20260328,CIN,683175,Connor Phillips,0,6,3,0,0,0,0,0
824540,20260328,BOS,543243,Sonny Gray,1,12,5,1,0,1,4,3
824540,20260328,BOS,669711,Greg Weissert,0,3,2,1,0,1,1,1
824540,20260328,BOS,543056,Danny Coulombe,0,2,1,1,0,0,0,0
824540,20260328,BOS,670245,Ryan Watson,0,7,1,3,0,0,0,0
824540,20260328,BOS,547973,Aroldis Chapman,0,3,1,0,0,0,0,0
824540,20260328,BOS,676477,Garrett Whitlock,0,3,1,0,0,0,0,0
824540,20260328,BOS,686580,Justin Slaten,0,1,1,1,0,0,1,0
823651,20260328,NYN,656849,David Peterson,1,16,3,2,0,0,0,0
823651,20260328,NYN,623211,Huascar Brazobán,0,2,1,0,0,0,0,0
823651,20260328,NYN,596133,Luke Weaver,0,3,0,0,0,0,0,0
823651,20260328,NYN,548384,Brooks Raley,0,3,2,0,0,0,0,0
823651,20260328,NYN,642207,Devin Williams,0,3,2,1,0,0,0,0
823651,20260328,NYN,472610,Luis García,0,3,0,1,0,0,1,0
823651,20260328,NYN,663992,Richard Lovelady,0,3,1,0,0,0,1,0
823651,20260328,PIT,656605,Mitch Keller,1,18,3,0,0,0,0,0
823651,20260328,PIT,664875,Justin Lawrence,0,2,2,2,0,0,0,0
823651,20260328,PIT,642397,Gregory Soto,0,4,3,1,0,0,0,0
823651,20260328,PIT,642701,Dennis Santana,0,3,0,1,0,0,0,0
823651,20260328,PIT,682995,Hunter Barco,0,3,0,1,1,1,4,2
823892,20260328,MIA,691587,Eury Pérez,1,21,8,1,0,2,3,3
823892,20260328,MIA,676534,Calvin Faucher,0,3,1,0,0,0,0,0
823892,20260328,MIA,664126,Pete Fairbanks,0,3,1,0,0,0,0,0
823892,20260328,COL,547179,Michael Lorenzen,1,13,4,0,2,1,3,3
823892,20260328,COL,657514,Brennan Bernardino,0,2,0,0,0,0,0,0
823892,20260328,COL,688642,Zach Agnos,0,4,2,1,0,0,0,0
823892,20260328,COL,677955,Jaden Hill,0,5,1,0,0,0,1,1
824213,20260328,HOU,664299,Cristian Javier,1,14,1,4,2,2,6,6
824213,20260328,HOU,678906,Kai-Wei Teng,0,7,2,1,0,0,0,0
824213,20260328,HOU,687911,Bryan King,0,3,2,1,0,0,0,0
824213,20260328,HOU,650556,Bryan Abreu,0,3,3,2,0,1,3,3
824213,20260328,ANA,672282,Reid Detmers,1,14,9,0,1,0,3,3
824213,20260328,ANA,700712,Walbert Ureña,0,3,1,2,0,0,6,0
824213,20260328,ANA,664192,Joey Lucchesi,0,1,0,2,0,0,2,2
824213,20260328,ANA,608718,Brent Suter,0,6,2,1,0,0,0,0
823811,20260328,MIL,694477,Chad Patrick,1,13,4,1,0,1,1,1
823811,20260328,MIL,676879,Aaron Ashby,0,5,4,2,0,0,0,0
823811,20260328,MIL,672582,Angel Zerpa,0,3,0,0,0,0,0,0
823811,20260328,MIL,682842,Abner Uribe,0,3,2,0,0,0,0,0
823811,20260328,MIL,669084,DL Hall,0,3,1,1,0,0,0,0
823811,20260328,CHA,680732,Sean Burke,1,12,5,1,0,0,4,3
823811,20260328,CHA,669684,Chris Murphy,0,3,1,1,0,0,0,0
823811,20260328,CHA,691799,Grant Taylor,0,3,1,1,0,0,1,1
823811,20260328,CHA,663542,Bryan Hudson,0,2,2,2,0,0,1,1
823811,20260328,CHA,699151,Jedixson Paez,0,1,0,0,0,0,0,0
823811,20260328,CHA,622554,Seranthony Domínguez,0,3,0,0,0,0,0,0
824945,20260328,ATL,625643,Reynaldo López,1,18,3,2,0,1,1,1
824945,20260328,ATL,669276,Dylan Lee,0,3,2,0,0,0,0,0
824945,20260328,ATL,606303,Joel Payamps,0,1,0,1,0,0,1,0
824945,20260328,ATL,607481,Aaron Bummer,0,2,0,0,0,0,0,0
824945,20260328,ATL,674370,Osvaldo Bido,0,3,3,0,0,0,0,0
824945,20260328,KCA,608379,Michael Wacha,1,18,7,1,0,0,0,0
824945,20260328,KCA,621381,Matt Strahm,0,3,1,0,0,0,0,0
824945,20260328,KCA,668674,Lucas Erceg,0,3,0,1,0,0,0,0
824945,20260328,KCA,608032,Carlos Estévez,0,1,0,2,0,1,6,6
823241,20260328,SFN,641816,Tyler Mahle,1,12,5,1,0,0,2,2
823241,20260328,SFN,621366,Ryan Borucki,0,3,1,0,0,1,1,1
823241,20260328,SFN,657424,Matt Gage,0,3,1,0,0,0,0,0
823241,20260328,SFN,676775,Keaton Winn,0,3,1,0,0,0,0,0
823241,20260328,SFN,669062,Erik Miller,0,2,1,1,0,0,0,0
823241,20260328,SFN,664141,JT Brubaker,0,1,0,0,0,0,0,0
823241,20260328,SFN,676254,Ryan Walker,0,3,1,0,0,0,0,0
823241,20260328,NYA,701542,Will Warren,1,13,3,2,0,0,1,1
823241,20260328,NYA,687396,Brent Headrick,0,2,1,0,0,0,0,0
823241,20260328,NYA,656234,Jake Bird,0,5,2,0,0,0,0,0
823241,20260328,NYA,657612,Tim Hill,0,4,1,0,0,0,0,0
823241,20260328,NYA,670280,David Bednar,0,3,1,1,0,0,0,0
823323,20260328,SDN,681190,Randy Vásquez,1,18,8,3,0,0,0,0
823323,20260328,SDN,606996,Kyle Hart,0,6,3,0,0,0,0,0
823323,20260328,SDN,695243,Mason Miller,0,3,2,1,0,0,0,0
823323,20260328,DET,656427,Jack Flaherty,1,13,2,4,0,0,3,2
823323,20260328,DET,676428,Brant Hurter,0,3,1,0,0,0,0,0
823323,20260328,DET,657756,Connor Seabold,0,7,3,0,0,0,0,0
823323,20260328,DET,676684,Will Vest,0,1,0,0,0,0,0,0
823973,20260328,LAN,607192,Tyler Glasnow,1,18,6,1,0,0,2,2
823973,20260328,LAN,681911,Alex Vesia,0,3,0,0,0,0,0,0
823973,20260328,LAN,694361,Will Klein,0,3,1,0,0,0,0,0
823973,20260328,LAN,621242,Edwin Díaz,0,3,0,0,0,0,0,0
823973,20260328,ARI,593958,Eduardo Rodriguez,1,15,5,2,0,0,1,0
823973,20260328,ARI,642528,Jonathan Loáisiga,0,3,1,0,0,0,0,0
823973,20260328,ARI,605452,Joe Ross,0,3,0,0,0,0,0,0
823973,20260328,ARI,666661,Juan Morillo,0,2,0,1,0,1,2,2
823973,20260328,ARI,623149,Paul Sewald,0,1,0,0,0,0,0,0
823161,20260328,SEA,693433,Bryan Woo,1,18,9,1,0,0,2,2
823161,20260328,SEA,660825,Eduard Bazardo,0,2,1,2,0,0,1,1
823161,20260328,SEA,642100,Gabe Speier,0,1,0,0,0,0,0,0
823161,20260328,SEA,668984,Casey Legumina,0,3,1,0,0,0,0,0
823161,20260328,SEA,677961,Cole Wilcox,0,3,1,0,0,0,0,0
823161,20260328,SEA,662253,Andrés Muñoz,0,3,1,0,0,1,3,2
823161,20260328,CLE,676282,Joey Cantillo,1,11,5,3,0,0,2,2
823161,20260328,CLE,670036,Matt Festa,0,5,1,0,0,0,0,0
823161,20260328,CLE,682120,Tim Herrin,0,2,0,0,0,0,0,0
823161,20260328,CLE,681870,Erik Sabrowski,0,2,1,2,0,0,0,0
823161,20260328,CLE,542888,Shawn Armstrong,0,4,1,1,0,0,0,0
823161,20260328,CLE,671922,Cade Smith,0,3,2,1,0,0,1,1
823161,20260328,CLE,641401,Connor Brogdon,0,3,2,0,0,1,2,1
824864,20260329,BAL,669358,Shane Baz,1,16,4,0,1,0,4,4
824864,20260329,BAL,664991,Grant Wolfram,0,3,2,0,0,0,0,0
824864,20260329,BAL,682274,Yaramil Hiraldo,0,1,1,3,0,1,1,1
824864,20260329,BAL,670329,Rico Garcia,0,1,1,0,0,0,0,0
824864,20260329,BAL,669330,Tyler Wells,0,2,2,2,0,0,1,1
824864,20260329,BAL,666974,Yennier Cano,0,1,1,0,0,0,0,0
824864,20260329,BAL,664854,Ryan Helsley,0,3,1,0,0,0,0,0
824864,20260329,MIN,641927,Bailey Ober,1,12,1,1,0,1,3,3
824864,20260329,MIN,690953,Mick Abel,0,10,4,4,0,0,5,5
824864,20260329,MIN,607455,Anthony Banda,0,2,0,0,0,0,0,0
823487,20260329,PHI,666200,Jesús Luzardo,1,18,7,1,0,2,6,6
823487,20260329,PHI,647315,Zach Pop,0,3,1,1,1,0,2,2
823487,20260329,PHI,641745,Brad Keller,0,3,1,0,0,0,0,0
823487,20260329,PHI,679775,Kyle Backhus,0,3,1,1,0,0,0,0
823487,20260329,TEX,669022,MacKenzie Gore,1,16,7,3,1,0,2,2
823487,20260329,TEX,668390,Cole Winn,0,2,0,0,0,0,0,0
823487,20260329,TEX,691945,Carter Baumler,0,5,2,4,0,0,1,1
823487,20260329,TEX,455119,Chris Martin,0,1,0,0,0,0,0,0
823487,20260329,TEX,676395,Robert Garcia,0,3,1,1,0,0,0,0
824944,20260329,ATL,656550,Grant Holmes,1,15,4,2,0,1,3,3
824944,20260329,ATL,800311,Didier Fuentes,0,12,4,1,0,0,1,1
824944,20260329,KCA,607625,Seth Lugo,1,19,3,0,0,0,0,0
824944,20260329,KCA,621381,Matt Strahm,0,2,0,0,0,0,0,0
824944,20260329,KCA,670167,John Schreiber,0,3,1,0,0,1,1,1
824944,20260329,KCA,668674,Lucas Erceg,0,3,1,0,0,0,0,0
822837,20260329,TOR,641778,Eric Lauer,1,16,9,1,0,1,2,2
822837,20260329,TOR,680755,Braydon Fisher,0,5,2,0,0,0,0,0
822837,20260329,TOR,667297,Tommy Nance,0,2,1,0,0,0,0,0
822837,20260329,TOR,689254,Mason Fluharty,0,1,1,0,0,0,0,0
822837,20260329,TOR,656546,Jeff Hoffman,0,3,2,0,0,0,0,0
822837,20260329,ATH,806960,Luis Morales,1,13,5,2,0,3,5,5
822837,20260329,ATH,669372,J.T. Ginn,0,11,2,1,0,0,0,0
824538,20260329,CIN,695076,Rhett Lowder,1,15,5,2,0,1,2,2
824538,20260329,CIN,656271,Brock Burke,0,4,0,1,0,0,0,0
824538,20260329,CIN,572955,Pierce Johnson,0,2,0,0,0,0,0,0
824538,20260329,CIN,663574,Tony Santillan,0,3,2,2,0,0,0,0
824538,20260329,CIN,641941,Emilio Pagán,0,3,0,1,0,0,0,0
824538,20260329,BOS,813349,Connelly Early,1,16,6,2,0,0,1,1
824538,20260329,BOS,669711,Greg Weissert,0,2,1,1,0,1,2,2
824538,20260329,BOS,663558,Jovani Morán,0,6,2,1,0,0,0,0
823647,20260329,NYN,690997,Nolan McLean,1,15,8,2,1,1,2,2
823647,20260329,NYN,623211,Huascar Brazobán,0,5,0,0,0,0,0,0
823647,20260329,NYN,640455,Sean Manaea,0,4,2,2,0,0,0,0
823647,20260329,NYN,596133,Luke Weaver,0,3,1,2,0,0,0,0
823647,20260329,NYN,663992,Richard Lovelady,0,3,1,2,0,0,2,1
823647,20260329,PIT,669387,Carmen Mlodzinski,1,13,8,0,0,0,2,2
823647,20260329,PIT,670990,Yohan Ramírez,0,5,2,1,0,0,0,0
823647,20260329,PIT,682254,Mason Montgomery,0,3,3,0,0,0,0,0
823647,20260329,PIT,676755,Isaac Mattson,0,3,2,0,0,0,0,0
823647,20260329,PIT,642701,Dennis Santana,0,3,1,0,0,0,0,0
823647,20260329,PIT,664353,José Urquidy,0,3,0,1,0,0,1,0
823891,20260329,MIA,676974,Max Meyer,1,15,5,2,0,0,3,3
823891,20260329,MIA,663969,Tyler Phillips,0,6,2,0,1,0,0,0
823891,20260329,MIA,667463,John King,0,3,2,0,0,0,0,0
823891,20260329,MIA,656848,Michael Petersen,0,3,2,0,0,0,0,0
823891,20260329,COL,500779,Jose Quintana,1,13,2,4,0,0,2,2
823891,20260329,COL,623474,Jimmy Herget,0,2,2,0,0,0,0,0
823891,20260329,COL,622608,Antonio Senzatela,0,8,3,1,0,0,0,0
823891,20260329,COL,680767,Victor Vodnik,0,3,1,0,1,1,2,2
824215,20260329,HOU,837227,Tatsuya Imai,1,8,4,4,0,0,4,4
824215,20260329,HOU,682610,Roddery Muñoz,0,6,4,1,0,1,2,2
824215,20260329,HOU,685005,Christian Roa,0,1,1,0,0,0,0,0
824215,20260329,HOU,595345,Steven Okert,0,3,0,1,0,0,0,0
824215,20260329,HOU,805123,AJ Blubaugh,0,6,2,0,0,0,0,0
824215,20260329,HOU,650556,Bryan Abreu,0,1,0,2,0,0,1,1
824215,20260329,HOU,687911,Bryan King,0,2,2,0,0,0,0,0
824215,20260329,ANA,686799,Jack Kochanowicz,1,12,3,5,0,0,6,5
824215,20260329,ANA,681217,Chase Silseth,0,3,1,0,0,0,0,0
824215,20260329,ANA,696147,Sam Bachman,0,6,2,2,0,0,0,0
824215,20260329,ANA,519141,Drew Pomeranz,0,3,0,2,1,0,3,3
823810,20260329,MIL,687075,Brandon Sproat,1,9,3,4,0,3,7,7
823810,20260329,MIL,681982,Grant Anderson,0,6,3,1,0,0,0,0
823810,20260329,MIL,657649,Jared Koenig,0,3,3,0,0,0,0,0
823810,20260329,MIL,663765,Jake Woodford,0,6,1,0,0,0,0,0
823810,20260329,MIL,656730,Trevor Megill,0,3,2,0,0,0,0,0
823810,20260329,CHA,641743,Anthony Kay,1,14,5,4,0,1,2,2
823810,20260329,CHA,673929,Jordan Leasure,0,4,2,0,0,0,1,1
823810,20260329,CHA,691799,Grant Taylor,0,3,3,1,0,0,0,0
823810,20260329,CHA,669684,Chris Murphy,0,1,1,1,0,0,4,4
823810,20260329,CHA,622554,Seranthony Domínguez,0,1,0,1,0,1,2,2
823810,20260329,CHA,663855,Jordan Hicks,0,1,1,0,0,0,0,0
823079,20260329,SLN,669160,Dustin May,1,12,3,1,0,0,6,6
823079,20260329,SLN,677865,Justin Bruihl,0,6,2,1,0,0,0,0
823079,20260329,SLN,666277,George Soriano,0,3,0,0,0,0,0,0
823079,20260329,SLN,690155,Matt Pushard,0,3,1,1,0,0,3,3
823079,20260329,SLN,688297,Chris Roycroft,0,3,0,1,0,0,2,2
823079,20260329,TBA,571927,Steven Matz,1,15,2,1,0,1,4,4
823079,20260329,TBA,687330,Kevin Kelly,0,3,1,0,0,0,0,0
823079,20260329,TBA,664076,Garrett Cleavinger,0,3,1,2,0,0,0,0
823079,20260329,TBA,669438,Mason Englert,0,3,1,0,0,2,3,3
823079,20260329,TBA,641329,Bryan Baker,0,3,0,0,0,0,0,0
824700,20260329,CHN,684007,Shota Imanaga,1,15,7,2,0,1,4,4
824700,20260329,CHN,664208,Phil Maton,0,3,1,1,1,0,0,0
824700,20260329,CHN,640451,Hunter Harvey,0,3,0,0,0,0,0,0
824700,20260329,CHN,571948,Hoby Milner,0,3,0,0,0,1,2,2
824700,20260329,CHN,694037,Daniel Palencia,0,3,1,0,0,0,0,0
824700,20260329,WAS,663623,Jake Irvin,1,15,7,1,0,2,2,2
824700,20260329,WAS,676571,PJ Poulin,0,2,1,1,0,0,0,0
824700,20260329,WAS,681402,Gus Varland,0,4,1,0,0,0,0,0
824700,20260329,WAS,672335,Cionel Pérez,0,3,1,0,0,1,1,1
824700,20260329,WAS,690925,Clayton Beeter,0,3,0,0,0,0,0,0
823160,20260329,SEA,676106,Emerson Hancock,1,18,9,1,1,0,0,0
823160,20260329,SEA,681867,Cooper Criswell,0,9,5,0,0,0,0,0
823160,20260329,CLE,677944,Slade Cecconi,1,13,5,3,2,1,6,6
823160,20260329,CLE,688883,Peyton Pallette,0,5,1,1,1,0,1,1
823160,20260329,CLE,670059,Colin Holderman,0,6,2,1,0,0,1,0
824135,20260330,KCA,663460,Kris Bubic,1,18,4,3,0,1,1,1
824135,20260330,KCA,663738,Daniel Lynch IV,0,3,1,0,0,0,0,0
824135,20260330,KCA,683232,Nick Mears,0,3,1,0,0,0,0,0
824135,20260330,KCA,670167,John Schreiber,0,3,0,0,0,0,0,0
824135,20260330,MIN,680573,Simeon Woods Richardson,1,15,2,1,0,1,2,2
824135,20260330,MIN,681892,Kody Funderburk,0,4,3,1,0,1,1,1
824135,20260330,MIN,623437,Justin Topa,0,2,1,0,0,0,0,0
824135,20260330,MIN,573124,Taylor Rogers,0,3,1,0,0,0,0,0
824863,20260330,BAL,605135,Chris Bassitt,1,13,3,4,1,0,4,4
824863,20260330,BAL,608650,Dietrich Enns,0,5,4,1,0,0,0,0
824863,20260330,BAL,670329,Rico Garcia,0,6,3,0,0,0,0,0
824863,20260330,BAL,669330,Tyler Wells,0,3,1,0,0,0,1,1
824863,20260330,TEX,683004,Jack Leiter,1,18,8,1,0,1,2,2
824863,20260330,TEX,596001,Jakob Junis,0,3,0,0,0,0,0,0
824863,20260330,TEX,656222,Jalen Beeks,0,3,1,0,0,0,0,0
824863,20260330,TEX,641302,Tyler Alexander,0,3,2,0,0,0,0,0
824539,20260330,CIN,695505,Chase Burns,1,15,7,3,0,0,0,0
824539,20260330,CIN,683742,Jose Franco,0,5,0,0,0,0,0,0
824539,20260330,CIN,668933,Graham Ashcraft,0,4,3,0,0,0,0,0
824539,20260330,CIN,683175,Connor Phillips,0,3,1,2,0,0,0,0
824539,20260330,PIT,677952,Braxton Ashcraft,1,18,3,4,0,0,2,2
824539,20260330,PIT,676755,Isaac Mattson,0,3,1,1,0,0,0,0
824539,20260330,PIT,664875,Justin Lawrence,0,3,3,0,0,0,0,0
823484,20260330,PHI,592836,Taijuan Walker,1,14,2,3,0,0,7,6
823484,20260330,PHI,680742,Jonathan Bowlan,0,4,1,0,0,0,2,2
823484,20260330,PHI,641835,Tim Mayza,0,6,2,0,0,0,0,0
823484,20260330,PHI,621237,José Alvarado,0,1,1,2,0,0,4,4
823484,20260330,PHI,664238,Dylan Moore,0,2,0,0,0,0,0,0
823484,20260330,WAS,656492,Foster Griffin,1,15,5,0,1,1,2,2
823484,20260330,WAS,695418,Brad Lord,0,9,3,1,1,0,0,0
823484,20260330,WAS,669371,Cole Henry,0,3,1,1,0,0,0,0
823890,20260330,MIA,663978,Chris Paddack,1,12,6,0,1,2,8,8
823890,20260330,MIA,669199,Lake Bachar,0,9,3,1,0,0,1,1
823890,20260330,MIA,667463,John King,0,3,0,1,0,0,0,0
823890,20260330,MIA,656848,Michael Petersen,0,3,1,0,0,0,0,0
823890,20260330,CHA,663436,Davis Martin,1,15,6,2,1,1,3,3
823890,20260330,CHA,656794,Sean Newcomb,0,8,5,1,0,0,1,1
823890,20260330,CHA,663855,Jordan Hicks,0,4,1,1,0,0,0,0
822834,20260330,TOR,664074,Cody Ponce,1,7,3,1,0,0,1,1
822834,20260330,TOR,686973,Louis Varland,0,4,3,0,0,0,1,0
822834,20260330,TOR,693686,Spencer Miles,0,5,2,1,0,1,3,3
822834,20260330,TOR,663893,Brendon Little,0,2,1,1,0,0,4,4
822834,20260330,TOR,643511,Tyler Rogers,0,3,1,0,0,0,0,0
822834,20260330,TOR,623168,Tyler Heineman,0,6,0,1,0,1,5,5
822834,20260330,COL,608372,Tomoyuki Sugano,1,14,4,2,0,1,1,1
822834,20260330,COL,677955,Jaden Hill,0,1,0,0,0,0,0,0
822834,20260330,COL,801403,Chase Dollander,0,12,5,2,0,3,4,4
824943,20260330,ATL,693821,Bryce Elder,1,18,5,1,0,0,0,0
824943,20260330,ATL,607481,Aaron Bummer,0,3,2,0,0,0,0,0
824943,20260330,ATL,663158,Robert Suarez,0,3,0,0,0,0,0,0
824943,20260330,ATL,628452,Raisel Iglesias,0,3,0,0,0,0,0,0
824943,20260330,ATH,682052,Jacob Lopez,1,12,0,5,0,0,3,3
824943,20260330,ATH,686993,Justin Sterner,0,3,2,0,0,0,0,0
824943,20260330,ATH,665660,Elvis Alvarado,0,3,1,0,0,0,0,0
824943,20260330,ATH,643410,Mark Leiter Jr.,0,3,0,0,0,0,0,0
824943,20260330,ATH,547184,Michael Kelly,0,3,1,0,0,0,1,1
824702,20260330,CHN,665795,Edward Cabrera,1,18,5,1,0,0,0,0
824702,20260330,CHN,607067,Colin Rea,0,9,4,0,0,1,2,2
824702,20260330,ANA,696270,Ryan Johnson,1,10,2,4,0,1,6,6
824702,20260330,ANA,664192,Joey Lucchesi,0,5,2,1,0,0,0,0
824702,20260330,ANA,641312,Shaun Anderson,0,9,1,2,0,0,1,1
823809,20260330,MIL,690986,Kyle Harrison,1,15,8,1,0,1,1,1
823809,20260330,MIL,676879,Aaron Ashby,0,6,3,0,0,1,1,1
823809,20260330,MIL,672582,Angel Zerpa,0,3,2,0,0,0,0,0
823809,20260330,MIL,656730,Trevor Megill,0,3,1,1,0,0,1,1
823809,20260330,TBA,607259,Nick Martinez,1,18,3,0,0,1,2,2
823809,20260330,TBA,643377,Griffin Jax,0,3,1,0,0,0,0,0
823809,20260330,TBA,664076,Garrett Cleavinger,0,3,2,2,0,0,0,0
823809,20260330,TBA,693855,Ian Seymour,0,2,1,0,1,0,0,0
823809,20260330,TBA,687330,Kevin Kelly,0,1,0,0,0,0,0,0
823080,20260330,SLN,681517,Kyle Leahy,1,15,1,2,0,0,4,4
823080,20260330,SLN,694335,Matt Svanson,0,6,3,2,1,0,0,0
823080,20260330,SLN,666277,George Soriano,0,6,0,1,0,0,0,0
823080,20260330,NYN,605280,Clay Holmes,1,17,5,3,0,1,2,2
823080,20260330,NYN,668964,Tobias Myers,0,4,3,0,0,0,0,0
823080,20260330,NYN,548384,Brooks Raley,0,3,0,0,0,0,0,0
823080,20260330,NYN,642207,Devin Williams,0,3,1,0,0,0,0,0
824214,20260330,HOU,621121,Lance McCullers Jr.,1,21,9,1,0,0,1,1
824214,20260330,HOU,680802,Ryan Weiss,0,6,3,1,0,0,0,0
824214,20260330,BOS,624133,Ranger Suarez,1,13,3,1,0,2,4,4
824214,20260330,BOS,670912,Johan Oviedo,0,11,3,1,1,2,4,4
823320,20260330,SDN,621111,Walker Buehler,1,12,3,2,1,1,3,3
823320,20260330,SDN,593974,Wandy Peralta,0,3,0,0,0,0,0,0
823320,20260330,SDN,688158,David Morgan,0,6,2,1,0,0,0,0
823320,20260330,SDN,676760,Ron Marinaccio,0,6,2,0,0,0,0,0
823320,20260330,SFN,694738,Landen Roupp,1,18,7,2,0,0,0,0
823320,20260330,SFN,657424,Matt Gage,0,3,0,0,0,0,0,0
823320,20260330,SFN,676775,Keaton Winn,0,3,3,0,0,0,0,0
823320,20260330,SFN,676254,Ryan Walker,0,3,1,1,0,1,2,2
823159,20260330,SEA,622491,Luis Castillo,1,18,7,2,0,0,0,0
823159,20260330,SEA,678606,José A. Ferrer,0,1,0,0,0,0,1,0
823159,20260330,SEA,660825,Eduard Bazardo,0,2,0,0,0,0,0,0
823159,20260330,SEA,642100,Gabe Speier,0,3,2,0,0,0,0,0
823159,20260330,SEA,666374,Matt Brash,0,3,1,0,0,0,0,0
823159,20260330,NYA,677960,Ryan Weathers,1,13,7,2,0,0,1,1
823159,20260330,NYA,518585,Fernando Cruz,0,2,2,0,0,0,0,0
823159,20260330,NYA,656234,Jake Bird,0,3,0,0,0,0,0,0
823159,20260330,NYA,687396,Brent Headrick,0,2,2,0,0,0,0,0
823159,20260330,NYA,666808,Camilo Doval,0,1,0,0,0,0,0,0
823159,20260330,NYA,621112,Paul Blackburn,0,4,0,1,0,0,1,1
825108,20260330,ARI,647336,Michael Soroka,1,15,10,1,0,0,0,0
825108,20260330,ARI,656464,Kevin Ginkel,0,3,1,0,0,0,0,0
825108,20260330,ARI,605452,Joe Ross,0,2,1,1,0,0,6,6
825108,20260330,ARI,657044,Ryan Thompson,0,0,0,2,0,0,0,0
825108,20260330,ARI,666661,Juan Morillo,0,1,0,0,0,0,0,0
825108,20260330,ARI,664199,Taylor Clarke,0,3,1,0,0,0,0,0
825108,20260330,ARI,623149,Paul Sewald,0,3,1,0,0,0,0,0
825108,20260330,DET,434378,Justin Verlander,1,11,1,2,0,1,5,5
825108,20260330,DET,646241,Enmanuel De Jesus,0,3,1,2,0,0,3,3
825108,20260330,DET,676428,Brant Hurter,0,6,0,0,0,1,1,1
825108,20260330,DET,640448,Kyle Finnegan,0,1,0,0,0,0,0,0
825108,20260330,DET,663947,Tyler Holton,0,3,1,2,0,0,0,0
823972,20260330,LAN,808963,Roki Sasaki,1,12,4,2,0,0,1,1
823972,20260330,LAN,656945,Tanner Scott,0,3,2,0,0,0,0,0
823972,20260330,LAN,680736,Justin Wrobleski,0,12,2,1,0,0,3,3
823972,20260330,CLE,800048,Parker Messick,1,18,5,0,0,0,0,0
823972,20260330,CLE,542888,Shawn Armstrong,0,2,0,0,0,0,0,0
823972,20260330,CLE,681870,Erik Sabrowski,0,4,1,0,0,0,0,0
823972,20260330,CLE,671922,Cade Smith,0,3,0,0,0,0,2,2
824861,20260331,BAL,621107,Zach Eflin,1,11,7,2,0,1,1,1
824861,20260331,BAL,664991,Grant Wolfram,0,4,2,0,0,0,2,2
824861,20260331,BAL,666974,Yennier Cano,0,3,0,0,0,0,1,1
824861,20260331,BAL,682274,Yaramil Hiraldo,0,3,0,1,0,1,3,3
824861,20260331,BAL,689296,Anthony Nunez,0,6,2,0,0,1,1,1
824861,20260331,TEX,594798,Jacob deGrom,1,14,7,0,0,1,3,3
824861,20260331,TEX,668390,Cole Winn,0,4,1,1,0,0,0,0
824861,20260331,TEX,596001,Jakob Junis,0,3,1,0,0,0,0,0
824861,20260331,TEX,676395,Robert Garcia,0,3,1,0,0,0,0,0
824861,20260331,TEX,455119,Chris Martin,0,3,1,0,1,0,2,2
824537,20260331,CIN,682227,Brandon Williamson,1,14,3,2,0,3,6,6
824537,20260331,CIN,656271,Brock Burke,0,7,2,1,0,0,0,0
824537,20260331,CIN,594580,Sam Moll,0,3,1,0,0,0,0,0
824537,20260331,CIN,572955,Pierce Johnson,0,3,1,0,0,1,2,2
824537,20260331,PIT,696149,Bubba Chandler,1,13,6,6,0,0,1,0
824537,20260331,PIT,670990,Yohan Ramírez,0,2,2,0,0,0,0,0
824537,20260331,PIT,682995,Hunter Barco,0,6,3,1,0,2,2,2
824537,20260331,PIT,642701,Dennis Santana,0,3,0,0,0,0,0,0
824537,20260331,PIT,642397,Gregory Soto,0,3,1,1,1,0,0,0
823485,20260331,PHI,691725,Andrew Painter,1,16,8,1,0,0,1,1
823485,20260331,PHI,621383,Tanner Banks,0,5,2,0,0,0,1,1
823485,20260331,PHI,641745,Brad Keller,0,3,0,1,0,0,0,0
823485,20260331,PHI,661395,Jhoan Duran,0,3,2,0,0,0,0,0
823485,20260331,WAS,676571,PJ Poulin,1,3,1,0,0,0,0,0
823485,20260331,WAS,641793,Zack Littell,0,15,1,2,0,2,3,3
823485,20260331,WAS,686610,Ken Waldichuk,0,6,0,0,0,0,0,0
823888,20260331,MIA,676083,Janson Junk,1,13,5,1,0,0,2,2
823888,20260331,MIA,677053,Andrew Nardi,0,3,2,0,0,0,0,0
823888,20260331,MIA,669622,Anthony Bender,0,5,1,1,0,0,0,0
823888,20260331,MIA,676534,Calvin Faucher,0,3,2,0,0,0,0,0
823888,20260331,MIA,664126,Pete Fairbanks,0,3,3,0,0,0,0,0
823888,20260331,CHA,607200,Erick Fedde,1,15,4,1,0,0,4,3
823888,20260331,CHA,663542,Bryan Hudson,0,5,1,1,0,0,2,1
823888,20260331,CHA,699151,Jedixson Paez,0,4,0,1,0,1,3,3
822836,20260331,TOR,453286,Max Scherzer,1,18,4,1,0,1,1,1
822836,20260331,TOR,689254,Mason Fluharty,0,2,1,0,0,0,0,0
822836,20260331,TOR,680755,Braydon Fisher,0,4,0,0,0,0,0,0
822836,20260331,TOR,656546,Jeff Hoffman,0,3,1,0,0,0,0,0
822836,20260331,COL,663372,Ryan Feltner,1,9,4,1,0,0,0,0
822836,20260331,COL,675848,Juan Mejia,0,4,0,1,0,0,2,2
822836,20260331,COL,677955,Jaden Hill,0,2,2,1,0,0,0,0
822836,20260331,COL,657514,Brennan Bernardino,0,3,1,0,0,0,0,0
822836,20260331,COL,688642,Zach Agnos,0,6,3,1,0,0,3,3
824942,20260331,ATL,660761,José Suarez,1,11,6,3,0,0,4,4
824942,20260331,ATL,606303,Joel Payamps,0,3,2,0,0,1,1,1
824942,20260331,ATL,527048,Martín Pérez,0,13,3,0,0,0,0,0
824942,20260331,ATH,650644,Aaron Civale,1,15,3,1,0,1,2,2
824942,20260331,ATH,663687,Hogan Harris,0,3,0,2,0,0,0,0
824942,20260331,ATH,686993,Justin Sterner,0,3,2,1,0,0,0,0
824942,20260331,ATH,605130,Scott Barlow,0,3,0,0,0,0,0,0
824942,20260331,ATH,643410,Mark Leiter Jr.,0,3,1,0,0,0,0,0
824699,20260331,CHN,592791,Jameson Taillon,1,14,3,4,0,0,0,0
824699,20260331,CHN,571948,Hoby Milner,0,1,0,0,0,0,0,0
824699,20260331,CHN,664208,Phil Maton,0,2,1,2,0,0,2,2
824699,20260331,CHN,676962,Ben Brown,0,10,5,1,0,0,0,0
824699,20260331,ANA,667755,José Soriano,1,18,4,2,0,0,0,0
824699,20260331,ANA,681217,Chase Silseth,0,3,1,1,0,0,0,0
824699,20260331,ANA,519141,Drew Pomeranz,0,4,2,0,0,0,0,0
824699,20260331,ANA,605447,Jordan Romano,0,2,1,1,0,0,0,0
823807,20260331,MIL,605540,Brandon Woodruff,1,15,6,0,0,2,2,2
823807,20260331,MIL,657649,Jared Koenig,0,3,1,0,0,0,0,0
823807,20260331,MIL,681982,Grant Anderson,0,3,1,0,0,0,0,0
823807,20260331,MIL,682842,Abner Uribe,0,3,0,1,0,0,0,0
823807,20260331,MIL,672582,Angel Zerpa,0,3,0,1,0,0,0,0
823807,20260331,TBA,663556,Shane McClanahan,1,14,4,3,0,0,3,2
823807,20260331,TBA,642121,Cole Sulser,0,4,0,0,0,1,2,2
823807,20260331,TBA,672782,Yoendrys Gómez,0,6,2,2,0,1,1,1
823077,20260331,SLN,669467,Andre Pallante,1,15,3,3,0,0,0,0
823077,20260331,SLN,700669,Gordon Graceffo,0,3,0,0,0,0,0,0
823077,20260331,SLN,592773,Ryne Stanek,0,3,1,1,0,0,0,0
823077,20260331,SLN,668941,JoJo Romero,0,3,1,0,0,0,0,0
823077,20260331,SLN,676617,Riley O'Brien,0,3,0,0,0,0,0,0
823077,20260331,NYN,673540,Kodai Senga,1,18,9,3,0,0,2,2
823077,20260331,NYN,663992,Richard Lovelady,0,6,2,1,0,1,1,1
824212,20260331,HOU,686613,Hunter Brown,1,18,8,2,0,0,1,1
824212,20260331,HOU,675989,Cody Bolton,0,9,5,1,0,1,1,1
824212,20260331,BOS,678394,Brayan Bello,1,14,2,3,0,1,6,5
824212,20260331,BOS,670245,Ryan Watson,0,4,2,2,0,0,2,2
824212,20260331,BOS,663558,Jovani Morán,0,6,2,0,0,1,1,1
825107,20260331,ARI,694297,Brandon Pfaadt,1,18,3,1,0,0,5,5
825107,20260331,ARI,694851,Andrew Hoffmann,0,6,3,1,0,0,0,0
825107,20260331,ARI,623149,Paul Sewald,0,3,3,0,0,0,0,0
825107,20260331,DET,663554,Casey Mize,1,18,9,2,0,1,1,1
825107,20260331,DET,623454,Drew Anderson,0,3,2,0,0,0,2,2
825107,20260331,DET,676684,Will Vest,0,2,0,2,0,0,3,3
825107,20260331,DET,445276,Kenley Jansen,0,1,1,0,0,1,1,1
823322,20260331,SDN,608566,Germán Márquez,1,9,1,1,0,2,4,4
823322,20260331,SDN,606996,Kyle Hart,0,7,2,1,0,0,4,4
823322,20260331,SDN,699134,Bradgley Rodriguez,0,5,1,0,0,0,0,0
823322,20260331,SDN,669093,Jeremiah Estrada,0,3,2,0,0,0,0,0
823322,20260331,SDN,688158,David Morgan,0,3,1,0,0,0,1,0
823322,20260331,SFN,657277,Logan Webb,1,18,5,4,0,0,3,3
823322,20260331,SFN,664141,JT Brubaker,0,6,1,0,0,0,0,0
823322,20260331,SFN,676130,José Buttó,0,3,2,0,0,0,0,0
823158,20260331,SEA,669302,Logan Gilbert,1,16,6,3,0,0,5,5
823158,20260331,SEA,677961,Cole Wilcox,0,6,3,0,0,0,0,0
823158,20260331,SEA,668984,Casey Legumina,0,5,1,0,0,0,0,0
823158,20260331,NYA,608331,Max Fried,1,21,6,1,1,0,0,0
823158,20260331,NYA,687396,Brent Headrick,0,3,1,0,0,0,0,0
823158,20260331,NYA,657612,Tim Hill,0,3,0,0,0,0,0,0
823969,20260331,LAN,660271,Shohei Ohtani,1,18,6,3,1,0,0,0
823969,20260331,LAN,681911,Alex Vesia,0,3,1,0,0,0,0,0
823969,20260331,LAN,676263,Jack Dreyer,0,3,1,1,0,0,0,0
823969,20260331,LAN,621242,Edwin Díaz,0,3,2,1,1,0,1,1
823969,20260331,CLE,676440,Tanner Bibee,1,12,4,2,0,0,1,1
823969,20260331,CLE,663465,Kolby Allard,0,8,5,1,0,1,1,1
823969,20260331,CLE,670036,Matt Festa,0,4,2,0,0,0,2,2
824940,20260401,ATL,519242,Chris Sale,1,18,3,0,0,1,1,1
824940,20260401,ATL,663158,Robert Suarez,0,3,1,0,0,0,0,0
824940,20260401,ATL,669276,Dylan Lee,0,3,1,0,0,0,0,0
824940,20260401,ATL,628452,Raisel Iglesias,0,3,1,0,0,0,0,0
824940,20260401,ATH,622663,Luis Severino,1,10,7,5,0,0,4,4
824940,20260401,ATH,665660,Elvis Alvarado,0,2,0,0,0,0,1,1
824940,20260401,ATH,663687,Hogan Harris,0,6,2,0,0,0,0,0
824940,20260401,ATH,665622,Luis Medina,0,6,1,0,0,0,0,0
824860,20260401,BAL,669432,Trevor Rogers,1,18,3,1,0,0,2,2
824860,20260401,BAL,544150,Albert Suárez,0,9,2,1,0,1,1,1
824860,20260401,TEX,543135,Nathan Eovaldi,1,12,5,3,0,1,6,6
824860,20260401,TEX,641302,Tyler Alexander,0,3,0,2,0,0,1,1
824860,20260401,TEX,691945,Carter Baumler,0,6,2,1,0,1,1,1
824860,20260401,TEX,656641,Jacob Latz,0,3,0,0,0,0,0,0
824536,20260401,CIN,671096,Andrew Abbott,1,17,5,3,0,1,4,4
824536,20260401,CIN,683175,Connor Phillips,0,1,0,2,0,0,0,0
824536,20260401,CIN,668933,Graham Ashcraft,0,3,2,0,0,0,0,0
824536,20260401,CIN,663574,Tony Santillan,0,3,1,0,0,0,0,0
824536,20260401,CIN,641941,Emilio Pagán,0,3,2,0,1,1,4,4
824536,20260401,PIT,694973,Paul Skenes,1,15,5,2,0,0,1,1
824536,20260401,PIT,682254,Mason Montgomery,0,2,1,1,0,1,2,2
824536,20260401,PIT,676755,Isaac Mattson,0,4,0,0,0,0,0,0
824536,20260401,PIT,664875,Justin Lawrence,0,3,1,0,0,0,0,0
824536,20260401,PIT,642397,Gregory Soto,0,3,2,0,0,0,0,0
823483,20260401,PHI,650911,Cristopher Sánchez,1,16,7,4,0,0,1,1
823483,20260401,PHI,680742,Jonathan Bowlan,0,2,1,0,0,0,1,1
823483,20260401,PHI,641745,Brad Keller,0,3,1,0,0,1,3,3
823483,20260401,PHI,647315,Zach Pop,0,3,1,0,0,0,0,0
823483,20260401,PHI,621237,José Alvarado,0,3,0,0,0,0,0,0
823483,20260401,PHI,661395,Jhoan Duran,0,3,1,0,0,0,0,0
823483,20260401,WAS,676917,Cade Cavalli,1,18,3,2,2,0,1,1
823483,20260401,WAS,701552,Andre Granillo,0,2,1,0,0,1,1,1
823483,20260401,WAS,672335,Cionel Pérez,0,2,0,0,0,1,1,1
823483,20260401,WAS,690925,Clayton Beeter,0,3,0,0,0,0,1,1
823483,20260401,WAS,676571,PJ Poulin,0,1,0,2,0,0,1,1
823483,20260401,WAS,669371,Cole Henry,0,1,0,1,0,0,1,0
822835,20260401,TOR,592332,Kevin Gausman,1,18,10,0,0,0,0,0
822835,20260401,TOR,643511,Tyler Rogers,0,3,0,0,0,0,0,0
822835,20260401,TOR,667297,Tommy Nance,0,1,1,2,0,0,1,1
822835,20260401,TOR,689254,Mason Fluharty,0,2,2,0,0,0,0,0
822835,20260401,TOR,656546,Jeff Hoffman,0,3,3,0,0,0,0,0
822835,20260401,TOR,663893,Brendon Little,0,3,1,1,0,0,1,0
822835,20260401,COL,607536,Kyle Freeland,1,15,6,1,2,0,1,1
822835,20260401,COL,622608,Antonio Senzatela,0,6,3,0,0,0,0,0
822835,20260401,COL,680767,Victor Vodnik,0,3,0,0,0,0,0,0
822835,20260401,COL,657514,Brennan Bernardino,0,3,0,0,0,0,0,0
822835,20260401,COL,623474,Jimmy Herget,0,3,0,0,0,0,0,0
823889,20260401,MIA,645261,Sandy Alcantara,1,27,7,0,1,0,0,0
823889,20260401,CHA,681343,Shane Smith,1,9,1,2,0,1,8,7
823889,20260401,CHA,608371,Lucas Sims,0,6,1,1,1,0,0,0
823889,20260401,CHA,669684,Chris Murphy,0,6,3,1,0,0,1,1
823889,20260401,CHA,673929,Jordan Leasure,0,3,1,0,0,1,1,1
823078,20260401,SLN,669461,Matthew Liberatore,1,18,2,1,0,1,1,1
823078,20260401,SLN,592773,Ryne Stanek,0,2,1,0,0,0,0,0
823078,20260401,SLN,668941,JoJo Romero,0,4,1,0,0,0,0,0
823078,20260401,SLN,676617,Riley O'Brien,0,3,2,0,0,0,0,0
823078,20260401,SLN,677865,Justin Bruihl,0,3,0,1,0,0,0,0
823078,20260401,SLN,688297,Chris Roycroft,0,1,0,2,0,0,0,0
823078,20260401,SLN,700669,Gordon Graceffo,0,2,0,0,0,0,0,0
823078,20260401,NYN,642547,Freddy Peralta,1,16,7,2,0,0,1,1
823078,20260401,NYN,623211,Huascar Brazobán,0,2,1,0,0,0,0,0
823078,20260401,NYN,548384,Brooks Raley,0,3,2,0,0,0,0,0
823078,20260401,NYN,596133,Luke Weaver,0,3,1,0,0,0,0,0
823078,20260401,NYN,642207,Devin Williams,0,3,1,1,0,0,0,0
823078,20260401,NYN,668964,Tobias Myers,0,5,1,1,0,0,1,0
823806,20260401,MIL,694819,Jacob Misiorowski,1,18,7,2,1,1,2,2
823806,20260401,MIL,681982,Grant Anderson,0,3,1,0,0,0,0,0
823806,20260401,MIL,676879,Aaron Ashby,0,3,0,1,0,0,0,0
823806,20260401,MIL,669084,DL Hall,0,3,3,0,1,0,0,0
823806,20260401,TBA,656876,Drew Rasmussen,1,15,8,1,0,1,2,1
823806,20260401,TBA,693855,Ian Seymour,0,6,2,0,0,0,0,0
823806,20260401,TBA,643377,Griffin Jax,0,0,0,1,0,0,5,3
823806,20260401,TBA,669438,Mason Englert,0,3,0,0,0,0,1,1
824211,20260401,HOU,681347,Mike Burrows,1,15,6,3,1,0,2,2
824211,20260401,HOU,805123,AJ Blubaugh,0,3,1,0,0,0,0,0
824211,20260401,HOU,687911,Bryan King,0,3,2,0,0,0,0,0
824211,20260401,HOU,678906,Kai-Wei Teng,0,3,1,0,0,1,1,1
824211,20260401,HOU,650556,Bryan Abreu,0,3,3,0,0,1,1,1
824211,20260401,BOS,676979,Garrett Crochet,1,15,7,0,2,1,5,4
824211,20260401,BOS,669711,Greg Weissert,0,3,1,0,0,0,0,0
824211,20260401,BOS,543056,Danny Coulombe,0,3,0,0,0,1,1,1
824211,20260401,BOS,676477,Garrett Whitlock,0,3,1,2,0,0,0,0
824698,20260401,CHN,571510,Matthew Boyd,1,17,10,2,0,0,2,1
824698,20260401,CHN,640451,Hunter Harvey,0,4,3,0,0,0,0,0
824698,20260401,CHN,573204,Caleb Thielbar,0,3,2,0,0,0,0,0
824698,20260401,CHN,694037,Daniel Palencia,0,3,1,0,0,0,0,0
824698,20260401,ANA,579328,Yusei Kikuchi,1,16,5,4,0,0,5,5
824698,20260401,ANA,666171,Ryan Zeferjahn,0,2,1,1,0,0,1,0
824698,20260401,ANA,608718,Brent Suter,0,6,4,0,0,0,0,0
825106,20260401,ARI,668678,Zac Gallen,1,18,2,0,0,0,0,0
825106,20260401,ARI,664199,Taylor Clarke,0,3,2,0,0,0,0,0
825106,20260401,ARI,666661,Juan Morillo,0,3,1,0,0,0,0,0
825106,20260401,ARI,642528,Jonathan Loáisiga,0,3,0,0,0,0,0,0
825106,20260401,DET,669373,Tarik Skubal,1,21,3,0,0,1,1,1
825106,20260401,DET,640448,Kyle Finnegan,0,3,0,2,0,0,0,0
823321,20260401,SDN,601713,Nick Pivetta,1,15,8,2,0,0,0,0
823321,20260401,SDN,669093,Jeremiah Estrada,0,3,2,0,0,0,0,0
823321,20260401,SDN,670970,Adrian Morejon,0,5,1,1,0,0,1,1
823321,20260401,SDN,695243,Mason Miller,0,4,3,0,0,0,0,0
823321,20260401,SFN,605288,Adrian Houser,1,16,4,1,0,0,3,1
823321,20260401,SFN,668873,Caleb Kilian,0,5,2,0,0,0,0,0
823321,20260401,SFN,676130,José Buttó,0,1,1,4,0,1,4,4
823321,20260401,SFN,621366,Ryan Borucki,0,2,0,0,0,0,0,0
823157,20260401,SEA,669923,George Kirby,1,18,6,3,0,1,4,4
823157,20260401,SEA,678606,José A. Ferrer,0,3,2,0,0,0,0,0
823157,20260401,SEA,681867,Cooper Criswell,0,6,1,0,0,1,1,1
823157,20260401,NYA,693645,Cam Schlittler,1,19,7,0,0,0,0,0
823157,20260401,NYA,518585,Fernando Cruz,0,2,1,0,0,0,0,0
823157,20260401,NYA,666808,Camilo Doval,0,2,1,1,0,0,2,2
823157,20260401,NYA,670280,David Bednar,0,4,1,0,0,0,1,1
824136,20260401,KCA,702070,Noah Cameron,1,15,5,1,0,0,1,1
824136,20260401,KCA,683232,Nick Mears,0,3,2,0,0,0,0,0
824136,20260401,KCA,663738,Daniel Lynch IV,0,3,2,3,0,0,3,1
824136,20260401,KCA,656638,Alex Lange,0,1,1,3,1,0,2,2
824136,20260401,KCA,674444,Steven Cruz,0,2,1,0,0,0,0,0
824136,20260401,KCA,663559,Bailey Falter,0,1,0,2,0,1,3,3
824136,20260401,KCA,668674,Lucas Erceg,0,2,0,0,0,0,0,0
824136,20260401,MIN,657746,Joe Ryan,1,12,3,0,1,0,5,5
824136,20260401,MIN,689520,Cody Laweryson,0,4,2,2,1,0,4,3
824136,20260401,MIN,687849,Zak Kent,0,5,2,3,0,2,4,1
824136,20260401,MIN,607455,Anthony Banda,0,3,1,0,0,0,0,0
823970,20260401,LAN,808967,Yoshinobu Yamamoto,1,18,2,1,1,1,2,2
823970,20260401,LAN,694361,Will Klein,0,5,1,2,0,0,1,1
823970,20260401,LAN,656945,Tanner Scott,0,1,1,0,0,1,1,1
823970,20260401,LAN,595014,Blake Treinen,0,3,1,0,0,0,0,0
823970,20260401,CLE,668909,Gavin Williams,1,21,10,3,0,0,0,0
823970,20260401,CLE,542888,Shawn Armstrong,0,2,1,0,0,0,0,0
823970,20260401,CLE,681870,Erik Sabrowski,0,1,1,0,0,0,0,0
823970,20260401,CLE,671922,Cade Smith,0,3,0,0,0,1,1,1
824133,20260402,KCA,666142,Cole Ragans,1,18,8,1,0,0,1,0
824133,20260402,KCA,621381,Matt Strahm,0,3,2,0,1,0,0,0
824133,20260402,KCA,670167,John Schreiber,0,3,1,2,0,0,1,1
824133,20260402,KCA,674444,Steven Cruz,0,3,1,0,0,3,3,3
824133,20260402,MIN,671737,Taj Bradley,1,18,3,1,0,0,0,0
824133,20260402,MIN,681892,Kody Funderburk,0,3,1,0,0,0,0,0
824133,20260402,MIN,663485,Cole Sands,0,2,0,0,0,0,1,1
824133,20260402,MIN,573124,Taylor Rogers,0,1,1,0,0,0,0,0
824133,20260402,MIN,623437,Justin Topa,0,3,1,1,0,0,0,0
825105,20260402,ARI,669194,Ryne Nelson,1,14,3,3,0,2,7,2
825105,20260402,ARI,656464,Kevin Ginkel,0,1,0,1,0,0,3,3
825105,20260402,ARI,605452,Joe Ross,0,6,1,3,0,1,2,2
825105,20260402,ARI,694851,Andrew Hoffmann,0,3,2,1,0,0,0,0
825105,20260402,ARI,543510,James McCann,0,3,0,0,0,1,5,5
825105,20260402,ATL,625643,Reynaldo López,1,15,3,1,0,1,1,1
825105,20260402,ATL,641755,Tyler Kinley,0,3,1,0,0,0,0,0
825105,20260402,ATL,674370,Osvaldo Bido,0,9,1,1,1,0,1,1
823242,20260402,SFN,592662,Robbie Ray,1,16,7,3,0,1,2,2
823242,20260402,SFN,676254,Ryan Walker,0,2,1,0,0,0,0,0
823242,20260402,SFN,694918,Blade Tidwell,0,9,2,0,0,0,0,0
823242,20260402,NYN,656849,David Peterson,1,13,5,2,0,0,6,5
823242,20260402,NYN,640455,Sean Manaea,0,11,2,2,0,1,1,1
824621,20260403,CHA,691799,Grant Taylor,1,3,1,0,0,0,0,0
824621,20260403,CHA,680732,Sean Burke,0,18,7,0,0,0,1,1
824621,20260403,CHA,673929,Jordan Leasure,0,3,1,1,0,1,2,2
824621,20260403,CHA,656794,Sean Newcomb,0,2,0,0,0,0,0,0
824621,20260403,CHA,622554,Seranthony Domínguez,0,4,2,0,0,0,1,0
824621,20260403,TOR,656302,Dylan Cease,1,13,6,3,0,0,3,2
824621,20260403,TOR,680755,Braydon Fisher,0,5,3,0,0,0,0,0
824621,20260403,TOR,663893,Brendon Little,0,3,1,0,0,0,0,0
824621,20260403,TOR,686973,Louis Varland,0,3,1,0,0,0,0,0
824621,20260403,TOR,643511,Tyler Rogers,0,3,0,1,0,0,0,0
824621,20260403,TOR,656546,Jeff Hoffman,0,2,1,0,0,0,2,0
822758,20260403,WAS,571945,Miles Mikolas,1,13,4,1,0,4,11,11
822758,20260403,WAS,681402,Gus Varland,0,2,1,1,0,0,0,0
822758,20260403,WAS,686610,Ken Waldichuk,0,6,3,1,1,1,1,1
822758,20260403,WAS,701552,Andre Granillo,0,6,0,2,0,0,1,1
822758,20260403,LAN,686218,Emmet Sheehan,1,17,2,3,0,1,4,4
822758,20260403,LAN,676263,Jack Dreyer,0,1,1,0,0,0,0,0
822758,20260403,LAN,595014,Blake Treinen,0,3,0,1,0,0,0,0
822758,20260403,LAN,683618,Edgardo Henriquez,0,3,1,1,0,0,2,2
822758,20260403,LAN,676508,Ben Casparius,0,3,1,0,0,0,0,0
824299,20260403,DET,664285,Framber Valdez,1,18,5,2,0,0,0,0
824299,20260403,DET,676684,Will Vest,0,3,2,0,0,0,0,0
824299,20260403,DET,640448,Kyle Finnegan,0,3,1,1,0,0,0,0
824299,20260403,DET,663947,Tyler Holton,0,3,1,0,0,0,0,0
824299,20260403,SLN,700241,Michael McGreevy,1,14,4,0,0,1,3,3
824299,20260403,SLN,677865,Justin Bruihl,0,2,0,0,0,0,0,0
824299,20260403,SLN,666277,George Soriano,0,2,0,0,1,0,1,1
824299,20260403,SLN,700669,Gordon Graceffo,0,3,0,2,0,0,0,0
824299,20260403,SLN,688297,Chris Roycroft,0,3,1,0,0,0,0,0
823568,20260403,NYA,701542,Will Warren,1,17,6,0,0,2,2,2
823568,20260403,NYA,657612,Tim Hill,0,1,0,0,0,0,0,0
823568,20260403,NYA,656234,Jake Bird,0,3,2,0,0,0,0,0
823568,20260403,NYA,687396,Brent Headrick,0,3,2,0,0,0,0,0
823568,20260403,NYA,642232,Ryan Yarbrough,0,3,0,0,1,0,0,0
823568,20260403,MIA,691587,Eury Pérez,1,12,4,6,1,1,4,4
823568,20260403,MIA,663969,Tyler Phillips,0,6,3,2,0,0,1,0
823568,20260403,MIA,656848,Michael Petersen,0,3,1,1,0,1,1,1
823568,20260403,MIA,669199,Lake Bachar,0,3,2,2,0,0,2,2
824786,20260403,BOS,543243,Sonny Gray,1,18,3,0,0,0,2,2
824786,20260403,BOS,669711,Greg Weissert,0,3,1,0,0,0,0,0
824786,20260403,BOS,686580,Justin Slaten,0,3,1,0,0,0,0,0
824786,20260403,BOS,547973,Aroldis Chapman,0,3,1,1,0,0,0,0
824786,20260403,SDN,650633,Michael King,1,17,5,1,0,1,4,4
824786,20260403,SDN,593974,Wandy Peralta,0,4,2,0,0,1,1,1
824786,20260403,SDN,676760,Ron Marinaccio,0,3,1,0,0,0,0,0
824621,20260403,CHA,691799,Grant Taylor,1,3,1,0,0,0,0,0
824621,20260403,CHA,680732,Sean Burke,0,18,7,0,0,0,1,1
824621,20260403,CHA,673929,Jordan Leasure,0,3,1,1,0,1,2,2
824621,20260403,CHA,656794,Sean Newcomb,0,2,0,0,0,0,0,0
824621,20260403,CHA,622554,Seranthony Domínguez,0,4,2,0,0,0,1,0
824621,20260403,TOR,656302,Dylan Cease,1,13,6,3,0,0,3,2
824621,20260403,TOR,680755,Braydon Fisher,0,5,3,0,0,0,0,0
824621,20260403,TOR,663893,Brendon Little,0,3,1,0,0,0,0,0
824621,20260403,TOR,686973,Louis Varland,0,3,1,0,0,0,0,0
824621,20260403,TOR,643511,Tyler Rogers,0,3,0,1,0,0,0,0
824621,20260403,TOR,656546,Jeff Hoffman,0,2,1,0,0,0,2,0
822919,20260403,TEX,669022,MacKenzie Gore,1,18,9,0,0,2,3,3
822919,20260403,TEX,668390,Cole Winn,0,3,1,0,0,0,0,0
822919,20260403,TEX,596001,Jakob Junis,0,3,1,0,0,0,0,0
822919,20260403,TEX,455119,Chris Martin,0,3,0,0,0,1,2,2
822919,20260403,CIN,663903,Brady Singer,1,15,5,1,0,0,2,2
822919,20260403,CIN,594580,Sam Moll,0,3,1,1,0,0,0,0
822919,20260403,CIN,668933,Graham Ashcraft,0,3,2,0,0,0,1,1
822919,20260403,CIN,663574,Tony Santillan,0,3,0,0,0,0,0,0
822919,20260403,CIN,641941,Emilio Pagán,0,3,1,0,0,0,0,0
824458,20260403,CLE,676282,Joey Cantillo,1,16,6,2,0,0,1,1
824458,20260403,CLE,670036,Matt Festa,0,2,0,0,0,0,0,0
824458,20260403,CLE,641401,Connor Brogdon,0,3,0,0,0,0,0,0
824458,20260403,CLE,542888,Shawn Armstrong,0,3,1,0,0,0,0,0
824458,20260403,CLE,671922,Cade Smith,0,3,3,0,0,0,0,0
824458,20260403,CHN,690990,Cade Horton,1,3,0,1,0,0,0,0
824458,20260403,CHN,607067,Colin Rea,0,10,4,1,0,0,1,1
824458,20260403,CHN,571948,Hoby Milner,0,5,0,0,0,0,0,0
824458,20260403,CHN,640451,Hunter Harvey,0,2,0,1,0,2,3,3
824458,20260403,CHN,657097,Jacob Webb,0,4,1,1,0,0,0,0
823732,20260403,MIN,641927,Bailey Ober,1,12,4,2,0,0,3,3
823732,20260403,MIN,679358,Eric Orze,0,6,0,1,0,0,0,0
823732,20260403,MIN,623437,Justin Topa,0,2,2,0,0,0,0,0
823732,20260403,MIN,681892,Kody Funderburk,0,1,0,0,0,0,0,0
823732,20260403,MIN,607455,Anthony Banda,0,3,0,0,1,0,1,1
823732,20260403,MIN,689520,Cody Laweryson,0,3,1,0,0,0,0,0
823732,20260403,TBA,671212,Joe Boyle,1,16,9,3,0,0,3,2
823732,20260403,TBA,685801,Hunter Bigge,0,2,1,1,0,0,0,0
823732,20260403,TBA,687330,Kevin Kelly,0,1,1,2,1,0,6,5
823732,20260403,TBA,672782,Yoendrys Gómez,0,5,1,0,0,1,1,1
824377,20260403,COL,547179,Michael Lorenzen,1,9,2,2,0,2,9,9
824377,20260403,COL,678368,Valente Bellozo,0,18,7,1,0,1,1,1
824377,20260403,PHI,605400,Aaron Nola,1,19,9,1,0,0,1,1
824377,20260403,PHI,679775,Kyle Backhus,0,2,1,0,0,0,0,0
824377,20260403,PHI,641835,Tim Mayza,0,3,2,0,0,0,0,0
824377,20260403,PHI,647315,Zach Pop,0,3,3,1,0,0,0,0
823406,20260403,PIT,656605,Mitch Keller,1,18,4,4,0,0,2,2
823406,20260403,PIT,670990,Yohan Ramírez,0,1,0,1,0,0,1,1
823406,20260403,PIT,682254,Mason Montgomery,0,2,1,0,0,0,0,0
823406,20260403,PIT,642701,Dennis Santana,0,3,1,0,0,0,0,0
823406,20260403,PIT,642397,Gregory Soto,0,3,3,0,0,1,1,1
823406,20260403,BAL,680694,Kyle Bradish,1,12,6,3,0,0,4,4
823406,20260403,BAL,608650,Dietrich Enns,0,3,2,3,0,0,1,1
823406,20260403,BAL,669330,Tyler Wells,0,6,2,0,0,0,0,0
823406,20260403,BAL,670329,Rico Garcia,0,3,0,0,0,0,0,0
824056,20260403,ANA,672282,Reid Detmers,1,20,4,4,0,0,0,0
824056,20260403,ANA,681217,Chase Silseth,0,1,1,0,0,0,0,0
824056,20260403,ANA,519141,Drew Pomeranz,0,3,0,1,0,0,0,0
824056,20260403,ANA,605447,Jordan Romano,0,3,2,0,0,0,0,0
824056,20260403,ANA,608718,Brent Suter,0,3,0,1,0,0,3,2
824056,20260403,SEA,693433,Bryan Woo,1,21,6,1,1,0,0,0
824056,20260403,SEA,666374,Matt Brash,0,3,2,0,0,0,0,0
824056,20260403,SEA,662253,Andrés Muñoz,0,3,3,0,0,0,0,0
824056,20260403,SEA,642100,Gabe Speier,0,3,1,0,0,0,1,0
825026,20260403,ATH,605488,Jeffrey Springs,1,18,7,1,0,0,1,1
825026,20260403,ATH,547184,Michael Kelly,0,3,2,3,0,0,1,1
825026,20260403,ATH,669372,J.T. Ginn,0,6,1,1,0,0,2,2
825026,20260403,HOU,664299,Cristian Javier,1,11,2,5,0,0,6,6
825026,20260403,HOU,682610,Roddery Muñoz,0,4,2,2,0,2,5,5
825026,20260403,HOU,680802,Ryan Weiss,0,9,2,0,0,0,0,0
825103,20260403,ARI,593958,Eduardo Rodriguez,1,21,3,1,0,0,0,0
825103,20260403,ARI,666661,Juan Morillo,0,3,1,0,0,0,0,0
825103,20260403,ARI,623149,Paul Sewald,0,2,1,0,0,2,2,2
825103,20260403,ARI,657044,Ryan Thompson,0,1,0,0,0,0,0,0
825103,20260403,ATL,656550,Grant Holmes,1,18,4,3,0,0,0,0
825103,20260403,ATL,669276,Dylan Lee,0,3,1,0,0,0,0,0
825103,20260403,ATL,663158,Robert Suarez,0,3,0,0,0,0,0,0
825103,20260403,ATL,628452,Raisel Iglesias,0,3,0,0,0,0,0,0
823240,20260403,SFN,641816,Tyler Mahle,1,15,4,2,0,2,5,5
823240,20260403,SFN,664141,JT Brubaker,0,4,2,2,0,1,3,3
823240,20260403,SFN,657424,Matt Gage,0,5,2,1,0,0,0,0
823240,20260403,SFN,669062,Erik Miller,0,2,1,1,0,0,2,2
823240,20260403,SFN,668873,Caleb Kilian,0,1,1,0,0,0,0,0
823240,20260403,NYN,690997,Nolan McLean,1,16,4,2,0,0,2,1
823240,20260403,NYN,548384,Brooks Raley,0,2,1,0,0,0,0,0
823240,20260403,NYN,623211,Huascar Brazobán,0,3,1,0,0,0,0,0
823240,20260403,NYN,663992,Richard Lovelady,0,3,1,1,0,0,1,1
823240,20260403,NYN,472610,Luis García,0,3,1,0,0,0,0,0
824134,20260404,KCA,607625,Seth Lugo,1,15,7,2,0,0,2,2
824134,20260404,KCA,683232,Nick Mears,0,3,0,0,0,0,0,0
824134,20260404,KCA,669212,Eli Morgan,0,9,5,1,0,0,0,0
824134,20260404,MIL,701656,Logan Henderson,1,6,3,1,0,0,2,2
824134,20260404,MIL,687075,Brandon Sproat,0,11,4,3,0,1,4,4
824134,20260404,MIL,657649,Jared Koenig,0,1,0,2,0,0,2,0
824134,20260404,MIL,669084,DL Hall,0,6,2,1,0,0,0,0
824295,20260404,DET,656427,Jack Flaherty,1,12,6,4,3,0,5,5
824295,20260404,DET,623454,Drew Anderson,0,3,1,0,1,1,1,1
824295,20260404,DET,676428,Brant Hurter,0,3,0,1,0,0,0,0
824295,20260404,DET,676684,Will Vest,0,3,1,0,0,0,0,0
824295,20260404,DET,663947,Tyler Holton,0,3,0,0,1,0,0,0
824295,20260404,DET,445276,Kenley Jansen,0,1,1,1,0,0,0,0
824295,20260404,SLN,669160,Dustin May,1,10,4,2,1,2,7,7
824295,20260404,SLN,677865,Justin Bruihl,0,4,1,1,0,0,1,1
824295,20260404,SLN,694335,Matt Svanson,0,7,1,1,0,1,1,1
824295,20260404,SLN,688297,Chris Roycroft,0,3,2,2,0,1,2,2
824622,20260404,CHA,691799,Grant Taylor,1,3,1,0,0,0,0,0
824622,20260404,CHA,641743,Anthony Kay,0,13,0,2,0,1,2,2
824622,20260404,CHA,669684,Chris Murphy,0,3,0,0,0,0,1,1
824622,20260404,CHA,663855,Jordan Hicks,0,4,0,1,0,0,0,0
824622,20260404,CHA,656794,Sean Newcomb,0,1,0,1,0,0,0,0
824622,20260404,CHA,622554,Seranthony Domínguez,0,3,1,1,0,0,0,0
824622,20260404,TOR,689254,Mason Fluharty,1,3,0,1,0,0,1,1
824622,20260404,TOR,681751,Lazaro Estrada,0,12,3,2,0,0,0,0
824622,20260404,TOR,663893,Brendon Little,0,1,1,0,0,2,3,3
824622,20260404,TOR,667297,Tommy Nance,0,5,1,0,0,0,0,0
824622,20260404,TOR,680755,Braydon Fisher,0,3,1,1,0,0,2,0
824132,20260404,KCA,679883,Luinder Avila,1,9,4,3,0,1,5,5
824132,20260404,KCA,663738,Daniel Lynch IV,0,6,3,0,0,0,0,0
824132,20260404,KCA,656638,Alex Lange,0,6,4,1,0,0,0,0
824132,20260404,KCA,670167,John Schreiber,0,3,0,2,0,0,0,0
824132,20260404,KCA,674444,Steven Cruz,0,3,1,0,0,0,0,0
824132,20260404,MIL,694477,Chad Patrick,1,15,3,3,0,0,0,0
824132,20260404,MIL,676879,Aaron Ashby,0,5,3,1,0,0,2,2
824132,20260404,MIL,682842,Abner Uribe,0,4,1,0,0,0,0,0
824132,20260404,MIL,656730,Trevor Megill,0,3,2,2,0,0,0,0
824134,20260404,KCA,607625,Seth Lugo,1,15,7,2,0,0,2,2
824134,20260404,KCA,683232,Nick Mears,0,3,0,0,0,0,0,0
824134,20260404,KCA,669212,Eli Morgan,0,9,5,1,0,0,0,0
824134,20260404,MIL,701656,Logan Henderson,1,6,3,1,0,0,2,2
824134,20260404,MIL,687075,Brandon Sproat,0,11,4,3,0,1,4,4
824134,20260404,MIL,657649,Jared Koenig,0,1,0,2,0,0,2,0
824134,20260404,MIL,669084,DL Hall,0,6,2,1,0,0,0,0
822757,20260404,WAS,663623,Jake Irvin,1,12,4,2,0,0,6,6
822757,20260404,WAS,695418,Brad Lord,0,6,0,1,0,1,3,3
822757,20260404,WAS,681402,Gus Varland,0,3,2,0,0,0,1,1
822757,20260404,WAS,669371,Cole Henry,0,6,2,0,0,0,0,0
822757,20260404,LAN,607192,Tyler Glasnow,1,18,9,2,0,0,2,2
822757,20260404,LAN,656945,Tanner Scott,0,3,1,0,0,0,0,0
822757,20260404,LAN,676508,Ben Casparius,0,3,1,0,0,1,2,2
822757,20260404,LAN,683618,Edgardo Henriquez,0,3,0,0,1,0,1,1
825027,20260404,ATH,806960,Luis Morales,1,9,0,6,1,1,5,5
825027,20260404,ATH,665660,Elvis Alvarado,0,6,0,2,0,0,2,2
825027,20260404,ATH,663687,Hogan Harris,0,3,1,2,0,0,3,3
825027,20260404,ATH,665622,Luis Medina,0,6,4,2,0,1,1,1
825027,20260404,ATH,547184,Michael Kelly,0,3,0,1,0,0,0,0
825027,20260404,HOU,837227,Tatsuya Imai,1,17,9,3,0,0,0,0
825027,20260404,HOU,678906,Kai-Wei Teng,0,7,3,0,0,0,0,0
825027,20260404,HOU,595345,Steven Okert,0,3,1,0,0,0,0,0
823404,20260404,PIT,669387,Carmen Mlodzinski,1,14,5,3,0,0,2,2
823404,20260404,PIT,682995,Hunter Barco,0,7,1,3,0,0,0,0
823404,20260404,PIT,676755,Isaac Mattson,0,3,1,1,0,0,0,0
823404,20260404,PIT,642701,Dennis Santana,0,3,1,0,0,0,0,0
823404,20260404,BAL,669358,Shane Baz,1,17,5,3,1,0,1,1
823404,20260404,BAL,670329,Rico Garcia,0,1,0,1,0,0,0,0
823404,20260404,BAL,664991,Grant Wolfram,0,3,2,0,0,0,0,0
823404,20260404,BAL,689296,Anthony Nunez,0,3,0,1,0,0,1,0
823404,20260404,BAL,664854,Ryan Helsley,0,1,0,1,0,0,1,1
824782,20260404,BOS,813349,Connelly Early,1,12,4,4,0,0,2,2
824782,20260404,BOS,670245,Ryan Watson,0,4,1,1,0,0,0,0
824782,20260404,BOS,543056,Danny Coulombe,0,2,1,0,0,0,0,0
824782,20260404,BOS,686580,Justin Slaten,0,3,1,0,0,0,0,0
824782,20260404,BOS,677161,Zack Kelly,0,3,1,0,0,0,0,0
824782,20260404,BOS,547973,Aroldis Chapman,0,3,1,0,0,0,1,1
824782,20260404,SDN,681190,Randy Vásquez,1,18,3,1,0,0,1,1
824782,20260404,SDN,669093,Jeremiah Estrada,0,3,0,0,0,0,0,0
824782,20260404,SDN,670970,Adrian Morejon,0,3,2,0,0,0,1,1
824782,20260404,SDN,695243,Mason Miller,0,3,3,0,0,0,0,0
822920,20260404,TEX,677958,Kumar Rocker,1,15,3,1,0,0,2,2
822920,20260404,TEX,656222,Jalen Beeks,0,3,0,0,0,0,0,0
822920,20260404,TEX,656641,Jacob Latz,0,3,2,0,0,0,0,0
822920,20260404,TEX,691945,Carter Baumler,0,3,1,0,0,0,0,0
822920,20260404,TEX,641302,Tyler Alexander,0,3,1,0,0,0,0,0
822920,20260404,CIN,695076,Rhett Lowder,1,18,4,2,0,0,0,0
822920,20260404,CIN,668933,Graham Ashcraft,0,3,1,1,0,0,0,0
822920,20260404,CIN,663574,Tony Santillan,0,3,1,0,0,0,0,0
822920,20260404,CIN,641941,Emilio Pagán,0,3,1,2,0,0,0,0
823569,20260404,NYA,677960,Ryan Weathers,1,11,4,3,0,0,3,3
823569,20260404,NYA,621112,Paul Blackburn,0,5,2,0,0,0,1,0
823569,20260404,NYA,657612,Tim Hill,0,3,0,0,0,0,0,0
823569,20260404,NYA,518585,Fernando Cruz,0,2,1,0,0,0,0,0
823569,20260404,NYA,666808,Camilo Doval,0,1,1,0,0,0,2,2
823569,20260404,NYA,687396,Brent Headrick,0,2,0,1,0,0,0,0
823569,20260404,NYA,670280,David Bednar,0,3,2,1,0,0,1,1
823569,20260404,MIA,676974,Max Meyer,1,14,6,3,0,1,2,2
823569,20260404,MIA,677053,Andrew Nardi,0,1,1,3,0,0,1,1
823569,20260404,MIA,669622,Anthony Bender,0,1,1,0,1,0,2,2
823569,20260404,MIA,667463,John King,0,2,1,0,0,0,0,0
823569,20260404,MIA,676534,Calvin Faucher,0,3,2,1,0,0,1,0
823569,20260404,MIA,656848,Michael Petersen,0,3,0,3,0,0,3,2
823730,20260404,MIN,690953,Mick Abel,1,12,3,3,2,0,4,4
823730,20260404,MIN,573124,Taylor Rogers,0,3,0,0,0,0,2,2
823730,20260404,MIN,607455,Anthony Banda,0,3,1,0,1,0,0,0
823730,20260404,MIN,687849,Zak Kent,0,6,0,2,0,0,1,1
823730,20260404,MIN,689520,Cody Laweryson,0,3,1,0,0,0,0,0
823730,20260404,TBA,571927,Steven Matz,1,18,8,2,0,0,1,1
823730,20260404,TBA,642121,Cole Sulser,0,6,3,2,0,0,0,0
823730,20260404,TBA,669438,Mason Englert,0,3,1,0,0,0,0,0
825104,20260404,ARI,647336,Michael Soroka,1,15,3,3,1,0,1,1
825104,20260404,ARI,664199,Taylor Clarke,0,3,1,0,0,0,0,0
825104,20260404,ARI,642528,Jonathan Loáisiga,0,3,0,0,0,0,0,0
825104,20260404,ARI,666661,Juan Morillo,0,3,1,0,0,0,0,0
825104,20260404,ARI,623149,Paul Sewald,0,3,2,0,0,0,0,0
825104,20260404,ATL,693821,Bryce Elder,1,21,8,1,0,0,2,0
825104,20260404,ATL,641755,Tyler Kinley,0,3,1,0,0,0,0,0
824378,20260404,COL,657514,Brennan Bernardino,1,2,0,2,0,0,1,1
824378,20260404,COL,623474,Jimmy Herget,0,4,2,0,0,0,0,0
824378,20260404,COL,801403,Chase Dollander,0,13,6,1,0,0,1,1
824378,20260404,COL,677955,Jaden Hill,0,2,1,1,0,0,0,0
824378,20260404,COL,675848,Juan Mejia,0,3,1,0,0,0,0,0
824378,20260404,COL,680767,Victor Vodnik,0,3,0,0,0,0,0,0
824378,20260404,PHI,666200,Jesús Luzardo,1,20,11,0,0,0,1,1
824378,20260404,PHI,621237,José Alvarado,0,1,1,1,0,0,0,0
824378,20260404,PHI,641745,Brad Keller,0,3,0,0,0,0,0,0
824378,20260404,PHI,661395,Jhoan Duran,0,3,1,0,0,0,0,0
823239,20260404,SFN,694738,Landen Roupp,1,14,7,1,0,0,7,5
823239,20260404,SFN,621366,Ryan Borucki,0,4,1,0,0,1,1,1
823239,20260404,SFN,676775,Keaton Winn,0,3,1,1,0,0,1,1
823239,20260404,SFN,668873,Caleb Kilian,0,3,1,0,0,0,0,0
823239,20260404,SFN,683766,Christian Koss,0,3,0,0,0,0,0,0
823239,20260404,NYN,605280,Clay Holmes,1,21,4,2,0,0,0,0
823239,20260404,NYN,668964,Tobias Myers,0,6,1,0,0,0,0,0
824054,20260404,ANA,686799,Jack Kochanowicz,1,17,7,2,0,0,0,0
824054,20260404,ANA,664192,Joey Lucchesi,0,1,0,1,1,0,0,0
824054,20260404,ANA,681217,Chase Silseth,0,3,2,0,0,0,0,0
824054,20260404,ANA,696147,Sam Bachman,0,2,0,0,0,0,0,0
824054,20260404,ANA,519141,Drew Pomeranz,0,1,0,0,0,0,0,0
824054,20260404,ANA,605447,Jordan Romano,0,3,1,0,0,0,0,0
824054,20260404,SEA,676106,Emerson Hancock,1,20,5,0,0,1,1,1
824054,20260404,SEA,660825,Eduard Bazardo,0,4,2,0,0,0,0,0
824460,20260405,CLE,800048,Parker Messick,1,15,6,3,0,1,1,1
824460,20260405,CLE,670036,Matt Festa,0,3,1,0,0,1,2,2
824460,20260405,CLE,681870,Erik Sabrowski,0,2,1,0,0,0,0,0
824460,20260405,CLE,542888,Shawn Armstrong,0,4,2,1,0,1,1,1
824460,20260405,CLE,671922,Cade Smith,0,3,2,2,0,0,1,1
824460,20260405,CHN,684007,Shota Imanaga,1,15,4,1,0,0,1,1
824460,20260405,CHN,676962,Ben Brown,0,6,0,2,0,0,2,2
824460,20260405,CHN,657097,Jacob Webb,0,1,0,1,0,1,3,3
824460,20260405,CHN,681799,Ethan Roberts,0,2,0,0,0,0,0,0
824459,20260405,CLE,677944,Slade Cecconi,1,18,6,1,1,0,0,0
824459,20260405,CLE,682120,Tim Herrin,0,3,2,0,0,0,0,0
824459,20260405,CLE,641401,Connor Brogdon,0,3,0,1,0,0,1,1
824459,20260405,CLE,688883,Peyton Pallette,0,3,2,0,1,0,0,0
824459,20260405,CHN,665795,Edward Cabrera,1,17,4,5,0,0,0,0
824459,20260405,CHN,573204,Caleb Thielbar,0,4,0,1,0,0,0,0
824459,20260405,CHN,571948,Hoby Milner,0,3,0,0,1,0,0,0
824459,20260405,CHN,694037,Daniel Palencia,0,3,1,0,0,0,0,0
824460,20260405,CLE,800048,Parker Messick,1,15,6,3,0,1,1,1
824460,20260405,CLE,670036,Matt Festa,0,3,1,0,0,1,2,2
824460,20260405,CLE,681870,Erik Sabrowski,0,2,1,0,0,0,0,0
824460,20260405,CLE,542888,Shawn Armstrong,0,4,2,1,0,1,1,1
824460,20260405,CLE,671922,Cade Smith,0,3,2,2,0,0,1,1
824460,20260405,CHN,684007,Shota Imanaga,1,15,4,1,0,0,1,1
824460,20260405,CHN,676962,Ben Brown,0,6,0,2,0,0,2,2
824460,20260405,CHN,657097,Jacob Webb,0,1,0,1,0,1,3,3
824460,20260405,CHN,681799,Ethan Roberts,0,2,0,0,0,0,0,0
822756,20260405,WAS,656492,Foster Griffin,1,15,6,3,0,1,1,1
822756,20260405,WAS,676571,PJ Poulin,0,6,2,0,0,1,2,2
822756,20260405,WAS,672335,Cionel Pérez,0,0,0,2,0,0,4,4
822756,20260405,WAS,690925,Clayton Beeter,0,5,2,0,0,1,1,1
822756,20260405,WAS,701552,Andre Granillo,0,1,0,0,0,0,0,0
822756,20260405,LAN,808963,Roki Sasaki,1,15,5,3,0,2,6,6
822756,20260405,LAN,681911,Alex Vesia,0,3,0,1,0,0,0,0
822756,20260405,LAN,676263,Jack Dreyer,0,3,1,1,0,0,0,0
822756,20260405,LAN,656945,Tanner Scott,0,3,1,0,0,0,0,0
822756,20260405,LAN,621242,Edwin Díaz,0,3,1,0,0,0,0,0
823405,20260405,PIT,677952,Braxton Ashcraft,1,18,8,0,0,0,1,1
823405,20260405,PIT,682254,Mason Montgomery,0,3,3,0,0,0,1,1
823405,20260405,PIT,664353,José Urquidy,0,6,3,0,0,0,0,0
823405,20260405,BAL,605135,Chris Bassitt,1,6,0,2,2,1,6,6
823405,20260405,BAL,700249,Cade Povich,0,17,2,3,0,1,2,2
823405,20260405,BAL,666974,Yennier Cano,0,1,1,0,0,0,0,0
824781,20260405,BOS,624133,Ranger Suarez,1,12,2,2,0,0,4,4
824781,20260405,BOS,669711,Greg Weissert,0,3,3,0,0,1,2,2
824781,20260405,BOS,700413,Tyler Uberstine,0,8,2,1,0,1,1,1
824781,20260405,BOS,543056,Danny Coulombe,0,1,0,0,0,0,0,0
824781,20260405,BOS,677161,Zack Kelly,0,3,0,0,0,0,1,1
824781,20260405,SDN,621111,Walker Buehler,1,8,4,3,0,0,4,4
824781,20260405,SDN,606996,Kyle Hart,0,7,0,1,0,0,0,0
824781,20260405,SDN,699134,Bradgley Rodriguez,0,5,2,0,0,0,1,1
824781,20260405,SDN,593974,Wandy Peralta,0,1,0,0,0,0,1,1
824781,20260405,SDN,669093,Jeremiah Estrada,0,3,1,0,0,0,0,0
824781,20260405,SDN,695243,Mason Miller,0,3,3,0,0,0,0,0
823566,20260405,NYA,608331,Max Fried,1,20,4,3,0,0,3,3
823566,20260405,NYA,518585,Fernando Cruz,0,2,2,1,0,0,1,1
823566,20260405,NYA,656234,Jake Bird,0,0,0,1,1,0,3,3
823566,20260405,NYA,642232,Ryan Yarbrough,0,5,3,0,0,0,0,0
823566,20260405,MIA,664126,Pete Fairbanks,1,3,1,1,0,1,3,3
823566,20260405,MIA,677053,Andrew Nardi,0,3,1,0,0,0,0,0
823566,20260405,MIA,663978,Chris Paddack,0,14,4,4,0,0,1,0
823566,20260405,MIA,667463,John King,0,1,0,0,0,0,0,0
823566,20260405,MIA,676534,Calvin Faucher,0,3,1,1,0,0,0,0
823566,20260405,MIA,669622,Anthony Bender,0,3,2,3,0,0,2,2
823729,20260405,MIN,680573,Simeon Woods Richardson,1,20,4,2,0,1,1,1
823729,20260405,MIN,681892,Kody Funderburk,0,1,0,0,0,0,0,0
823729,20260405,MIN,663485,Cole Sands,0,6,1,0,0,0,0,0
823729,20260405,MIN,623437,Justin Topa,0,1,0,1,0,1,3,2
823729,20260405,MIN,573124,Taylor Rogers,0,2,0,2,0,0,0,0
823729,20260405,TBA,607259,Nick Martinez,1,18,4,1,0,1,1,1
823729,20260405,TBA,643377,Griffin Jax,0,6,0,1,0,0,0,0
823729,20260405,TBA,641329,Bryan Baker,0,3,2,0,0,0,0,0
823729,20260405,TBA,687330,Kevin Kelly,0,3,1,0,0,0,0,0
824620,20260405,CHA,663436,Davis Martin,1,18,6,2,0,0,0,0
824620,20260405,CHA,663542,Bryan Hudson,0,2,1,0,0,0,0,0
824620,20260405,CHA,673929,Jordan Leasure,0,4,1,0,0,0,0,0
824620,20260405,CHA,669684,Chris Murphy,0,3,1,1,0,0,0,0
824620,20260405,TOR,641778,Eric Lauer,1,6,0,3,0,0,2,2
824620,20260405,TOR,608723,Austin Voth,0,8,1,1,0,0,1,1
824620,20260405,TOR,573009,Joe Mantiply,0,4,3,0,0,0,0,0
824620,20260405,TOR,693686,Spencer Miles,0,6,2,0,0,0,0,0
824131,20260405,KCA,663460,Kris Bubic,1,15,8,3,0,1,4,4
824131,20260405,KCA,683232,Nick Mears,0,3,0,1,0,0,0,0
824131,20260405,KCA,621381,Matt Strahm,0,3,1,1,0,0,2,2
824131,20260405,KCA,674444,Steven Cruz,0,3,1,2,0,0,0,0
824131,20260405,KCA,668674,Lucas Erceg,0,3,1,1,0,0,2,2
824131,20260405,MIL,690986,Kyle Harrison,1,16,6,2,1,1,2,2
824131,20260405,MIL,681982,Grant Anderson,0,2,1,1,0,0,2,2
824131,20260405,MIL,682842,Abner Uribe,0,1,1,0,0,0,1,1
824131,20260405,MIL,672582,Angel Zerpa,0,5,1,1,0,0,0,0
824131,20260405,MIL,656730,Trevor Megill,0,3,0,0,0,0,0,0
822917,20260405,TEX,683004,Jack Leiter,1,15,9,1,0,0,1,1
822917,20260405,TEX,656641,Jacob Latz,0,3,1,1,0,0,0,0
822917,20260405,TEX,668390,Cole Winn,0,3,1,0,0,0,0,0
822917,20260405,TEX,676395,Robert Garcia,0,1,0,2,0,0,1,1
822917,20260405,TEX,455119,Chris Martin,0,4,1,0,0,0,0,0
822917,20260405,TEX,656222,Jalen Beeks,0,1,0,0,0,0,0,0
822917,20260405,CIN,695505,Chase Burns,1,18,9,1,0,1,1,1
822917,20260405,CIN,572955,Pierce Johnson,0,2,1,1,0,0,0,0
822917,20260405,CIN,594580,Sam Moll,0,1,1,0,0,0,0,0
822917,20260405,CIN,683175,Connor Phillips,0,3,1,1,0,0,0,0
822917,20260405,CIN,656271,Brock Burke,0,3,3,0,0,0,0,0
824379,20260405,COL,608372,Tomoyuki Sugano,1,18,5,1,0,1,1,1
824379,20260405,COL,677955,Jaden Hill,0,3,0,0,0,0,0,0
824379,20260405,COL,657514,Brennan Bernardino,0,3,2,0,0,0,0,0
824379,20260405,COL,680767,Victor Vodnik,0,3,3,0,0,0,0,0
824379,20260405,PHI,592836,Taijuan Walker,1,15,4,2,0,3,4,4
824379,20260405,PHI,641835,Tim Mayza,0,3,1,0,0,0,0,0
824379,20260405,PHI,621383,Tanner Banks,0,3,1,0,0,0,0,0
824379,20260405,PHI,679775,Kyle Backhus,0,3,2,0,0,0,0,0
825025,20260405,ATH,682052,Jacob Lopez,1,13,6,5,0,1,3,3
825025,20260405,ATH,686993,Justin Sterner,0,4,1,1,0,0,0,0
825025,20260405,ATH,669372,J.T. Ginn,0,4,1,0,0,1,2,2
825025,20260405,ATH,605130,Scott Barlow,0,0,0,2,0,1,4,4
825025,20260405,ATH,643410,Mark Leiter Jr.,0,3,0,1,0,0,0,0
825025,20260405,ATH,663687,Hogan Harris,0,4,2,2,0,0,1,0
825025,20260405,ATH,665660,Elvis Alvarado,0,2,1,0,0,0,0,0
825025,20260405,HOU,621121,Lance McCullers Jr.,1,12,4,3,0,0,3,3
825025,20260405,HOU,595345,Steven Okert,0,1,0,1,0,0,2,2
825025,20260405,HOU,805123,AJ Blubaugh,0,6,1,2,0,1,4,4
825025,20260405,HOU,685005,Christian Roa,0,2,0,1,0,0,0,0
825025,20260405,HOU,687911,Bryan King,0,5,1,1,0,0,0,0
825025,20260405,HOU,650556,Bryan Abreu,0,1,0,1,0,1,3,2
823238,20260405,SFN,657277,Logan Webb,1,21,3,1,0,0,1,1
823238,20260405,SFN,676775,Keaton Winn,0,1,0,0,0,0,2,2
823238,20260405,SFN,669062,Erik Miller,0,2,2,0,0,0,2,2
823238,20260405,SFN,664141,JT Brubaker,0,3,0,1,0,0,0,0
823238,20260405,NYN,673540,Kodai Senga,1,17,7,2,0,0,2,2
823238,20260405,NYN,623211,Huascar Brazobán,0,4,0,0,0,0,0,0
823238,20260405,NYN,596133,Luke Weaver,0,3,0,0,0,0,0,0
823238,20260405,NYN,642207,Devin Williams,0,3,1,0,0,0,0,0
824053,20260405,ANA,691946,George Klassen,1,8,4,5,0,0,2,2
824053,20260405,ANA,666171,Ryan Zeferjahn,0,6,5,1,1,0,2,2
824053,20260405,ANA,608718,Brent Suter,0,7,3,1,0,1,1,1
824053,20260405,ANA,696147,Sam Bachman,0,6,2,0,0,0,1,1
824053,20260405,ANA,641312,Shaun Anderson,0,6,1,1,1,0,1,0
824053,20260405,SEA,622491,Luis Castillo,1,11,4,1,1,0,4,3
824053,20260405,SEA,678606,José A. Ferrer,0,3,1,0,0,0,2,2
824053,20260405,SEA,677961,Cole Wilcox,0,4,2,1,0,0,0,0
824053,20260405,SEA,668984,Casey Legumina,0,6,0,0,1,0,0,0
824053,20260405,SEA,662253,Andrés Muñoz,0,3,1,0,0,0,0,0
824053,20260405,SEA,666374,Matt Brash,0,3,1,0,0,0,1,0
824053,20260405,SEA,642100,Gabe Speier,0,2,0,1,0,0,1,0
825102,20260405,ARI,694297,Brandon Pfaadt,1,14,2,2,0,1,3,3
825102,20260405,ARI,664199,Taylor Clarke,0,4,1,0,0,0,0,0
825102,20260405,ARI,657044,Ryan Thompson,0,3,1,1,0,0,1,0
825102,20260405,ARI,656464,Kevin Ginkel,0,3,1,0,0,0,0,0
825102,20260405,ARI,642528,Jonathan Loáisiga,0,3,1,0,0,0,1,1
825102,20260405,ARI,688497,Taylor Rashi,0,3,0,0,0,0,0,0
825102,20260405,ATL,527048,Martín Pérez,1,15,1,1,0,0,4,4
825102,20260405,ATL,641755,Tyler Kinley,0,3,0,1,0,0,0,0
825102,20260405,ATL,669276,Dylan Lee,0,3,0,0,0,0,1,1
825102,20260405,ATL,663158,Robert Suarez,0,3,3,0,0,0,0,0
825102,20260405,ATL,628452,Raisel Iglesias,0,3,1,0,0,0,0,0
825102,20260405,ATL,606303,Joel Payamps,0,0,0,0,0,0,1,0
824296,20260405,DET,672456,Keider Montero,1,13,3,1,0,0,3,2
824296,20260405,DET,646241,Enmanuel De Jesus,0,8,3,0,0,0,2,1
824296,20260405,DET,657756,Connor Seabold,0,6,1,2,0,0,0,0
824296,20260405,SLN,681517,Kyle Leahy,1,15,4,3,0,1,2,2
824296,20260405,SLN,666277,George Soriano,0,1,0,2,0,0,1,1
824296,20260405,SLN,668941,JoJo Romero,0,5,1,1,0,0,0,0
824296,20260405,SLN,592773,Ryne Stanek,0,3,2,1,0,0,0,0
824296,20260405,SLN,676617,Riley O'Brien,0,3,1,0,0,0,0,0
823002,20260406,TBA,663556,Shane McClanahan,1,12,5,4,0,0,2,2
823002,20260406,TBA,687330,Kevin Kelly,0,3,1,0,0,0,0,0
823002,20260406,TBA,693855,Ian Seymour,0,4,1,0,0,0,1,1
823002,20260406,TBA,685801,Hunter Bigge,0,5,0,0,0,0,0,0
823002,20260406,TBA,641329,Bryan Baker,0,3,2,0,0,1,1,1
823002,20260406,CHN,592791,Jameson Taillon,1,18,4,0,0,2,4,3
823002,20260406,CHN,664208,Phil Maton,0,3,1,1,0,1,2,2
823002,20260406,CHN,702303,Riley Martin,0,3,0,0,0,0,0,0
824456,20260406,CLE,676440,Tanner Bibee,1,14,3,1,0,0,1,1
824456,20260406,CLE,682120,Tim Herrin,0,1,0,0,0,0,0,0
824456,20260406,CLE,688883,Peyton Pallette,0,6,3,0,0,1,1,1
824456,20260406,CLE,663465,Kolby Allard,0,6,2,1,0,1,2,2
824456,20260406,KCA,608379,Michael Wacha,1,21,3,3,1,1,1,1
824456,20260406,KCA,621381,Matt Strahm,0,3,1,1,0,1,1,1
824456,20260406,KCA,668674,Lucas Erceg,0,3,1,0,0,0,0,0
823401,20260406,PIT,696149,Bubba Chandler,1,13,4,4,0,0,3,3
823401,20260406,PIT,670990,Yohan Ramírez,0,5,0,0,0,0,1,1
823401,20260406,PIT,676755,Isaac Mattson,0,3,2,0,0,0,0,0
823401,20260406,PIT,664875,Justin Lawrence,0,3,2,0,0,0,1,1
823401,20260406,PIT,642397,Gregory Soto,0,3,1,1,0,0,0,0
823401,20260406,SDN,608566,Germán Márquez,1,15,4,1,0,0,0,0
823401,20260406,SDN,676760,Ron Marinaccio,0,6,1,1,0,0,0,0
823401,20260406,SDN,688158,David Morgan,0,6,1,3,0,0,0,0
823886,20260406,MIA,676083,Janson Junk,1,22,3,1,0,1,2,2
823886,20260406,MIA,663969,Tyler Phillips,0,5,1,1,0,0,0,0
823886,20260406,CIN,682227,Brandon Williamson,1,20,4,1,0,0,0,0
823886,20260406,CIN,656271,Brock Burke,0,1,1,0,0,0,0,0
823886,20260406,CIN,663574,Tony Santillan,0,3,1,1,0,0,0,0
823886,20260406,CIN,641941,Emilio Pagán,0,3,0,0,0,0,0,0
822755,20260406,WAS,641793,Zack Littell,1,15,6,3,0,0,1,1
822755,20260406,WAS,686610,Ken Waldichuk,0,7,2,2,0,2,3,3
822755,20260406,WAS,701552,Andre Granillo,0,2,0,2,0,0,2,2
822755,20260406,WAS,672335,Cionel Pérez,0,3,0,0,0,0,0,0
822755,20260406,SLN,669467,Andre Pallante,1,15,2,4,0,0,2,2
822755,20260406,SLN,677865,Justin Bruihl,0,2,0,2,0,0,1,1
822755,20260406,SLN,668941,JoJo Romero,0,3,0,1,0,0,0,0
822755,20260406,SLN,592773,Ryne Stanek,0,2,1,0,0,1,3,3
822755,20260406,SLN,694335,Matt Svanson,0,2,1,0,0,2,3,3
824783,20260406,BOS,678394,Brayan Bello,1,10,5,4,0,0,4,3
824783,20260406,BOS,543056,Danny Coulombe,0,2,0,1,0,0,0,0
824783,20260406,BOS,663558,Jovani Morán,0,9,4,1,0,0,1,1
824783,20260406,BOS,676477,Garrett Whitlock,0,3,2,2,0,0,2,1
824783,20260406,BOS,670245,Ryan Watson,0,3,0,0,0,0,1,1
824783,20260406,MIL,605540,Brandon Woodruff,1,17,4,2,1,0,5,5
824783,20260406,MIL,676879,Aaron Ashby,0,4,0,1,0,0,0,0
824783,20260406,MIL,681982,Grant Anderson,0,3,0,0,0,0,0,0
824783,20260406,MIL,672582,Angel Zerpa,0,3,0,0,0,1,1,1
822832,20260406,TOR,453286,Max Scherzer,1,6,2,1,0,1,2,2
822832,20260406,TOR,676596,Josh Fleming,0,9,1,2,1,1,4,4
822832,20260406,TOR,573009,Joe Mantiply,0,2,1,2,0,1,3,3
822832,20260406,TOR,667297,Tommy Nance,0,4,3,0,0,1,4,4
822832,20260406,TOR,693686,Spencer Miles,0,3,1,0,0,1,1,1
822832,20260406,TOR,623168,Tyler Heineman,0,3,0,0,0,0,0,0
822832,20260406,LAN,680736,Justin Wrobleski,1,15,2,4,0,0,1,1
822832,20260406,LAN,694361,Will Klein,0,6,2,0,0,0,0,0
822832,20260406,LAN,683618,Edgardo Henriquez,0,3,2,0,0,0,0,0
822832,20260406,LAN,500743,Miguel Rojas,0,3,0,1,1,0,1,1
823728,20260406,MIN,657746,Joe Ryan,1,15,7,3,0,0,3,2
823728,20260406,MIN,607455,Anthony Banda,0,3,1,0,0,0,0,0
823728,20260406,MIN,679358,Eric Orze,0,2,1,1,0,0,0,0
823728,20260406,MIN,681892,Kody Funderburk,0,2,0,3,0,0,0,0
823728,20260406,MIN,689520,Cody Laweryson,0,5,2,0,0,0,0,0
823728,20260406,DET,663554,Casey Mize,1,13,4,3,0,1,5,5
823728,20260406,DET,623454,Drew Anderson,0,9,4,2,0,0,1,1
823728,20260406,DET,676428,Brant Hurter,0,2,2,2,0,0,1,1
824619,20260406,CHA,691799,Grant Taylor,1,3,1,0,0,0,0,0
824619,20260406,CHA,607200,Erick Fedde,0,18,4,1,0,1,2,2
824619,20260406,CHA,608371,Lucas Sims,0,6,2,0,0,0,0,0
824619,20260406,BAL,687064,Brandon Young,1,15,2,2,0,0,0,0
824619,20260406,BAL,669330,Tyler Wells,0,6,2,1,0,0,0,0
824619,20260406,BAL,670329,Rico Garcia,0,3,1,0,0,0,0,0
824619,20260406,BAL,664854,Ryan Helsley,0,3,1,2,0,0,1,1
822918,20260406,TEX,594798,Jacob deGrom,1,15,6,1,0,1,1,1
822918,20260406,TEX,656222,Jalen Beeks,0,3,0,1,0,0,0,0
822918,20260406,TEX,641302,Tyler Alexander,0,2,1,0,0,0,0,0
822918,20260406,TEX,668390,Cole Winn,0,1,0,0,0,0,0,0
822918,20260406,TEX,676395,Robert Garcia,0,3,0,0,0,0,0,0
822918,20260406,TEX,596001,Jakob Junis,0,3,0,0,1,0,0,0
822918,20260406,SEA,669302,Logan Gilbert,1,18,5,0,0,0,2,2
822918,20260406,SEA,678606,José A. Ferrer,0,3,2,0,0,0,0,0
822918,20260406,SEA,681867,Cooper Criswell,0,3,0,2,0,0,0,0
824376,20260406,COL,663372,Ryan Feltner,1,16,1,2,0,1,4,4
824376,20260406,COL,623474,Jimmy Herget,0,5,1,0,0,0,1,1
824376,20260406,COL,688642,Zach Agnos,0,1,0,0,0,0,2,2
824376,20260406,COL,675848,Juan Mejia,0,5,1,1,0,0,0,0
824376,20260406,HOU,675989,Cody Bolton,1,13,5,2,0,0,2,2
824376,20260406,HOU,680802,Ryan Weiss,0,8,4,2,0,1,7,6
824376,20260406,HOU,660853,Enyel De Los Santos,0,3,0,0,0,0,0,0
824052,20260406,ANA,667755,José Soriano,1,24,10,0,0,1,1,1
824052,20260406,ANA,681217,Chase Silseth,0,2,1,1,0,1,1,1
824052,20260406,ANA,605447,Jordan Romano,0,1,0,0,0,0,0,0
824052,20260406,ATL,519242,Chris Sale,1,12,7,2,2,2,6,6
824052,20260406,ATL,606303,Joel Payamps,0,3,1,0,0,0,0,0
824052,20260406,ATL,607481,Aaron Bummer,0,3,1,0,0,0,0,0
824052,20260406,ATL,674370,Osvaldo Bido,0,6,1,0,1,0,0,0
823237,20260406,SFN,605288,Adrian Houser,1,18,3,2,0,0,4,4
823237,20260406,SFN,621366,Ryan Borucki,0,1,0,1,0,0,2,2
823237,20260406,SFN,668873,Caleb Kilian,0,2,1,1,1,0,0,0
823237,20260406,SFN,657424,Matt Gage,0,3,1,1,0,0,0,0
823237,20260406,SFN,694918,Blade Tidwell,0,3,2,1,0,0,0,0
823237,20260406,PHI,691725,Andrew Painter,1,12,1,1,0,0,4,4
823237,20260406,PHI,641835,Tim Mayza,0,3,1,0,0,0,0,0
823237,20260406,PHI,680742,Jonathan Bowlan,0,3,2,0,0,0,0,0
823237,20260406,PHI,621237,José Alvarado,0,3,1,0,0,0,0,0
823237,20260406,PHI,641745,Brad Keller,0,3,2,0,0,0,0,0
823237,20260406,PHI,661395,Jhoan Duran,0,3,0,0,0,0,0,0
824457,20260407,CLE,668909,Gavin Williams,1,17,8,5,0,1,1,1
824457,20260407,CLE,682120,Tim Herrin,0,1,0,1,0,0,0,0
824457,20260407,CLE,681870,Erik Sabrowski,0,3,2,0,0,0,0,0
824457,20260407,CLE,542888,Shawn Armstrong,0,3,2,2,0,0,0,0
824457,20260407,CLE,671922,Cade Smith,0,3,2,0,0,0,0,0
824457,20260407,KCA,702070,Noah Cameron,1,17,5,1,0,0,1,1
824457,20260407,KCA,663738,Daniel Lynch IV,0,4,1,0,0,0,0,0
824457,20260407,KCA,683232,Nick Mears,0,3,2,1,0,0,0,0
824457,20260407,KCA,670167,John Schreiber,0,1,0,1,0,0,1,1
824618,20260407,CHA,681343,Shane Smith,1,11,8,5,1,0,0,0
824618,20260407,CHA,656794,Sean Newcomb,0,4,1,1,0,0,1,1
824618,20260407,CHA,673929,Jordan Leasure,0,3,2,0,0,0,0,0
824618,20260407,CHA,663855,Jordan Hicks,0,4,2,0,0,0,2,2
824618,20260407,CHA,669684,Chris Murphy,0,2,0,1,0,1,1,1
824618,20260407,CHA,663542,Bryan Hudson,0,3,0,1,1,0,0,0
824618,20260407,BAL,669432,Trevor Rogers,1,18,6,0,0,0,2,2
824618,20260407,BAL,666974,Yennier Cano,0,3,1,0,0,0,0,0
824618,20260407,BAL,664991,Grant Wolfram,0,2,2,0,1,0,0,0
824618,20260407,BAL,689296,Anthony Nunez,0,1,1,0,0,0,0,0
824618,20260407,BAL,664854,Ryan Helsley,0,3,2,1,0,0,0,0
823648,20260407,NYN,642547,Freddy Peralta,1,14,5,3,1,0,3,3
823648,20260407,NYN,623211,Huascar Brazobán,0,1,0,0,0,0,0,0
823648,20260407,NYN,472610,Luis García,0,6,0,0,0,0,0,0
823648,20260407,NYN,548384,Brooks Raley,0,3,2,0,0,0,0,0
823648,20260407,NYN,642207,Devin Williams,0,3,2,0,0,0,0,0
823648,20260407,NYN,596133,Luke Weaver,0,3,1,0,0,0,0,0
823648,20260407,ARI,668678,Zac Gallen,1,15,5,4,0,0,2,1
823648,20260407,ARI,657044,Ryan Thompson,0,3,0,0,0,0,0,0
823648,20260407,ARI,666661,Juan Morillo,0,3,0,0,0,0,0,0
823648,20260407,ARI,642528,Jonathan Loáisiga,0,3,1,0,0,0,1,1
823648,20260407,ARI,656464,Kevin Ginkel,0,3,1,0,0,0,0,0
823648,20260407,ARI,623149,Paul Sewald,0,1,0,0,0,0,1,0
823402,20260407,PIT,694973,Paul Skenes,1,19,6,2,1,1,1,1
823402,20260407,PIT,676755,Isaac Mattson,0,2,0,0,0,0,0,0
823402,20260407,PIT,642397,Gregory Soto,0,3,1,0,0,0,0,0
823402,20260407,PIT,670990,Yohan Ramírez,0,3,2,0,0,0,0,0
823402,20260407,SDN,601713,Nick Pivetta,1,15,8,1,0,0,2,2
823402,20260407,SDN,699134,Bradgley Rodriguez,0,3,0,0,0,0,0,0
823402,20260407,SDN,593974,Wandy Peralta,0,3,1,1,0,0,0,0
823402,20260407,SDN,670970,Adrian Morejon,0,1,1,0,0,0,5,4
823402,20260407,SDN,676760,Ron Marinaccio,0,2,0,0,0,0,0,0
822999,20260407,TBA,669438,Mason Englert,1,11,2,1,0,0,4,3
822999,20260407,TBA,642121,Cole Sulser,0,7,2,1,0,0,1,1
822999,20260407,TBA,672782,Yoendrys Gómez,0,9,1,1,0,2,4,4
822999,20260407,CHN,665871,Javier Assad,1,17,3,2,0,0,0,0
822999,20260407,CHN,571948,Hoby Milner,0,4,0,0,0,0,0,0
822999,20260407,CHN,664208,Phil Maton,0,2,1,0,1,0,2,2
822999,20260407,CHN,573204,Caleb Thielbar,0,1,0,0,0,0,0,0
822999,20260407,CHN,657097,Jacob Webb,0,3,1,1,0,0,0,0
823887,20260407,MIA,645261,Sandy Alcantara,1,25,6,2,0,0,2,2
823887,20260407,MIA,669622,Anthony Bender,0,2,1,1,0,0,0,0
823887,20260407,MIA,676534,Calvin Faucher,0,1,1,2,0,0,4,3
823887,20260407,MIA,667463,John King,0,2,0,1,0,0,0,0
823887,20260407,CIN,671096,Andrew Abbott,1,16,2,2,0,0,2,2
823887,20260407,CIN,572955,Pierce Johnson,0,2,1,0,0,0,0,0
823887,20260407,CIN,683742,Jose Franco,0,6,2,2,0,0,0,0
823887,20260407,CIN,641941,Emilio Pagán,0,3,2,2,0,0,0,0
823887,20260407,CIN,668933,Graham Ashcraft,0,3,0,0,0,0,1,0
822754,20260407,WAS,676917,Cade Cavalli,1,14,3,4,0,0,2,1
822754,20260407,WAS,687606,Paxton Schultz,0,3,1,1,1,0,0,0
822754,20260407,WAS,676571,PJ Poulin,0,4,2,2,0,1,1,1
822754,20260407,WAS,681402,Gus Varland,0,3,1,1,0,1,2,2
822754,20260407,WAS,690925,Clayton Beeter,0,3,0,2,0,0,0,0
822754,20260407,WAS,669371,Cole Henry,0,3,1,0,0,0,2,1
822754,20260407,SLN,669461,Matthew Liberatore,1,15,6,2,0,2,4,4
822754,20260407,SLN,700669,Gordon Graceffo,0,6,2,2,0,0,1,1
822754,20260407,SLN,666277,George Soriano,0,6,3,0,0,0,0,0
822754,20260407,SLN,676617,Riley O'Brien,0,3,2,0,1,0,1,0
824780,20260407,BOS,676979,Garrett Crochet,1,19,7,2,1,0,2,2
824780,20260407,BOS,677161,Zack Kelly,0,2,0,0,0,0,0,0
824780,20260407,BOS,676477,Garrett Whitlock,0,3,1,0,0,0,0,0
824780,20260407,BOS,547973,Aroldis Chapman,0,3,0,1,0,0,0,0
824780,20260407,MIL,694819,Jacob Misiorowski,1,16,10,4,1,0,3,3
824780,20260407,MIL,669084,DL Hall,0,7,1,1,0,0,0,0
824780,20260407,MIL,663765,Jake Woodford,0,1,0,0,0,0,0,0
823567,20260407,NYA,693645,Cam Schlittler,1,15,7,0,0,0,3,3
823567,20260407,NYA,656234,Jake Bird,0,2,1,0,0,0,0,0
823567,20260407,NYA,687396,Brent Headrick,0,3,3,2,0,0,0,0
823567,20260407,NYA,518585,Fernando Cruz,0,4,1,2,0,0,0,0
823567,20260407,NYA,670280,David Bednar,0,3,1,0,0,0,0,0
823567,20260407,ATH,650644,Aaron Civale,1,15,6,4,0,1,1,1
823567,20260407,ATH,686993,Justin Sterner,0,6,1,0,0,0,0,0
823567,20260407,ATH,643410,Mark Leiter Jr.,0,2,0,0,0,1,4,4
823567,20260407,ATH,669270,Joel Kuhnel,0,1,0,0,0,0,0,0
822831,20260407,TOR,592332,Kevin Gausman,1,16,5,2,0,0,3,2
822831,20260407,TOR,689254,Mason Fluharty,0,4,2,0,0,0,0,0
822831,20260407,TOR,686973,Louis Varland,0,4,2,0,0,0,0,0
822831,20260407,TOR,656546,Jeff Hoffman,0,3,2,1,0,0,1,1
822831,20260407,LAN,808967,Yoshinobu Yamamoto,1,18,6,1,0,0,1,1
822831,20260407,LAN,681911,Alex Vesia,0,3,1,1,0,0,0,0
822831,20260407,LAN,595014,Blake Treinen,0,3,0,0,0,0,0,0
822831,20260407,LAN,621242,Edwin Díaz,0,3,3,1,0,0,0,0
823727,20260407,MIN,671737,Taj Bradley,1,19,10,0,2,0,1,1
823727,20260407,MIN,573124,Taylor Rogers,0,3,2,0,0,0,0,0
823727,20260407,MIN,663485,Cole Sands,0,1,0,2,0,0,0,0
823727,20260407,MIN,679358,Eric Orze,0,2,2,0,0,0,1,1
823727,20260407,MIN,623437,Justin Topa,0,2,0,1,0,0,0,0
823727,20260407,DET,669373,Tarik Skubal,1,14,7,2,0,0,4,4
823727,20260407,DET,663947,Tyler Holton,0,4,1,0,0,0,0,0
823727,20260407,DET,657756,Connor Seabold,0,6,2,1,0,0,0,0
822916,20260407,TEX,543135,Nathan Eovaldi,1,18,7,2,0,1,2,2
822916,20260407,TEX,656641,Jacob Latz,0,6,2,0,0,0,0,0
822916,20260407,TEX,596001,Jakob Junis,0,3,0,0,0,0,0,0
822916,20260407,SEA,669923,George Kirby,1,24,4,0,0,1,3,3
824375,20260407,COL,607536,Kyle Freeland,1,19,5,1,1,1,1,1
824375,20260407,COL,622608,Antonio Senzatela,0,8,3,0,0,0,0,0
824375,20260407,HOU,681347,Mike Burrows,1,16,3,1,0,1,3,3
824375,20260407,HOU,595345,Steven Okert,0,3,0,1,0,0,1,1
824375,20260407,HOU,678906,Kai-Wei Teng,0,2,0,0,0,1,1,1
824375,20260407,HOU,685005,Christian Roa,0,3,1,0,0,0,0,0
824051,20260407,ANA,579328,Yusei Kikuchi,1,15,8,1,0,0,4,4
824051,20260407,ANA,641312,Shaun Anderson,0,9,4,1,0,1,3,3
824051,20260407,ANA,815083,Mitch Farris,0,3,0,1,0,0,0,0
824051,20260407,ATL,625643,Reynaldo López,1,14,7,2,1,1,2,0
824051,20260407,ATL,641755,Tyler Kinley,0,2,2,0,0,0,0,0
824051,20260407,ATL,669276,Dylan Lee,0,2,0,0,0,0,0,0
824051,20260407,ATL,663158,Robert Suarez,0,3,2,1,0,0,0,0
824051,20260407,ATL,607481,Aaron Bummer,0,1,0,1,1,0,0,0
824051,20260407,ATL,628452,Raisel Iglesias,0,5,3,0,0,0,0,0
823235,20260407,SFN,592662,Robbie Ray,1,20,7,3,0,0,0,0
823235,20260407,SFN,676254,Ryan Walker,0,4,1,1,0,0,0,0
823235,20260407,SFN,676775,Keaton Winn,0,3,0,0,0,0,0,0
823235,20260407,PHI,650911,Cristopher Sánchez,1,15,6,0,0,0,4,2
823235,20260407,PHI,647315,Zach Pop,0,3,0,0,0,0,0,0
823235,20260407,PHI,621383,Tanner Banks,0,3,2,0,0,0,0,0
823235,20260407,PHI,689147,Orion Kerkering,0,3,0,1,0,0,2,2
823403,20260408,PIT,656605,Mitch Keller,1,18,4,1,0,0,0,0
823403,20260408,PIT,664875,Justin Lawrence,0,3,2,0,0,1,4,3
823403,20260408,PIT,664353,José Urquidy,0,6,3,0,0,0,4,1
823403,20260408,SDN,650633,Michael King,1,18,4,3,0,0,2,2
823403,20260408,SDN,606996,Kyle Hart,0,3,0,1,0,0,0,0
823403,20260408,SDN,669093,Jeremiah Estrada,0,3,0,0,0,0,0,0
823403,20260408,SDN,695243,Mason Miller,0,3,2,0,0,0,0,0
824455,20260408,CLE,676282,Joey Cantillo,1,17,9,2,0,0,2,1
824455,20260408,CLE,641401,Connor Brogdon,0,4,3,0,0,0,0,0
824455,20260408,CLE,681870,Erik Sabrowski,0,2,1,0,0,0,0,0
824455,20260408,CLE,670036,Matt Festa,0,4,1,1,0,0,0,0
824455,20260408,KCA,666142,Cole Ragans,1,2,2,1,0,0,3,3
824455,20260408,KCA,679883,Luinder Avila,0,9,2,1,0,0,1,1
824455,20260408,KCA,656638,Alex Lange,0,7,2,0,0,0,1,1
824455,20260408,KCA,674444,Steven Cruz,0,4,3,2,0,1,5,5
824455,20260408,KCA,686475,Tyler Tolbert,0,2,0,0,0,0,0,0
824779,20260408,BOS,543243,Sonny Gray,1,19,2,2,0,0,0,0
824779,20260408,BOS,669711,Greg Weissert,0,2,2,0,0,0,0,0
824779,20260408,BOS,701719,Tyler Samaniego,0,3,3,1,0,0,0,0
824779,20260408,BOS,670245,Ryan Watson,0,3,0,0,0,0,0,0
824779,20260408,MIL,675660,Shane Drohan,1,8,2,4,0,0,3,3
824779,20260408,MIL,681982,Grant Anderson,0,4,1,2,0,0,0,0
824779,20260408,MIL,676879,Aaron Ashby,0,3,2,0,0,0,0,0
824779,20260408,MIL,663765,Jake Woodford,0,9,1,2,0,0,2,2
824617,20260408,CHA,680732,Sean Burke,1,15,3,2,1,0,2,2
824617,20260408,CHA,608371,Lucas Sims,0,1,1,1,0,0,2,1
824617,20260408,CHA,663542,Bryan Hudson,0,2,0,0,0,0,0,0
824617,20260408,CHA,656794,Sean Newcomb,0,3,2,0,0,0,0,0
824617,20260408,CHA,663855,Jordan Hicks,0,2,0,1,0,0,0,0
824617,20260408,CHA,805326,Tyler Schweitzer,0,4,1,1,0,0,1,1
824617,20260408,BAL,680694,Kyle Bradish,1,15,7,3,0,0,3,2
824617,20260408,BAL,669330,Tyler Wells,0,3,1,1,1,0,0,0
824617,20260408,BAL,664991,Grant Wolfram,0,3,1,0,1,0,0,0
824617,20260408,BAL,689296,Anthony Nunez,0,3,1,0,0,0,0,0
824617,20260408,BAL,670329,Rico Garcia,0,3,2,2,0,0,0,0
822915,20260408,TEX,669022,MacKenzie Gore,1,15,9,2,0,0,0,0
822915,20260408,TEX,455119,Chris Martin,0,3,1,0,0,0,0,0
822915,20260408,TEX,681168,Luis Curvelo,0,6,2,0,0,0,0,0
822915,20260408,TEX,668390,Cole Winn,0,3,1,0,0,0,0,0
822915,20260408,SEA,693433,Bryan Woo,1,15,2,2,0,0,3,1
822915,20260408,SEA,678606,José A. Ferrer,0,3,0,1,0,0,0,0
822915,20260408,SEA,660825,Eduard Bazardo,0,3,0,0,0,0,0,0
822915,20260408,SEA,642100,Gabe Speier,0,3,2,0,0,0,0,0
822833,20260408,TOR,656302,Dylan Cease,1,15,8,4,1,0,2,1
822833,20260408,TOR,686973,Louis Varland,0,3,1,0,0,0,0,0
822833,20260408,TOR,689254,Mason Fluharty,0,1,0,2,0,0,1,1
822833,20260408,TOR,643511,Tyler Rogers,0,5,2,1,0,0,0,0
822833,20260408,TOR,656546,Jeff Hoffman,0,3,2,1,0,0,0,0
822833,20260408,LAN,660271,Shohei Ohtani,1,18,2,1,0,0,1,0
822833,20260408,LAN,676263,Jack Dreyer,0,1,0,1,0,0,2,2
822833,20260408,LAN,595014,Blake Treinen,0,2,1,1,0,0,0,0
822833,20260408,LAN,676508,Ben Casparius,0,3,0,1,0,0,1,1
824374,20260408,COL,547179,Michael Lorenzen,1,17,4,2,0,0,1,1
824374,20260408,COL,688642,Zach Agnos,0,10,2,0,0,0,0,0
824374,20260408,HOU,664299,Cristian Javier,1,3,1,0,0,0,1,1
824374,20260408,HOU,805123,AJ Blubaugh,0,3,0,3,0,0,5,5
824374,20260408,HOU,660853,Enyel De Los Santos,0,6,2,1,0,1,1,1
824374,20260408,HOU,685005,Christian Roa,0,5,1,3,2,0,1,1
824374,20260408,HOU,678906,Kai-Wei Teng,0,4,1,0,0,0,0,0
824374,20260408,HOU,650556,Bryan Abreu,0,3,2,2,0,0,1,1
823234,20260408,SFN,641816,Tyler Mahle,1,17,6,4,0,0,0,0
823234,20260408,SFN,657424,Matt Gage,0,2,1,0,0,0,0,0
823234,20260408,SFN,668873,Caleb Kilian,0,2,1,1,0,0,0,0
823234,20260408,SFN,694918,Blade Tidwell,0,3,0,0,0,0,0,0
823234,20260408,SFN,669062,Erik Miller,0,3,2,0,0,0,0,0
823234,20260408,PHI,605400,Aaron Nola,1,18,3,1,0,1,3,3
823234,20260408,PHI,680742,Jonathan Bowlan,0,3,1,0,0,0,0,0
823234,20260408,PHI,621237,José Alvarado,0,2,2,0,0,0,2,1
823234,20260408,PHI,647315,Zach Pop,0,1,0,0,0,0,0,0
822753,20260408,WAS,571945,Miles Mikolas,1,9,3,3,0,0,2,2
822753,20260408,WAS,695418,Brad Lord,0,9,2,0,0,1,1,1
822753,20260408,WAS,672335,Cionel Pérez,0,3,1,2,0,0,1,1
822753,20260408,WAS,669371,Cole Henry,0,5,3,1,1,0,2,2
822753,20260408,WAS,676571,PJ Poulin,0,1,0,1,0,0,0,0
822753,20260408,SLN,700241,Michael McGreevy,1,18,1,0,0,0,1,1
822753,20260408,SLN,694335,Matt Svanson,0,5,1,1,0,0,0,0
822753,20260408,SLN,677865,Justin Bruihl,0,1,0,0,0,0,0,0
822753,20260408,SLN,676617,Riley O'Brien,0,3,0,0,0,0,0,0
824050,20260408,ANA,672282,Reid Detmers,1,13,4,2,1,1,6,5
824050,20260408,ANA,666171,Ryan Zeferjahn,0,5,2,2,0,0,2,2
824050,20260408,ANA,696147,Sam Bachman,0,3,1,1,0,0,0,0
824050,20260408,ANA,608718,Brent Suter,0,6,2,1,0,0,0,0
824050,20260408,ATL,656550,Grant Holmes,1,20,6,3,0,1,2,2
824050,20260408,ATL,606303,Joel Payamps,0,1,1,0,0,0,0,0
824050,20260408,ATL,660761,José Suarez,0,6,3,0,0,0,0,0
823646,20260408,NYN,656849,David Peterson,1,15,6,2,0,0,5,5
823646,20260408,NYN,640455,Sean Manaea,0,12,2,2,0,0,2,2
823646,20260408,ARI,669194,Ryne Nelson,1,17,5,0,0,0,1,1
823646,20260408,ARI,657044,Ryan Thompson,0,1,0,0,0,0,0,0
823646,20260408,ARI,694851,Andrew Hoffmann,0,6,2,1,0,0,1,0
823646,20260408,ARI,664199,Taylor Clarke,0,3,0,0,0,0,0,0
823000,20260408,TBA,671212,Joe Boyle,1,13,3,3,0,1,6,5
823000,20260408,TBA,669947,Jesse Scholtens,0,14,4,1,0,0,0,0
823000,20260408,CHN,607067,Colin Rea,1,15,2,2,1,0,1,1
823000,20260408,CHN,571948,Hoby Milner,0,3,1,0,0,0,0,0
823000,20260408,CHN,676962,Ben Brown,0,6,3,0,0,0,1,1
823000,20260408,CHN,640451,Hunter Harvey,0,3,1,0,0,0,0,0
823885,20260408,MIA,691587,Eury Pérez,1,15,6,2,1,1,4,2
823885,20260408,MIA,687473,Ryan Gusto,0,3,1,0,0,0,0,0
823885,20260408,MIA,677053,Andrew Nardi,0,3,0,0,0,0,0,0
823885,20260408,MIA,669199,Lake Bachar,0,3,2,0,0,0,0,0
823885,20260408,MIA,656848,Michael Petersen,0,3,2,0,0,0,0,0
823885,20260408,CIN,663903,Brady Singer,1,8,3,0,0,1,6,5
823885,20260408,CIN,594580,Sam Moll,0,7,2,0,2,0,0,0
823885,20260408,CIN,683175,Connor Phillips,0,6,0,2,0,1,1,1
823885,20260408,CIN,572955,Pierce Johnson,0,3,1,0,0,0,0,0
823564,20260408,NYA,701542,Will Warren,1,14,5,3,0,0,2,2
823564,20260408,NYA,657612,Tim Hill,0,4,0,0,0,0,0,0
823564,20260408,NYA,666808,Camilo Doval,0,3,1,0,0,0,0,0
823564,20260408,NYA,687396,Brent Headrick,0,3,1,0,0,0,0,0
823564,20260408,NYA,670280,David Bednar,0,3,2,0,0,0,1,1
823564,20260408,ATH,622663,Luis Severino,1,15,7,5,0,0,2,2
823564,20260408,ATH,605130,Scott Barlow,0,5,4,0,0,0,0,0
823564,20260408,ATH,663687,Hogan Harris,0,2,2,2,0,0,0,0
823564,20260408,ATH,665660,Elvis Alvarado,0,2,1,0,0,0,0,0
823564,20260408,ATH,669270,Joel Kuhnel,0,3,1,0,0,0,0,0
823726,20260408,MIN,641927,Bailey Ober,1,17,2,1,0,0,2,2
823726,20260408,MIN,623437,Justin Topa,0,1,0,0,0,0,0,0
823726,20260408,MIN,607455,Anthony Banda,0,2,1,0,0,0,4,4
823726,20260408,MIN,663485,Cole Sands,0,1,1,0,0,0,0,0
823726,20260408,MIN,689520,Cody Laweryson,0,4,2,0,1,0,0,0
823726,20260408,MIN,681892,Kody Funderburk,0,2,0,1,1,0,0,0
823726,20260408,DET,664285,Framber Valdez,1,15,2,2,1,0,8,8
823726,20260408,DET,646241,Enmanuel De Jesus,0,3,1,2,0,0,0,0
823726,20260408,DET,640448,Kyle Finnegan,0,3,0,2,0,0,0,0
823726,20260408,DET,676684,Will Vest,0,3,1,0,0,0,0,0
823884,20260409,MIA,676974,Max Meyer,1,15,4,3,0,1,1,1
823884,20260409,MIA,669622,Anthony Bender,0,3,1,0,0,0,0,0
823884,20260409,MIA,663969,Tyler Phillips,0,9,4,1,0,0,0,0
823884,20260409,CIN,695076,Rhett Lowder,1,16,2,2,0,0,5,4
823884,20260409,CIN,656271,Brock Burke,0,2,1,0,0,0,0,0
823884,20260409,CIN,683742,Jose Franco,0,6,2,3,0,0,3,2
823565,20260409,NYA,677960,Ryan Weathers,1,24,7,0,0,0,1,1
823565,20260409,NYA,621112,Paul Blackburn,0,3,1,0,0,0,0,0
823565,20260409,ATH,605488,Jeffrey Springs,1,21,6,2,0,0,0,0
823565,20260409,ATH,686993,Justin Sterner,0,3,1,1,0,0,0,0
823565,20260409,ATH,663687,Hogan Harris,0,3,1,0,0,0,0,0
823724,20260409,MIN,690953,Mick Abel,1,18,6,3,0,0,0,0
823724,20260409,MIN,670183,Garrett Acton,0,6,2,0,1,0,1,1
823724,20260409,MIN,679358,Eric Orze,0,3,1,0,0,0,0,0
823724,20260409,DET,656427,Jack Flaherty,1,17,6,3,0,1,1,1
823724,20260409,DET,663947,Tyler Holton,0,4,2,1,0,0,0,0
823724,20260409,DET,676684,Will Vest,0,2,1,1,0,0,2,2
823724,20260409,DET,676428,Brant Hurter,0,1,0,0,0,0,0,0
823645,20260409,NYN,690997,Nolan McLean,1,19,8,2,0,0,2,2
823645,20260409,NYN,596133,Luke Weaver,0,2,0,0,0,0,2,2
823645,20260409,NYN,472610,Luis García,0,1,0,1,0,0,3,3
823645,20260409,NYN,663992,Richard Lovelady,0,5,1,0,0,0,0,0
823645,20260409,ARI,593958,Eduardo Rodriguez,1,18,3,2,0,1,1,1
823645,20260409,ARI,664199,Taylor Clarke,0,3,0,0,0,0,0,0
823645,20260409,ARI,688497,Taylor Rashi,0,6,3,0,0,0,0,0
824130,20260409,KCA,607625,Seth Lugo,1,19,4,4,0,0,2,1
824130,20260409,KCA,670167,John Schreiber,0,2,0,0,0,0,0,0
824130,20260409,KCA,669212,Eli Morgan,0,6,1,1,0,0,0,0
824130,20260409,CHA,641743,Anthony Kay,1,17,6,2,2,0,0,0
824130,20260409,CHA,691799,Grant Taylor,0,4,1,0,0,0,0,0
824130,20260409,CHA,673929,Jordan Leasure,0,3,2,1,0,0,0,0
824130,20260409,CHA,622554,Seranthony Domínguez,0,3,2,1,0,0,0,0
823319,20260409,SDN,681190,Randy Vásquez,1,17,8,0,1,1,1,1
823319,20260409,SDN,699134,Bradgley Rodriguez,0,4,1,0,0,0,0,0
823319,20260409,SDN,670970,Adrian Morejon,0,3,0,0,0,0,0,0
823319,20260409,SDN,695243,Mason Miller,0,3,3,0,0,0,0,0
823319,20260409,SDN,669093,Jeremiah Estrada,0,4,1,2,0,0,2,0
823319,20260409,SDN,688158,David Morgan,0,5,1,0,1,0,0,0
823319,20260409,COL,623474,Jimmy Herget,1,3,0,0,0,0,0,0
823319,20260409,COL,801403,Chase Dollander,0,13,3,1,0,0,1,1
823319,20260409,COL,677955,Jaden Hill,0,5,2,0,0,0,0,0
823319,20260409,COL,675848,Juan Mejia,0,3,1,1,0,0,0,0
823319,20260409,COL,680767,Victor Vodnik,0,6,0,2,0,0,1,0
823319,20260409,COL,657514,Brennan Bernardino,0,3,1,0,0,0,1,0
823319,20260409,COL,678368,Valente Bellozo,0,1,0,2,0,1,4,3
824695,20260410,CHN,684007,Shota Imanaga,1,18,9,1,0,0,0,0
824695,20260410,CHN,573204,Caleb Thielbar,0,2,0,0,0,1,2,2
824695,20260410,CHN,681799,Ethan Roberts,0,4,1,0,1,0,0,0
824695,20260410,CHN,702303,Riley Martin,0,3,1,0,0,0,0,0
824695,20260410,PIT,669387,Carmen Mlodzinski,1,16,2,3,0,0,0,0
824695,20260410,PIT,682254,Mason Montgomery,0,2,2,1,0,0,0,0
824695,20260410,PIT,676755,Isaac Mattson,0,3,0,1,0,0,0,0
824695,20260410,PIT,642397,Gregory Soto,0,3,0,2,0,0,0,0
824695,20260410,PIT,642701,Dennis Santana,0,3,2,0,0,0,0,0
823482,20260410,PHI,666200,Jesús Luzardo,1,14,8,3,0,0,5,5
823482,20260410,PHI,680742,Jonathan Bowlan,0,4,1,0,0,0,0,0
823482,20260410,PHI,641745,Brad Keller,0,3,0,0,0,0,0,0
823482,20260410,PHI,689147,Orion Kerkering,0,3,0,0,0,0,0,0
823482,20260410,PHI,621383,Tanner Banks,0,3,1,0,0,0,0,0
823482,20260410,ARI,647336,Michael Soroka,1,17,10,2,2,1,4,4
823482,20260410,ARI,642528,Jonathan Loáisiga,0,3,3,0,0,0,0,0
823482,20260410,ARI,666661,Juan Morillo,0,4,3,0,0,0,0,0
823482,20260410,ARI,623149,Paul Sewald,0,3,0,0,0,0,0,0
824297,20260410,DET,672456,Keider Montero,1,18,7,1,0,0,0,0
824297,20260410,DET,676428,Brant Hurter,0,3,1,0,0,0,0,0
824297,20260410,DET,640448,Kyle Finnegan,0,3,0,1,0,0,0,0
824297,20260410,DET,445276,Kenley Jansen,0,3,1,0,0,0,0,0
824297,20260410,MIA,663978,Chris Paddack,1,18,4,1,0,1,2,2
824297,20260410,MIA,669199,Lake Bachar,0,6,3,0,0,0,0,0
824534,20260410,CIN,695505,Chase Burns,1,16,2,4,0,2,5,5
824534,20260410,CIN,683175,Connor Phillips,0,5,3,0,0,0,0,0
824534,20260410,CIN,594580,Sam Moll,0,1,0,2,0,0,2,2
824534,20260410,CIN,693312,Kyle Nicolas,0,2,1,2,0,1,3,3
824534,20260410,CIN,664731,P.J. Higgins,0,3,1,0,0,0,0,0
824534,20260410,ANA,686799,Jack Kochanowicz,1,21,2,4,0,0,1,1
824534,20260410,ANA,815083,Mitch Farris,0,6,2,1,0,1,1,1
822829,20260410,TOR,571578,Patrick Corbin,1,12,3,1,2,2,4,4
822829,20260410,TOR,667297,Tommy Nance,0,2,1,0,0,0,0,0
822829,20260410,TOR,573009,Joe Mantiply,0,3,3,0,0,0,0,0
822829,20260410,TOR,686973,Louis Varland,0,4,1,1,0,0,0,0
822829,20260410,TOR,680755,Braydon Fisher,0,6,4,0,1,0,0,0
822829,20260410,MIN,680573,Simeon Woods Richardson,1,12,2,1,0,1,5,5
822829,20260410,MIN,607455,Anthony Banda,0,5,1,1,0,1,3,3
822829,20260410,MIN,573124,Taylor Rogers,0,4,1,0,0,0,1,1
822829,20260410,MIN,623437,Justin Topa,0,3,0,0,0,0,1,1
823643,20260410,NYN,605280,Clay Holmes,1,16,3,3,0,0,1,1
823643,20260410,NYN,668964,Tobias Myers,0,9,1,0,0,0,3,3
823643,20260410,NYN,663992,Richard Lovelady,0,2,0,0,0,0,0,0
823643,20260410,ATH,669372,J.T. Ginn,1,12,4,1,0,0,0,0
823643,20260410,ATH,643410,Mark Leiter Jr.,0,3,1,0,0,0,0,0
823643,20260410,ATH,678022,Jack Perkins,0,7,3,0,0,0,0,0
823643,20260410,ATH,605130,Scott Barlow,0,2,1,0,0,0,0,0
823643,20260410,ATH,665660,Elvis Alvarado,0,3,1,0,0,0,0,0
822997,20260410,TBA,571927,Steven Matz,1,15,7,2,1,0,2,2
822997,20260410,TBA,643377,Griffin Jax,0,3,2,0,0,0,0,0
822997,20260410,TBA,693855,Ian Seymour,0,3,1,0,0,0,0,0
822997,20260410,TBA,685801,Hunter Bigge,0,3,1,0,0,1,1,1
822997,20260410,TBA,641329,Bryan Baker,0,3,1,0,0,0,0,0
822997,20260410,NYA,661563,Luis Gil,1,12,2,3,1,1,3,3
822997,20260410,NYA,656234,Jake Bird,0,3,2,0,0,0,0,0
822997,20260410,NYA,687396,Brent Headrick,0,1,1,0,0,0,2,1
822997,20260410,NYA,666808,Camilo Doval,0,2,0,0,0,0,0,0
822997,20260410,NYA,642232,Ryan Yarbrough,0,6,0,2,0,0,0,0
824858,20260410,BAL,669358,Shane Baz,1,15,4,2,0,1,3,3
824858,20260410,BAL,666974,Yennier Cano,0,3,1,0,0,0,0,0
824858,20260410,BAL,675919,Nick Raquet,0,3,0,1,0,1,3,3
824858,20260410,BAL,544150,Albert Suárez,0,6,1,0,0,0,0,0
824858,20260410,SFN,694738,Landen Roupp,1,18,4,2,0,0,1,1
824858,20260410,SFN,676775,Keaton Winn,0,3,0,0,0,0,0,0
824858,20260410,SFN,664141,JT Brubaker,0,2,1,2,0,0,0,0
824858,20260410,SFN,657424,Matt Gage,0,1,0,0,0,0,0,0
824858,20260410,SFN,694918,Blade Tidwell,0,3,1,0,0,1,2,2
824941,20260410,ATL,693821,Bryce Elder,1,14,3,3,0,1,2,2
824941,20260410,ATL,607481,Aaron Bummer,0,1,0,0,0,0,0,0
824941,20260410,ATL,641755,Tyler Kinley,0,3,0,0,0,0,0,0
824941,20260410,ATL,669276,Dylan Lee,0,3,1,0,0,0,0,0
824941,20260410,ATL,660761,José Suarez,0,2,1,1,0,0,3,3
824941,20260410,ATL,606303,Joel Payamps,0,1,0,0,0,0,0,0
824941,20260410,ATL,674370,Osvaldo Bido,0,3,0,1,0,0,0,0
824941,20260410,CLE,677944,Slade Cecconi,1,16,3,1,0,2,5,4
824941,20260410,CLE,670036,Matt Festa,0,2,0,0,0,1,2,2
824941,20260410,CLE,688883,Peyton Pallette,0,3,1,2,0,0,2,2
824941,20260410,CLE,663465,Kolby Allard,0,3,1,0,0,0,2,2
824128,20260410,KCA,663460,Kris Bubic,1,21,11,1,0,0,0,0
824128,20260410,KCA,621381,Matt Strahm,0,3,0,0,0,0,0,0
824128,20260410,KCA,668674,Lucas Erceg,0,3,0,0,0,0,0,0
824128,20260410,CHA,663436,Davis Martin,1,21,3,0,0,1,2,2
824128,20260410,CHA,701474,Duncan Davitt,0,3,0,1,0,0,0,0
823808,20260410,MIL,676879,Aaron Ashby,1,7,4,0,0,0,2,2
823808,20260410,MIL,694477,Chad Patrick,0,9,0,1,0,0,0,0
823808,20260410,MIL,672582,Angel Zerpa,0,5,0,1,0,0,1,1
823808,20260410,MIL,682842,Abner Uribe,0,3,2,0,0,0,0,0
823808,20260410,MIL,656730,Trevor Megill,0,0,0,0,1,0,4,4
823808,20260410,MIL,668834,Easton McGee,0,3,0,0,0,0,0,0
823808,20260410,WAS,663623,Jake Irvin,1,15,5,5,0,1,3,3
823808,20260410,WAS,687606,Paxton Schultz,0,3,1,0,0,0,0,0
823808,20260410,WAS,672335,Cionel Pérez,0,3,0,0,0,0,0,0
823808,20260410,WAS,676571,PJ Poulin,0,3,0,0,0,0,0,0
823808,20260410,WAS,690925,Clayton Beeter,0,3,1,0,0,0,0,0
823076,20260410,SLN,669160,Dustin May,1,18,4,0,1,0,2,1
823076,20260410,SLN,592773,Ryne Stanek,0,3,1,0,0,0,0,0
823076,20260410,SLN,668941,JoJo Romero,0,3,1,0,1,0,0,0
823076,20260410,SLN,676617,Riley O'Brien,0,3,1,0,0,0,0,0
823076,20260410,BOS,813349,Connelly Early,1,13,5,2,1,0,1,1
823076,20260410,BOS,677161,Zack Kelly,0,2,0,1,0,0,2,2
823076,20260410,BOS,701719,Tyler Samaniego,0,2,1,2,0,0,0,0
823076,20260410,BOS,669711,Greg Weissert,0,4,1,0,0,0,0,0
823076,20260410,BOS,663558,Jovani Morán,0,3,2,1,0,0,0,0
823318,20260410,SDN,621111,Walker Buehler,1,18,4,0,0,0,0,0
823318,20260410,SDN,606996,Kyle Hart,0,3,0,1,0,0,0,0
823318,20260410,SDN,670970,Adrian Morejon,0,2,0,0,0,0,2,2
823318,20260410,SDN,592094,Jason Adam,0,1,0,0,0,0,0,0
823318,20260410,SDN,695243,Mason Miller,0,3,3,0,0,0,0,0
823318,20260410,COL,608372,Tomoyuki Sugano,1,18,3,0,0,2,2,2
823318,20260410,COL,622608,Antonio Senzatela,0,5,3,2,0,0,0,0
823318,20260410,COL,677955,Jaden Hill,0,1,0,0,0,0,0,0
823318,20260410,COL,675848,Juan Mejia,0,1,0,1,0,1,3,3
823156,20260410,SEA,676106,Emerson Hancock,1,15,5,2,0,0,3,3
823156,20260410,SEA,642100,Gabe Speier,0,3,0,0,1,0,0,0
823156,20260410,SEA,660825,Eduard Bazardo,0,3,0,0,0,0,0,0
823156,20260410,SEA,677961,Cole Wilcox,0,1,0,0,1,1,3,3
823156,20260410,SEA,666374,Matt Brash,0,2,0,0,0,0,0,0
823156,20260410,SEA,662253,Andrés Muñoz,0,3,1,2,0,0,0,0
823156,20260410,HOU,837227,Tatsuya Imai,1,1,0,4,1,0,3,3
823156,20260410,HOU,595345,Steven Okert,0,5,2,0,0,0,0,0
823156,20260410,HOU,680802,Ryan Weiss,0,7,4,2,0,1,2,2
823156,20260410,HOU,641585,J.P. France,0,8,3,4,1,0,4,4
823156,20260410,HOU,660853,Enyel De Los Santos,0,3,1,0,0,0,0,0
823968,20260410,LAN,607192,Tyler Glasnow,1,18,7,1,0,2,4,4
823968,20260410,LAN,681911,Alex Vesia,0,3,3,1,0,0,0,0
823968,20260410,LAN,656945,Tanner Scott,0,3,2,0,0,0,0,0
823968,20260410,LAN,621242,Edwin Díaz,0,3,2,1,0,1,3,3
823968,20260410,TEX,677958,Kumar Rocker,1,15,5,2,0,2,3,3
823968,20260410,TEX,676395,Robert Garcia,0,3,0,1,0,0,2,2
823968,20260410,TEX,656222,Jalen Beeks,0,3,0,0,0,0,0,0
823968,20260410,TEX,681168,Luis Curvelo,0,3,0,1,0,1,2,2
823968,20260410,TEX,656641,Jacob Latz,0,2,2,0,0,1,1,1
823480,20260411,PHI,592836,Taijuan Walker,1,15,6,2,0,1,2,2
823480,20260411,PHI,641835,Tim Mayza,0,2,1,0,0,0,0,0
823480,20260411,PHI,689147,Orion Kerkering,0,3,1,0,0,0,0,0
823480,20260411,PHI,621237,José Alvarado,0,1,0,0,1,0,0,0
823480,20260411,PHI,641745,Brad Keller,0,3,2,1,0,0,1,1
823480,20260411,PHI,661395,Jhoan Duran,0,3,1,0,0,0,0,0
823480,20260411,ARI,694297,Brandon Pfaadt,1,18,6,3,1,2,4,3
823480,20260411,ARI,656464,Kevin Ginkel,0,3,2,1,0,0,0,0
823480,20260411,ARI,657044,Ryan Thompson,0,3,3,0,0,0,0,0
824294,20260411,DET,663554,Casey Mize,1,17,5,1,0,0,1,1
824294,20260411,DET,623454,Drew Anderson,0,10,2,2,0,0,0,0
824294,20260411,MIA,676083,Janson Junk,1,15,4,2,0,1,5,4
824294,20260411,MIA,667463,John King,0,3,2,1,1,0,0,0
824294,20260411,MIA,656848,Michael Petersen,0,3,0,0,0,0,0,0
824294,20260411,MIA,669622,Anthony Bender,0,3,0,1,0,0,1,1
824697,20260411,CHN,665795,Edward Cabrera,1,15,4,3,0,0,3,3
824697,20260411,CHN,676962,Ben Brown,0,6,3,1,0,0,0,0
824697,20260411,CHN,657097,Jacob Webb,0,3,2,0,0,0,0,0
824697,20260411,CHN,571948,Hoby Milner,0,3,0,0,0,0,0,0
824697,20260411,CHN,694037,Daniel Palencia,0,3,0,1,0,0,0,0
824697,20260411,CHN,573204,Caleb Thielbar,0,3,3,1,0,0,1,0
824697,20260411,PIT,677952,Braxton Ashcraft,1,15,9,1,0,0,1,1
824697,20260411,PIT,682254,Mason Montgomery,0,3,2,0,0,0,0,0
824697,20260411,PIT,664875,Justin Lawrence,0,2,0,1,0,0,1,1
824697,20260411,PIT,642397,Gregory Soto,0,1,0,0,0,0,0,0
824697,20260411,PIT,676755,Isaac Mattson,0,3,1,0,0,0,0,0
824697,20260411,PIT,642701,Dennis Santana,0,3,0,2,0,0,1,1
824697,20260411,PIT,670990,Yohan Ramírez,0,6,2,3,0,0,0,0
822830,20260411,TOR,641778,Eric Lauer,1,16,3,5,0,2,7,7
822830,20260411,TOR,693686,Spencer Miles,0,11,2,1,0,0,0,0
822830,20260411,MIN,657746,Joe Ryan,1,21,5,1,1,1,2,2
822830,20260411,MIN,681892,Kody Funderburk,0,3,0,1,0,0,0,0
822830,20260411,MIN,663485,Cole Sands,0,3,0,0,0,1,2,2
824535,20260411,CIN,682227,Brandon Williamson,1,12,3,6,1,0,3,3
824535,20260411,CIN,683175,Connor Phillips,0,2,0,2,0,0,0,0
824535,20260411,CIN,572955,Pierce Johnson,0,4,3,0,0,0,0,0
824535,20260411,CIN,668933,Graham Ashcraft,0,3,0,0,0,0,0,0
824535,20260411,CIN,663574,Tony Santillan,0,3,1,0,0,0,0,0
824535,20260411,CIN,641941,Emilio Pagán,0,3,0,1,0,0,0,0
824535,20260411,ANA,691946,George Klassen,1,6,2,5,0,1,5,4
824535,20260411,ANA,608718,Brent Suter,0,11,2,0,0,0,0,0
824535,20260411,ANA,666171,Ryan Zeferjahn,0,6,1,0,0,0,1,1
824535,20260411,ANA,681217,Chase Silseth,0,1,1,4,0,0,1,1
823644,20260411,NYN,673540,Kodai Senga,1,7,3,2,0,2,7,7
823644,20260411,NYN,623211,Huascar Brazobán,0,8,3,0,0,0,0,0
823644,20260411,NYN,548384,Brooks Raley,0,3,1,1,0,0,0,0
823644,20260411,NYN,518886,Craig Kimbrel,0,3,2,0,0,0,0,0
823644,20260411,NYN,596133,Luke Weaver,0,3,1,1,0,1,4,4
823644,20260411,NYN,472610,Luis García,0,3,1,0,0,0,0,0
823644,20260411,ATH,682052,Jacob Lopez,1,15,5,3,0,2,5,5
823644,20260411,ATH,669270,Joel Kuhnel,0,3,0,0,0,0,0,0
823644,20260411,ATH,686993,Justin Sterner,0,3,1,1,0,1,1,1
823644,20260411,ATH,643410,Mark Leiter Jr.,0,3,3,0,0,0,0,0
823644,20260411,ATH,665622,Luis Medina,0,3,1,0,0,0,0,0
824129,20260411,KCA,608379,Michael Wacha,1,24,7,1,0,0,0,0
824129,20260411,KCA,668674,Lucas Erceg,0,3,1,0,0,0,0,0
824129,20260411,CHA,607200,Erick Fedde,1,15,4,1,2,1,1,1
824129,20260411,CHA,656794,Sean Newcomb,0,6,1,0,0,0,0,0
824129,20260411,CHA,663855,Jordan Hicks,0,3,1,0,0,0,1,1
822996,20260411,TBA,607259,Nick Martinez,1,14,4,3,0,1,1,1
822996,20260411,TBA,687330,Kevin Kelly,0,1,1,0,0,0,0,0
822996,20260411,TBA,693855,Ian Seymour,0,5,3,0,0,0,0,0
822996,20260411,TBA,643377,Griffin Jax,0,1,1,1,0,0,0,0
822996,20260411,TBA,641329,Bryan Baker,0,3,0,1,0,0,2,2
822996,20260411,TBA,685801,Hunter Bigge,0,3,0,2,0,0,0,0
822996,20260411,TBA,642121,Cole Sulser,0,3,0,0,0,0,1,0
822996,20260411,NYA,608331,Max Fried,1,24,6,0,0,0,3,3
822996,20260411,NYA,518585,Fernando Cruz,0,2,1,0,0,0,0,0
822996,20260411,NYA,657612,Tim Hill,0,1,0,0,0,0,0,0
822996,20260411,NYA,670280,David Bednar,0,1,1,1,0,0,2,1
823805,20260411,MIL,690986,Kyle Harrison,1,13,1,1,1,0,2,2
823805,20260411,MIL,681982,Grant Anderson,0,2,1,0,0,0,0,0
823805,20260411,MIL,687075,Brandon Sproat,0,11,3,3,0,0,1,1
823805,20260411,MIL,669084,DL Hall,0,1,0,1,0,0,0,0
823805,20260411,WAS,656492,Foster Griffin,1,16,1,3,0,0,0,0
823805,20260411,WAS,695418,Brad Lord,0,5,3,1,0,0,0,0
823805,20260411,WAS,672335,Cionel Pérez,0,3,1,0,0,0,0,0
823805,20260411,WAS,690925,Clayton Beeter,0,3,2,2,0,1,1,1
824857,20260411,BAL,605135,Chris Bassitt,1,14,2,1,0,0,2,1
824857,20260411,BAL,664991,Grant Wolfram,0,3,1,0,0,0,0,0
824857,20260411,BAL,666974,Yennier Cano,0,1,0,0,0,0,0,0
824857,20260411,BAL,670329,Rico Garcia,0,3,1,0,0,0,0,0
824857,20260411,BAL,689296,Anthony Nunez,0,3,2,0,0,0,0,0
824857,20260411,BAL,664854,Ryan Helsley,0,3,0,0,0,0,0,0
824857,20260411,SFN,657277,Logan Webb,1,18,6,3,0,1,4,4
824857,20260411,SFN,668873,Caleb Kilian,0,2,2,1,0,1,1,1
824857,20260411,SFN,621366,Ryan Borucki,0,4,3,0,0,0,1,1
823074,20260411,SLN,681517,Kyle Leahy,1,12,2,3,1,0,2,2
823074,20260411,SLN,700669,Gordon Graceffo,0,7,2,1,1,0,0,0
823074,20260411,SLN,677865,Justin Bruihl,0,3,1,0,0,0,0,0
823074,20260411,SLN,694335,Matt Svanson,0,3,1,1,0,0,5,5
823074,20260411,SLN,694363,Jared Shuster,0,2,0,0,0,0,0,0
823074,20260411,BOS,624133,Ranger Suarez,1,18,6,2,0,0,0,0
823074,20260411,BOS,669711,Greg Weissert,0,2,0,1,0,0,0,0
823074,20260411,BOS,543056,Danny Coulombe,0,1,0,0,0,0,0,0
823074,20260411,BOS,676477,Garrett Whitlock,0,3,2,0,0,1,1,1
823074,20260411,BOS,670245,Ryan Watson,0,3,0,0,1,0,0,0
824939,20260411,ATL,527048,Martín Pérez,1,15,2,3,0,1,1,1
824939,20260411,ATL,606303,Joel Payamps,0,1,1,0,0,0,1,1
824939,20260411,ATL,607481,Aaron Bummer,0,2,0,2,0,0,0,0
824939,20260411,ATL,674370,Osvaldo Bido,0,8,1,2,0,0,3,3
824939,20260411,ATL,641755,Tyler Kinley,0,1,0,1,0,0,1,1
824939,20260411,CLE,800048,Parker Messick,1,20,5,2,0,0,0,0
824939,20260411,CLE,641401,Connor Brogdon,0,1,0,0,0,0,0,0
824939,20260411,CLE,681870,Erik Sabrowski,0,3,2,0,0,0,0,0
824939,20260411,CLE,542888,Shawn Armstrong,0,3,2,1,0,0,0,0
823316,20260411,SDN,608566,Germán Márquez,1,15,5,2,0,3,4,4
823316,20260411,SDN,593974,Wandy Peralta,0,4,2,1,0,0,0,0
823316,20260411,SDN,676760,Ron Marinaccio,0,5,2,0,0,0,1,1
823316,20260411,SDN,699134,Bradgley Rodriguez,0,2,1,1,0,0,0,0
823316,20260411,SDN,592094,Jason Adam,0,1,0,0,0,0,0,0
823316,20260411,COL,663372,Ryan Feltner,1,12,4,3,0,2,6,6
823316,20260411,COL,688642,Zach Agnos,0,4,0,3,0,0,3,2
823316,20260411,COL,657514,Brennan Bernardino,0,2,1,1,0,0,0,0
823316,20260411,COL,547179,Michael Lorenzen,0,3,0,0,1,0,0,0
823316,20260411,COL,623474,Jimmy Herget,0,3,0,0,0,0,0,0
823967,20260411,LAN,686218,Emmet Sheehan,1,18,6,1,0,2,3,3
823967,20260411,LAN,676263,Jack Dreyer,0,3,3,0,0,0,0,0
823967,20260411,LAN,656945,Tanner Scott,0,3,0,0,0,0,0,0
823967,20260411,LAN,595014,Blake Treinen,0,2,1,1,0,0,0,0
823967,20260411,LAN,681911,Alex Vesia,0,1,1,0,0,0,0,0
823967,20260411,TEX,683004,Jack Leiter,1,11,4,4,0,2,5,5
823967,20260411,TEX,641302,Tyler Alexander,0,7,2,1,0,0,0,0
823967,20260411,TEX,676395,Robert Garcia,0,3,0,1,0,0,0,0
823967,20260411,TEX,455119,Chris Martin,0,3,2,0,0,0,1,1
823155,20260411,SEA,622491,Luis Castillo,1,10,3,1,0,1,7,7
823155,20260411,SEA,668984,Casey Legumina,0,5,2,0,0,0,0,0
823155,20260411,SEA,678606,José A. Ferrer,0,3,1,0,0,0,0,0
823155,20260411,SEA,660825,Eduard Bazardo,0,3,2,0,0,0,0,0
823155,20260411,SEA,666374,Matt Brash,0,3,0,1,0,0,0,0
823155,20260411,SEA,662253,Andrés Muñoz,0,3,1,2,0,0,0,0
823155,20260411,HOU,621121,Lance McCullers Jr.,1,13,4,2,0,1,6,6
823155,20260411,HOU,595345,Steven Okert,0,2,0,0,0,1,1,1
823155,20260411,HOU,678906,Kai-Wei Teng,0,2,2,1,0,0,0,0
823155,20260411,HOU,687911,Bryan King,0,4,1,1,0,0,0,0
823155,20260411,HOU,805123,AJ Blubaugh,0,3,0,0,0,0,0,0
823155,20260411,HOU,650556,Bryan Abreu,0,1,1,3,0,0,1,1
824859,20260412,BAL,700249,Cade Povich,1,20,5,0,0,0,1,1
824859,20260412,BAL,689296,Anthony Nunez,0,1,1,0,0,0,0,0
824859,20260412,BAL,669330,Tyler Wells,0,6,1,0,0,1,1,1
824859,20260412,SFN,605288,Adrian Houser,1,14,3,2,0,1,4,4
824859,20260412,SFN,657424,Matt Gage,0,2,1,1,0,0,1,1
824859,20260412,SFN,676254,Ryan Walker,0,2,2,0,0,0,1,1
824859,20260412,SFN,669062,Erik Miller,0,3,1,1,0,0,0,0
824859,20260412,SFN,664141,JT Brubaker,0,3,0,1,0,0,0,0
823479,20260412,PHI,647315,Zach Pop,1,6,1,0,0,0,1,1
823479,20260412,PHI,691725,Andrew Painter,0,15,7,1,0,0,1,1
823479,20260412,PHI,621237,José Alvarado,0,1,0,0,0,0,2,2
823479,20260412,PHI,680742,Jonathan Bowlan,0,2,2,1,0,0,0,0
823479,20260412,PHI,641835,Tim Mayza,0,3,1,0,0,0,0,0
823479,20260412,ARI,668678,Zac Gallen,1,15,2,1,0,1,3,3
823479,20260412,ARI,642528,Jonathan Loáisiga,0,3,0,0,0,0,0,0
823479,20260412,ARI,664199,Taylor Clarke,0,3,0,0,0,0,0,0
823479,20260412,ARI,656464,Kevin Ginkel,0,1,1,1,0,0,0,0
823479,20260412,ARI,657044,Ryan Thompson,0,2,0,0,0,0,0,0
823479,20260412,ARI,623149,Paul Sewald,0,3,2,0,0,0,0,0
822828,20260412,TOR,453286,Max Scherzer,1,7,3,2,1,2,8,8
822828,20260412,TOR,573009,Joe Mantiply,0,5,1,0,1,0,0,0
822828,20260412,TOR,667297,Tommy Nance,0,3,1,0,0,0,0,0
822828,20260412,TOR,689254,Mason Fluharty,0,3,2,0,0,0,0,0
822828,20260412,TOR,686973,Louis Varland,0,3,3,0,0,0,0,0
822828,20260412,TOR,643511,Tyler Rogers,0,3,0,0,0,0,0,0
822828,20260412,TOR,656546,Jeff Hoffman,0,3,2,0,0,0,0,0
822828,20260412,MIN,671737,Taj Bradley,1,15,7,4,0,0,1,1
822828,20260412,MIN,702193,Andrew Morris,0,9,2,0,0,0,1,1
822828,20260412,MIN,623437,Justin Topa,0,3,0,0,0,0,0,0
824533,20260412,CIN,671096,Andrew Abbott,1,9,1,2,0,1,7,7
824533,20260412,CIN,693312,Kyle Nicolas,0,6,0,3,0,0,0,0
824533,20260412,CIN,656271,Brock Burke,0,4,0,1,0,0,1,1
824533,20260412,CIN,594580,Sam Moll,0,5,1,3,0,0,1,0
824533,20260412,CIN,683175,Connor Phillips,0,3,1,0,0,0,0,0
824533,20260412,ANA,667755,José Soriano,1,21,10,3,0,0,0,0
824533,20260412,ANA,696147,Sam Bachman,0,2,1,3,0,0,3,3
824533,20260412,ANA,680704,Nick Sandlin,0,1,0,0,1,0,2,2
824533,20260412,ANA,519141,Drew Pomeranz,0,3,1,0,0,1,1,1
823642,20260412,NYN,642547,Freddy Peralta,1,18,6,3,0,1,1,1
823642,20260412,NYN,640455,Sean Manaea,0,9,4,0,0,0,0,0
823642,20260412,ATH,650644,Aaron Civale,1,17,3,0,0,0,0,0
823642,20260412,ATH,663687,Hogan Harris,0,3,2,0,0,0,0,0
823642,20260412,ATH,605130,Scott Barlow,0,3,0,1,0,0,0,0
823642,20260412,ATH,665660,Elvis Alvarado,0,1,0,0,0,0,0,0
823642,20260412,ATH,669270,Joel Kuhnel,0,3,0,0,0,0,0,0
824293,20260412,DET,669373,Tarik Skubal,1,20,7,2,1,0,1,1
824293,20260412,DET,640448,Kyle Finnegan,0,4,0,0,0,0,0,0
824293,20260412,DET,657756,Connor Seabold,0,3,1,0,0,1,1,1
824293,20260412,MIA,645261,Sandy Alcantara,1,18,4,2,0,3,7,7
824293,20260412,MIA,663969,Tyler Phillips,0,6,2,1,0,0,1,1
822998,20260412,TBA,656876,Drew Rasmussen,1,18,7,0,0,0,0,0
822998,20260412,TBA,642121,Cole Sulser,0,1,0,1,0,0,2,2
822998,20260412,TBA,687330,Kevin Kelly,0,5,0,0,0,0,0,0
822998,20260412,TBA,669438,Mason Englert,0,3,1,1,0,1,2,2
822998,20260412,NYA,693645,Cam Schlittler,1,15,8,1,0,0,3,3
822998,20260412,NYA,642232,Ryan Yarbrough,0,3,1,0,0,0,1,1
822998,20260412,NYA,666808,Camilo Doval,0,3,0,0,0,0,0,0
822998,20260412,NYA,687396,Brent Headrick,0,3,0,0,0,0,1,1
824126,20260412,KCA,702070,Noah Cameron,1,16,4,2,0,2,5,5
824126,20260412,KCA,683232,Nick Mears,0,2,1,1,0,0,0,0
824126,20260412,KCA,670167,John Schreiber,0,3,1,1,1,0,1,1
824126,20260412,KCA,663738,Daniel Lynch IV,0,3,1,0,1,0,0,0
824126,20260412,KCA,656638,Alex Lange,0,3,2,1,0,0,0,0
824126,20260412,CHA,691799,Grant Taylor,1,6,2,0,0,0,0,0
824126,20260412,CHA,656794,Sean Newcomb,0,1,0,1,0,0,2,2
824126,20260412,CHA,686563,Jonathan Cannon,0,0,0,3,0,0,1,1
824126,20260412,CHA,685126,Brandon Eisert,0,3,1,0,0,0,2,2
824126,20260412,CHA,663855,Jordan Hicks,0,4,0,0,0,0,0,0
824126,20260412,CHA,663542,Bryan Hudson,0,3,3,0,0,0,0,0
824126,20260412,CHA,673929,Jordan Leasure,0,4,0,1,0,0,0,0
824126,20260412,CHA,608371,Lucas Sims,0,3,1,0,0,0,0,0
824126,20260412,CHA,622554,Seranthony Domínguez,0,3,2,1,0,0,0,0
823804,20260412,MIL,605540,Brandon Woodruff,1,18,6,1,0,1,2,1
823804,20260412,MIL,682842,Abner Uribe,0,2,0,0,0,0,2,2
823804,20260412,MIL,672582,Angel Zerpa,0,2,0,1,0,0,4,4
823804,20260412,MIL,676879,Aaron Ashby,0,2,1,0,0,0,0,0
823804,20260412,MIL,663765,Jake Woodford,0,3,0,0,0,0,0,0
823804,20260412,WAS,641793,Zack Littell,1,15,3,0,0,3,3,3
823804,20260412,WAS,686610,Ken Waldichuk,0,5,1,1,0,0,1,1
823804,20260412,WAS,669371,Cole Henry,0,0,0,1,0,1,2,2
823804,20260412,WAS,676571,PJ Poulin,0,4,0,0,0,0,0,0
823804,20260412,WAS,681402,Gus Varland,0,3,1,0,0,0,0,0
823075,20260412,SLN,669467,Andre Pallante,1,15,2,1,2,1,7,6
823075,20260412,SLN,666277,George Soriano,0,3,1,0,0,0,0,0
823075,20260412,SLN,694363,Jared Shuster,0,9,1,2,0,0,2,2
823075,20260412,BOS,678394,Brayan Bello,1,20,2,2,0,1,2,2
823075,20260412,BOS,543056,Danny Coulombe,0,1,0,0,0,0,0,0
823075,20260412,BOS,677161,Zack Kelly,0,6,2,0,0,1,1,1
824696,20260412,CHN,592791,Jameson Taillon,1,18,10,2,1,3,6,6
824696,20260412,CHN,702303,Riley Martin,0,4,2,0,0,0,0,0
824696,20260412,CHN,681799,Ethan Roberts,0,2,1,0,1,0,0,0
824696,20260412,CHN,694037,Daniel Palencia,0,3,2,1,0,0,0,0
824696,20260412,PIT,696149,Bubba Chandler,1,16,4,2,0,2,3,3
824696,20260412,PIT,682995,Hunter Barco,0,5,1,2,0,0,1,1
824696,20260412,PIT,664875,Justin Lawrence,0,3,2,2,0,0,2,1
824696,20260412,PIT,664353,José Urquidy,0,1,0,1,0,0,1,1
823317,20260412,SDN,601713,Nick Pivetta,1,9,4,0,0,0,0,0
823317,20260412,SDN,606996,Kyle Hart,0,7,1,1,1,0,2,2
823317,20260412,SDN,688158,David Morgan,0,5,4,1,0,0,0,0
823317,20260412,SDN,593974,Wandy Peralta,0,3,1,0,0,0,0,0
823317,20260412,SDN,699134,Bradgley Rodriguez,0,3,2,0,0,0,0,0
823317,20260412,COL,607536,Kyle Freeland,1,0,0,0,0,0,0,0
823317,20260412,COL,623474,Jimmy Herget,0,3,0,1,1,0,1,1
823317,20260412,COL,801403,Chase Dollander,0,3,0,0,0,0,1,1
823317,20260412,COL,678368,Valente Bellozo,0,13,1,4,1,3,5,5
823317,20260412,COL,657514,Brennan Bernardino,0,2,0,0,0,0,0,0
823317,20260412,COL,680767,Victor Vodnik,0,3,1,1,0,0,0,0
823154,20260412,SEA,669302,Logan Gilbert,1,21,7,1,0,1,1,1
823154,20260412,SEA,678606,José A. Ferrer,0,3,0,0,0,0,0,0
823154,20260412,SEA,681867,Cooper Criswell,0,3,1,0,0,0,0,0
823154,20260412,HOU,675989,Cody Bolton,1,3,1,4,1,0,2,2
823154,20260412,HOU,681151,Jayden Murray,0,6,3,3,0,0,2,2
823154,20260412,HOU,685005,Christian Roa,0,8,2,1,1,0,2,2
823154,20260412,HOU,660853,Enyel De Los Santos,0,4,0,0,0,0,0,0
823154,20260412,HOU,650556,Bryan Abreu,0,3,1,1,0,0,0,0
823966,20260412,LAN,808963,Roki Sasaki,1,12,6,5,0,1,2,2
823966,20260412,LAN,683618,Edgardo Henriquez,0,3,0,2,0,0,1,0
823966,20260412,LAN,676263,Jack Dreyer,0,3,0,0,0,0,0,0
823966,20260412,LAN,676508,Ben Casparius,0,3,1,2,0,0,2,2
823966,20260412,LAN,694361,Will Klein,0,6,4,1,0,0,0,0
823966,20260412,TEX,594798,Jacob deGrom,1,18,9,3,0,1,1,1
823966,20260412,TEX,656641,Jacob Latz,0,2,0,1,0,0,1,1
823966,20260412,TEX,668390,Cole Winn,0,4,1,1,0,0,0,0
823966,20260412,TEX,596001,Jakob Junis,0,3,2,1,0,0,0,0
824938,20260412,ATL,519242,Chris Sale,1,18,6,1,0,1,1,1
824938,20260412,ATL,689266,Dylan Dodd,0,9,2,0,0,0,0,0
824938,20260412,CLE,676440,Tanner Bibee,1,14,4,1,0,1,8,8
824938,20260412,CLE,663465,Kolby Allard,0,9,1,1,1,0,5,5
824938,20260412,CLE,595978,Austin Hedges,0,1,0,0,0,0,0,0
823153,20260413,SEA,669923,George Kirby,1,23,6,1,0,0,2,2
823153,20260413,SEA,666374,Matt Brash,0,1,0,0,0,0,0,0
823153,20260413,SEA,677961,Cole Wilcox,0,3,0,1,0,0,0,0
823153,20260413,HOU,681347,Mike Burrows,1,18,3,1,0,2,6,6
823153,20260413,HOU,641585,J.P. France,0,6,0,0,0,0,0,0
824856,20260413,BAL,665152,Dean Kremer,1,15,9,0,0,3,4,2
824856,20260413,BAL,544150,Albert Suárez,0,6,0,1,0,1,3,3
824856,20260413,BAL,670329,Rico Garcia,0,3,0,0,0,0,0,0
824856,20260413,BAL,664854,Ryan Helsley,0,3,2,0,0,0,0,0
824856,20260413,ARI,669194,Ryne Nelson,1,16,7,2,0,0,2,1
824856,20260413,ARI,688497,Taylor Rashi,0,2,1,1,0,1,4,4
824856,20260413,ARI,642528,Jonathan Loáisiga,0,2,0,1,1,1,2,2
824856,20260413,ARI,694851,Andrew Hoffmann,0,4,1,0,0,1,1,1
823400,20260413,PIT,694973,Paul Skenes,1,18,6,1,0,1,1,1
823400,20260413,PIT,664353,José Urquidy,0,3,0,0,0,1,4,4
823400,20260413,PIT,681895,Evan Sisk,0,6,3,1,1,0,0,0
823400,20260413,WAS,676917,Cade Cavalli,1,4,2,3,1,0,4,4
823400,20260413,WAS,687606,Paxton Schultz,0,8,4,0,0,1,1,1
823400,20260413,WAS,671131,Jackson Rutledge,0,4,2,2,0,0,7,7
823400,20260413,WAS,695418,Brad Lord,0,2,1,1,0,1,3,3
823400,20260413,WAS,687377,Orlando Ribalta,0,3,0,0,0,0,0,0
823400,20260413,WAS,686894,Joey Wiemer,0,3,0,1,1,0,1,1
823481,20260413,PHI,650911,Cristopher Sánchez,1,18,8,3,0,1,2,2
823481,20260413,PHI,686751,Seth Johnson,0,5,1,2,1,0,5,3
823481,20260413,PHI,689147,Orion Kerkering,0,4,3,0,0,0,0,0
823481,20260413,CHN,665871,Javier Assad,1,13,3,2,0,2,9,9
823481,20260413,CHN,657097,Jacob Webb,0,2,1,0,0,0,0,0
823481,20260413,CHN,656212,Charlie Barnes,0,9,1,3,1,0,4,3
823563,20260413,NYA,701542,Will Warren,1,11,6,1,1,0,4,0
823563,20260413,NYA,518585,Fernando Cruz,0,1,0,2,0,0,0,0
823563,20260413,NYA,657612,Tim Hill,0,5,0,0,0,0,1,1
823563,20260413,NYA,656234,Jake Bird,0,3,1,0,0,1,3,3
823563,20260413,NYA,666808,Camilo Doval,0,4,1,0,0,1,2,2
823563,20260413,NYA,621112,Paul Blackburn,0,3,0,0,0,0,0,0
823563,20260413,ANA,579328,Yusei Kikuchi,1,10,3,4,0,2,4,4
823563,20260413,ANA,641312,Shaun Anderson,0,7,1,1,0,2,4,4
823563,20260413,ANA,815083,Mitch Farris,0,4,1,0,0,0,0,0
823563,20260413,ANA,519141,Drew Pomeranz,0,3,2,0,0,0,0,0
823563,20260413,ANA,605447,Jordan Romano,0,0,0,2,0,1,3,3
824937,20260413,ATL,656550,Grant Holmes,1,12,3,2,0,0,3,3
824937,20260413,ATL,607481,Aaron Bummer,0,3,2,0,0,1,3,3
824937,20260413,ATL,691548,Rolddy Muñoz,0,6,3,1,0,1,3,3
824937,20260413,ATL,660761,José Suarez,0,6,1,0,0,0,1,1
824937,20260413,MIA,691587,Eury Pérez,1,12,2,2,0,0,4,3
824937,20260413,MIA,677053,Andrew Nardi,0,3,1,0,0,0,0,0
824937,20260413,MIA,676534,Calvin Faucher,0,2,2,3,0,0,0,0
824937,20260413,MIA,667463,John King,0,1,0,0,0,0,0,0
824937,20260413,MIA,669199,Lake Bachar,0,6,4,1,0,0,0,0
824937,20260413,MIA,669622,Anthony Bender,0,3,1,0,0,0,0,0
823725,20260413,MIN,641927,Bailey Ober,1,18,7,1,1,1,4,4
823725,20260413,MIN,679358,Eric Orze,0,3,0,1,0,0,2,2
823725,20260413,MIN,670183,Garrett Acton,0,6,3,2,0,0,0,0
823725,20260413,BOS,676979,Garrett Crochet,1,5,0,3,1,2,11,10
823725,20260413,BOS,663558,Jovani Morán,0,7,2,2,0,0,0,0
823725,20260413,BOS,670245,Ryan Watson,0,6,2,0,0,2,2,2
823725,20260413,BOS,701719,Tyler Samaniego,0,6,0,0,0,0,0,0
823073,20260413,SLN,669461,Matthew Liberatore,1,15,2,3,0,1,4,4
823073,20260413,SLN,677865,Justin Bruihl,0,3,1,1,0,1,2,2
823073,20260413,SLN,700669,Gordon Graceffo,0,4,1,1,0,0,1,0
823073,20260413,SLN,681676,Ryan Fernandez,0,5,2,0,0,0,2,0
823073,20260413,CLE,668909,Gavin Williams,1,15,4,2,0,1,2,2
823073,20260413,CLE,682120,Tim Herrin,0,3,1,1,0,0,0,0
823073,20260413,CLE,681870,Erik Sabrowski,0,3,0,0,0,0,0,0
823073,20260413,CLE,683769,Hunter Gaddis,0,3,1,1,0,0,1,1
823073,20260413,CLE,671922,Cade Smith,0,3,0,0,0,0,0,0
825024,20260413,ATH,622663,Luis Severino,1,18,7,3,0,2,4,4
825024,20260413,ATH,678022,Jack Perkins,0,5,4,1,0,0,4,4
825024,20260413,ATH,665622,Luis Medina,0,4,1,1,0,0,0,0
825024,20260413,TEX,543135,Nathan Eovaldi,1,21,7,2,1,0,0,0
825024,20260413,TEX,681168,Luis Curvelo,0,6,1,0,0,1,1,1
823964,20260413,LAN,680736,Justin Wrobleski,1,24,2,0,0,0,0,0
823964,20260413,LAN,656945,Tanner Scott,0,3,0,0,0,0,0,0
823964,20260413,NYN,656849,David Peterson,1,15,7,4,1,1,4,4
823964,20260413,NYN,518886,Craig Kimbrel,0,3,0,0,0,0,0,0
823964,20260413,NYN,680702,Joey Gerber,0,6,5,1,0,0,0,0
824853,20260414,BAL,669432,Trevor Rogers,1,14,6,1,0,1,4,4
824853,20260414,BAL,670329,Rico Garcia,0,4,2,0,0,0,0,0
824853,20260414,BAL,664991,Grant Wolfram,0,4,3,0,0,0,0,0
824853,20260414,BAL,666974,Yennier Cano,0,3,2,0,0,0,0,0
824853,20260414,BAL,675919,Nick Raquet,0,2,0,0,1,0,0,0
824853,20260414,ARI,518876,Merrill Kelly,1,16,3,4,0,1,2,2
824853,20260414,ARI,664199,Taylor Clarke,0,5,1,0,0,0,0,0
824853,20260414,ARI,666661,Juan Morillo,0,2,0,2,0,0,1,1
824853,20260414,ARI,657044,Ryan Thompson,0,1,0,0,0,0,0,0
824853,20260414,ARI,623149,Paul Sewald,0,3,1,0,0,0,0,0
824292,20260414,DET,664285,Framber Valdez,1,21,1,2,0,0,1,1
824292,20260414,DET,676684,Will Vest,0,3,3,0,0,0,0,0
824292,20260414,DET,445276,Kenley Jansen,0,3,0,0,0,0,0,0
824292,20260414,KCA,666142,Cole Ragans,1,18,1,4,0,0,0,0
824292,20260414,KCA,621381,Matt Strahm,0,3,1,1,0,0,0,0
824292,20260414,KCA,683232,Nick Mears,0,3,0,1,0,0,2,2
823398,20260414,PIT,656605,Mitch Keller,1,12,3,4,1,1,5,5
823398,20260414,PIT,670990,Yohan Ramírez,0,6,2,0,0,0,0,0
823398,20260414,PIT,682254,Mason Montgomery,0,3,2,0,0,0,0,0
823398,20260414,PIT,676755,Isaac Mattson,0,6,1,0,0,0,0,0
823398,20260414,WAS,676571,PJ Poulin,1,3,1,0,0,1,1,1
823398,20260414,WAS,571945,Miles Mikolas,0,10,0,2,0,1,3,3
823398,20260414,WAS,680730,Mitchell Parker,0,6,5,0,0,0,0,0
823398,20260414,WAS,672335,Cionel Pérez,0,3,0,1,0,0,0,0
823398,20260414,WAS,690925,Clayton Beeter,0,2,0,0,0,0,0,0
823398,20260414,WAS,681402,Gus Varland,0,3,1,1,0,0,0,0
824531,20260414,CIN,663903,Brady Singer,1,18,1,0,1,1,1,1
824531,20260414,CIN,668933,Graham Ashcraft,0,3,2,0,0,0,0,0
824531,20260414,CIN,663574,Tony Santillan,0,3,1,1,0,0,0,0
824531,20260414,CIN,641941,Emilio Pagán,0,3,1,0,0,0,0,0
824531,20260414,SFN,592662,Robbie Ray,1,15,6,4,0,2,2,2
824531,20260414,SFN,668873,Caleb Kilian,0,3,1,1,0,0,0,0
824531,20260414,SFN,676775,Keaton Winn,0,3,2,0,0,0,0,0
824531,20260414,SFN,676254,Ryan Walker,0,3,0,0,0,0,0,0
823478,20260414,PHI,605400,Aaron Nola,1,15,5,2,0,0,3,3
823478,20260414,PHI,641835,Tim Mayza,0,1,0,2,1,0,4,3
823478,20260414,PHI,641745,Brad Keller,0,2,2,0,0,0,0,0
823478,20260414,PHI,663767,Chase Shugart,0,6,3,1,0,0,0,0
823478,20260414,PHI,621383,Tanner Banks,0,3,1,1,0,1,3,3
823478,20260414,CHN,702303,Riley Martin,1,3,1,0,0,0,0,0
823478,20260414,CHN,607067,Colin Rea,0,18,5,0,0,1,3,3
823478,20260414,CHN,657097,Jacob Webb,0,1,0,0,0,0,1,1
823478,20260414,CHN,573204,Caleb Thielbar,0,2,2,1,0,0,0,0
823478,20260414,CHN,669020,Ryan Rolison,0,3,0,0,0,0,0,0
823562,20260414,NYA,677960,Ryan Weathers,1,15,10,2,0,4,5,5
823562,20260414,NYA,621112,Paul Blackburn,0,3,1,1,0,0,1,1
823562,20260414,NYA,660787,Yerry De los Santos,0,6,1,2,0,1,1,1
823562,20260414,NYA,687396,Brent Headrick,0,3,0,1,0,0,0,0
823562,20260414,ANA,672282,Reid Detmers,1,21,9,0,0,0,1,1
823562,20260414,ANA,681217,Chase Silseth,0,3,1,0,0,0,0,0
823562,20260414,ANA,666171,Ryan Zeferjahn,0,3,2,0,0,0,0,0
824935,20260414,ATL,625643,Reynaldo López,1,15,6,3,0,0,4,3
824935,20260414,ATL,669276,Dylan Lee,0,3,2,0,0,0,0,0
824935,20260414,ATL,641755,Tyler Kinley,0,3,0,0,0,0,0,0
824935,20260414,ATL,663158,Robert Suarez,0,3,1,0,0,0,1,1
824935,20260414,ATL,628452,Raisel Iglesias,0,3,2,0,0,0,0,0
824935,20260414,MIA,676974,Max Meyer,1,15,5,1,0,0,3,3
824935,20260414,MIA,656848,Michael Petersen,0,6,1,0,0,0,0,0
824935,20260414,MIA,664126,Pete Fairbanks,0,3,1,0,1,0,3,3
823723,20260414,MIN,690953,Mick Abel,1,21,10,0,1,0,0,0
823723,20260414,MIN,573124,Taylor Rogers,0,3,1,1,0,0,0,0
823723,20260414,MIN,663485,Cole Sands,0,3,1,0,0,0,0,0
823723,20260414,BOS,543243,Sonny Gray,1,12,1,1,1,2,5,5
823723,20260414,BOS,681252,Jack Anderson,0,9,4,1,0,1,1,1
823723,20260414,BOS,547973,Aroldis Chapman,0,3,3,0,1,0,0,0
824616,20260414,CHA,702273,Noah Schultz,1,13,4,4,0,0,4,3
824616,20260414,CHA,608371,Lucas Sims,0,4,1,1,0,0,2,2
824616,20260414,CHA,685126,Brandon Eisert,0,4,1,1,0,0,2,2
824616,20260414,CHA,663855,Jordan Hicks,0,3,0,0,0,0,0,0
824616,20260414,CHA,663542,Bryan Hudson,0,3,1,0,0,0,0,0
824616,20260414,TBA,663556,Shane McClanahan,1,15,4,4,0,1,3,2
824616,20260414,TBA,685801,Hunter Bigge,0,3,0,2,0,0,0,0
824616,20260414,TBA,669438,Mason Englert,0,3,1,0,0,0,0,0
824616,20260414,TBA,672782,Yoendrys Gómez,0,5,1,1,0,1,2,2
824616,20260414,TBA,641329,Bryan Baker,0,1,0,0,0,0,0,0
823802,20260414,MIL,694819,Jacob Misiorowski,1,16,5,0,0,2,2,2
823802,20260414,MIL,669084,DL Hall,0,2,0,0,0,0,0,0
823802,20260414,MIL,672582,Angel Zerpa,0,3,1,0,0,0,0,0
823802,20260414,MIL,682842,Abner Uribe,0,3,1,0,0,0,1,1
823802,20260414,MIL,656730,Trevor Megill,0,3,0,1,0,0,3,3
823802,20260414,MIL,681982,Grant Anderson,0,3,0,1,0,0,3,2
823802,20260414,TOR,592332,Kevin Gausman,1,15,5,3,0,1,3,3
823802,20260414,TOR,689254,Mason Fluharty,0,3,2,1,0,0,0,0
823802,20260414,TOR,680755,Braydon Fisher,0,3,2,0,0,1,1,1
823802,20260414,TOR,643511,Tyler Rogers,0,3,0,0,0,0,0,0
823802,20260414,TOR,656546,Jeff Hoffman,0,2,1,3,0,0,2,2
823802,20260414,TOR,686973,Louis Varland,0,4,2,0,0,0,1,0
823072,20260414,SLN,700241,Michael McGreevy,1,15,2,1,0,2,2,2
823072,20260414,SLN,666277,George Soriano,0,3,1,1,0,0,0,0
823072,20260414,SLN,668941,JoJo Romero,0,4,0,1,0,0,0,0
823072,20260414,SLN,592773,Ryne Stanek,0,2,0,0,0,0,3,3
823072,20260414,SLN,694335,Matt Svanson,0,3,2,0,0,0,0,0
823072,20260414,SLN,676617,Riley O'Brien,0,3,1,0,0,0,0,0
823072,20260414,CLE,676282,Joey Cantillo,1,18,4,2,0,2,2,2
823072,20260414,CLE,542888,Shawn Armstrong,0,3,1,0,0,0,0,0
823072,20260414,CLE,681870,Erik Sabrowski,0,3,2,1,0,1,2,2
823072,20260414,CLE,671922,Cade Smith,0,3,1,0,0,0,1,0
823072,20260414,CLE,682120,Tim Herrin,0,1,0,0,0,0,1,0
824210,20260414,HOU,676467,Colton Gordon,1,11,5,0,1,2,4,4
824210,20260414,HOU,805123,AJ Blubaugh,0,4,1,1,0,1,1,1
824210,20260414,HOU,595345,Steven Okert,0,3,1,1,0,0,0,0
824210,20260414,HOU,678906,Kai-Wei Teng,0,4,2,2,0,0,1,1
824210,20260414,HOU,687911,Bryan King,0,4,2,0,0,0,0,0
824210,20260414,HOU,660853,Enyel De Los Santos,0,1,1,0,0,0,0,0
824210,20260414,COL,547179,Michael Lorenzen,1,8,3,1,0,1,7,2
824210,20260414,COL,622608,Antonio Senzatela,0,10,3,0,0,0,0,0
824210,20260414,COL,675848,Juan Mejia,0,3,1,0,0,0,0,0
824210,20260414,COL,688642,Zach Agnos,0,3,2,0,0,0,0,0
823315,20260414,SDN,650633,Michael King,1,18,5,2,2,0,1,1
823315,20260414,SDN,670970,Adrian Morejon,0,3,1,0,0,0,0,0
823315,20260414,SDN,592094,Jason Adam,0,3,0,1,0,0,0,0
823315,20260414,SDN,695243,Mason Miller,0,3,1,0,0,0,0,0
823315,20260414,SEA,693433,Bryan Woo,1,21,3,1,0,0,3,3
823315,20260414,SEA,668984,Casey Legumina,0,3,1,0,0,0,1,1
825022,20260414,ATH,605488,Jeffrey Springs,1,19,5,2,0,0,1,1
825022,20260414,ATH,686993,Justin Sterner,0,2,1,0,0,0,0,0
825022,20260414,ATH,663687,Hogan Harris,0,2,0,2,0,0,0,0
825022,20260414,ATH,665660,Elvis Alvarado,0,1,0,0,0,0,0,0
825022,20260414,ATH,643410,Mark Leiter Jr.,0,3,2,0,0,0,0,0
825022,20260414,TEX,669022,MacKenzie Gore,1,14,5,6,0,0,2,2
825022,20260414,TEX,455119,Chris Martin,0,1,1,0,0,0,0,0
825022,20260414,TEX,676395,Robert Garcia,0,5,3,1,0,0,0,0
825022,20260414,TEX,681168,Luis Curvelo,0,0,0,1,0,0,0,0
825022,20260414,TEX,641302,Tyler Alexander,0,4,2,0,0,0,0,0
823965,20260414,LAN,808967,Yoshinobu Yamamoto,1,23,7,1,0,1,1,1
823965,20260414,LAN,595014,Blake Treinen,0,1,1,0,0,0,0,0
823965,20260414,LAN,681911,Alex Vesia,0,3,3,0,0,0,0,0
823965,20260414,NYN,690997,Nolan McLean,1,21,8,2,0,0,1,1
823965,20260414,NYN,548384,Brooks Raley,0,3,1,2,0,0,1,1
824855,20260415,BAL,680694,Kyle Bradish,1,18,4,1,0,0,4,2
824855,20260415,BAL,664991,Grant Wolfram,0,2,0,0,0,0,1,1
824855,20260415,BAL,666974,Yennier Cano,0,1,1,0,0,0,0,0
824855,20260415,BAL,689296,Anthony Nunez,0,3,1,0,0,0,0,0
824855,20260415,BAL,664854,Ryan Helsley,0,3,2,0,0,0,0,0
824855,20260415,BAL,669330,Tyler Wells,0,3,0,0,0,1,3,2
824855,20260415,ARI,593958,Eduardo Rodriguez,1,15,3,4,0,1,4,4
824855,20260415,ARI,656464,Kevin Ginkel,0,6,4,0,0,0,1,1
824855,20260415,ARI,664199,Taylor Clarke,0,3,0,0,0,0,0,0
824855,20260415,ARI,657044,Ryan Thompson,0,3,0,0,0,0,0,0
824855,20260415,ARI,666661,Juan Morillo,0,3,1,0,0,0,0,0
823071,20260415,SLN,669160,Dustin May,1,18,4,1,0,0,1,1
823071,20260415,SLN,677865,Justin Bruihl,0,2,1,1,0,0,2,2
823071,20260415,SLN,668941,JoJo Romero,0,4,1,0,0,0,0,0
823071,20260415,SLN,676617,Riley O'Brien,0,3,2,0,0,0,0,0
823071,20260415,CLE,677944,Slade Cecconi,1,12,4,5,0,0,1,1
823071,20260415,CLE,641401,Connor Brogdon,0,4,0,1,0,0,3,3
823071,20260415,CLE,682120,Tim Herrin,0,1,0,1,0,0,0,0
823071,20260415,CLE,670036,Matt Festa,0,7,3,0,1,0,1,1
823722,20260415,MIN,680573,Simeon Woods Richardson,1,15,3,3,0,1,7,6
823722,20260415,MIN,607455,Anthony Banda,0,3,1,0,1,0,2,2
823722,20260415,MIN,623437,Justin Topa,0,3,0,1,0,0,0,0
823722,20260415,MIN,681892,Kody Funderburk,0,3,2,0,0,0,0,0
823722,20260415,MIN,679358,Eric Orze,0,3,1,0,0,0,0,0
823722,20260415,BOS,813349,Connelly Early,1,18,5,2,1,1,1,1
823722,20260415,BOS,543056,Danny Coulombe,0,3,0,0,0,0,0,0
823722,20260415,BOS,676477,Garrett Whitlock,0,3,2,1,0,0,0,0
823722,20260415,BOS,670245,Ryan Watson,0,3,0,1,0,1,4,4
824291,20260415,DET,656427,Jack Flaherty,1,18,7,3,0,0,1,1
824291,20260415,DET,663947,Tyler Holton,0,2,0,0,0,0,0,0
824291,20260415,DET,640448,Kyle Finnegan,0,4,0,0,0,0,0,0
824291,20260415,DET,445276,Kenley Jansen,0,3,1,0,0,0,0,0
824291,20260415,KCA,607625,Seth Lugo,1,20,7,0,0,0,1,1
824291,20260415,KCA,663738,Daniel Lynch IV,0,1,1,0,0,0,0,0
824291,20260415,KCA,669212,Eli Morgan,0,3,1,1,0,1,1,1
823399,20260415,PIT,682254,Mason Montgomery,1,3,1,0,0,0,0,0
823399,20260415,PIT,669387,Carmen Mlodzinski,0,18,5,2,1,0,0,0
823399,20260415,PIT,642397,Gregory Soto,0,3,2,0,0,0,0,0
823399,20260415,PIT,642701,Dennis Santana,0,3,0,0,1,0,0,0
823399,20260415,WAS,663623,Jake Irvin,1,15,5,3,1,0,2,2
823399,20260415,WAS,695418,Brad Lord,0,9,2,0,1,0,0,0
824532,20260415,CIN,695076,Rhett Lowder,1,20,4,1,0,0,3,3
824532,20260415,CIN,656271,Brock Burke,0,1,1,0,0,0,0,0
824532,20260415,CIN,668933,Graham Ashcraft,0,3,0,1,0,0,0,0
824532,20260415,CIN,572955,Pierce Johnson,0,3,1,0,0,0,0,0
824532,20260415,SFN,641816,Tyler Mahle,1,12,6,5,0,4,8,8
824532,20260415,SFN,694918,Blade Tidwell,0,3,1,0,0,0,0,0
824532,20260415,SFN,621366,Ryan Borucki,0,3,1,0,0,0,0,0
824532,20260415,SFN,664141,JT Brubaker,0,6,2,1,0,0,0,0
823477,20260415,PHI,666200,Jesús Luzardo,1,16,4,1,0,1,9,8
823477,20260415,PHI,679775,Kyle Backhus,0,5,3,0,0,1,1,1
823477,20260415,PHI,621237,José Alvarado,0,3,1,0,0,0,0,0
823477,20260415,PHI,664238,Dylan Moore,0,3,0,1,1,0,1,1
823477,20260415,CHN,684007,Shota Imanaga,1,18,11,1,0,1,1,1
823477,20260415,CHN,676962,Ben Brown,0,6,0,0,0,0,0,0
823477,20260415,CHN,681432,Luke Little,0,3,1,0,0,1,1,1
823561,20260415,NYA,661563,Luis Gil,1,15,5,2,0,3,4,4
823561,20260415,NYA,657612,Tim Hill,0,3,0,0,0,0,0,0
823561,20260415,NYA,518585,Fernando Cruz,0,3,0,0,1,0,0,0
823561,20260415,NYA,687396,Brent Headrick,0,3,0,0,0,0,0,0
823561,20260415,NYA,670280,David Bednar,0,3,2,0,0,0,0,0
823561,20260415,ANA,686799,Jack Kochanowicz,1,20,6,4,0,1,3,3
823561,20260415,ANA,519141,Drew Pomeranz,0,4,0,0,0,0,0,0
823561,20260415,ANA,605447,Jordan Romano,0,1,0,1,0,0,2,2
824936,20260415,ATL,693821,Bryce Elder,1,17,7,2,1,0,0,0
824936,20260415,ATL,669276,Dylan Lee,0,1,1,1,0,0,0,0
824936,20260415,ATL,641755,Tyler Kinley,0,3,1,0,0,0,0,0
824936,20260415,ATL,674370,Osvaldo Bido,0,1,0,1,0,1,3,3
824936,20260415,ATL,663158,Robert Suarez,0,2,0,0,0,0,0,0
824936,20260415,ATL,628452,Raisel Iglesias,0,3,3,0,0,0,0,0
824936,20260415,MIA,663978,Chris Paddack,1,14,4,0,0,1,2,2
824936,20260415,MIA,667463,John King,0,4,1,0,1,1,1,1
824936,20260415,MIA,677053,Andrew Nardi,0,3,1,0,0,1,3,3
824936,20260415,MIA,676534,Calvin Faucher,0,3,1,0,0,0,0,0
824615,20260415,CHA,680732,Sean Burke,1,16,2,3,0,2,4,4
824615,20260415,CHA,656457,Tyler Gilbert,0,5,2,2,0,1,4,4
824615,20260415,CHA,663542,Bryan Hudson,0,3,1,0,0,0,0,0
824615,20260415,CHA,624512,Reese McGuire,0,3,0,0,0,0,0,0
824615,20260415,TBA,642121,Cole Sulser,1,6,1,1,0,0,0,0
824615,20260415,TBA,669947,Jesse Scholtens,0,15,3,2,1,0,0,0
824615,20260415,TBA,669438,Mason Englert,0,3,1,0,0,0,0,0
824615,20260415,TBA,693855,Ian Seymour,0,3,1,2,0,0,3,3
823803,20260415,MIL,694477,Chad Patrick,1,20,2,2,0,0,1,1
823803,20260415,MIL,669084,DL Hall,0,1,0,0,0,0,0,0
823803,20260415,MIL,676879,Aaron Ashby,0,3,3,1,0,0,0,0
823803,20260415,MIL,682842,Abner Uribe,0,3,1,0,0,0,0,0
823803,20260415,TOR,656302,Dylan Cease,1,18,6,3,0,0,0,0
823803,20260415,TOR,689254,Mason Fluharty,0,2,0,0,0,0,0,0
823803,20260415,TOR,680755,Braydon Fisher,0,1,0,0,0,0,0,0
823803,20260415,TOR,643511,Tyler Rogers,0,3,0,1,0,0,2,1
824209,20260415,HOU,681293,Spencer Arrighetti,1,18,10,4,2,0,1,1
824209,20260415,HOU,595345,Steven Okert,0,2,1,0,0,0,0,0
824209,20260415,HOU,650556,Bryan Abreu,0,4,2,1,0,0,0,0
824209,20260415,HOU,660853,Enyel De Los Santos,0,3,2,0,0,0,0,0
824209,20260415,COL,500779,Jose Quintana,1,11,1,4,0,1,3,3
824209,20260415,COL,677955,Jaden Hill,0,1,0,1,0,0,0,0
824209,20260415,COL,685299,Tanner Gordon,0,12,4,1,0,0,0,0
823314,20260415,SDN,681190,Randy Vásquez,1,12,6,4,0,0,4,4
823314,20260415,SDN,676760,Ron Marinaccio,0,6,2,1,0,1,2,2
823314,20260415,SDN,593974,Wandy Peralta,0,3,1,1,0,0,0,0
823314,20260415,SDN,689690,Alek Jacob,0,6,3,1,1,0,0,0
823314,20260415,SEA,676106,Emerson Hancock,1,18,6,1,0,1,2,2
823314,20260415,SEA,660825,Eduard Bazardo,0,3,0,0,0,0,0,0
823314,20260415,SEA,642100,Gabe Speier,0,3,0,0,0,0,0,0
823314,20260415,SEA,662253,Andrés Muñoz,0,2,1,1,0,0,5,5
823314,20260415,SEA,678606,José A. Ferrer,0,0,0,0,0,0,0,0
825021,20260415,ATH,669372,J.T. Ginn,1,16,3,4,0,1,2,2
825021,20260415,ATH,663687,Hogan Harris,0,2,1,0,0,0,0,0
825021,20260415,ATH,605130,Scott Barlow,0,3,1,0,0,0,0,0
825021,20260415,ATH,643410,Mark Leiter Jr.,0,2,1,1,0,1,3,3
825021,20260415,ATH,669270,Joel Kuhnel,0,4,2,0,0,0,0,0
825021,20260415,TEX,677958,Kumar Rocker,1,14,6,4,1,0,2,2
825021,20260415,TEX,656222,Jalen Beeks,0,3,2,1,0,0,1,1
825021,20260415,TEX,668390,Cole Winn,0,3,2,1,0,2,3,3
825021,20260415,TEX,686560,Gavin Collyer,0,1,1,0,0,0,0,0
825021,20260415,TEX,656641,Jacob Latz,0,3,0,0,0,0,0,0
823963,20260415,LAN,660271,Shohei Ohtani,1,18,10,2,0,0,1,1
823963,20260415,LAN,595014,Blake Treinen,0,3,1,0,0,0,0,0
823963,20260415,LAN,656945,Tanner Scott,0,3,0,0,0,0,0,0
823963,20260415,LAN,669165,Kyle Hurt,0,3,3,0,1,0,1,1
823963,20260415,NYN,605280,Clay Holmes,1,15,4,1,1,1,2,2
823963,20260415,NYN,668964,Tobias Myers,0,6,2,0,0,1,1,1
823963,20260415,NYN,642207,Devin Williams,0,1,1,1,0,1,4,4
823963,20260415,NYN,681810,Austin Warren,0,2,1,0,0,1,1,1
823396,20260416,PIT,677952,Braxton Ashcraft,1,17,7,2,1,0,5,2
823396,20260416,PIT,681895,Evan Sisk,0,1,1,0,0,0,1,1
823396,20260416,PIT,670990,Yohan Ramírez,0,3,2,1,1,0,1,1
823396,20260416,PIT,676755,Isaac Mattson,0,3,0,1,0,0,0,0
823396,20260416,PIT,664875,Justin Lawrence,0,3,0,0,1,0,0,0
823396,20260416,PIT,642701,Dennis Santana,0,3,0,0,0,0,1,0
823396,20260416,WAS,656492,Foster Griffin,1,16,7,1,0,1,4,4
823396,20260416,WAS,687606,Paxton Schultz,0,1,0,0,0,0,2,2
823396,20260416,WAS,676571,PJ Poulin,0,2,0,0,0,0,0,0
823396,20260416,WAS,681402,Gus Varland,0,2,0,0,0,0,0,0
823396,20260416,WAS,672335,Cionel Pérez,0,3,2,0,0,0,0,0
823396,20260416,WAS,690925,Clayton Beeter,0,3,1,2,1,0,1,1
823396,20260416,WAS,687377,Orlando Ribalta,0,3,1,0,0,0,0,0
824530,20260416,CIN,695505,Chase Burns,1,18,4,1,0,0,0,0
824530,20260416,CIN,656271,Brock Burke,0,2,2,0,0,0,3,0
824530,20260416,CIN,683175,Connor Phillips,0,3,2,1,1,0,0,0
824530,20260416,CIN,594580,Sam Moll,0,2,1,0,0,0,0,0
824530,20260416,CIN,693312,Kyle Nicolas,0,2,0,0,0,0,0,0
824530,20260416,SFN,694738,Landen Roupp,1,18,6,2,2,0,0,0
824530,20260416,SFN,676254,Ryan Walker,0,3,1,0,0,0,0,0
824530,20260416,SFN,676775,Keaton Winn,0,3,2,0,0,0,0,0
824530,20260416,SFN,669062,Erik Miller,0,3,3,1,0,0,0,0
824289,20260416,DET,672456,Keider Montero,1,18,5,0,0,0,4,4
824289,20260416,DET,623454,Drew Anderson,0,1,0,1,0,0,3,3
824289,20260416,DET,663947,Tyler Holton,0,1,0,0,0,1,1,1
824289,20260416,DET,646241,Enmanuel De Jesus,0,3,1,0,0,0,0,0
824289,20260416,DET,657756,Connor Seabold,0,4,2,0,0,1,1,1
824289,20260416,KCA,663460,Kris Bubic,1,14,3,3,0,0,5,5
824289,20260416,KCA,670167,John Schreiber,0,1,1,0,0,1,1,1
824289,20260416,KCA,656638,Alex Lange,0,3,2,0,0,0,0,0
824289,20260416,KCA,683232,Nick Mears,0,3,0,0,0,0,1,1
824289,20260416,KCA,663738,Daniel Lynch IV,0,3,1,0,0,0,0,0
824289,20260416,KCA,668674,Lucas Erceg,0,2,1,1,0,0,3,3
823560,20260416,NYA,608331,Max Fried,1,16,3,3,0,1,5,5
823560,20260416,NYA,518585,Fernando Cruz,0,2,2,1,0,0,1,1
823560,20260416,NYA,683409,Angel Chivilli,0,2,2,2,0,1,1,1
823560,20260416,NYA,642232,Ryan Yarbrough,0,7,0,1,1,1,4,4
823560,20260416,ANA,608718,Brent Suter,1,6,2,2,0,1,1,1
823560,20260416,ANA,680704,Nick Sandlin,0,4,1,1,0,1,2,2
823560,20260416,ANA,691951,Sam Aldegheri,0,5,2,1,0,1,1,1
823560,20260416,ANA,696147,Sam Bachman,0,9,2,0,0,0,0,0
823560,20260416,ANA,681217,Chase Silseth,0,3,1,0,0,0,0,0
823801,20260416,MIL,687075,Brandon Sproat,1,20,6,1,0,0,1,1
823801,20260416,MIL,676879,Aaron Ashby,0,1,0,0,0,0,0,0
823801,20260416,MIL,656730,Trevor Megill,0,3,2,0,0,0,0,0
823801,20260416,MIL,672582,Angel Zerpa,0,3,0,0,0,0,0,0
823801,20260416,TOR,571578,Patrick Corbin,1,17,6,1,0,0,1,1
823801,20260416,TOR,667297,Tommy Nance,0,2,0,2,0,0,1,1
823801,20260416,TOR,573009,Joe Mantiply,0,3,1,0,0,0,0,0
823801,20260416,TOR,686973,Louis Varland,0,2,1,0,0,0,0,0
824614,20260416,CHA,673929,Jordan Leasure,1,4,0,1,0,0,0,0
824614,20260416,CHA,641743,Anthony Kay,0,8,1,1,1,0,1,1
824614,20260416,CHA,663855,Jordan Hicks,0,3,1,1,0,0,0,0
824614,20260416,CHA,691799,Grant Taylor,0,4,3,1,0,0,1,1
824614,20260416,CHA,656794,Sean Newcomb,0,5,3,0,0,0,0,0
824614,20260416,CHA,622554,Seranthony Domínguez,0,1,1,1,1,1,3,3
824614,20260416,CHA,608371,Lucas Sims,0,2,1,2,0,0,0,0
824614,20260416,TBA,571927,Steven Matz,1,16,4,1,0,1,2,2
824614,20260416,TBA,643377,Griffin Jax,0,2,1,1,0,0,0,0
824614,20260416,TBA,687330,Kevin Kelly,0,6,2,1,0,1,1,1
824614,20260416,TBA,641329,Bryan Baker,0,3,0,1,0,0,0,0
825023,20260416,ATH,682052,Jacob Lopez,1,15,5,4,0,0,2,2
825023,20260416,ATH,665622,Luis Medina,0,4,1,1,0,0,2,2
825023,20260416,ATH,605130,Scott Barlow,0,2,0,2,0,1,1,1
825023,20260416,ATH,678022,Jack Perkins,0,3,0,0,1,0,0,0
825023,20260416,ATH,686993,Justin Sterner,0,3,1,1,0,0,4,3
825023,20260416,TEX,683004,Jack Leiter,1,17,3,3,1,0,3,3
825023,20260416,TEX,676395,Robert Garcia,0,1,0,0,0,0,0,0
825023,20260416,TEX,641302,Tyler Alexander,0,1,0,0,0,0,0,0
825023,20260416,TEX,596001,Jakob Junis,0,4,0,1,0,0,3,3
825023,20260416,TEX,656641,Jacob Latz,0,1,0,0,0,0,0,0
825023,20260416,TEX,615698,Cal Quantrill,0,3,0,0,0,0,0,0
824453,20260416,CLE,800048,Parker Messick,1,24,9,2,0,0,2,2
824453,20260416,CLE,671922,Cade Smith,0,3,0,0,0,0,0,0
824453,20260416,BAL,669358,Shane Baz,1,18,6,3,0,1,4,4
824453,20260416,BAL,671382,Cameron Foster,0,5,3,1,0,0,0,0
824453,20260416,BAL,669330,Tyler Wells,0,1,1,0,0,0,0,0
824208,20260416,HOU,680802,Ryan Weiss,1,11,3,4,0,1,2,2
824208,20260416,HOU,685005,Christian Roa,0,4,0,0,0,0,1,1
824208,20260416,HOU,805123,AJ Blubaugh,0,6,2,2,0,0,0,0
824208,20260416,HOU,678906,Kai-Wei Teng,0,6,0,0,0,0,0,0
824208,20260416,COL,675848,Juan Mejia,1,2,2,0,1,0,2,2
824208,20260416,COL,801403,Chase Dollander,0,16,9,2,1,0,0,0
824208,20260416,COL,677955,Jaden Hill,0,3,1,2,0,0,0,0
824208,20260416,COL,623474,Jimmy Herget,0,3,1,1,0,0,0,0
824208,20260416,COL,680767,Victor Vodnik,0,3,0,1,0,0,0,0
823313,20260416,SDN,621111,Walker Buehler,1,15,7,1,0,0,2,2
823313,20260416,SDN,699134,Bradgley Rodriguez,0,1,0,1,0,0,0,0
823313,20260416,SDN,670970,Adrian Morejon,0,5,2,0,0,0,0,0
823313,20260416,SDN,592094,Jason Adam,0,3,0,0,1,0,0,0
823313,20260416,SDN,695243,Mason Miller,0,3,3,0,0,0,0,0
823313,20260416,SEA,622491,Luis Castillo,1,16,3,3,0,0,4,1
823313,20260416,SEA,677961,Cole Wilcox,0,5,3,0,1,0,1,1
823313,20260416,SEA,681867,Cooper Criswell,0,3,0,0,0,0,0,0
824693,20260417,CHN,665795,Edward Cabrera,1,18,4,2,0,0,3,3
824693,20260417,CHN,702303,Riley Martin,0,3,1,0,0,0,0,0
824693,20260417,CHN,657097,Jacob Webb,0,3,1,0,0,0,1,1
824693,20260417,CHN,571948,Hoby Milner,0,3,0,0,0,0,0,0
824693,20260417,NYN,673540,Kodai Senga,1,10,3,3,0,2,7,6
824693,20260417,NYN,623211,Huascar Brazobán,0,2,1,0,0,0,0,0
824693,20260417,NYN,640455,Sean Manaea,0,12,2,1,0,1,5,5
824454,20260417,CLE,676440,Tanner Bibee,1,18,5,3,0,0,0,0
824454,20260417,CLE,683769,Hunter Gaddis,0,3,3,0,0,0,0,0
824454,20260417,CLE,542888,Shawn Armstrong,0,0,0,2,1,0,3,3
824454,20260417,CLE,681870,Erik Sabrowski,0,2,1,1,0,0,2,2
824454,20260417,CLE,641401,Connor Brogdon,0,4,2,0,0,1,1,1
824454,20260417,BAL,605135,Chris Bassitt,1,15,2,4,0,0,0,0
824454,20260417,BAL,666974,Yennier Cano,0,2,1,1,0,0,0,0
824454,20260417,BAL,664991,Grant Wolfram,0,2,2,1,0,0,3,0
824454,20260417,BAL,689296,Anthony Nunez,0,2,1,0,0,1,1,1
824454,20260417,BAL,670329,Rico Garcia,0,3,0,0,0,0,0,0
824454,20260417,BAL,664854,Ryan Helsley,0,3,1,1,0,0,0,0
823476,20260417,PHI,592836,Taijuan Walker,1,12,4,3,1,2,7,7
823476,20260417,PHI,641835,Tim Mayza,0,6,0,0,0,0,0,0
823476,20260417,PHI,621383,Tanner Banks,0,3,1,1,0,0,0,0
823476,20260417,PHI,689147,Orion Kerkering,0,3,0,0,0,1,1,1
823476,20260417,PHI,663767,Chase Shugart,0,3,0,0,0,1,1,1
823476,20260417,ATL,527048,Martín Pérez,1,18,4,2,2,0,0,0
823476,20260417,ATL,660761,José Suarez,0,9,1,1,0,0,0,0
822752,20260417,WAS,641793,Zack Littell,1,12,4,1,0,2,8,8
822752,20260417,WAS,687606,Paxton Schultz,0,9,1,0,0,1,1,1
822752,20260417,WAS,676571,PJ Poulin,0,3,1,0,0,0,0,0
822752,20260417,WAS,663992,Richard Lovelady,0,3,1,2,0,0,1,1
822752,20260417,SFN,657277,Logan Webb,1,18,6,2,0,1,4,3
822752,20260417,SFN,657424,Matt Gage,0,3,1,0,0,1,1,1
822752,20260417,SFN,668873,Caleb Kilian,0,3,2,1,0,0,0,0
822752,20260417,SFN,694918,Blade Tidwell,0,3,0,0,1,0,0,0
823397,20260417,PIT,696149,Bubba Chandler,1,18,3,1,0,0,1,1
823397,20260417,PIT,682254,Mason Montgomery,0,3,2,0,0,0,0,0
823397,20260417,PIT,642397,Gregory Soto,0,3,0,0,0,0,0,0
823397,20260417,PIT,642701,Dennis Santana,0,3,1,1,0,0,0,0
823397,20260417,TBA,607259,Nick Martinez,1,16,3,3,0,0,2,2
823397,20260417,TBA,643377,Griffin Jax,0,2,0,0,0,1,1,1
823397,20260417,TBA,672782,Yoendrys Gómez,0,6,3,2,0,0,2,2
823559,20260417,NYA,693645,Cam Schlittler,1,18,6,2,0,0,1,0
823559,20260417,NYA,687396,Brent Headrick,0,3,1,0,0,0,0,0
823559,20260417,NYA,666808,Camilo Doval,0,3,1,0,0,1,1,1
823559,20260417,NYA,670280,David Bednar,0,3,2,1,0,0,0,0
823559,20260417,KCA,608379,Michael Wacha,1,18,6,3,0,1,2,2
823559,20260417,KCA,669212,Eli Morgan,0,3,0,2,0,0,0,0
823559,20260417,KCA,656638,Alex Lange,0,3,2,0,0,1,2,2
823883,20260417,MIA,676083,Janson Junk,1,16,3,2,1,0,4,3
823883,20260417,MIA,667463,John King,0,4,2,0,0,0,0,0
823883,20260417,MIA,663969,Tyler Phillips,0,4,3,3,0,0,0,0
823883,20260417,MIA,664126,Pete Fairbanks,0,3,1,0,0,0,0,0
823883,20260417,MIA,676534,Calvin Faucher,0,3,1,1,0,0,3,1
823883,20260417,MIL,689441,Coleman Crow,1,16,4,1,0,0,2,2
823883,20260417,MIL,669084,DL Hall,0,2,1,0,0,1,1,1
823883,20260417,MIL,681982,Grant Anderson,0,3,0,1,0,0,0,0
823883,20260417,MIL,672582,Angel Zerpa,0,3,1,1,0,0,1,1
823883,20260417,MIL,682842,Abner Uribe,0,3,1,2,0,0,0,0
823883,20260417,MIL,656730,Trevor Megill,0,3,2,0,0,0,1,0
824778,20260417,BOS,624133,Ranger Suarez,1,24,4,1,0,0,0,0
824778,20260417,BOS,547973,Aroldis Chapman,0,3,1,1,0,0,0,0
824778,20260417,BOS,676477,Garrett Whitlock,0,3,1,0,0,0,0,0
824778,20260417,DET,663554,Casey Mize,1,20,7,1,1,0,0,0
824778,20260417,DET,640448,Kyle Finnegan,0,3,0,1,0,0,0,0
824778,20260417,DET,676428,Brant Hurter,0,1,0,0,0,0,0,0
824778,20260417,DET,676684,Will Vest,0,4,2,1,0,0,1,0
824207,20260417,HOU,663567,Peter Lambert,1,15,8,1,2,0,4,4
824207,20260417,HOU,595345,Steven Okert,0,3,0,1,0,0,0,0
824207,20260417,HOU,650556,Bryan Abreu,0,3,0,1,0,1,3,3
824207,20260417,HOU,641585,J.P. France,0,6,1,1,0,1,2,2
824207,20260417,SLN,681517,Kyle Leahy,1,15,6,0,0,3,3,3
824207,20260417,SLN,677865,Justin Bruihl,0,3,0,0,0,0,0,0
824207,20260417,SLN,668941,JoJo Romero,0,3,0,0,0,0,0,0
824207,20260417,SLN,592773,Ryne Stanek,0,3,3,2,0,0,1,1
824207,20260417,SLN,666277,George Soriano,0,3,1,0,0,0,0,0
823720,20260417,MIN,657746,Joe Ryan,1,18,6,0,0,0,2,1
823720,20260417,MIN,623437,Justin Topa,0,3,0,0,0,0,0,0
823720,20260417,MIN,681892,Kody Funderburk,0,3,0,0,0,0,0,0
823720,20260417,MIN,663485,Cole Sands,0,3,2,1,0,0,0,0
823720,20260417,CIN,682227,Brandon Williamson,1,16,2,4,1,0,1,1
823720,20260417,CIN,683175,Connor Phillips,0,2,1,0,0,0,0,0
823720,20260417,CIN,668933,Graham Ashcraft,0,3,0,1,0,0,0,0
823720,20260417,CIN,663574,Tony Santillan,0,3,0,0,0,0,0,0
823720,20260417,CIN,641941,Emilio Pagán,0,3,1,0,0,0,0,0
824373,20260417,COL,608372,Tomoyuki Sugano,1,12,3,2,0,1,5,5
824373,20260417,COL,688642,Zach Agnos,0,12,4,1,0,1,2,2
824373,20260417,COL,657514,Brennan Bernardino,0,3,1,0,0,0,0,0
824373,20260417,LAN,607192,Tyler Glasnow,1,21,7,2,0,0,1,1
824373,20260417,LAN,676263,Jack Dreyer,0,6,3,1,0,0,0,0
824048,20260417,ANA,667755,José Soriano,1,17,8,4,0,0,0,0
824048,20260417,ANA,681217,Chase Silseth,0,1,0,0,0,0,0,0
824048,20260417,ANA,641312,Shaun Anderson,0,6,2,0,0,0,0,0
824048,20260417,ANA,605447,Jordan Romano,0,3,3,0,0,0,0,0
824048,20260417,SDN,663362,Matt Waldron,1,11,4,1,1,1,6,6
824048,20260417,SDN,688158,David Morgan,0,2,1,2,1,1,2,2
824048,20260417,SDN,593974,Wandy Peralta,0,5,3,0,0,0,0,0
824048,20260417,SDN,699134,Bradgley Rodriguez,0,3,0,0,0,0,0,0
824048,20260417,SDN,606996,Kyle Hart,0,3,1,0,0,0,0,0
823152,20260417,SEA,669302,Logan Gilbert,1,16,7,1,1,1,2,2
823152,20260417,SEA,660825,Eduard Bazardo,0,2,2,0,0,0,0,0
823152,20260417,SEA,678606,José A. Ferrer,0,2,1,0,0,0,1,1
823152,20260417,SEA,668984,Casey Legumina,0,7,2,1,1,0,2,2
823152,20260417,TEX,594798,Jacob deGrom,1,12,3,2,0,0,0,0
823152,20260417,TEX,686560,Gavin Collyer,0,4,2,1,0,0,0,0
823152,20260417,TEX,641302,Tyler Alexander,0,2,0,0,0,0,0,0
823152,20260417,TEX,656222,Jalen Beeks,0,3,1,1,0,0,0,0
823152,20260417,TEX,668390,Cole Winn,0,3,1,1,0,0,0,0
823152,20260417,TEX,656641,Jacob Latz,0,3,0,0,0,0,0,0
825101,20260417,ARI,647336,Michael Soroka,1,21,5,0,0,1,2,2
825101,20260417,ARI,642528,Jonathan Loáisiga,0,3,1,0,0,0,1,1
825101,20260417,ARI,623149,Paul Sewald,0,3,1,0,0,0,0,0
825101,20260417,TOR,680755,Braydon Fisher,1,3,0,0,0,0,0,0
825101,20260417,TOR,641778,Eric Lauer,0,15,4,1,0,1,3,3
825101,20260417,TOR,693686,Spencer Miles,0,3,1,1,0,0,2,0
825101,20260417,TOR,573009,Joe Mantiply,0,3,1,0,0,0,1,1
825019,20260417,ATH,650644,Aaron Civale,1,14,4,1,1,0,5,5
825019,20260417,ATH,665660,Elvis Alvarado,0,6,3,3,0,1,4,4
825019,20260417,ATH,686993,Justin Sterner,0,7,4,0,0,0,0,0
825019,20260417,CHA,663436,Davis Martin,1,21,4,2,0,0,1,1
825019,20260417,CHA,680951,Doug Nikhazy,0,6,1,2,0,0,1,1
823558,20260418,NYA,701542,Will Warren,1,21,11,0,0,1,2,2
823558,20260418,NYA,621112,Paul Blackburn,0,6,1,1,0,0,2,2
823558,20260418,KCA,702070,Noah Cameron,1,12,3,2,0,3,7,5
823558,20260418,KCA,687765,Mitch Spence,0,12,3,5,0,1,6,6
823721,20260418,MIN,671737,Taj Bradley,1,18,5,2,0,0,2,2
823721,20260418,MIN,623437,Justin Topa,0,2,1,0,0,0,1,1
823721,20260418,MIN,681892,Kody Funderburk,0,1,0,0,1,0,0,0
823721,20260418,MIN,679358,Eric Orze,0,3,1,0,0,0,1,1
823721,20260418,MIN,663485,Cole Sands,0,3,0,0,0,0,1,1
823721,20260418,CIN,671096,Andrew Abbott,1,14,3,3,0,0,4,3
823721,20260418,CIN,594580,Sam Moll,0,1,1,1,0,0,0,0
823721,20260418,CIN,572955,Pierce Johnson,0,3,2,0,0,0,0,0
823721,20260418,CIN,656271,Brock Burke,0,3,1,1,0,0,0,0
823721,20260418,CIN,693312,Kyle Nicolas,0,3,3,0,0,0,0,0
823721,20260418,CIN,663574,Tony Santillan,0,3,2,0,0,0,0,0
824694,20260418,CHN,592791,Jameson Taillon,1,18,4,3,0,1,1,1
824694,20260418,CHN,676962,Ben Brown,0,6,1,1,0,0,1,0
824694,20260418,CHN,573204,Caleb Thielbar,0,3,2,0,0,0,0,0
824694,20260418,NYN,642547,Freddy Peralta,1,17,3,2,1,1,3,3
824694,20260418,NYN,548384,Brooks Raley,0,2,0,0,0,1,1,1
824694,20260418,NYN,596133,Luke Weaver,0,2,0,0,0,0,0,0
824694,20260418,NYN,518886,Craig Kimbrel,0,3,0,1,0,0,0,0
823394,20260418,PIT,694973,Paul Skenes,1,12,5,0,0,0,0,0
823394,20260418,PIT,676742,Cam Sanders,0,2,2,1,0,0,4,4
823394,20260418,PIT,681895,Evan Sisk,0,5,2,0,0,0,1,1
823394,20260418,PIT,664875,Justin Lawrence,0,5,1,0,1,0,0,0
823394,20260418,PIT,642397,Gregory Soto,0,3,1,1,0,0,0,0
823394,20260418,PIT,676755,Isaac Mattson,0,3,0,0,0,0,0,0
823394,20260418,PIT,670990,Yohan Ramírez,0,9,1,2,0,1,3,1
823394,20260418,TBA,656876,Drew Rasmussen,1,11,3,2,0,2,4,4
823394,20260418,TBA,669438,Mason Englert,0,2,0,1,0,0,0,0
823394,20260418,TBA,693855,Ian Seymour,0,5,3,0,0,0,0,0
823394,20260418,TBA,685801,Hunter Bigge,0,3,0,0,0,0,0,0
823394,20260418,TBA,641329,Bryan Baker,0,3,2,1,0,0,1,1
823394,20260418,TBA,642121,Cole Sulser,0,4,1,1,0,0,0,0
823394,20260418,TBA,687330,Kevin Kelly,0,5,2,1,0,0,1,0
823394,20260418,TBA,643377,Griffin Jax,0,3,2,1,0,0,0,0
823394,20260418,TBA,672782,Yoendrys Gómez,0,3,1,1,0,0,1,0
822751,20260418,WAS,676917,Cade Cavalli,1,12,5,0,0,0,3,1
822751,20260418,WAS,680730,Mitchell Parker,0,9,2,0,0,1,3,3
822751,20260418,WAS,681402,Gus Varland,0,3,2,0,0,0,0,0
822751,20260418,WAS,663992,Richard Lovelady,0,6,2,1,0,0,0,0
822751,20260418,WAS,672335,Cionel Pérez,0,6,0,0,0,0,1,0
822751,20260418,SFN,605288,Adrian Houser,1,17,1,2,1,1,5,4
822751,20260418,SFN,621366,Ryan Borucki,0,1,1,0,0,0,0,0
822751,20260418,SFN,669062,Erik Miller,0,3,2,0,0,0,0,0
822751,20260418,SFN,657424,Matt Gage,0,3,0,0,0,0,0,0
822751,20260418,SFN,676254,Ryan Walker,0,6,2,2,0,0,1,1
822751,20260418,SFN,668873,Caleb Kilian,0,6,2,1,0,0,0,0
825020,20260418,ATH,622663,Luis Severino,1,16,3,4,2,2,5,5
825020,20260418,ATH,663687,Hogan Harris,0,4,0,0,1,1,1,1
825020,20260418,ATH,669270,Joel Kuhnel,0,4,0,0,0,0,0,0
825020,20260418,ATH,643410,Mark Leiter Jr.,0,2,1,2,0,0,0,0
825020,20260418,ATH,678022,Jack Perkins,0,7,3,2,1,0,0,0
825020,20260418,CHA,607200,Erick Fedde,1,14,3,4,0,1,3,3
825020,20260418,CHA,656794,Sean Newcomb,0,4,0,0,0,0,1,1
825020,20260418,CHA,673929,Jordan Leasure,0,3,0,1,0,1,2,2
825020,20260418,CHA,663542,Bryan Hudson,0,3,2,2,0,0,0,0
825020,20260418,CHA,622554,Seranthony Domínguez,0,3,1,2,0,0,0,0
825020,20260418,CHA,663855,Jordan Hicks,0,3,0,1,0,0,0,0
825020,20260418,CHA,608371,Lucas Sims,0,2,0,0,0,0,1,0
824775,20260418,BOS,678394,Brayan Bello,1,12,4,3,0,1,4,4
824775,20260418,BOS,663558,Jovani Morán,0,9,3,1,0,0,0,0
824775,20260418,BOS,669711,Greg Weissert,0,3,0,0,0,0,0,0
824775,20260418,BOS,677161,Zack Kelly,0,3,0,0,0,0,0,0
824775,20260418,DET,669373,Tarik Skubal,1,18,10,2,0,0,1,1
824775,20260418,DET,663947,Tyler Holton,0,6,2,0,0,0,0,0
824775,20260418,DET,445276,Kenley Jansen,0,3,0,0,0,0,0,0
823882,20260418,MIA,645261,Sandy Alcantara,1,15,1,6,0,1,3,2
823882,20260418,MIA,669622,Anthony Bender,0,2,2,2,1,0,2,2
823882,20260418,MIA,669199,Lake Bachar,0,7,1,2,0,0,0,0
823882,20260418,MIA,667463,John King,0,3,1,1,0,0,0,0
823882,20260418,MIL,605540,Brandon Woodruff,1,21,4,1,0,0,1,1
823882,20260418,MIL,663765,Jake Woodford,0,4,0,0,0,0,1,1
823882,20260418,MIL,682842,Abner Uribe,0,2,0,0,0,0,0,0
824451,20260418,CLE,668909,Gavin Williams,1,21,11,1,0,1,1,1
824451,20260418,CLE,683769,Hunter Gaddis,0,3,2,0,0,1,1,1
824451,20260418,CLE,671922,Cade Smith,0,3,3,0,0,0,0,0
824451,20260418,BAL,665152,Dean Kremer,1,18,7,2,0,1,3,3
824451,20260418,BAL,544150,Albert Suárez,0,6,1,0,0,1,1,1
824206,20260418,HOU,621121,Lance McCullers Jr.,1,15,4,3,2,1,4,4
824206,20260418,HOU,676467,Colton Gordon,0,8,5,1,0,2,3,3
824206,20260418,HOU,805123,AJ Blubaugh,0,4,2,0,0,0,0,0
824206,20260418,SLN,669467,Andre Pallante,1,15,5,3,0,1,1,1
824206,20260418,SLN,700669,Gordon Graceffo,0,6,1,0,0,0,0,0
824206,20260418,SLN,694335,Matt Svanson,0,3,1,3,0,0,1,1
824206,20260418,SLN,666277,George Soriano,0,1,1,2,0,1,3,3
824206,20260418,SLN,676617,Riley O'Brien,0,2,1,0,0,0,0,0
823151,20260418,SEA,669923,George Kirby,1,17,5,2,0,1,1,1
823151,20260418,SEA,666374,Matt Brash,0,1,0,0,0,0,0,0
823151,20260418,SEA,642100,Gabe Speier,0,2,1,2,0,0,0,0
823151,20260418,SEA,660825,Eduard Bazardo,0,3,0,2,0,0,0,0
823151,20260418,SEA,678606,José A. Ferrer,0,1,0,0,0,0,0,0
823151,20260418,SEA,677961,Cole Wilcox,0,2,1,2,0,0,2,2
823151,20260418,SEA,662253,Andrés Muñoz,0,1,1,0,0,0,0,0
823151,20260418,TEX,543135,Nathan Eovaldi,1,15,3,1,0,1,4,2
823151,20260418,TEX,615698,Cal Quantrill,0,9,5,2,0,0,3,3
823474,20260418,PHI,650911,Cristopher Sánchez,1,18,8,1,0,0,3,0
823474,20260418,PHI,621237,José Alvarado,0,3,1,0,0,0,0,0
823474,20260418,PHI,621383,Tanner Banks,0,3,2,2,0,0,0,0
823474,20260418,PHI,641745,Brad Keller,0,3,1,1,0,0,0,0
823474,20260418,ATL,519242,Chris Sale,1,21,7,1,0,1,1,1
823474,20260418,ATL,669276,Dylan Lee,0,3,1,0,0,0,0,0
823474,20260418,ATL,663158,Robert Suarez,0,3,2,0,0,0,0,0
824372,20260418,COL,663372,Ryan Feltner,1,17,5,1,0,2,3,2
824372,20260418,COL,657514,Brennan Bernardino,0,4,2,0,1,0,0,0
824372,20260418,COL,677955,Jaden Hill,0,3,1,1,0,0,0,0
824372,20260418,COL,680767,Victor Vodnik,0,3,0,0,0,0,0,0
824372,20260418,LAN,686218,Emmet Sheehan,1,15,4,2,0,0,2,2
824372,20260418,LAN,694361,Will Klein,0,3,0,0,0,0,2,2
824372,20260418,LAN,681911,Alex Vesia,0,3,1,0,0,0,0,0
824372,20260418,LAN,683618,Edgardo Henriquez,0,3,2,0,0,0,0,0
825098,20260418,ARI,668678,Zac Gallen,1,17,3,0,0,0,2,2
825098,20260418,ARI,657044,Ryan Thompson,0,3,0,0,0,0,0,0
825098,20260418,ARI,666661,Juan Morillo,0,4,2,0,0,0,0,0
825098,20260418,ARI,656464,Kevin Ginkel,0,3,2,0,0,0,0,0
825098,20260418,TOR,453286,Max Scherzer,1,18,1,1,0,0,2,2
825098,20260418,TOR,643511,Tyler Rogers,0,3,0,0,0,0,0,0
825098,20260418,TOR,656546,Jeff Hoffman,0,3,2,1,0,1,4,4
824049,20260418,ANA,579328,Yusei Kikuchi,1,18,8,1,1,0,0,0
824049,20260418,ANA,666171,Ryan Zeferjahn,0,3,0,2,0,0,2,2
824049,20260418,ANA,680704,Nick Sandlin,0,5,2,2,0,0,2,2
824049,20260418,ANA,641312,Shaun Anderson,0,1,0,0,0,0,0,0
824049,20260418,SDN,608566,Germán Márquez,1,17,5,2,0,0,0,0
824049,20260418,SDN,670970,Adrian Morejon,0,4,2,1,0,0,0,0
824049,20260418,SDN,592094,Jason Adam,0,3,1,0,0,0,1,1
824049,20260418,SDN,695243,Mason Miller,0,3,2,1,0,0,0,0
822750,20260419,WAS,676571,PJ Poulin,1,2,0,0,0,0,0,0
822750,20260419,WAS,571945,Miles Mikolas,0,12,4,1,0,0,0,0
822750,20260419,WAS,674841,Andrew Alvarez,0,13,5,0,0,0,0,0
822750,20260419,SFN,592662,Robbie Ray,1,18,7,1,0,1,3,3
822750,20260419,SFN,676775,Keaton Winn,0,3,1,0,0,0,0,0
822750,20260419,SFN,664141,JT Brubaker,0,3,0,0,0,0,0,0
823393,20260419,PIT,656605,Mitch Keller,1,21,5,0,0,0,2,2
823393,20260419,PIT,676755,Isaac Mattson,0,3,1,0,0,0,0,0
823393,20260419,PIT,696062,Wilber Dotel,0,3,1,0,0,1,1,1
823393,20260419,TBA,663556,Shane McClanahan,1,13,5,0,0,0,4,4
823393,20260419,TBA,669438,Mason Englert,0,7,3,1,0,1,1,1
823393,20260419,TBA,693855,Ian Seymour,0,4,1,0,0,1,1,1
823556,20260419,NYA,677960,Ryan Weathers,1,22,8,1,0,0,0,0
823556,20260419,NYA,683409,Angel Chivilli,0,5,1,1,1,0,0,0
823556,20260419,KCA,666142,Cole Ragans,1,13,6,8,0,3,7,7
823556,20260419,KCA,696131,Mason Black,0,5,2,1,0,0,0,0
823556,20260419,KCA,669212,Eli Morgan,0,3,1,1,0,0,0,0
823556,20260419,KCA,670167,John Schreiber,0,3,0,0,0,0,0,0
824452,20260419,CLE,676282,Joey Cantillo,1,14,6,3,1,1,4,3
824452,20260419,CLE,670036,Matt Festa,0,1,0,0,0,0,0,0
824452,20260419,CLE,688883,Peyton Pallette,0,6,2,0,0,0,0,0
824452,20260419,CLE,681870,Erik Sabrowski,0,3,3,1,0,0,0,0
824452,20260419,CLE,542888,Shawn Armstrong,0,3,1,0,0,0,0,0
824452,20260419,BAL,669432,Trevor Rogers,1,15,5,2,0,2,6,5
824452,20260419,BAL,669330,Tyler Wells,0,6,5,0,0,0,0,0
824452,20260419,BAL,671382,Cameron Foster,0,3,2,2,0,0,2,2
823881,20260419,MIA,691587,Eury Pérez,1,18,7,1,0,0,1,0
823881,20260419,MIA,656848,Michael Petersen,0,5,1,0,0,0,1,1
823881,20260419,MIA,677053,Andrew Nardi,0,0,0,2,0,0,1,1
823881,20260419,MIA,676534,Calvin Faucher,0,1,0,0,0,0,0,0
823881,20260419,MIA,664126,Pete Fairbanks,0,3,2,0,0,0,0,0
823881,20260419,MIL,694819,Jacob Misiorowski,1,15,9,3,1,0,3,1
823881,20260419,MIL,669084,DL Hall,0,1,1,2,0,0,2,2
823881,20260419,MIL,681982,Grant Anderson,0,2,0,0,0,0,0,0
823881,20260419,MIL,692230,Carlos Rodriguez,0,6,3,0,0,0,0,0
824205,20260419,HOU,681347,Mike Burrows,1,14,7,2,0,0,4,4
824205,20260419,HOU,595345,Steven Okert,0,1,1,0,0,0,0,0
824205,20260419,HOU,678906,Kai-Wei Teng,0,6,3,1,0,0,0,0
824205,20260419,HOU,660853,Enyel De Los Santos,0,3,1,0,0,0,0,0
824205,20260419,HOU,687911,Bryan King,0,6,1,0,2,0,3,1
824205,20260419,SLN,669461,Matthew Liberatore,1,18,4,2,0,0,1,1
824205,20260419,SLN,592773,Ryne Stanek,0,3,0,0,0,0,0,0
824205,20260419,SLN,668941,JoJo Romero,0,2,0,1,0,1,3,3
824205,20260419,SLN,676617,Riley O'Brien,0,4,2,0,0,0,0,0
824205,20260419,SLN,677865,Justin Bruihl,0,2,0,0,0,0,1,0
824205,20260419,SLN,700669,Gordon Graceffo,0,1,0,0,0,0,0,0
823718,20260419,MIN,641927,Bailey Ober,1,19,10,4,0,0,1,0
823718,20260419,MIN,573124,Taylor Rogers,0,2,0,0,0,0,0,0
823718,20260419,MIN,702193,Andrew Morris,0,4,2,2,0,0,3,3
823718,20260419,MIN,670183,Garrett Acton,0,5,2,1,0,0,3,0
823718,20260419,CIN,663903,Brady Singer,1,18,2,4,0,0,3,3
823718,20260419,CIN,683175,Connor Phillips,0,3,1,1,0,0,0,0
823718,20260419,CIN,693312,Kyle Nicolas,0,3,1,0,0,0,0,0
823718,20260419,CIN,641941,Emilio Pagán,0,3,0,0,0,0,1,1
823718,20260419,CIN,668933,Graham Ashcraft,0,3,1,1,0,0,0,0
824691,20260419,CHN,665871,Javier Assad,1,17,3,0,0,1,1,1
824691,20260419,CHN,657097,Jacob Webb,0,4,2,0,0,0,0,0
824691,20260419,CHN,702303,Riley Martin,0,3,2,0,0,0,0,0
824691,20260419,CHN,656686,Corbin Martin,0,3,1,0,0,0,0,0
824691,20260419,CHN,573204,Caleb Thielbar,0,3,1,0,0,0,0,0
824691,20260419,NYN,668964,Tobias Myers,1,6,2,1,0,0,0,0
824691,20260419,NYN,656849,David Peterson,0,11,1,0,1,0,0,0
824691,20260419,NYN,623211,Huascar Brazobán,0,1,1,2,0,0,0,0
824691,20260419,NYN,548384,Brooks Raley,0,2,0,0,0,0,0,0
824691,20260419,NYN,596133,Luke Weaver,0,4,0,0,0,0,0,0
824691,20260419,NYN,642207,Devin Williams,0,3,3,0,0,0,1,1
824691,20260419,NYN,518886,Craig Kimbrel,0,2,1,0,0,0,1,0
824371,20260419,COL,547179,Michael Lorenzen,1,15,3,1,0,0,3,3
824371,20260419,COL,622608,Antonio Senzatela,0,6,2,0,0,0,1,1
824371,20260419,COL,623474,Jimmy Herget,0,3,1,0,0,0,0,0
824371,20260419,COL,680767,Victor Vodnik,0,3,1,1,0,0,2,2
824371,20260419,LAN,808963,Roki Sasaki,1,14,2,2,1,1,3,3
824371,20260419,LAN,681911,Alex Vesia,0,1,0,0,0,0,0,0
824371,20260419,LAN,694361,Will Klein,0,3,1,0,0,0,0,0
824371,20260419,LAN,595014,Blake Treinen,0,0,0,0,0,1,3,3
824371,20260419,LAN,676263,Jack Dreyer,0,3,1,0,0,0,0,0
824371,20260419,LAN,621242,Edwin Díaz,0,0,0,1,0,0,3,3
824371,20260419,LAN,669165,Kyle Hurt,0,3,1,0,0,0,0,0
825018,20260419,ATH,605488,Jeffrey Springs,1,15,7,1,0,4,7,7
825018,20260419,ATH,686930,Mason Barnett,0,6,1,2,0,0,0,0
825018,20260419,ATH,665622,Luis Medina,0,3,1,0,0,0,0,0
825018,20260419,ATH,605130,Scott Barlow,0,3,2,0,1,0,0,0
825018,20260419,CHA,702273,Noah Schultz,1,15,6,1,0,1,1,1
825018,20260419,CHA,691799,Grant Taylor,0,5,3,1,0,0,3,3
825018,20260419,CHA,673929,Jordan Leasure,0,1,0,0,0,0,0,0
825018,20260419,CHA,663542,Bryan Hudson,0,3,1,0,0,0,0,0
825018,20260419,CHA,622554,Seranthony Domínguez,0,3,1,1,1,0,0,0
824047,20260419,ANA,700712,Walbert Ureña,1,18,8,2,0,0,2,2
824047,20260419,ANA,696147,Sam Bachman,0,6,3,0,0,0,0,0
824047,20260419,ANA,608718,Brent Suter,0,3,0,1,0,0,0,0
824047,20260419,SDN,650633,Michael King,1,15,6,4,1,0,0,0
824047,20260419,SDN,676760,Ron Marinaccio,0,3,1,2,0,0,0,0
824047,20260419,SDN,606996,Kyle Hart,0,1,0,0,1,0,1,1
824047,20260419,SDN,699134,Bradgley Rodriguez,0,5,2,1,0,0,0,0
824047,20260419,SDN,695243,Mason Miller,0,3,2,0,0,0,0,0
823150,20260419,SEA,693433,Bryan Woo,1,21,6,1,1,0,2,2
823150,20260419,SEA,642100,Gabe Speier,0,3,2,0,0,0,0,0
823150,20260419,SEA,662253,Andrés Muñoz,0,3,3,0,0,0,0,0
823150,20260419,TEX,669022,MacKenzie Gore,1,15,5,1,0,3,5,5
823150,20260419,TEX,641302,Tyler Alexander,0,3,1,0,0,0,0,0
823150,20260419,TEX,656222,Jalen Beeks,0,2,1,0,0,0,0,0
823150,20260419,TEX,686560,Gavin Collyer,0,1,0,1,0,0,0,0
823150,20260419,TEX,596001,Jakob Junis,0,3,0,2,1,0,0,0
825100,20260419,ARI,669194,Ryne Nelson,1,1,1,1,0,0,8,8
825100,20260419,ARI,694851,Andrew Hoffmann,0,7,3,1,0,1,1,1
825100,20260419,ARI,694297,Brandon Pfaadt,0,19,3,2,0,0,1,1
825100,20260419,TOR,592332,Kevin Gausman,1,18,4,1,0,0,2,2
825100,20260419,TOR,689254,Mason Fluharty,0,3,1,0,0,1,2,2
825100,20260419,TOR,667297,Tommy Nance,0,3,0,0,0,0,0,0
825100,20260419,TOR,680755,Braydon Fisher,0,3,0,0,0,0,0,0
824777,20260419,BOS,676979,Garrett Crochet,1,15,8,2,0,2,5,5
824777,20260419,BOS,670245,Ryan Watson,0,3,0,0,0,0,0,0
824777,20260419,BOS,681252,Jack Anderson,0,9,0,1,0,0,1,1
824777,20260419,DET,664285,Framber Valdez,1,18,7,2,0,1,1,1
824777,20260419,DET,640448,Kyle Finnegan,0,3,1,0,0,0,0,0
824777,20260419,DET,676684,Will Vest,0,3,0,1,0,0,0,0
824777,20260419,DET,657756,Connor Seabold,0,3,2,0,0,0,1,1
823475,20260419,PHI,691725,Andrew Painter,1,12,4,1,1,1,3,3
823475,20260419,PHI,641835,Tim Mayza,0,3,2,1,0,0,1,1
823475,20260419,PHI,663767,Chase Shugart,0,2,1,1,0,0,0,0
823475,20260419,PHI,679775,Kyle Backhus,0,4,1,0,0,0,0,0
823475,20260419,PHI,689147,Orion Kerkering,0,3,0,1,0,0,0,0
823475,20260419,PHI,686751,Seth Johnson,0,3,1,0,0,0,0,0
823475,20260419,ATL,656550,Grant Holmes,1,14,4,1,0,1,2,2
823475,20260419,ATL,607481,Aaron Bummer,0,1,0,0,0,0,0,0
823475,20260419,ATL,641755,Tyler Kinley,0,3,1,1,1,0,0,0
823475,20260419,ATL,669276,Dylan Lee,0,3,0,1,0,0,0,0
823475,20260419,ATL,663158,Robert Suarez,0,3,1,0,0,0,0,0
823475,20260419,ATL,628452,Raisel Iglesias,0,3,1,1,0,0,0,0
824776,20260420,BOS,543243,Sonny Gray,1,8,2,1,0,0,1,1
824776,20260420,BOS,543056,Danny Coulombe,0,2,0,1,1,0,1,1
824776,20260420,BOS,677161,Zack Kelly,0,5,1,0,0,0,0,0
824776,20260420,BOS,663558,Jovani Morán,0,0,0,2,0,0,1,1
824776,20260420,BOS,669711,Greg Weissert,0,3,3,0,0,0,0,0
824776,20260420,BOS,676477,Garrett Whitlock,0,3,0,0,0,0,0,0
824776,20260420,BOS,670245,Ryan Watson,0,4,0,0,0,0,3,3
824776,20260420,BOS,547973,Aroldis Chapman,0,2,1,0,0,0,0,0
824776,20260420,DET,656427,Jack Flaherty,1,10,3,6,0,0,2,0
824776,20260420,DET,676428,Brant Hurter,0,8,2,0,0,0,1,1
824776,20260420,DET,663947,Tyler Holton,0,2,1,2,0,0,3,3
824776,20260420,DET,623454,Drew Anderson,0,4,1,0,0,0,2,2
824450,20260420,CLE,677944,Slade Cecconi,1,15,2,2,0,2,7,6
824450,20260420,CLE,670036,Matt Festa,0,6,1,0,0,0,1,1
824450,20260420,CLE,682120,Tim Herrin,0,3,0,1,0,0,0,0
824450,20260420,CLE,641401,Connor Brogdon,0,3,1,0,0,1,1,1
824450,20260420,HOU,681293,Spencer Arrighetti,1,15,3,4,1,0,2,2
824450,20260420,HOU,595345,Steven Okert,0,3,0,0,0,0,0,0
824450,20260420,HOU,805123,AJ Blubaugh,0,3,1,1,0,0,0,0
824450,20260420,HOU,681151,Jayden Murray,0,6,2,1,0,0,0,0
822994,20260420,TBA,669947,Jesse Scholtens,1,17,6,0,1,1,5,5
822994,20260420,TBA,694680,Trevor Martin,0,7,2,0,0,0,1,1
822994,20260420,TBA,642121,Cole Sulser,0,3,0,0,0,0,0,0
822994,20260420,CIN,695076,Rhett Lowder,1,18,3,2,0,0,1,1
822994,20260420,CIN,656271,Brock Burke,0,3,2,0,0,0,0,0
822994,20260420,CIN,572955,Pierce Johnson,0,3,0,1,0,0,0,0
822994,20260420,CIN,683175,Connor Phillips,0,3,0,2,0,0,0,0
823879,20260420,MIA,676974,Max Meyer,1,16,8,2,2,0,2,2
823879,20260420,MIA,676534,Calvin Faucher,0,2,1,0,0,0,0,0
823879,20260420,MIA,677053,Andrew Nardi,0,4,0,0,0,0,0,0
823879,20260420,MIA,669622,Anthony Bender,0,2,2,0,0,0,0,0
823879,20260420,MIA,664126,Pete Fairbanks,0,3,2,0,0,0,1,1
823879,20260420,SLN,700241,Michael McGreevy,1,17,3,2,0,1,4,4
823879,20260420,SLN,694335,Matt Svanson,0,4,0,2,0,0,0,0
823879,20260420,SLN,681676,Ryan Fernandez,0,3,1,2,0,0,1,1
822749,20260420,WAS,663623,Jake Irvin,1,15,4,0,2,1,4,3
822749,20260420,WAS,676571,PJ Poulin,0,1,0,1,0,0,2,2
822749,20260420,WAS,695418,Brad Lord,0,8,1,0,0,0,1,1
822749,20260420,WAS,642759,Julian Fernández,0,3,1,2,0,0,2,0
822749,20260420,ATL,693821,Bryce Elder,1,20,6,2,1,1,4,3
822749,20260420,ATL,607481,Aaron Bummer,0,1,0,0,0,0,0,0
822749,20260420,ATL,641755,Tyler Kinley,0,3,2,0,0,0,0,0
822749,20260420,ATL,606303,Joel Payamps,0,3,1,0,0,0,0,0
824125,20260420,KCA,607625,Seth Lugo,1,21,7,4,0,0,0,0
824125,20260420,KCA,621381,Matt Strahm,0,3,3,0,0,0,0,0
824125,20260420,KCA,668674,Lucas Erceg,0,3,0,3,0,0,1,1
824125,20260420,KCA,663738,Daniel Lynch IV,0,4,2,0,0,0,1,0
824125,20260420,KCA,670167,John Schreiber,0,2,0,0,0,0,0,0
824125,20260420,KCA,656638,Alex Lange,0,3,2,1,0,1,5,4
824125,20260420,BAL,680694,Kyle Bradish,1,16,7,3,0,1,1,1
824125,20260420,BAL,670329,Rico Garcia,0,3,1,1,0,0,0,0
824125,20260420,BAL,664991,Grant Wolfram,0,2,1,0,1,0,0,0
824125,20260420,BAL,666974,Yennier Cano,0,3,0,0,0,0,0,0
824125,20260420,BAL,664854,Ryan Helsley,0,3,2,0,0,0,0,0
824125,20260420,BAL,689296,Anthony Nunez,0,6,1,1,0,0,1,0
824125,20260420,BAL,671382,Cameron Foster,0,3,1,1,0,0,3,2
824692,20260420,CHN,607067,Colin Rea,1,20,5,2,0,0,1,1
824692,20260420,CHN,571948,Hoby Milner,0,4,0,2,0,0,0,0
824692,20260420,CHN,656686,Corbin Martin,0,3,0,1,0,0,0,0
824692,20260420,PHI,605400,Aaron Nola,1,13,5,4,0,1,5,5
824692,20260420,PHI,679775,Kyle Backhus,0,2,1,0,0,0,0,0
824692,20260420,PHI,663767,Chase Shugart,0,6,2,0,0,0,0,0
824692,20260420,PHI,686751,Seth Johnson,0,3,2,1,0,0,0,0
824370,20260420,COL,500779,Jose Quintana,1,15,1,1,0,2,6,4
824370,20260420,COL,685299,Tanner Gordon,0,12,6,3,0,3,6,6
824370,20260420,LAN,680736,Justin Wrobleski,1,21,3,0,0,0,1,1
824370,20260420,LAN,683618,Edgardo Henriquez,0,3,2,0,0,1,1,1
824370,20260420,LAN,671109,Jake Eder,0,3,0,1,0,0,1,1
824046,20260420,ANA,672282,Reid Detmers,1,18,5,2,1,1,4,4
824046,20260420,ANA,681217,Chase Silseth,0,3,1,0,0,0,0,0
824046,20260420,ANA,641312,Shaun Anderson,0,6,0,1,0,0,1,1
824046,20260420,TOR,656302,Dylan Cease,1,15,12,2,0,0,2,2
824046,20260420,TOR,680755,Braydon Fisher,0,3,0,1,0,0,0,0
824046,20260420,TOR,686973,Louis Varland,0,4,3,0,0,0,0,0
824046,20260420,TOR,643511,Tyler Rogers,0,2,0,0,0,0,0,0
824046,20260420,TOR,656546,Jeff Hoffman,0,3,3,0,0,0,0,0
823149,20260420,SEA,676106,Emerson Hancock,1,15,3,0,0,3,3,3
823149,20260420,SEA,678606,José A. Ferrer,0,3,0,0,1,0,0,0
823149,20260420,SEA,666374,Matt Brash,0,3,1,1,0,0,0,0
823149,20260420,SEA,668984,Casey Legumina,0,3,0,1,0,0,3,3
823149,20260420,SEA,681867,Cooper Criswell,0,3,0,0,0,0,0,0
823149,20260420,ATH,669372,J.T. Ginn,1,16,6,1,0,2,3,3
823149,20260420,ATH,663687,Hogan Harris,0,5,2,0,0,0,0,0
823149,20260420,ATH,643410,Mark Leiter Jr.,0,3,1,0,0,0,0,0
823149,20260420,ATH,669270,Joel Kuhnel,0,3,0,0,0,0,1,1
824448,20260421,CLE,800048,Parker Messick,1,15,4,1,1,0,3,3
824448,20260421,CLE,542888,Shawn Armstrong,0,3,0,0,0,0,0,0
824448,20260421,CLE,641401,Connor Brogdon,0,1,0,0,0,0,1,0
824448,20260421,CLE,682120,Tim Herrin,0,2,0,0,1,0,0,0
824448,20260421,CLE,688883,Peyton Pallette,0,3,0,1,0,0,0,0
824448,20260421,CLE,671922,Cade Smith,0,3,1,1,0,0,1,1
824448,20260421,HOU,680802,Ryan Weiss,1,10,4,4,0,1,2,2
824448,20260421,HOU,676467,Colton Gordon,0,3,1,0,0,0,0,0
824448,20260421,HOU,678906,Kai-Wei Teng,0,8,2,1,0,0,0,0
824448,20260421,HOU,660853,Enyel De Los Santos,0,1,0,1,0,0,3,3
824448,20260421,HOU,687911,Bryan King,0,2,0,2,0,0,3,3
822995,20260421,TBA,571927,Steven Matz,1,9,4,4,0,3,4,4
822995,20260421,TBA,693855,Ian Seymour,0,3,1,1,0,0,0,0
822995,20260421,TBA,643377,Griffin Jax,0,4,3,1,0,1,2,2
822995,20260421,TBA,685801,Hunter Bigge,0,2,1,2,0,0,3,3
822995,20260421,TBA,672782,Yoendrys Gómez,0,6,2,2,1,0,2,2
822995,20260421,TBA,810938,Ben Williamson,0,3,0,0,0,1,1,1
822995,20260421,CIN,695505,Chase Burns,1,17,8,2,0,1,2,2
822995,20260421,CIN,594580,Sam Moll,0,4,0,0,0,0,0,0
822995,20260421,CIN,572955,Pierce Johnson,0,3,2,0,0,0,0,0
822995,20260421,CIN,693312,Kyle Nicolas,0,3,2,5,0,0,4,4
823880,20260421,MIA,663978,Chris Paddack,1,14,7,1,0,1,5,5
823880,20260421,MIA,667463,John King,0,4,2,0,0,0,0,0
823880,20260421,MIA,663969,Tyler Phillips,0,9,3,1,0,0,0,0
823880,20260421,SLN,669160,Dustin May,1,16,5,1,0,1,1,1
823880,20260421,SLN,677865,Justin Bruihl,0,5,0,0,2,0,0,0
823880,20260421,SLN,592773,Ryne Stanek,0,2,2,3,0,0,2,2
823880,20260421,SLN,666277,George Soriano,0,1,1,0,0,0,0,0
823880,20260421,SLN,676617,Riley O'Brien,0,3,1,0,0,0,0,0
824290,20260421,DET,672456,Keider Montero,1,17,3,1,0,0,3,3
824290,20260421,DET,646241,Enmanuel De Jesus,0,4,1,2,0,0,7,5
824290,20260421,DET,657756,Connor Seabold,0,3,0,0,1,0,2,2
824290,20260421,DET,668670,Jake Rogers,0,3,1,0,0,0,0,0
824290,20260421,MIL,690986,Kyle Harrison,1,9,3,3,1,0,1,1
824290,20260421,MIL,681982,Grant Anderson,0,6,1,0,0,0,0,0
824290,20260421,MIL,656730,Trevor Megill,0,3,1,0,0,0,0,0
824290,20260421,MIL,676879,Aaron Ashby,0,3,2,2,0,0,0,0
824290,20260421,MIL,663765,Jake Woodford,0,6,2,0,0,0,3,3
822747,20260421,WAS,656492,Foster Griffin,1,18,3,1,0,2,3,3
822747,20260421,WAS,681402,Gus Varland,0,3,1,0,0,0,0,0
822747,20260421,WAS,672335,Cionel Pérez,0,3,0,2,0,0,1,1
822747,20260421,WAS,690925,Clayton Beeter,0,3,2,0,0,0,0,0
822747,20260421,ATL,625643,Reynaldo López,1,3,1,3,0,1,4,4
822747,20260421,ATL,660761,José Suarez,0,9,4,4,0,0,0,0
822747,20260421,ATL,689266,Dylan Dodd,0,3,2,1,0,0,1,1
822747,20260421,ATL,607481,Aaron Bummer,0,3,1,0,0,0,0,0
822747,20260421,ATL,641656,Ian Hamilton,0,3,1,2,0,0,3,3
822747,20260421,ATL,606303,Joel Payamps,0,3,1,2,0,1,3,3
824773,20260421,BOS,813349,Connelly Early,1,16,4,3,1,1,3,3
824773,20260421,BOS,681252,Jack Anderson,0,6,2,0,0,0,1,1
824773,20260421,BOS,701719,Tyler Samaniego,0,5,3,1,0,0,0,0
824773,20260421,NYA,661563,Luis Gil,1,19,2,3,1,0,0,0
824773,20260421,NYA,687396,Brent Headrick,0,2,1,0,0,0,0,0
824773,20260421,NYA,657612,Tim Hill,0,3,0,0,0,0,0,0
824773,20260421,NYA,670280,David Bednar,0,3,1,0,0,0,0,0
823640,20260421,NYN,690997,Nolan McLean,1,20,10,0,0,1,3,3
823640,20260421,NYN,623211,Huascar Brazobán,0,4,2,0,0,0,0,0
823640,20260421,NYN,642207,Devin Williams,0,0,0,3,0,0,2,2
823640,20260421,NYN,681810,Austin Warren,0,3,3,0,0,0,0,0
823640,20260421,MIN,680573,Simeon Woods Richardson,1,15,2,3,0,1,3,3
823640,20260421,MIN,607455,Anthony Banda,0,3,2,0,0,0,0,0
823640,20260421,MIN,623437,Justin Topa,0,3,1,0,0,0,0,0
823640,20260421,MIN,663485,Cole Sands,0,6,3,0,0,0,0,0
824127,20260421,KCA,663460,Kris Bubic,1,18,3,3,0,1,3,3
824127,20260421,KCA,683232,Nick Mears,0,3,0,0,0,0,0,0
824127,20260421,KCA,621381,Matt Strahm,0,3,1,1,0,1,2,2
824127,20260421,KCA,668674,Lucas Erceg,0,3,0,1,0,0,0,0
824127,20260421,BAL,669358,Shane Baz,1,19,4,2,0,0,4,4
824127,20260421,BAL,664991,Grant Wolfram,0,2,0,0,0,0,0,0
824127,20260421,BAL,670329,Rico Garcia,0,3,2,0,0,1,1,1
824127,20260421,BAL,664854,Ryan Helsley,0,1,1,2,0,0,1,1
824690,20260421,CHN,684007,Shota Imanaga,1,21,1,1,0,1,1,1
824690,20260421,CHN,702303,Riley Martin,0,3,2,1,0,1,2,2
824690,20260421,CHN,657097,Jacob Webb,0,1,0,0,0,0,1,0
824690,20260421,CHN,573204,Caleb Thielbar,0,2,0,0,0,0,0,0
824690,20260421,PHI,666200,Jesús Luzardo,1,14,3,4,1,0,1,1
824690,20260421,PHI,689147,Orion Kerkering,0,1,0,2,0,0,0,0
824690,20260421,PHI,621383,Tanner Banks,0,3,1,2,0,0,2,2
824690,20260421,PHI,641835,Tim Mayza,0,3,1,1,0,2,3,3
824690,20260421,PHI,621237,José Alvarado,0,1,1,1,1,0,1,1
824690,20260421,PHI,641745,Brad Keller,0,2,0,0,0,0,0,0
822914,20260421,TEX,677958,Kumar Rocker,1,18,5,1,0,0,1,1
822914,20260421,TEX,668390,Cole Winn,0,3,2,0,0,0,0,0
822914,20260421,TEX,656641,Jacob Latz,0,3,2,0,0,0,0,0
822914,20260421,TEX,596001,Jakob Junis,0,3,0,0,0,0,0,0
822914,20260421,PIT,669387,Carmen Mlodzinski,1,13,6,2,0,0,5,5
822914,20260421,PIT,696062,Wilber Dotel,0,5,0,3,0,0,0,0
822914,20260421,PIT,664875,Justin Lawrence,0,3,2,0,0,0,0,0
822914,20260421,PIT,681895,Evan Sisk,0,3,2,0,0,0,0,0
824369,20260421,COL,623474,Jimmy Herget,1,3,3,0,0,0,0,0
824369,20260421,COL,801403,Chase Dollander,0,18,9,1,2,0,1,1
824369,20260421,COL,675848,Juan Mejia,0,3,1,0,0,0,0,0
824369,20260421,COL,657514,Brennan Bernardino,0,3,2,0,0,0,0,0
824369,20260421,SDN,681190,Randy Vásquez,1,21,5,0,1,0,0,0
824369,20260421,SDN,592094,Jason Adam,0,3,1,0,0,0,0,0
824369,20260421,SDN,670970,Adrian Morejon,0,3,2,0,0,0,0,0
824045,20260421,ANA,686799,Jack Kochanowicz,1,17,1,2,1,0,1,1
824045,20260421,ANA,696147,Sam Bachman,0,4,1,0,0,0,0,0
824045,20260421,ANA,519141,Drew Pomeranz,0,3,1,1,0,0,3,3
824045,20260421,ANA,680704,Nick Sandlin,0,3,1,0,0,0,0,0
824045,20260421,TOR,571578,Patrick Corbin,1,15,3,2,0,0,1,1
824045,20260421,TOR,693686,Spencer Miles,0,4,1,0,0,0,0,0
824045,20260421,TOR,689254,Mason Fluharty,0,2,1,0,0,0,0,0
824045,20260421,TOR,643511,Tyler Rogers,0,3,0,0,0,0,0,0
824045,20260421,TOR,656546,Jeff Hoffman,0,1,1,0,2,0,1,1
824045,20260421,TOR,686973,Louis Varland,0,2,0,0,0,0,0,0
823148,20260421,SEA,622491,Luis Castillo,1,15,6,2,0,1,2,2
823148,20260421,SEA,660825,Eduard Bazardo,0,3,1,0,0,0,1,1
823148,20260421,SEA,642100,Gabe Speier,0,3,0,0,0,1,1,1
823148,20260421,SEA,677961,Cole Wilcox,0,6,3,2,0,0,1,1
823148,20260421,ATH,682052,Jacob Lopez,1,16,1,2,0,1,2,2
823148,20260421,ATH,605130,Scott Barlow,0,4,2,1,0,0,0,0
823148,20260421,ATH,663687,Hogan Harris,0,1,0,0,0,0,0,0
823148,20260421,ATH,678022,Jack Perkins,0,6,2,0,0,0,0,0
825099,20260421,ARI,518876,Merrill Kelly,1,13,5,3,0,3,8,8
825099,20260421,ARI,664199,Taylor Clarke,0,4,0,0,0,0,0,0
825099,20260421,ARI,642528,Jonathan Loáisiga,0,4,2,1,0,0,0,0
825099,20260421,ARI,656464,Kevin Ginkel,0,3,1,0,0,0,0,0
825099,20260421,ARI,657044,Ryan Thompson,0,0,0,1,1,1,3,3
825099,20260421,ARI,543510,James McCann,0,3,0,1,0,0,0,0
825099,20260421,CHA,680732,Sean Burke,1,18,3,1,0,1,2,2
825099,20260421,CHA,608371,Lucas Sims,0,3,1,2,0,0,0,0
825099,20260421,CHA,674370,Osvaldo Bido,0,6,2,4,0,1,3,3
823236,20260421,SFN,694738,Landen Roupp,1,15,7,5,0,0,1,1
823236,20260421,SFN,621366,Ryan Borucki,0,3,1,0,0,0,0,0
823236,20260421,SFN,657424,Matt Gage,0,2,0,1,0,0,0,0
823236,20260421,SFN,669062,Erik Miller,0,3,1,1,0,0,0,0
823236,20260421,SFN,676775,Keaton Winn,0,1,1,0,0,0,0,0
823236,20260421,SFN,676254,Ryan Walker,0,3,2,0,0,0,0,0
823236,20260421,LAN,808967,Yoshinobu Yamamoto,1,21,7,2,0,0,3,3
823236,20260421,LAN,656945,Tanner Scott,0,3,1,1,0,0,0,0
823878,20260422,MIA,676083,Janson Junk,1,15,2,1,0,0,0,0
823878,20260422,MIA,677053,Andrew Nardi,0,3,2,0,0,0,0,0
823878,20260422,MIA,669622,Anthony Bender,0,3,1,0,0,0,0,0
823878,20260422,MIA,656848,Michael Petersen,0,3,3,0,0,0,0,0
823878,20260422,MIA,669199,Lake Bachar,0,1,0,1,0,1,1,1
823878,20260422,MIA,664126,Pete Fairbanks,0,2,1,0,0,0,0,0
823878,20260422,SLN,681517,Kyle Leahy,1,15,2,3,1,0,4,4
823878,20260422,SLN,700669,Gordon Graceffo,0,3,0,0,0,0,0,0
823878,20260422,SLN,694335,Matt Svanson,0,3,1,0,0,0,0,0
823878,20260422,SLN,681676,Ryan Fernandez,0,3,2,0,0,0,0,0
824449,20260422,CLE,676440,Tanner Bibee,1,18,3,2,0,1,2,2
824449,20260422,CLE,670036,Matt Festa,0,3,2,1,0,0,0,0
824449,20260422,CLE,683769,Hunter Gaddis,0,3,0,0,0,0,0,0
824449,20260422,CLE,681870,Erik Sabrowski,0,3,1,0,0,0,0,0
824449,20260422,HOU,663567,Peter Lambert,1,18,8,3,0,0,0,0
824449,20260422,HOU,805123,AJ Blubaugh,0,3,1,0,0,0,0,0
824449,20260422,HOU,595345,Steven Okert,0,2,0,0,0,0,0,0
824449,20260422,HOU,660853,Enyel De Los Santos,0,4,1,1,0,0,0,0
822993,20260422,TBA,607259,Nick Martinez,1,24,6,1,0,0,1,1
822993,20260422,TBA,687330,Kevin Kelly,0,3,1,0,0,0,0,0
822993,20260422,CIN,682227,Brandon Williamson,1,13,3,3,1,1,5,5
822993,20260422,CIN,683175,Connor Phillips,0,6,1,0,1,0,1,1
822993,20260422,CIN,663574,Tony Santillan,0,2,0,0,0,0,0,0
822993,20260422,CIN,656271,Brock Burke,0,3,0,0,0,0,0,0
824123,20260422,KCA,608379,Michael Wacha,1,16,5,2,0,1,6,6
824123,20260422,KCA,669212,Eli Morgan,0,5,1,0,0,1,2,2
824123,20260422,KCA,656638,Alex Lange,0,3,1,0,0,0,0,0
824123,20260422,KCA,696131,Mason Black,0,3,1,1,0,0,0,0
824123,20260422,BAL,605135,Chris Bassitt,1,16,3,2,0,2,5,5
824123,20260422,BAL,666974,Yennier Cano,0,3,0,0,0,1,1,1
824123,20260422,BAL,669330,Tyler Wells,0,5,0,0,0,0,0,0
824123,20260422,BAL,689296,Anthony Nunez,0,3,2,0,0,0,0,0
824044,20260422,ANA,667755,José Soriano,1,15,4,0,0,0,0,0
824044,20260422,ANA,666171,Ryan Zeferjahn,0,4,1,1,0,0,2,2
824044,20260422,ANA,681217,Chase Silseth,0,2,0,0,0,0,1,1
824044,20260422,ANA,608718,Brent Suter,0,3,2,0,0,0,0,0
824044,20260422,ANA,605447,Jordan Romano,0,3,2,0,0,0,0,0
824044,20260422,TOR,641778,Eric Lauer,1,15,3,2,0,2,3,3
824044,20260422,TOR,667297,Tommy Nance,0,4,2,1,0,0,2,2
824044,20260422,TOR,680755,Braydon Fisher,0,1,1,1,0,0,2,2
824044,20260422,TOR,573009,Joe Mantiply,0,4,2,1,0,0,0,0
823147,20260422,SEA,669302,Logan Gilbert,1,12,3,2,1,0,3,3
823147,20260422,SEA,678606,José A. Ferrer,0,6,2,1,0,0,0,0
823147,20260422,SEA,666374,Matt Brash,0,3,0,0,0,0,0,0
823147,20260422,SEA,681867,Cooper Criswell,0,3,1,0,0,0,0,0
823147,20260422,SEA,662253,Andrés Muñoz,0,3,1,0,0,1,1,1
823147,20260422,ATH,650644,Aaron Civale,1,16,5,1,0,1,3,3
823147,20260422,ATH,669620,Brady Basso,0,2,0,0,0,0,0,0
823147,20260422,ATH,643410,Mark Leiter Jr.,0,3,1,0,0,0,1,1
823147,20260422,ATH,686993,Justin Sterner,0,3,2,0,0,0,0,0
823147,20260422,ATH,669270,Joel Kuhnel,0,2,0,0,0,0,1,1
824286,20260422,DET,663554,Casey Mize,1,18,7,3,0,0,1,1
824286,20260422,DET,640448,Kyle Finnegan,0,3,1,0,0,0,0,0
824286,20260422,DET,676684,Will Vest,0,3,0,0,0,0,1,1
824286,20260422,DET,445276,Kenley Jansen,0,3,1,2,0,0,0,0
824286,20260422,MIL,669084,DL Hall,1,6,2,2,0,0,0,0
824286,20260422,MIL,694477,Chad Patrick,0,12,2,1,0,1,4,4
824286,20260422,MIL,692230,Carlos Rodriguez,0,6,2,0,0,1,1,1
822748,20260422,WAS,641793,Zack Littell,1,18,1,2,0,4,8,6
822748,20260422,WAS,680730,Mitchell Parker,0,6,0,1,0,0,0,0
822748,20260422,WAS,642759,Julian Fernández,0,3,0,0,0,0,0,0
822748,20260422,ATL,800311,Didier Fuentes,1,9,7,1,0,1,4,4
822748,20260422,ATL,527048,Martín Pérez,0,9,4,0,0,2,2,2
822748,20260422,ATL,669276,Dylan Lee,0,3,0,0,0,0,0,0
822748,20260422,ATL,641755,Tyler Kinley,0,3,1,2,0,0,0,0
822748,20260422,ATL,663158,Robert Suarez,0,3,0,0,0,0,0,0
824774,20260422,BOS,624133,Ranger Suarez,1,14,4,2,0,1,4,4
824774,20260422,BOS,677161,Zack Kelly,0,3,2,0,0,0,0,0
824774,20260422,BOS,700842,Eduardo Rivera,0,10,3,0,0,0,0,0
824774,20260422,NYA,608331,Max Fried,1,24,9,2,0,0,0,0
824774,20260422,NYA,687396,Brent Headrick,0,3,0,0,0,0,1,1
823641,20260422,NYN,605280,Clay Holmes,1,21,3,1,0,1,2,2
823641,20260422,NYN,548384,Brooks Raley,0,2,1,1,0,0,0,0
823641,20260422,NYN,596133,Luke Weaver,0,4,3,1,0,0,0,0
823641,20260422,MIN,687570,Connor Prielipp,1,12,6,0,0,0,2,2
823641,20260422,MIN,696070,Kendry Rojas,0,6,0,3,0,0,0,0
823641,20260422,MIN,679358,Eric Orze,0,3,2,0,0,0,0,0
823641,20260422,MIN,573124,Taylor Rogers,0,2,0,1,0,0,1,1
823641,20260422,MIN,623437,Justin Topa,0,1,0,1,0,0,0,0
824688,20260422,CHN,571510,Matthew Boyd,1,14,5,0,0,0,2,2
824688,20260422,CHN,676962,Ben Brown,0,7,5,0,0,0,0,0
824688,20260422,CHN,656686,Corbin Martin,0,3,0,0,0,0,0,0
824688,20260422,CHN,571948,Hoby Milner,0,3,2,0,0,0,0,0
824688,20260422,PHI,679775,Kyle Backhus,1,3,1,0,0,0,1,1
824688,20260422,PHI,592836,Taijuan Walker,0,12,1,1,0,2,5,4
824688,20260422,PHI,660604,Alan Rangel,0,9,5,0,0,0,1,1
822913,20260422,TEX,683004,Jack Leiter,1,15,5,2,0,0,4,3
822913,20260422,TEX,641302,Tyler Alexander,0,6,2,0,0,0,0,0
822913,20260422,TEX,686560,Gavin Collyer,0,3,0,0,1,0,0,0
822913,20260422,TEX,668390,Cole Winn,0,1,1,0,0,0,3,3
822913,20260422,TEX,656222,Jalen Beeks,0,2,1,0,0,1,1,1
822913,20260422,PIT,677952,Braxton Ashcraft,1,21,5,2,0,1,2,2
822913,20260422,PIT,642397,Gregory Soto,0,3,3,0,0,0,2,2
822913,20260422,PIT,642701,Dennis Santana,0,3,2,0,0,0,0,0
824367,20260422,COL,608372,Tomoyuki Sugano,1,17,4,1,0,0,1,1
824367,20260422,COL,677955,Jaden Hill,0,4,3,1,0,1,1,1
824367,20260422,COL,622608,Antonio Senzatela,0,6,0,1,0,0,1,0
824367,20260422,SDN,621111,Walker Buehler,1,8,2,3,0,0,4,4
824367,20260422,SDN,606996,Kyle Hart,0,7,0,0,0,0,1,1
824367,20260422,SDN,688158,David Morgan,0,4,3,1,0,0,2,2
824367,20260422,SDN,593974,Wandy Peralta,0,5,1,0,0,1,1,1
825097,20260422,ARI,593958,Eduardo Rodriguez,1,15,4,3,0,2,4,4
825097,20260422,ARI,664199,Taylor Clarke,0,3,0,0,0,0,1,1
825097,20260422,ARI,657044,Ryan Thompson,0,3,1,1,0,1,2,2
825097,20260422,ARI,666661,Juan Morillo,0,3,2,0,0,0,0,0
825097,20260422,ARI,623149,Paul Sewald,0,3,1,1,0,0,0,0
825097,20260422,CHA,641743,Anthony Kay,1,11,1,3,0,2,8,8
825097,20260422,CHA,663855,Jordan Hicks,0,1,0,1,0,0,0,0
825097,20260422,CHA,663542,Bryan Hudson,0,3,2,1,0,0,0,0
825097,20260422,CHA,608371,Lucas Sims,0,3,2,0,0,1,2,2
825097,20260422,CHA,656794,Sean Newcomb,0,6,0,1,0,0,1,1
823231,20260422,SFN,641816,Tyler Mahle,1,21,5,2,0,0,0,0
823231,20260422,SFN,668873,Caleb Kilian,0,3,0,0,0,0,0,0
823231,20260422,SFN,676254,Ryan Walker,0,3,0,1,0,0,0,0
823231,20260422,LAN,660271,Shohei Ohtani,1,18,7,0,0,0,0,0
823231,20260422,LAN,676263,Jack Dreyer,0,3,0,0,0,1,3,3
823231,20260422,LAN,669165,Kyle Hurt,0,3,1,0,0,0,0,0
822745,20260423,WAS,676917,Cade Cavalli,1,15,10,0,1,0,2,2
822745,20260423,WAS,663992,Richard Lovelady,0,3,1,0,0,0,0,0
822745,20260423,WAS,672335,Cionel Pérez,0,1,1,2,0,0,3,3
822745,20260423,WAS,681402,Gus Varland,0,2,1,0,0,0,1,1
822745,20260423,WAS,642759,Julian Fernández,0,6,2,0,0,1,1,1
822745,20260423,ATL,702275,JR Ritchie,1,21,7,2,0,2,2,2
822745,20260423,ATL,669276,Dylan Lee,0,3,2,0,0,0,0,0
822745,20260423,ATL,471911,Carlos Carrasco,0,3,1,0,0,0,0,0
824288,20260423,DET,669373,Tarik Skubal,1,18,5,0,0,0,4,4
824288,20260423,DET,663947,Tyler Holton,0,3,0,1,0,0,0,0
824288,20260423,DET,572143,Burch Smith,0,4,1,1,0,0,0,0
824288,20260423,DET,676428,Brant Hurter,0,2,0,0,0,0,0,0
824288,20260423,MIL,687075,Brandon Sproat,1,16,4,2,0,1,3,3
824288,20260423,MIL,676879,Aaron Ashby,0,1,0,1,0,0,0,0
824288,20260423,MIL,681982,Grant Anderson,0,1,1,0,0,0,0,0
824288,20260423,MIL,656730,Trevor Megill,0,3,0,0,0,0,0,0
824288,20260423,MIL,672582,Angel Zerpa,0,3,2,0,0,1,1,1
824288,20260423,MIL,682842,Abner Uribe,0,1,1,0,0,1,1,1
824689,20260423,CHN,665795,Edward Cabrera,1,21,5,0,0,2,5,3
824689,20260423,CHN,571948,Hoby Milner,0,2,0,2,0,0,1,1
824689,20260423,CHN,657097,Jacob Webb,0,1,1,1,0,0,0,0
824689,20260423,CHN,573204,Caleb Thielbar,0,0,0,1,0,1,1,1
824689,20260423,CHN,702303,Riley Martin,0,3,1,1,0,0,0,0
824689,20260423,CHN,665871,Javier Assad,0,3,0,0,0,0,0,0
824689,20260423,PHI,650911,Cristopher Sánchez,1,16,4,2,0,2,6,6
824689,20260423,PHI,663767,Chase Shugart,0,2,0,0,1,0,0,0
824689,20260423,PHI,689147,Orion Kerkering,0,3,1,1,0,0,0,0
824689,20260423,PHI,641745,Brad Keller,0,3,0,0,0,1,1,1
824689,20260423,PHI,621237,José Alvarado,0,3,1,1,0,0,0,0
824689,20260423,PHI,621383,Tanner Banks,0,1,1,1,0,0,1,0
824368,20260423,COL,663372,Ryan Feltner,1,6,3,1,0,0,2,2
824368,20260423,COL,688642,Zach Agnos,0,9,3,1,0,1,2,2
824368,20260423,COL,678020,Seth Halvorsen,0,3,2,1,0,0,0,0
824368,20260423,COL,675848,Juan Mejia,0,5,3,1,0,0,1,1
824368,20260423,COL,680767,Victor Vodnik,0,2,2,1,0,1,5,5
824368,20260423,COL,657514,Brennan Bernardino,0,2,0,0,0,0,0,0
824368,20260423,SDN,663362,Matt Waldron,1,15,3,3,0,1,6,6
824368,20260423,SDN,670970,Adrian Morejon,0,3,1,0,0,1,1,1
824368,20260423,SDN,676760,Ron Marinaccio,0,6,0,0,0,0,1,1
824368,20260423,SDN,695243,Mason Miller,0,3,0,0,0,0,0,0
825096,20260423,ARI,647336,Michael Soroka,1,15,6,1,0,0,1,1
825096,20260423,ARI,656464,Kevin Ginkel,0,5,2,0,0,0,0,0
825096,20260423,ARI,666661,Juan Morillo,0,4,2,0,0,0,0,0
825096,20260423,ARI,623149,Paul Sewald,0,2,0,2,0,1,3,3
825096,20260423,ARI,642528,Jonathan Loáisiga,0,1,0,0,0,0,0,0
825096,20260423,CHA,663436,Davis Martin,1,19,7,1,0,0,1,1
825096,20260423,CHA,691799,Grant Taylor,0,5,3,0,0,0,0,0
825096,20260423,CHA,622554,Seranthony Domínguez,0,3,2,0,0,0,0,0
823233,20260423,SFN,657277,Logan Webb,1,21,5,2,1,0,3,3
823233,20260423,SFN,694918,Blade Tidwell,0,6,2,1,0,0,0,0
823233,20260423,LAN,607192,Tyler Glasnow,1,24,9,1,0,0,0,0
823233,20260423,LAN,656945,Tanner Scott,0,3,0,0,0,0,0,0
824770,20260423,BOS,801139,Payton Tolle,1,18,11,1,0,1,1,1
824770,20260423,BOS,543056,Danny Coulombe,0,2,2,0,0,0,3,3
824770,20260423,BOS,669711,Greg Weissert,0,1,1,1,0,0,0,0
824770,20260423,BOS,701719,Tyler Samaniego,0,4,1,0,0,0,0,0
824770,20260423,BOS,670245,Ryan Watson,0,2,2,0,0,0,0,0
824770,20260423,NYA,693645,Cam Schlittler,1,24,5,1,0,1,2,1
824770,20260423,NYA,670280,David Bednar,0,3,0,0,0,0,0,0
823639,20260423,NYN,681035,Christian Scott,1,4,1,5,1,0,1,1
823639,20260423,NYN,668964,Tobias Myers,0,7,3,0,0,0,1,0
823639,20260423,NYN,656849,David Peterson,0,10,2,1,0,1,1,1
823639,20260423,NYN,518886,Craig Kimbrel,0,2,1,1,0,0,3,3
823639,20260423,NYN,623211,Huascar Brazobán,0,2,0,0,0,1,1,1
823639,20260423,NYN,642207,Devin Williams,0,2,2,0,0,0,1,1
823639,20260423,MIN,657746,Joe Ryan,1,15,5,2,0,2,7,4
823639,20260423,MIN,702193,Andrew Morris,0,8,4,0,0,0,2,2
823639,20260423,MIN,607455,Anthony Banda,0,1,0,1,0,0,1,1
822912,20260423,TEX,594798,Jacob deGrom,1,17,10,1,0,1,1,1
822912,20260423,TEX,686560,Gavin Collyer,0,1,0,1,1,0,0,0
822912,20260423,TEX,656222,Jalen Beeks,0,3,2,0,0,0,0,0
822912,20260423,TEX,596001,Jakob Junis,0,3,0,0,0,0,0,0
822912,20260423,TEX,682608,Peyton Gray,0,3,1,0,0,0,0,0
822912,20260423,PIT,696149,Bubba Chandler,1,12,4,3,1,2,6,6
822912,20260423,PIT,681895,Evan Sisk,0,6,2,2,0,0,0,0
822912,20260423,PIT,664875,Justin Lawrence,0,3,0,0,0,0,0,0
822912,20260423,PIT,670990,Yohan Ramírez,0,3,1,0,0,0,0,0
824529,20260424,CIN,671096,Andrew Abbott,1,12,4,2,0,2,5,5
824529,20260424,CIN,693312,Kyle Nicolas,0,3,0,3,0,0,0,0
824529,20260424,CIN,572955,Pierce Johnson,0,3,0,0,0,0,0,0
824529,20260424,CIN,656271,Brock Burke,0,3,1,0,1,0,0,0
824529,20260424,CIN,663574,Tony Santillan,0,3,1,0,0,2,3,3
824529,20260424,CIN,668933,Graham Ashcraft,0,3,0,1,0,0,0,0
824529,20260424,DET,664285,Framber Valdez,1,13,4,5,0,1,2,2
824529,20260424,DET,640448,Kyle Finnegan,0,5,4,0,0,1,1,1
824529,20260424,DET,676684,Will Vest,0,2,1,1,0,1,3,2
824529,20260424,DET,676428,Brant Hurter,0,1,1,0,0,0,1,0
824529,20260424,DET,623454,Drew Anderson,0,3,2,0,0,0,0,0
824529,20260424,DET,445276,Kenley Jansen,0,2,1,0,0,1,2,2
824854,20260424,BAL,687064,Brandon Young,1,17,5,1,0,1,3,3
824854,20260424,BAL,666974,Yennier Cano,0,1,0,0,0,0,0,0
824854,20260424,BAL,552640,Andrew Kittredge,0,3,0,0,0,0,0,0
824854,20260424,BAL,671382,Cameron Foster,0,6,1,1,0,0,0,0
824854,20260424,BOS,678394,Brayan Bello,1,10,2,1,0,5,8,8
824854,20260424,BOS,663558,Jovani Morán,0,8,1,1,0,1,1,1
824854,20260424,BOS,670245,Ryan Watson,0,6,2,0,0,0,1,1
822827,20260424,TOR,453286,Max Scherzer,1,7,0,3,0,3,7,7
822827,20260424,TOR,573009,Joe Mantiply,0,5,1,0,0,0,0,0
822827,20260424,TOR,693686,Spencer Miles,0,6,2,0,0,0,1,1
822827,20260424,TOR,667297,Tommy Nance,0,3,3,0,0,0,0,0
822827,20260424,TOR,689254,Mason Fluharty,0,3,2,0,0,0,0,0
822827,20260424,TOR,680755,Braydon Fisher,0,3,0,1,0,0,0,0
822827,20260424,CLE,668909,Gavin Williams,1,18,4,2,0,2,6,6
822827,20260424,CLE,683769,Hunter Gaddis,0,3,0,0,0,0,0,0
822827,20260424,CLE,681870,Erik Sabrowski,0,3,1,0,0,0,0,0
822827,20260424,CLE,671922,Cade Smith,0,3,0,0,0,0,0,0
823638,20260424,NYN,642547,Freddy Peralta,1,17,8,3,0,0,2,2
823638,20260424,NYN,640455,Sean Manaea,0,10,7,1,1,0,2,2
823638,20260424,COL,547179,Michael Lorenzen,1,21,3,0,0,0,1,1
823638,20260424,COL,677955,Jaden Hill,0,1,0,0,0,0,2,2
823638,20260424,COL,622608,Antonio Senzatela,0,5,1,0,0,0,0,0
822992,20260424,TBA,656876,Drew Rasmussen,1,18,6,1,0,1,1,1
822992,20260424,TBA,642121,Cole Sulser,0,3,0,0,0,0,0,0
822992,20260424,TBA,694680,Trevor Martin,0,3,1,1,0,1,1,1
822992,20260424,TBA,641329,Bryan Baker,0,3,1,0,0,0,0,0
822992,20260424,MIN,671737,Taj Bradley,1,19,3,3,0,4,6,6
822992,20260424,MIN,607455,Anthony Banda,0,2,0,0,0,0,0,0
822992,20260424,MIN,679358,Eric Orze,0,3,2,0,0,0,0,0
824932,20260424,ATL,656550,Grant Holmes,1,18,4,3,0,2,3,3
824932,20260424,ATL,607481,Aaron Bummer,0,3,0,0,0,0,0,0
824932,20260424,ATL,606303,Joel Payamps,0,3,0,0,0,0,0,0
824932,20260424,ATL,663158,Robert Suarez,0,3,1,1,0,0,0,0
824932,20260424,PHI,691725,Andrew Painter,1,17,1,2,0,1,5,5
824932,20260424,PHI,679775,Kyle Backhus,0,3,0,0,0,0,0,0
824932,20260424,PHI,663767,Chase Shugart,0,1,0,0,1,0,0,0
824932,20260424,PHI,641835,Tim Mayza,0,3,1,1,0,0,0,0
824124,20260424,KCA,702070,Noah Cameron,1,19,6,3,0,0,3,3
824124,20260424,KCA,683232,Nick Mears,0,1,0,2,0,0,0,0
824124,20260424,KCA,663738,Daniel Lynch IV,0,1,1,0,0,0,0,0
824124,20260424,KCA,621381,Matt Strahm,0,3,0,0,0,0,0,0
824124,20260424,KCA,668674,Lucas Erceg,0,3,2,1,0,0,0,0
824124,20260424,ANA,579328,Yusei Kikuchi,1,15,5,2,0,0,5,5
824124,20260424,ANA,641312,Shaun Anderson,0,3,2,1,0,0,0,0
824124,20260424,ANA,666171,Ryan Zeferjahn,0,3,2,0,0,0,0,0
824124,20260424,ANA,519141,Drew Pomeranz,0,3,1,1,0,0,1,1
824611,20260424,CHA,663542,Bryan Hudson,1,3,1,1,0,0,0,0
824611,20260424,CHA,607200,Erick Fedde,0,17,1,4,0,0,3,1
824611,20260424,CHA,656794,Sean Newcomb,0,1,1,0,0,0,0,0
824611,20260424,CHA,673929,Jordan Leasure,0,3,1,0,0,1,1,1
824611,20260424,CHA,622554,Seranthony Domínguez,0,3,2,0,0,0,0,0
824611,20260424,WAS,676571,PJ Poulin,1,5,1,0,1,0,0,0
824611,20260424,WAS,571945,Miles Mikolas,0,11,1,0,0,1,2,2
824611,20260424,WAS,663992,Richard Lovelady,0,2,0,1,0,0,0,0
824611,20260424,WAS,683000,Riley Cornelio,0,6,1,4,0,0,3,2
823800,20260424,MIL,605540,Brandon Woodruff,1,15,3,2,0,1,3,3
823800,20260424,MIL,675660,Shane Drohan,0,12,2,1,0,0,3,1
823800,20260424,PIT,694973,Paul Skenes,1,21,7,0,0,0,0,0
823800,20260424,PIT,682254,Mason Montgomery,0,3,1,0,0,0,0,0
823800,20260424,PIT,676755,Isaac Mattson,0,3,1,1,0,0,0,0
822909,20260424,TEX,543135,Nathan Eovaldi,1,18,3,1,0,4,6,6
822909,20260424,TEX,615698,Cal Quantrill,0,9,2,0,0,1,2,2
822909,20260424,ATH,622663,Luis Severino,1,20,5,1,0,0,1,1
822909,20260424,ATH,663687,Hogan Harris,0,2,2,0,0,0,0,0
822909,20260424,ATH,686993,Justin Sterner,0,2,0,0,0,0,0,0
822909,20260424,ATH,665622,Luis Medina,0,3,0,0,0,0,0,0
824204,20260424,HOU,621121,Lance McCullers Jr.,1,15,3,4,0,2,7,5
824204,20260424,HOU,676467,Colton Gordon,0,6,0,2,0,2,5,5
824204,20260424,HOU,681151,Jayden Murray,0,3,0,0,0,0,0,0
824204,20260424,HOU,650556,Bryan Abreu,0,3,1,0,0,0,0,0
824204,20260424,NYA,701542,Will Warren,1,18,6,1,0,0,2,2
824204,20260424,NYA,518585,Fernando Cruz,0,3,3,0,0,2,2,2
824204,20260424,NYA,642232,Ryan Yarbrough,0,6,2,1,0,0,0,0
823069,20260424,SLN,669467,Andre Pallante,1,16,8,3,0,1,3,3
823069,20260424,SLN,677865,Justin Bruihl,0,3,0,2,1,0,0,0
823069,20260424,SLN,666277,George Soriano,0,2,0,0,0,0,0,0
823069,20260424,SLN,700669,Gordon Graceffo,0,6,2,0,0,0,0,0
823069,20260424,SEA,669923,George Kirby,1,18,2,1,1,0,2,2
823069,20260424,SEA,666374,Matt Brash,0,3,0,0,0,0,0,0
823069,20260424,SEA,642100,Gabe Speier,0,1,1,0,0,0,0,0
823069,20260424,SEA,660825,Eduard Bazardo,0,2,0,0,0,0,0,0
823069,20260424,SEA,662253,Andrés Muñoz,0,3,2,0,0,0,0,0
823962,20260424,LAN,686218,Emmet Sheehan,1,19,10,1,1,0,1,1
823962,20260424,LAN,681911,Alex Vesia,0,2,1,1,0,0,2,2
823962,20260424,LAN,595014,Blake Treinen,0,3,2,0,0,1,1,1
823962,20260424,LAN,656945,Tanner Scott,0,2,0,0,0,1,2,2
823962,20260424,LAN,683618,Edgardo Henriquez,0,1,0,0,0,0,0,0
823962,20260424,CHN,592791,Jameson Taillon,1,15,4,3,0,1,4,4
823962,20260424,CHN,669020,Ryan Rolison,0,9,1,0,0,0,0,0
823962,20260424,CHN,656686,Corbin Martin,0,3,1,0,0,0,0,0
823232,20260424,SFN,605288,Adrian Houser,1,12,3,1,0,2,8,8
823232,20260424,SFN,664141,JT Brubaker,0,9,3,1,0,0,1,1
823232,20260424,SFN,668873,Caleb Kilian,0,3,0,1,0,0,0,0
823232,20260424,SFN,621366,Ryan Borucki,0,3,0,1,0,0,0,0
823232,20260424,MIA,645261,Sandy Alcantara,1,18,4,1,0,0,3,3
823232,20260424,MIA,669199,Lake Bachar,0,6,1,0,0,1,1,1
823232,20260424,MIA,667463,John King,0,3,1,1,0,0,0,0
824851,20260425,BAL,669432,Trevor Rogers,1,5,2,2,0,0,3,3
824851,20260425,BAL,669330,Tyler Wells,0,4,1,0,0,0,0,0
824851,20260425,BAL,544150,Albert Suárez,0,12,2,3,0,0,4,0
824851,20260425,BAL,669211,Keegan Akin,0,3,2,0,0,1,6,6
824851,20260425,BAL,642215,Weston Wilson,0,3,0,0,0,2,4,4
824851,20260425,BOS,676979,Garrett Crochet,1,18,7,2,0,0,0,0
824851,20260425,BOS,669711,Greg Weissert,0,3,1,0,0,0,1,0
824851,20260425,BOS,543056,Danny Coulombe,0,3,1,0,0,0,0,0
824851,20260425,BOS,701719,Tyler Samaniego,0,3,0,0,0,0,0,0
823070,20260425,SLN,669461,Matthew Liberatore,1,10,3,1,0,3,5,5
823070,20260425,SLN,700669,Gordon Graceffo,0,2,0,0,0,0,1,1
823070,20260425,SLN,677865,Justin Bruihl,0,3,0,0,0,0,0,0
823070,20260425,SLN,666277,George Soriano,0,3,1,0,0,0,1,1
823070,20260425,SLN,592773,Ryne Stanek,0,2,0,0,0,0,0,0
823070,20260425,SLN,668941,JoJo Romero,0,2,0,0,0,0,2,2
823070,20260425,SLN,676617,Riley O'Brien,0,3,1,1,1,0,2,2
823070,20260425,SLN,694335,Matt Svanson,0,2,1,1,0,0,0,0
823070,20260425,SEA,693433,Bryan Woo,1,9,1,0,0,4,7,7
823070,20260425,SEA,678606,José A. Ferrer,0,6,1,1,1,0,0,0
823070,20260425,SEA,681867,Cooper Criswell,0,6,3,0,1,1,2,2
823070,20260425,SEA,666374,Matt Brash,0,3,1,0,1,0,0,0
823070,20260425,SEA,662253,Andrés Muñoz,0,3,1,1,0,0,0,0
822826,20260425,TOR,592332,Kevin Gausman,1,20,3,0,0,1,2,2
822826,20260425,TOR,689254,Mason Fluharty,0,1,1,0,0,0,0,0
822826,20260425,TOR,643511,Tyler Rogers,0,3,1,0,0,0,0,0
822826,20260425,TOR,686973,Louis Varland,0,3,2,1,0,0,1,1
822826,20260425,CLE,676282,Joey Cantillo,1,15,4,1,0,1,3,1
822826,20260425,CLE,670036,Matt Festa,0,3,3,0,0,0,1,0
822826,20260425,CLE,688883,Peyton Pallette,0,3,1,2,0,0,1,1
822826,20260425,CLE,641401,Connor Brogdon,0,3,2,0,0,0,0,0
823229,20260425,SFN,592662,Robbie Ray,1,15,4,3,0,0,1,1
823229,20260425,SFN,657424,Matt Gage,0,3,0,1,0,0,0,0
823229,20260425,SFN,676775,Keaton Winn,0,3,0,0,0,0,0,0
823229,20260425,SFN,669062,Erik Miller,0,3,2,1,0,0,0,0
823229,20260425,SFN,676254,Ryan Walker,0,3,0,0,0,0,1,0
823229,20260425,MIA,691587,Eury Pérez,1,16,6,2,0,2,4,4
823229,20260425,MIA,669622,Anthony Bender,0,2,1,0,0,0,0,0
823229,20260425,MIA,663969,Tyler Phillips,0,6,0,3,0,1,2,2
822989,20260425,TBA,663556,Shane McClanahan,1,15,7,2,0,0,0,0
822989,20260425,TBA,687330,Kevin Kelly,0,6,1,0,0,0,0,0
822989,20260425,TBA,685801,Hunter Bigge,0,3,2,0,0,0,0,0
822989,20260425,TBA,694680,Trevor Martin,0,3,1,0,1,0,1,1
822989,20260425,MIN,641927,Bailey Ober,1,18,3,2,1,1,2,2
822989,20260425,MIN,573124,Taylor Rogers,0,0,0,1,0,0,3,3
822989,20260425,MIN,679358,Eric Orze,0,3,1,0,0,0,0,0
822989,20260425,MIN,670183,Garrett Acton,0,3,2,0,0,0,1,1
824613,20260425,CHA,702273,Noah Schultz,1,18,8,4,0,0,2,2
824613,20260425,CHA,663855,Jordan Hicks,0,3,1,2,0,0,0,0
824613,20260425,CHA,699823,Tyler Davis,0,3,2,1,0,0,0,0
824613,20260425,CHA,691799,Grant Taylor,0,3,2,0,0,0,0,0
824613,20260425,CHA,673929,Jordan Leasure,0,2,2,3,0,0,4,3
824613,20260425,CHA,674370,Osvaldo Bido,0,1,0,0,0,0,0,0
824613,20260425,WAS,663623,Jake Irvin,1,17,9,0,1,0,0,0
824613,20260425,WAS,680730,Mitchell Parker,0,4,3,2,1,0,2,2
824613,20260425,WAS,681402,Gus Varland,0,3,1,0,0,0,0,0
824613,20260425,WAS,672335,Cionel Pérez,0,3,1,2,0,0,0,0
824613,20260425,WAS,695418,Brad Lord,0,3,0,0,0,0,1,0
825093,20260425,ARI,668678,Zac Gallen,1,9,3,0,0,0,0,0
825093,20260425,ARI,694297,Brandon Pfaadt,0,9,5,3,0,1,4,4
825093,20260425,ARI,664199,Taylor Clarke,0,3,0,1,1,0,1,0
825093,20260425,ARI,642528,Jonathan Loáisiga,0,3,1,0,0,0,0,0
825093,20260425,ARI,694851,Andrew Hoffmann,0,3,1,1,0,1,1,1
825093,20260425,SDN,608566,Germán Márquez,1,18,2,1,1,1,4,4
825093,20260425,SDN,670970,Adrian Morejon,0,3,2,1,0,0,0,0
825093,20260425,SDN,592094,Jason Adam,0,3,0,0,0,0,0,0
825093,20260425,SDN,695243,Mason Miller,0,3,0,0,0,0,0,0
822910,20260425,TEX,669022,MacKenzie Gore,1,15,7,3,0,0,3,3
822910,20260425,TEX,668390,Cole Winn,0,3,1,0,0,0,0,0
822910,20260425,TEX,656222,Jalen Beeks,0,3,1,0,0,0,0,0
822910,20260425,TEX,596001,Jakob Junis,0,3,0,0,0,0,0,0
822910,20260425,TEX,656641,Jacob Latz,0,3,1,0,0,0,0,0
822910,20260425,ATH,605488,Jeffrey Springs,1,18,4,2,1,1,4,4
822910,20260425,ATH,605130,Scott Barlow,0,3,0,0,0,0,0,0
822910,20260425,ATH,643410,Mark Leiter Jr.,0,3,1,0,0,0,0,0
824121,20260425,KCA,666142,Cole Ragans,1,18,11,0,0,1,1,1
824121,20260425,KCA,663738,Daniel Lynch IV,0,3,0,0,0,0,0,0
824121,20260425,KCA,670167,John Schreiber,0,3,1,0,0,0,0,0
824121,20260425,KCA,696131,Mason Black,0,3,2,0,0,0,0,0
824121,20260425,ANA,700712,Walbert Ureña,1,11,3,5,0,1,4,4
824121,20260425,ANA,680704,Nick Sandlin,0,4,2,0,1,0,0,0
824121,20260425,ANA,681217,Chase Silseth,0,3,0,2,0,0,1,1
824121,20260425,ANA,641312,Shaun Anderson,0,3,1,1,0,0,3,2
824121,20260425,ANA,605447,Jordan Romano,0,2,0,1,1,0,4,4
824121,20260425,ANA,624428,Adam Frazier,0,1,0,1,0,0,0,0
824203,20260425,HOU,681347,Mike Burrows,1,15,8,3,0,2,2,2
824203,20260425,HOU,595345,Steven Okert,0,3,0,0,0,0,0,0
824203,20260425,HOU,678906,Kai-Wei Teng,0,1,0,0,0,1,1,1
824203,20260425,HOU,656986,Bennett Sousa,0,1,0,4,0,0,2,2
824203,20260425,HOU,805123,AJ Blubaugh,0,4,0,2,0,0,1,1
824203,20260425,HOU,681151,Jayden Murray,0,3,0,1,0,0,2,2
824203,20260425,NYA,677960,Ryan Weathers,1,16,4,0,0,1,2,2
824203,20260425,NYA,518585,Fernando Cruz,0,2,2,1,0,0,0,0
824203,20260425,NYA,656234,Jake Bird,0,3,1,0,0,0,0,0
824203,20260425,NYA,666808,Camilo Doval,0,3,1,1,0,0,0,0
824203,20260425,NYA,657612,Tim Hill,0,3,1,0,0,1,1,1
823799,20260425,MIL,694819,Jacob Misiorowski,1,18,9,1,2,0,3,3
823799,20260425,MIL,676879,Aaron Ashby,0,6,4,0,0,0,0,0
823799,20260425,MIL,682842,Abner Uribe,0,3,1,0,0,0,0,0
823799,20260425,MIL,672582,Angel Zerpa,0,2,1,1,0,0,3,1
823799,20260425,MIL,681982,Grant Anderson,0,1,0,0,0,0,0,0
823799,20260425,PIT,656605,Mitch Keller,1,15,6,2,0,0,3,3
823799,20260425,PIT,676755,Isaac Mattson,0,3,0,0,0,0,0,0
823799,20260425,PIT,682254,Mason Montgomery,0,3,1,1,0,0,0,0
823799,20260425,PIT,642701,Dennis Santana,0,3,1,1,0,0,0,0
823799,20260425,PIT,642397,Gregory Soto,0,3,1,0,0,0,0,0
823799,20260425,PIT,670990,Yohan Ramírez,0,3,2,0,0,0,0,0
824527,20260425,CIN,663903,Brady Singer,1,16,3,0,0,2,2,2
824527,20260425,CIN,683175,Connor Phillips,0,2,1,0,0,0,0,0
824527,20260425,CIN,668933,Graham Ashcraft,0,3,1,1,0,0,0,0
824527,20260425,CIN,594580,Sam Moll,0,3,1,1,0,0,0,0
824527,20260425,CIN,641941,Emilio Pagán,0,3,0,0,0,0,0,0
824527,20260425,DET,656427,Jack Flaherty,1,6,4,2,1,3,6,6
824527,20260425,DET,572143,Burch Smith,0,6,3,1,0,0,0,0
824527,20260425,DET,663947,Tyler Holton,0,3,0,1,0,0,2,2
824527,20260425,DET,657756,Connor Seabold,0,1,0,2,0,0,0,0
824527,20260425,DET,623454,Drew Anderson,0,8,5,1,0,1,1,1
823960,20260425,LAN,808963,Roki Sasaki,1,15,5,1,1,3,4,4
823960,20260425,LAN,676263,Jack Dreyer,0,2,2,1,0,0,0,0
823960,20260425,LAN,694361,Will Klein,0,4,2,0,0,0,0,0
823960,20260425,LAN,669165,Kyle Hurt,0,3,1,0,0,0,0,0
823960,20260425,LAN,671109,Jake Eder,0,3,1,0,0,0,0,0
823960,20260425,CHN,607067,Colin Rea,1,10,4,4,0,1,6,6
823960,20260425,CHN,665871,Javier Assad,0,7,2,2,0,0,6,6
823960,20260425,CHN,592826,Vince Velasquez,0,7,1,0,0,0,0,0
824933,20260425,ATL,693821,Bryce Elder,1,21,2,1,0,0,3,3
824933,20260425,ATL,669276,Dylan Lee,0,3,2,0,0,0,1,1
824933,20260425,ATL,641755,Tyler Kinley,0,3,1,1,0,0,2,1
824933,20260425,ATL,660761,José Suarez,0,3,3,1,0,0,2,2
824933,20260425,PHI,554430,Zack Wheeler,1,15,6,3,0,0,2,2
824933,20260425,PHI,621383,Tanner Banks,0,0,0,0,0,0,2,2
824933,20260425,PHI,689147,Orion Kerkering,0,4,1,1,0,0,0,0
824933,20260425,PHI,621237,José Alvarado,0,4,0,0,0,0,0,0
824933,20260425,PHI,641745,Brad Keller,0,4,1,0,0,0,0,0
824933,20260425,PHI,679775,Kyle Backhus,0,3,0,0,0,0,1,0
823637,20260426,NYN,673540,Kodai Senga,1,8,1,3,1,1,3,3
823637,20260426,NYN,605218,Carl Edwards Jr.,0,10,5,3,0,0,0,0
823637,20260426,NYN,596133,Luke Weaver,0,3,0,0,0,0,0,0
823637,20260426,NYN,548384,Brooks Raley,0,3,1,0,0,0,0,0
823637,20260426,NYN,642207,Devin Williams,0,3,2,0,0,0,0,0
823637,20260426,COL,801403,Chase Dollander,1,21,7,2,0,0,0,0
823637,20260426,COL,678020,Seth Halvorsen,0,3,0,1,0,0,0,0
823637,20260426,COL,688642,Zach Agnos,0,3,0,0,0,0,0,0
824852,20260426,BAL,680694,Kyle Bradish,1,15,3,4,0,1,3,3
824852,20260426,BAL,664991,Grant Wolfram,0,0,0,0,0,0,2,2
824852,20260426,BAL,666974,Yennier Cano,0,3,0,0,0,0,0,0
824852,20260426,BAL,689296,Anthony Nunez,0,3,1,1,0,0,0,0
824852,20260426,BAL,670329,Rico Garcia,0,3,1,0,0,0,0,0
824852,20260426,BAL,552640,Andrew Kittredge,0,3,1,0,0,0,0,0
824852,20260426,BOS,813349,Connelly Early,1,20,4,1,0,2,2,2
824852,20260426,BOS,677161,Zack Kelly,0,1,0,0,0,0,0,0
824852,20260426,BOS,676477,Garrett Whitlock,0,3,1,0,0,0,1,1
824852,20260426,BOS,547973,Aroldis Chapman,0,3,2,0,0,0,0,0
824934,20260426,ATL,519242,Chris Sale,1,18,9,2,1,0,0,0
824934,20260426,ATL,606303,Joel Payamps,0,3,1,0,0,0,0,0
824934,20260426,ATL,607481,Aaron Bummer,0,3,1,0,0,1,2,0
824934,20260426,ATL,663158,Robert Suarez,0,3,1,0,0,0,0,0
824934,20260426,PHI,605400,Aaron Nola,1,14,6,3,0,2,6,6
824934,20260426,PHI,663767,Chase Shugart,0,3,1,0,0,0,0,0
824934,20260426,PHI,641835,Tim Mayza,0,3,0,0,0,0,0,0
824934,20260426,PHI,676510,Nolan Hoffman,0,4,1,0,0,0,0,0
822824,20260426,TOR,571578,Patrick Corbin,1,14,4,2,0,0,2,2
822824,20260426,TOR,680755,Braydon Fisher,0,4,2,2,0,0,0,0
822824,20260426,TOR,643511,Tyler Rogers,0,3,1,0,0,0,0,0
822824,20260426,TOR,656546,Jeff Hoffman,0,3,1,1,0,0,0,0
822824,20260426,TOR,686973,Louis Varland,0,3,2,0,0,0,0,0
822824,20260426,CLE,677944,Slade Cecconi,1,17,5,1,0,1,4,4
822824,20260426,CLE,682120,Tim Herrin,0,3,1,0,0,0,0,0
822824,20260426,CLE,670059,Colin Holderman,0,4,2,0,0,0,0,0
824528,20260426,CIN,695076,Rhett Lowder,1,15,7,1,0,0,2,2
824528,20260426,CIN,656271,Brock Burke,0,3,1,2,0,0,0,0
824528,20260426,CIN,594580,Sam Moll,0,1,1,0,0,1,2,1
824528,20260426,CIN,572955,Pierce Johnson,0,2,1,0,0,1,2,2
824528,20260426,CIN,683742,Jose Franco,0,6,2,2,0,1,2,2
824528,20260426,DET,672456,Keider Montero,1,15,5,2,0,2,3,3
824528,20260426,DET,676428,Brant Hurter,0,3,0,0,0,0,0,0
824528,20260426,DET,676684,Will Vest,0,3,1,0,0,0,0,0
824528,20260426,DET,640448,Kyle Finnegan,0,3,1,0,0,0,0,0
824528,20260426,DET,669724,Brenan Hanifee,0,3,0,0,0,0,0,0
823635,20260426,NYN,690997,Nolan McLean,1,15,7,2,0,0,2,1
823635,20260426,NYN,623211,Huascar Brazobán,0,6,1,1,0,0,1,1
823635,20260426,NYN,681810,Austin Warren,0,6,1,0,0,0,0,0
823635,20260426,COL,500779,Jose Quintana,1,16,5,2,0,1,1,1
823635,20260426,COL,675848,Juan Mejia,0,5,2,0,0,0,0,0
823635,20260426,COL,677955,Jaden Hill,0,3,1,1,0,0,0,0
823635,20260426,COL,680767,Victor Vodnik,0,3,2,0,0,0,0,0
823637,20260426,NYN,673540,Kodai Senga,1,8,1,3,1,1,3,3
823637,20260426,NYN,605218,Carl Edwards Jr.,0,10,5,3,0,0,0,0
823637,20260426,NYN,596133,Luke Weaver,0,3,0,0,0,0,0,0
823637,20260426,NYN,548384,Brooks Raley,0,3,1,0,0,0,0,0
823637,20260426,NYN,642207,Devin Williams,0,3,2,0,0,0,0,0
823637,20260426,COL,801403,Chase Dollander,1,21,7,2,0,0,0,0
823637,20260426,COL,678020,Seth Halvorsen,0,3,0,1,0,0,0,0
823637,20260426,COL,688642,Zach Agnos,0,3,0,0,0,0,0,0
822991,20260426,TBA,643377,Griffin Jax,1,7,2,1,0,0,0,0
822991,20260426,TBA,669947,Jesse Scholtens,0,13,1,3,0,1,2,2
822991,20260426,TBA,642121,Cole Sulser,0,4,2,0,0,0,0,0
822991,20260426,TBA,641329,Bryan Baker,0,3,1,0,0,0,0,0
822991,20260426,MIN,680573,Simeon Woods Richardson,1,13,2,3,0,1,4,4
822991,20260426,MIN,607455,Anthony Banda,0,2,1,0,0,0,0,0
822991,20260426,MIN,681892,Kody Funderburk,0,4,0,1,0,0,0,0
822991,20260426,MIN,663485,Cole Sands,0,2,0,0,0,0,0,0
822991,20260426,MIN,623437,Justin Topa,0,3,1,0,0,0,0,0
824612,20260426,CHA,663542,Bryan Hudson,1,3,1,0,0,0,0,0
824612,20260426,CHA,680732,Sean Burke,0,22,4,0,0,0,0,0
824612,20260426,CHA,656794,Sean Newcomb,0,2,0,1,0,0,0,0
824612,20260426,CHA,622554,Seranthony Domínguez,0,3,0,0,0,1,2,1
824612,20260426,WAS,656492,Foster Griffin,1,21,8,2,1,0,0,0
824612,20260426,WAS,681402,Gus Varland,0,3,1,0,0,0,0,0
824612,20260426,WAS,663992,Richard Lovelady,0,3,2,1,0,0,0,0
824612,20260426,WAS,687606,Paxton Schultz,0,3,2,0,0,0,1,0
824202,20260426,HOU,681293,Spencer Arrighetti,1,21,8,1,1,1,1,1
824202,20260426,HOU,687911,Bryan King,0,3,1,0,0,0,0,0
824202,20260426,HOU,660853,Enyel De Los Santos,0,3,0,0,0,0,3,3
824202,20260426,NYA,661563,Luis Gil,1,12,0,3,1,2,6,6
824202,20260426,NYA,621112,Paul Blackburn,0,9,2,0,0,0,1,1
824202,20260426,NYA,642232,Ryan Yarbrough,0,3,2,0,0,0,0,0
823797,20260426,MIL,690986,Kyle Harrison,1,18,12,1,0,0,0,0
823797,20260426,MIL,656730,Trevor Megill,0,3,2,1,0,0,0,0
823797,20260426,MIL,676879,Aaron Ashby,0,3,2,2,0,0,0,0
823797,20260426,MIL,682842,Abner Uribe,0,3,2,0,0,0,0,0
823797,20260426,PIT,669387,Carmen Mlodzinski,1,11,4,1,0,0,5,4
823797,20260426,PIT,681895,Evan Sisk,0,4,2,0,1,0,0,0
823797,20260426,PIT,676742,Cam Sanders,0,6,1,1,0,0,0,0
823797,20260426,PIT,664875,Justin Lawrence,0,3,0,0,0,0,0,0
823068,20260426,SLN,700241,Michael McGreevy,1,18,6,0,0,1,1,1
823068,20260426,SLN,694335,Matt Svanson,0,3,1,0,0,0,1,1
823068,20260426,SLN,592773,Ryne Stanek,0,3,3,0,0,0,0,0
823068,20260426,SLN,668941,JoJo Romero,0,3,2,0,0,1,1,1
823068,20260426,SEA,676106,Emerson Hancock,1,18,4,2,1,2,2,2
823068,20260426,SEA,642100,Gabe Speier,0,2,0,1,0,0,0,0
823068,20260426,SEA,660825,Eduard Bazardo,0,4,1,0,0,0,0,0
823068,20260426,SEA,678606,José A. Ferrer,0,3,0,0,0,0,0,0
822911,20260426,TEX,677958,Kumar Rocker,1,18,3,2,0,0,2,2
822911,20260426,TEX,641302,Tyler Alexander,0,3,0,0,0,0,0,0
822911,20260426,TEX,686560,Gavin Collyer,0,3,1,0,0,0,0,0
822911,20260426,TEX,682608,Peyton Gray,0,3,1,2,0,0,0,0
822911,20260426,ATH,669372,J.T. Ginn,1,10,2,1,1,0,0,0
822911,20260426,ATH,669270,Joel Kuhnel,0,2,1,1,0,0,0,0
822911,20260426,ATH,682052,Jacob Lopez,0,3,1,2,0,0,1,1
822911,20260426,ATH,686993,Justin Sterner,0,3,2,0,0,0,0,0
822911,20260426,ATH,663687,Hogan Harris,0,3,1,1,0,0,0,0
822911,20260426,ATH,678022,Jack Perkins,0,6,3,0,0,0,0,0
825094,20260426,ARI,669194,Ryne Nelson,1,15,4,2,0,2,6,6
825094,20260426,ARI,656464,Kevin Ginkel,0,3,0,0,0,1,1,1
825094,20260426,ARI,657044,Ryan Thompson,0,3,0,0,0,0,0,0
825094,20260426,ARI,666661,Juan Morillo,0,3,2,0,0,0,0,0
825094,20260426,ARI,642528,Jonathan Loáisiga,0,3,0,0,0,0,0,0
825094,20260426,SDN,650633,Michael King,1,18,8,1,0,2,2,2
825094,20260426,SDN,688158,David Morgan,0,1,0,0,0,1,4,4
825094,20260426,SDN,699134,Bradgley Rodriguez,0,2,0,1,0,0,2,2
825094,20260426,SDN,676760,Ron Marinaccio,0,1,0,0,0,0,4,4
825094,20260426,SDN,593974,Wandy Peralta,0,2,0,1,0,0,0,0
823230,20260426,SFN,694738,Landen Roupp,1,23,6,2,0,1,3,3
823230,20260426,SFN,669062,Erik Miller,0,4,1,0,0,0,0,0
823230,20260426,MIA,676974,Max Meyer,1,15,5,1,1,0,1,0
823230,20260426,MIA,676534,Calvin Faucher,0,3,0,1,0,0,2,2
823230,20260426,MIA,677053,Andrew Nardi,0,3,1,2,0,1,3,3
823230,20260426,MIA,669622,Anthony Bender,0,3,0,0,0,0,0,0
824122,20260426,KCA,607625,Seth Lugo,1,19,3,1,0,1,7,7
824122,20260426,KCA,669212,Eli Morgan,0,2,0,0,0,0,0,0
824122,20260426,KCA,683232,Nick Mears,0,3,1,0,0,0,0,0
824122,20260426,KCA,656638,Alex Lange,0,3,2,3,0,0,1,1
824122,20260426,KCA,668674,Lucas Erceg,0,3,2,1,0,0,1,0
824122,20260426,ANA,672282,Reid Detmers,1,15,5,1,0,1,3,3
824122,20260426,ANA,696147,Sam Bachman,0,3,0,2,0,1,2,2
824122,20260426,ANA,666171,Ryan Zeferjahn,0,5,1,1,0,0,0,0
824122,20260426,ANA,608718,Brent Suter,0,3,0,1,0,0,2,2
824122,20260426,ANA,519141,Drew Pomeranz,0,1,0,0,0,1,1,1
824122,20260426,ANA,664192,Joey Lucchesi,0,2,1,1,0,1,3,2
823959,20260426,LAN,680736,Justin Wrobleski,1,18,6,4,1,0,0,0
823959,20260426,LAN,683618,Edgardo Henriquez,0,3,1,2,0,0,0,0
823959,20260426,LAN,676263,Jack Dreyer,0,3,1,0,1,0,0,0
823959,20260426,LAN,669165,Kyle Hurt,0,3,0,0,0,0,0,0
823959,20260426,CHN,684007,Shota Imanaga,1,16,6,3,0,0,5,4
823959,20260426,CHN,571948,Hoby Milner,0,3,0,0,0,1,1,1
823959,20260426,CHN,605441,Yacksel Ríos,0,5,2,0,0,0,0,0
824446,20260427,CLE,800048,Parker Messick,1,17,9,2,0,0,1,1
824446,20260427,CLE,670036,Matt Festa,0,1,0,0,0,0,0,0
824446,20260427,CLE,681870,Erik Sabrowski,0,2,1,1,0,0,0,0
824446,20260427,CLE,683769,Hunter Gaddis,0,1,0,0,0,1,2,2
824446,20260427,CLE,670059,Colin Holderman,0,6,1,0,0,0,0,0
824446,20260427,TBA,571927,Steven Matz,1,21,2,1,0,1,2,2
824446,20260427,TBA,693855,Ian Seymour,0,3,2,1,0,0,0,0
824446,20260427,TBA,641329,Bryan Baker,0,3,2,0,0,0,0,0
823395,20260427,PIT,682254,Mason Montgomery,1,3,1,0,0,0,0,0
823395,20260427,PIT,664875,Justin Lawrence,0,3,1,0,0,0,0,0
823395,20260427,PIT,696062,Wilber Dotel,0,12,3,0,0,0,0,0
823395,20260427,PIT,681895,Evan Sisk,0,2,0,0,0,0,0,0
823395,20260427,PIT,676755,Isaac Mattson,0,1,1,0,0,0,0,0
823395,20260427,PIT,642397,Gregory Soto,0,3,0,0,0,0,0,0
823395,20260427,PIT,642701,Dennis Santana,0,2,0,2,0,2,4,4
823395,20260427,PIT,676742,Cam Sanders,0,1,1,0,0,0,0,0
823395,20260427,SLN,669160,Dustin May,1,18,2,2,0,0,2,2
823395,20260427,SLN,681676,Ryan Fernandez,0,6,4,0,0,0,0,0
823395,20260427,SLN,666277,George Soriano,0,3,1,0,0,0,0,0
822825,20260427,TOR,656302,Dylan Cease,1,17,5,3,1,0,4,4
822825,20260427,TOR,573009,Joe Mantiply,0,3,2,0,0,0,0,0
822825,20260427,TOR,695445,Chase Lee,0,4,1,0,0,1,1,1
822825,20260427,TOR,667297,Tommy Nance,0,3,0,1,0,0,0,0
822825,20260427,BOS,624133,Ranger Suarez,1,24,10,1,0,0,0,0
822825,20260427,BOS,669711,Greg Weissert,0,3,0,0,0,0,0,0
823719,20260427,MIN,687570,Connor Prielipp,1,15,5,3,0,0,2,2
823719,20260427,MIN,702193,Andrew Morris,0,9,2,1,0,1,2,2
823719,20260427,MIN,573124,Taylor Rogers,0,3,0,1,0,0,0,0
823719,20260427,SEA,622491,Luis Castillo,1,15,3,2,1,2,7,7
823719,20260427,SEA,677961,Cole Wilcox,0,4,1,2,0,0,1,1
823719,20260427,SEA,695380,Alex Hoppe,0,5,3,3,0,0,3,3
824609,20260427,CHA,641743,Anthony Kay,1,12,2,2,2,0,4,4
824609,20260427,CHA,674370,Osvaldo Bido,0,9,2,0,0,1,1,1
824609,20260427,CHA,663855,Jordan Hicks,0,1,0,0,0,0,0,0
824609,20260427,CHA,691799,Grant Taylor,0,4,2,0,0,0,2,0
824609,20260427,CHA,663542,Bryan Hudson,0,1,0,0,0,0,0,0
824609,20260427,ANA,686799,Jack Kochanowicz,1,18,5,1,0,0,3,2
824609,20260427,ANA,680704,Nick Sandlin,0,0,0,0,1,0,3,3
824609,20260427,ANA,519141,Drew Pomeranz,0,3,2,0,0,2,2,2
824609,20260427,ANA,820862,José Fermin,0,3,2,0,0,0,0,0
822906,20260427,TEX,683004,Jack Leiter,1,18,4,1,1,3,4,4
822906,20260427,TEX,682608,Peyton Gray,0,6,1,2,0,0,0,0
822906,20260427,TEX,686560,Gavin Collyer,0,3,0,0,1,0,0,0
822906,20260427,NYA,608331,Max Fried,1,18,5,2,0,0,0,0
822906,20260427,NYA,666808,Camilo Doval,0,3,2,0,0,1,1,1
822906,20260427,NYA,657612,Tim Hill,0,3,0,2,0,0,0,0
822906,20260427,NYA,670280,David Bednar,0,3,1,0,0,0,1,0
823311,20260427,SDN,681190,Randy Vásquez,1,15,4,3,0,2,5,5
823311,20260427,SDN,670970,Adrian Morejon,0,5,2,1,0,0,0,0
823311,20260427,SDN,592094,Jason Adam,0,4,1,0,0,0,0,0
823311,20260427,SDN,695243,Mason Miller,0,3,1,0,0,0,2,2
823311,20260427,CHN,571510,Matthew Boyd,1,12,4,2,0,0,5,5
823311,20260427,CHN,676962,Ben Brown,0,6,1,1,0,0,1,0
823311,20260427,CHN,664208,Phil Maton,0,3,2,0,0,0,2,2
823311,20260427,CHN,657097,Jacob Webb,0,3,1,0,0,1,1,1
823961,20260427,LAN,808967,Yoshinobu Yamamoto,1,15,4,4,0,1,4,3
823961,20260427,LAN,681911,Alex Vesia,0,3,3,1,0,0,0,0
823961,20260427,LAN,656945,Tanner Scott,0,3,3,1,0,0,0,0
823961,20260427,LAN,683618,Edgardo Henriquez,0,3,1,0,0,0,0,0
823961,20260427,LAN,671109,Jake Eder,0,3,0,0,0,0,0,0
823961,20260427,MIA,663978,Chris Paddack,1,12,1,1,0,0,2,2
823961,20260427,MIA,667463,John King,0,3,0,0,0,0,0,0
823961,20260427,MIA,656848,Michael Petersen,0,4,2,1,0,0,0,0
823961,20260427,MIA,677053,Andrew Nardi,0,2,1,1,0,0,0,0
823961,20260427,MIA,676534,Calvin Faucher,0,3,1,0,0,0,0,0
823961,20260427,MIA,664126,Pete Fairbanks,0,1,0,3,0,0,3,3
823961,20260427,MIA,663969,Tyler Phillips,0,1,1,0,0,0,0,0
824447,20260428,CLE,676440,Tanner Bibee,1,15,6,3,0,0,1,1
824447,20260428,CLE,682120,Tim Herrin,0,5,0,1,0,0,0,0
824447,20260428,CLE,641401,Connor Brogdon,0,4,0,0,0,0,0,0
824447,20260428,CLE,688883,Peyton Pallette,0,3,1,1,0,0,0,0
824447,20260428,TBA,607259,Nick Martinez,1,21,4,1,0,0,0,0
824447,20260428,TBA,693855,Ian Seymour,0,2,1,2,0,0,0,0
824447,20260428,TBA,687330,Kevin Kelly,0,1,0,0,0,0,0,0
824447,20260428,TBA,642121,Cole Sulser,0,3,2,1,0,0,0,0
824849,20260428,BAL,669358,Shane Baz,1,17,6,1,0,1,1,1
824849,20260428,BAL,670329,Rico Garcia,0,1,1,0,0,0,0,0
824849,20260428,BAL,552640,Andrew Kittredge,0,3,3,1,0,0,0,0
824849,20260428,BAL,689296,Anthony Nunez,0,3,2,0,0,0,2,2
824849,20260428,BAL,664854,Ryan Helsley,0,3,0,0,0,0,0,0
824849,20260428,HOU,678906,Kai-Wei Teng,1,9,2,0,0,0,2,2
824849,20260428,HOU,595345,Steven Okert,0,1,0,0,0,0,0,0
824849,20260428,HOU,680802,Ryan Weiss,0,11,3,2,0,1,3,3
824849,20260428,HOU,656986,Bennett Sousa,0,3,3,0,0,0,0,0
824526,20260428,CIN,695505,Chase Burns,1,18,9,1,0,1,2,2
824526,20260428,CIN,668933,Graham Ashcraft,0,3,0,0,0,0,0,0
824526,20260428,CIN,663574,Tony Santillan,0,3,1,1,0,0,0,0
824526,20260428,CIN,656271,Brock Burke,0,3,2,0,0,0,0,0
824526,20260428,COL,607536,Kyle Freeland,1,15,4,1,0,1,4,4
824526,20260428,COL,685299,Tanner Gordon,0,9,3,0,0,1,3,3
823390,20260428,PIT,677952,Braxton Ashcraft,1,13,7,3,0,2,6,6
823390,20260428,PIT,682995,Hunter Barco,0,14,3,2,1,0,5,5
823390,20260428,SLN,681517,Kyle Leahy,1,16,7,0,0,2,3,3
823390,20260428,SLN,700669,Gordon Graceffo,0,5,0,0,0,0,0,0
823390,20260428,SLN,677865,Justin Bruihl,0,3,1,1,0,0,3,2
823390,20260428,SLN,694335,Matt Svanson,0,3,3,0,0,1,1,1
823473,20260428,PHI,666200,Jesús Luzardo,1,21,8,0,0,0,0,0
823473,20260428,PHI,689147,Orion Kerkering,0,3,2,0,0,0,0,0
823473,20260428,PHI,641835,Tim Mayza,0,3,2,0,0,0,0,0
823473,20260428,SFN,641816,Tyler Mahle,1,15,3,3,0,0,5,5
823473,20260428,SFN,657424,Matt Gage,0,3,1,1,0,0,0,0
823473,20260428,SFN,694918,Blade Tidwell,0,6,2,1,0,0,2,2
822823,20260428,TOR,702056,Trey Yesavage,1,16,3,0,0,0,0,0
822823,20260428,TOR,689254,Mason Fluharty,0,2,0,1,0,0,0,0
822823,20260428,TOR,656546,Jeff Hoffman,0,3,2,0,0,0,0,0
822823,20260428,TOR,643511,Tyler Rogers,0,3,1,0,0,0,0,0
822823,20260428,TOR,686973,Louis Varland,0,3,3,0,0,0,0,0
822823,20260428,BOS,801139,Payton Tolle,1,14,4,4,0,0,3,3
822823,20260428,BOS,677161,Zack Kelly,0,3,2,1,0,0,0,0
822823,20260428,BOS,701719,Tyler Samaniego,0,2,0,0,0,0,0,0
822823,20260428,BOS,670245,Ryan Watson,0,5,1,0,1,0,0,0
823636,20260428,NYN,605280,Clay Holmes,1,18,6,1,0,0,0,0
823636,20260428,NYN,668964,Tobias Myers,0,6,2,1,0,0,0,0
823636,20260428,NYN,518886,Craig Kimbrel,0,3,3,0,0,0,0,0
823636,20260428,WAS,641793,Zack Littell,1,11,1,3,0,2,8,4
823636,20260428,WAS,695418,Brad Lord,0,7,1,0,0,0,0,0
823636,20260428,WAS,701552,Andre Granillo,0,6,1,2,0,0,0,0
824931,20260428,ATL,527048,Martín Pérez,1,15,5,4,0,0,0,0
824931,20260428,ATL,800311,Didier Fuentes,0,6,1,1,0,0,0,0
824931,20260428,ATL,641755,Tyler Kinley,0,3,2,0,0,0,0,0
824931,20260428,ATL,607481,Aaron Bummer,0,3,0,0,0,1,2,2
824931,20260428,DET,663554,Casey Mize,1,7,3,1,0,0,2,2
824931,20260428,DET,676428,Brant Hurter,0,8,1,0,0,0,0,0
824931,20260428,DET,572143,Burch Smith,0,6,4,1,0,0,1,1
824931,20260428,DET,663947,Tyler Holton,0,3,1,0,0,1,2,2
823716,20260428,MIN,657746,Joe Ryan,1,18,6,1,0,0,2,2
823716,20260428,MIN,681892,Kody Funderburk,0,4,0,1,0,0,1,1
823716,20260428,MIN,663485,Cole Sands,0,2,1,0,0,1,2,2
823716,20260428,MIN,472610,Luis García,0,3,0,0,1,0,2,2
823716,20260428,SEA,669302,Logan Gilbert,1,15,4,1,1,1,1,1
823716,20260428,SEA,660825,Eduard Bazardo,0,3,0,0,0,0,0,0
823716,20260428,SEA,642100,Gabe Speier,0,3,0,0,0,0,0,0
823716,20260428,SEA,666374,Matt Brash,0,3,2,0,0,0,0,0
823716,20260428,SEA,681867,Cooper Criswell,0,3,1,0,0,0,0,0
824610,20260428,CHA,663436,Davis Martin,1,17,7,1,1,0,1,1
824610,20260428,CHA,656794,Sean Newcomb,0,4,3,1,0,0,0,0
824610,20260428,CHA,673929,Jordan Leasure,0,3,2,0,0,1,1,1
824610,20260428,CHA,622554,Seranthony Domínguez,0,3,1,1,0,0,0,0
824610,20260428,ANA,667755,José Soriano,1,15,6,3,0,2,3,3
824610,20260428,ANA,608718,Brent Suter,0,3,1,0,0,1,1,1
824610,20260428,ANA,664192,Joey Lucchesi,0,1,1,1,0,0,1,1
824610,20260428,ANA,820862,José Fermin,0,5,1,0,2,0,0,0
823798,20260428,MIL,694477,Chad Patrick,1,15,5,5,0,0,2,2
823798,20260428,MIL,675660,Shane Drohan,0,3,1,0,0,0,0,0
823798,20260428,MIL,663765,Jake Woodford,0,9,2,0,0,0,0,0
823798,20260428,ARI,518876,Merrill Kelly,1,15,1,5,0,1,5,5
823798,20260428,ARI,694851,Andrew Hoffmann,0,1,0,1,0,0,8,7
823798,20260428,ARI,657044,Ryan Thompson,0,2,1,0,0,0,0,0
823798,20260428,ARI,664199,Taylor Clarke,0,3,0,0,0,0,0,0
823798,20260428,ARI,543510,James McCann,0,3,0,0,0,0,0,0
822908,20260428,TEX,594798,Jacob deGrom,1,18,5,0,0,0,1,1
822908,20260428,TEX,656222,Jalen Beeks,0,3,1,0,0,1,1,1
822908,20260428,TEX,596001,Jakob Junis,0,3,0,0,0,0,0,0
822908,20260428,TEX,668390,Cole Winn,0,3,1,0,0,1,1,1
822908,20260428,NYA,693645,Cam Schlittler,1,18,8,2,0,0,0,0
822908,20260428,NYA,687396,Brent Headrick,0,3,1,1,0,0,0,0
822908,20260428,NYA,518585,Fernando Cruz,0,3,2,1,0,0,0,0
822908,20260428,NYA,670280,David Bednar,0,3,0,0,1,0,2,1
825017,20260428,ATH,650644,Aaron Civale,1,15,3,1,0,0,0,0
825017,20260428,ATH,663687,Hogan Harris,0,2,1,2,0,1,1,1
825017,20260428,ATH,605130,Scott Barlow,0,4,1,0,1,0,0,0
825017,20260428,ATH,643410,Mark Leiter Jr.,0,3,1,0,0,0,0,0
825017,20260428,ATH,678022,Jack Perkins,0,3,1,0,0,0,0,0
825017,20260428,ATH,686993,Justin Sterner,0,3,0,0,0,1,3,2
825017,20260428,KCA,663460,Kris Bubic,1,15,6,4,1,0,1,1
825017,20260428,KCA,670167,John Schreiber,0,3,0,0,0,0,0,0
825017,20260428,KCA,663738,Daniel Lynch IV,0,3,0,0,0,0,0,0
825017,20260428,KCA,621381,Matt Strahm,0,3,2,1,0,0,0,0
825017,20260428,KCA,683232,Nick Mears,0,3,2,0,0,0,0,0
825017,20260428,KCA,668674,Lucas Erceg,0,3,1,1,0,0,0,0
823310,20260428,SDN,621111,Walker Buehler,1,14,4,3,1,0,2,2
823310,20260428,SDN,606996,Kyle Hart,0,2,1,1,0,0,2,2
823310,20260428,SDN,688158,David Morgan,0,2,1,1,0,0,1,1
823310,20260428,SDN,593974,Wandy Peralta,0,3,0,0,1,1,3,3
823310,20260428,SDN,676760,Ron Marinaccio,0,6,1,1,0,0,0,0
823310,20260428,CHN,665795,Edward Cabrera,1,17,7,1,1,1,3,3
823310,20260428,CHN,571948,Hoby Milner,0,4,1,0,0,0,0,0
823310,20260428,CHN,669020,Ryan Rolison,0,6,2,0,0,0,0,0
823956,20260428,LAN,660271,Shohei Ohtani,1,18,9,3,1,0,2,1
823956,20260428,LAN,656945,Tanner Scott,0,3,1,0,0,0,0,0
823956,20260428,LAN,595014,Blake Treinen,0,3,1,0,0,0,0,0
823956,20260428,LAN,676263,Jack Dreyer,0,3,2,0,0,0,0,0
823956,20260428,MIA,676083,Janson Junk,1,18,4,1,0,0,0,0
823956,20260428,MIA,669622,Anthony Bender,0,3,0,0,0,0,0,0
823956,20260428,MIA,656848,Michael Petersen,0,1,0,0,0,0,1,1
823956,20260428,MIA,667463,John King,0,2,0,0,0,0,0,0
823956,20260428,MIA,663969,Tyler Phillips,0,3,0,0,0,0,0,0
824445,20260429,CLE,668909,Gavin Williams,1,23,9,0,1,0,1,0
824445,20260429,CLE,681870,Erik Sabrowski,0,1,1,0,0,0,0,0
824445,20260429,CLE,671922,Cade Smith,0,3,2,0,0,0,0,0
824445,20260429,TBA,656876,Drew Rasmussen,1,15,6,1,0,0,3,2
824445,20260429,TBA,668984,Casey Legumina,0,3,0,1,0,0,0,0
824445,20260429,TBA,672782,Yoendrys Gómez,0,6,1,0,0,0,0,0
824608,20260429,CHA,607200,Erick Fedde,1,21,6,0,0,2,2,2
824608,20260429,CHA,663542,Bryan Hudson,0,3,2,0,0,0,0,0
824608,20260429,CHA,699823,Tyler Davis,0,3,0,0,0,0,0,0
824608,20260429,CHA,622554,Seranthony Domínguez,0,3,1,0,0,0,0,0
824608,20260429,ANA,579328,Yusei Kikuchi,1,6,1,1,0,0,0,0
824608,20260429,ANA,815083,Mitch Farris,0,11,3,2,0,0,1,1
824608,20260429,ANA,681217,Chase Silseth,0,2,0,2,0,0,0,0
824608,20260429,ANA,696147,Sam Bachman,0,2,0,0,0,0,0,0
824608,20260429,ANA,666171,Ryan Zeferjahn,0,6,4,0,1,0,1,1
824608,20260429,ANA,519141,Drew Pomeranz,0,1,0,2,0,0,1,1
823717,20260429,MIN,671737,Taj Bradley,1,21,7,2,0,1,2,2
823717,20260429,MIN,607455,Anthony Banda,0,3,2,1,0,0,0,0
823717,20260429,MIN,679358,Eric Orze,0,1,1,2,0,0,3,3
823717,20260429,MIN,573124,Taylor Rogers,0,2,0,0,0,0,0,0
823717,20260429,SEA,669923,George Kirby,1,17,5,2,0,0,2,2
823717,20260429,SEA,660825,Eduard Bazardo,0,2,0,0,0,0,0,0
823717,20260429,SEA,678606,José A. Ferrer,0,2,1,0,0,0,0,0
823717,20260429,SEA,666374,Matt Brash,0,0,0,0,0,0,0,0
823717,20260429,SEA,642100,Gabe Speier,0,2,2,1,0,0,1,1
823717,20260429,SEA,681867,Cooper Criswell,0,1,0,0,0,0,0,0
823717,20260429,SEA,662253,Andrés Muñoz,0,3,2,0,0,0,0,0
822907,20260429,TEX,543135,Nathan Eovaldi,1,21,7,1,1,0,0,0
822907,20260429,TEX,656641,Jacob Latz,0,6,1,0,0,0,0,0
822907,20260429,NYA,695684,Elmer Rodríguez,1,12,3,4,1,0,2,2
822907,20260429,NYA,687396,Brent Headrick,0,4,1,0,0,0,0,0
822907,20260429,NYA,656234,Jake Bird,0,3,0,0,0,0,1,1
822907,20260429,NYA,657612,Tim Hill,0,2,0,0,0,0,0,0
822907,20260429,NYA,518585,Fernando Cruz,0,3,2,0,0,0,0,0
822821,20260429,TOR,641778,Eric Lauer,1,13,1,1,0,1,1,1
822821,20260429,TOR,680755,Braydon Fisher,0,5,1,0,0,0,0,0
822821,20260429,TOR,667297,Tommy Nance,0,2,0,0,0,0,0,0
822821,20260429,TOR,573009,Joe Mantiply,0,1,1,0,0,0,0,0
822821,20260429,TOR,693686,Spencer Miles,0,6,3,1,0,0,0,0
822821,20260429,BOS,678394,Brayan Bello,1,11,2,2,0,0,4,4
822821,20260429,BOS,669711,Greg Weissert,0,2,1,0,0,1,2,2
822821,20260429,BOS,663558,Jovani Morán,0,8,0,1,1,0,1,1
822821,20260429,BOS,676477,Garrett Whitlock,0,3,0,0,0,1,1,1
823958,20260429,LAN,607192,Tyler Glasnow,1,17,9,6,0,2,2,2
823958,20260429,LAN,681911,Alex Vesia,0,1,0,0,0,0,0,0
823958,20260429,LAN,694361,Will Klein,0,6,3,1,0,0,1,1
823958,20260429,LAN,669165,Kyle Hurt,0,3,1,0,0,0,0,0
823958,20260429,MIA,645261,Sandy Alcantara,1,18,4,2,0,0,2,2
823958,20260429,MIA,677053,Andrew Nardi,0,3,1,1,0,0,0,0
823958,20260429,MIA,667463,John King,0,3,1,0,0,0,0,0
823958,20260429,MIA,676534,Calvin Faucher,0,3,0,3,0,0,0,0
823312,20260429,SDN,663362,Matt Waldron,1,15,1,1,1,1,3,3
823312,20260429,SDN,670970,Adrian Morejon,0,2,0,1,0,0,1,1
823312,20260429,SDN,699134,Bradgley Rodriguez,0,4,0,1,0,0,0,0
823312,20260429,SDN,592094,Jason Adam,0,3,1,1,0,1,1,1
823312,20260429,SDN,695243,Mason Miller,0,3,1,1,0,0,0,0
823312,20260429,CHN,592791,Jameson Taillon,1,21,6,1,0,2,3,3
823312,20260429,CHN,656686,Corbin Martin,0,0,0,3,0,0,1,1
823312,20260429,CHN,676962,Ben Brown,0,5,1,0,0,0,0,0
823312,20260429,CHN,571948,Hoby Milner,0,1,1,0,0,0,0,0
824525,20260429,CIN,682227,Brandon Williamson,1,9,4,4,0,0,4,4
824525,20260429,CIN,682825,Luis Mey,0,6,4,1,1,1,1,1
824525,20260429,CIN,683742,Jose Franco,0,9,3,1,0,1,3,3
824525,20260429,CIN,624431,Jose Trevino,0,3,0,0,0,0,5,5
824525,20260429,COL,608372,Tomoyuki Sugano,1,16,2,3,0,0,0,0
824525,20260429,COL,657514,Brennan Bernardino,0,5,1,0,0,0,0,0
824525,20260429,COL,675848,Juan Mejia,0,3,3,0,0,0,0,0
824525,20260429,COL,623474,Jimmy Herget,0,3,3,0,0,1,2,2
823392,20260429,PIT,696149,Bubba Chandler,1,15,6,4,0,1,3,3
823392,20260429,PIT,681895,Evan Sisk,0,4,2,1,1,0,1,1
823392,20260429,PIT,606965,Chris Devenski,0,2,1,0,0,0,1,1
823392,20260429,PIT,642701,Dennis Santana,0,3,0,0,0,0,0,0
823392,20260429,PIT,670990,Yohan Ramírez,0,3,2,1,0,0,0,0
823392,20260429,SLN,669467,Andre Pallante,1,18,6,0,0,1,1,1
823392,20260429,SLN,592773,Ryne Stanek,0,1,0,2,0,0,2,2
823392,20260429,SLN,668941,JoJo Romero,0,2,1,1,0,0,0,0
823392,20260429,SLN,666277,George Soriano,0,3,1,1,0,0,1,0
823392,20260429,SLN,676617,Riley O'Brien,0,3,1,0,0,0,0,0
823633,20260429,NYN,656849,David Peterson,1,11,5,3,0,0,7,7
823633,20260429,NYN,640455,Sean Manaea,0,8,4,2,1,1,6,6
823633,20260429,NYN,605218,Carl Edwards Jr.,0,8,6,1,0,1,1,1
823633,20260429,WAS,676917,Cade Cavalli,1,18,10,2,0,1,2,2
823633,20260429,WAS,672335,Cionel Pérez,0,3,0,0,0,0,0,0
823633,20260429,WAS,687606,Paxton Schultz,0,3,1,0,0,0,0,0
823633,20260429,WAS,676571,PJ Poulin,0,3,1,0,0,0,0,0
824930,20260429,ATL,702275,JR Ritchie,1,16,4,4,0,1,3,2
824930,20260429,ATL,669276,Dylan Lee,0,5,4,0,0,0,0,0
824930,20260429,ATL,625643,Reynaldo López,0,6,2,0,0,0,0,0
824930,20260429,DET,669373,Tarik Skubal,1,21,7,0,0,1,2,2
824930,20260429,DET,640448,Kyle Finnegan,0,3,1,2,0,0,0,0
824930,20260429,DET,445276,Kenley Jansen,0,0,0,1,0,1,2,2
823796,20260429,MIL,687075,Brandon Sproat,1,13,5,2,0,2,4,4
823796,20260429,MIL,669084,DL Hall,0,7,3,1,0,0,0,0
823796,20260429,MIL,702153,Brian Fitzpatrick,0,4,0,1,0,0,0,0
823796,20260429,MIL,681982,Grant Anderson,0,3,2,0,0,2,2,2
823796,20260429,ARI,593958,Eduardo Rodriguez,1,14,4,4,0,0,2,2
823796,20260429,ARI,656464,Kevin Ginkel,0,4,3,0,0,0,0,0
823796,20260429,ARI,666661,Juan Morillo,0,3,1,0,0,0,0,0
823796,20260429,ARI,664199,Taylor Clarke,0,3,1,0,0,0,0,0
823796,20260429,ARI,623149,Paul Sewald,0,3,1,0,0,0,0,0
825015,20260429,ATH,622663,Luis Severino,1,21,8,2,0,0,1,1
825015,20260429,ATH,669270,Joel Kuhnel,0,5,0,1,0,0,1,1
825015,20260429,ATH,643410,Mark Leiter Jr.,0,1,1,1,0,0,0,0
825015,20260429,KCA,608379,Michael Wacha,1,15,5,4,0,1,4,4
825015,20260429,KCA,679883,Luinder Avila,0,3,2,0,0,0,1,1
825015,20260429,KCA,656638,Alex Lange,0,3,0,1,0,0,0,0
825015,20260429,KCA,696131,Mason Black,0,3,0,0,0,0,0,0
823471,20260430,PHI,641835,Tim Mayza,1,6,2,1,0,0,0,0
823471,20260430,PHI,676510,Nolan Hoffman,0,6,1,1,0,0,1,1
823471,20260430,PHI,680742,Jonathan Bowlan,0,3,1,1,0,0,2,2
823471,20260430,PHI,670950,Trevor Richards,0,7,3,1,0,0,1,1
823471,20260430,PHI,641745,Brad Keller,0,3,3,0,1,0,1,1
823471,20260430,PHI,621237,José Alvarado,0,2,1,1,0,0,0,0
823471,20260430,PHI,663767,Chase Shugart,0,3,1,0,0,0,0,0
823471,20260430,SFN,605288,Adrian Houser,1,14,2,2,0,2,3,3
823471,20260430,SFN,621366,Ryan Borucki,0,1,0,1,0,0,1,1
823471,20260430,SFN,668873,Caleb Kilian,0,6,2,0,0,0,0,0
823471,20260430,SFN,676775,Keaton Winn,0,6,0,3,0,0,1,1
823471,20260430,SFN,657424,Matt Gage,0,2,0,0,0,0,1,0
824850,20260430,BAL,687064,Brandon Young,1,12,2,2,0,2,10,4
824850,20260430,BAL,671382,Cameron Foster,0,6,2,1,0,0,1,1
824850,20260430,BAL,669211,Keegan Akin,0,3,1,0,0,0,0,0
824850,20260430,BAL,669330,Tyler Wells,0,3,0,0,0,0,0,0
824850,20260430,BAL,666974,Yennier Cano,0,3,2,0,0,0,0,0
824850,20260430,HOU,621121,Lance McCullers Jr.,1,18,9,4,0,0,3,3
824850,20260430,HOU,650556,Bryan Abreu,0,3,3,2,0,0,1,1
824850,20260430,HOU,660853,Enyel De Los Santos,0,3,2,1,0,0,0,0
824850,20260430,HOU,675989,Cody Bolton,0,3,0,1,0,0,1,1
824929,20260430,ATL,693821,Bryce Elder,1,18,5,3,0,0,1,1
824929,20260430,ATL,641755,Tyler Kinley,0,3,1,1,0,0,0,0
824929,20260430,ATL,606303,Joel Payamps,0,1,1,1,0,0,2,2
824929,20260430,ATL,607481,Aaron Bummer,0,2,1,1,0,0,0,0
824929,20260430,ATL,660761,José Suarez,0,3,2,2,0,0,2,2
824929,20260430,DET,664285,Framber Valdez,1,18,8,0,1,0,2,2
824929,20260430,DET,623454,Drew Anderson,0,6,2,1,0,0,0,0
824929,20260430,DET,640448,Kyle Finnegan,0,3,1,0,0,0,0,0
824848,20260430,BAL,605135,Chris Bassitt,1,20,7,1,0,0,1,1
824848,20260430,BAL,670329,Rico Garcia,0,1,0,0,0,0,0,0
824848,20260430,BAL,689296,Anthony Nunez,0,3,0,0,0,0,2,0
824848,20260430,BAL,664744,Jose Espada,0,3,0,0,0,0,0,0
824848,20260430,HOU,663567,Peter Lambert,1,13,3,3,0,0,2,2
824848,20260430,HOU,595345,Steven Okert,0,2,0,1,0,1,3,3
824848,20260430,HOU,805123,AJ Blubaugh,0,3,1,0,0,0,0,0
824848,20260430,HOU,669920,Jason Alexander,0,6,1,3,0,1,5,5
824850,20260430,BAL,687064,Brandon Young,1,12,2,2,0,2,10,4
824850,20260430,BAL,671382,Cameron Foster,0,6,2,1,0,0,1,1
824850,20260430,BAL,669211,Keegan Akin,0,3,1,0,0,0,0,0
824850,20260430,BAL,669330,Tyler Wells,0,3,0,0,0,0,0,0
824850,20260430,BAL,666974,Yennier Cano,0,3,2,0,0,0,0,0
824850,20260430,HOU,621121,Lance McCullers Jr.,1,18,9,4,0,0,3,3
824850,20260430,HOU,650556,Bryan Abreu,0,3,3,2,0,0,1,1
824850,20260430,HOU,660853,Enyel De Los Santos,0,3,2,1,0,0,0,0
824850,20260430,HOU,675989,Cody Bolton,0,3,0,1,0,0,1,1
823391,20260430,PIT,694973,Paul Skenes,1,15,9,0,0,2,5,3
823391,20260430,PIT,670990,Yohan Ramírez,0,3,1,0,0,0,0,0
823391,20260430,PIT,682254,Mason Montgomery,0,3,0,1,0,0,0,0
823391,20260430,PIT,676755,Isaac Mattson,0,2,0,2,0,0,5,5
823391,20260430,PIT,606965,Chris Devenski,0,4,2,0,0,0,0,0
823391,20260430,SLN,690928,Hunter Dobbins,1,13,4,5,0,0,3,3
823391,20260430,SLN,677865,Justin Bruihl,0,2,0,0,0,0,0,0
823391,20260430,SLN,700669,Gordon Graceffo,0,4,1,0,1,0,0,0
823391,20260430,SLN,668941,JoJo Romero,0,2,2,1,0,1,1,1
823391,20260430,SLN,592773,Ryne Stanek,0,3,1,0,0,0,0,0
823391,20260430,SLN,694335,Matt Svanson,0,3,0,0,0,0,1,1
823472,20260430,PHI,650911,Cristopher Sánchez,1,20,7,3,0,0,2,2
823472,20260430,PHI,689147,Orion Kerkering,0,2,0,0,0,0,0,0
823472,20260430,PHI,621383,Tanner Banks,0,4,2,0,0,0,0,0
823472,20260430,PHI,663767,Chase Shugart,0,1,1,0,0,0,0,0
823472,20260430,SFN,657277,Logan Webb,1,21,6,2,0,1,1,1
823472,20260430,SFN,669062,Erik Miller,0,3,1,0,0,0,0,0
823472,20260430,SFN,676254,Ryan Walker,0,2,1,0,0,0,2,2
823471,20260430,PHI,641835,Tim Mayza,1,6,2,1,0,0,0,0
823471,20260430,PHI,676510,Nolan Hoffman,0,6,1,1,0,0,1,1
823471,20260430,PHI,680742,Jonathan Bowlan,0,3,1,1,0,0,2,2
823471,20260430,PHI,670950,Trevor Richards,0,7,3,1,0,0,1,1
823471,20260430,PHI,641745,Brad Keller,0,3,3,0,1,0,1,1
823471,20260430,PHI,621237,José Alvarado,0,2,1,1,0,0,0,0
823471,20260430,PHI,663767,Chase Shugart,0,3,1,0,0,0,0,0
823471,20260430,SFN,605288,Adrian Houser,1,14,2,2,0,2,3,3
823471,20260430,SFN,621366,Ryan Borucki,0,1,0,1,0,0,1,1
823471,20260430,SFN,668873,Caleb Kilian,0,6,2,0,0,0,0,0
823471,20260430,SFN,676775,Keaton Winn,0,6,0,3,0,0,1,1
823471,20260430,SFN,657424,Matt Gage,0,2,0,0,0,0,1,0
824524,20260430,CIN,671096,Andrew Abbott,1,18,5,2,0,1,2,2
824524,20260430,CIN,683175,Connor Phillips,0,3,3,1,1,0,0,0
824524,20260430,CIN,663574,Tony Santillan,0,3,1,0,0,0,0,0
824524,20260430,CIN,641941,Emilio Pagán,0,3,0,0,0,0,2,2
824524,20260430,COL,547179,Michael Lorenzen,1,16,5,3,0,2,4,4
824524,20260430,COL,622608,Antonio Senzatela,0,5,1,1,0,0,0,0
824524,20260430,COL,680767,Victor Vodnik,0,3,1,1,0,0,2,2
823634,20260430,NYN,642547,Freddy Peralta,1,18,6,3,0,0,3,1
823634,20260430,NYN,548384,Brooks Raley,0,3,2,0,0,0,0,0
823634,20260430,NYN,596133,Luke Weaver,0,3,1,0,0,1,2,2
823634,20260430,NYN,642207,Devin Williams,0,3,0,0,0,0,0,0
823634,20260430,WAS,571945,Miles Mikolas,1,12,3,1,0,1,3,3
823634,20260430,WAS,680730,Mitchell Parker,0,9,0,1,0,0,1,1
823634,20260430,WAS,663992,Richard Lovelady,0,2,0,0,0,0,0,0
823634,20260430,WAS,681402,Gus Varland,0,4,1,0,0,0,0,0
823795,20260430,MIL,605540,Brandon Woodruff,1,4,2,1,0,0,0,0
823795,20260430,MIL,681982,Grant Anderson,0,2,2,0,0,0,0,0
823795,20260430,MIL,675660,Shane Drohan,0,12,4,0,0,0,1,1
823795,20260430,MIL,656730,Trevor Megill,0,3,1,0,0,0,0,0
823795,20260430,MIL,702153,Brian Fitzpatrick,0,3,2,1,0,0,0,0
823795,20260430,MIL,663765,Jake Woodford,0,3,2,0,0,0,0,0
823795,20260430,ARI,647336,Michael Soroka,1,9,2,2,0,1,8,8
823795,20260430,ARI,691769,Philip Abner,0,7,1,1,0,0,2,2
823795,20260430,ARI,642528,Jonathan Loáisiga,0,2,1,1,0,0,1,1
823795,20260430,ARI,694297,Brandon Pfaadt,0,3,2,0,0,1,1,1
823795,20260430,ARI,543510,James McCann,0,3,0,2,0,0,1,0
825016,20260430,ATH,605488,Jeffrey Springs,1,9,4,1,1,1,2,2
825016,20260430,ATH,665622,Luis Medina,0,8,1,2,1,0,0,0
825016,20260430,ATH,605130,Scott Barlow,0,3,0,1,0,0,0,0
825016,20260430,ATH,669620,Brady Basso,0,4,0,0,0,1,1,1
825016,20260430,ATH,678022,Jack Perkins,0,3,1,0,0,0,0,0
825016,20260430,KCA,702070,Noah Cameron,1,16,5,2,0,0,5,4
825016,20260430,KCA,670167,John Schreiber,0,5,0,1,0,0,1,1
825016,20260430,KCA,656638,Alex Lange,0,3,0,0,0,0,0,0
823714,20260430,MIN,641927,Bailey Ober,1,18,2,2,0,1,1,1
823714,20260430,MIN,607455,Anthony Banda,0,2,0,0,0,0,0,0
823714,20260430,MIN,702193,Andrew Morris,0,4,0,0,0,0,0,0
823714,20260430,MIN,623437,Justin Topa,0,3,0,1,0,0,0,0
823714,20260430,TOR,592332,Kevin Gausman,1,17,2,2,0,2,4,4
823714,20260430,TOR,667297,Tommy Nance,0,4,3,0,0,0,0,0
823714,20260430,TOR,689254,Mason Fluharty,0,1,1,2,0,0,3,3
823714,20260430,TOR,573009,Joe Mantiply,0,2,0,0,0,0,0,0
824686,20260501,CHN,607067,Colin Rea,1,16,6,0,0,0,2,2
824686,20260501,CHN,669020,Ryan Rolison,0,2,2,1,0,1,3,3
824686,20260501,CHN,664208,Phil Maton,0,3,2,0,0,0,0,0
824686,20260501,CHN,657097,Jacob Webb,0,6,3,1,0,0,0,0
824686,20260501,ARI,668678,Zac Gallen,1,11,3,3,0,0,6,6
824686,20260501,ARI,657044,Ryan Thompson,0,4,0,1,0,0,0,0
824686,20260501,ARI,805299,Brandyn Garcia,0,6,2,0,0,0,0,0
824686,20260501,ARI,656464,Kevin Ginkel,0,3,0,0,0,0,0,0
824287,20260501,DET,656427,Jack Flaherty,1,11,4,3,0,1,4,4
824287,20260501,DET,646241,Enmanuel De Jesus,0,4,1,1,0,0,0,0
824287,20260501,DET,669724,Brenan Hanifee,0,3,1,0,0,0,0,0
824287,20260501,DET,676428,Brant Hurter,0,3,2,0,1,0,0,0
824287,20260501,DET,572143,Burch Smith,0,6,3,0,0,0,1,1
824287,20260501,TEX,669022,MacKenzie Gore,1,11,3,3,0,0,3,3
824287,20260501,TEX,668390,Cole Winn,0,2,1,1,0,0,1,1
824287,20260501,TEX,656222,Jalen Beeks,0,5,1,0,0,0,0,0
824287,20260501,TEX,641302,Tyler Alexander,0,3,0,0,0,0,0,0
824287,20260501,TEX,596001,Jakob Junis,0,3,0,0,0,0,0,0
824287,20260501,TEX,656641,Jacob Latz,0,3,1,0,0,0,0,0
823389,20260501,PIT,656605,Mitch Keller,1,21,6,1,0,0,1,1
823389,20260501,PIT,664875,Justin Lawrence,0,3,0,0,0,0,0,0
823389,20260501,PIT,681895,Evan Sisk,0,3,2,0,0,0,0,0
823389,20260501,CIN,663903,Brady Singer,1,10,1,2,0,2,4,4
823389,20260501,CIN,687209,Zach Maxwell,0,3,1,2,0,2,4,4
823389,20260501,CIN,594580,Sam Moll,0,2,1,0,0,0,0,0
823389,20260501,CIN,572955,Pierce Johnson,0,3,0,2,0,0,1,1
823389,20260501,CIN,682825,Luis Mey,0,3,1,1,0,0,0,0
823389,20260501,CIN,624431,Jose Trevino,0,3,1,1,0,0,0,0
822744,20260501,WAS,663623,Jake Irvin,1,15,5,4,0,0,4,3
822744,20260501,WAS,672335,Cionel Pérez,0,6,0,0,0,0,0,0
822744,20260501,WAS,701552,Andre Granillo,0,3,1,1,0,0,2,0
822744,20260501,WAS,687606,Paxton Schultz,0,3,1,0,0,0,0,0
822744,20260501,MIL,694819,Jacob Misiorowski,1,16,8,2,0,0,0,0
822744,20260501,MIL,676879,Aaron Ashby,0,8,4,2,0,0,1,1
822744,20260501,MIL,668834,Easton McGee,0,3,1,1,0,0,0,0
823557,20260501,NYA,701542,Will Warren,1,19,9,1,0,1,2,1
823557,20260501,NYA,518585,Fernando Cruz,0,2,0,0,0,0,0,0
823557,20260501,NYA,666808,Camilo Doval,0,3,2,0,0,0,0,0
823557,20260501,NYA,656234,Jake Bird,0,3,1,1,0,0,0,0
823557,20260501,BAL,700249,Cade Povich,1,12,4,2,0,2,5,5
823557,20260501,BAL,544150,Albert Suárez,0,8,3,4,0,0,1,1
823557,20260501,BAL,669330,Tyler Wells,0,4,1,0,0,0,1,1
824772,20260501,BOS,687562,Jake Bennett,1,15,3,2,0,1,1,1
824772,20260501,BOS,677161,Zack Kelly,0,4,2,0,0,0,0,0
824772,20260501,BOS,543056,Danny Coulombe,0,2,0,0,0,0,0,0
824772,20260501,BOS,676477,Garrett Whitlock,0,3,0,0,0,0,0,0
824772,20260501,BOS,547973,Aroldis Chapman,0,3,1,0,0,0,0,0
824772,20260501,HOU,681347,Mike Burrows,1,18,3,1,1,1,3,3
824772,20260501,HOU,656986,Bennett Sousa,0,3,1,0,0,0,0,0
824772,20260501,HOU,687911,Bryan King,0,3,0,0,0,0,0,0
822990,20260501,TBA,663556,Shane McClanahan,1,18,5,0,0,0,0,0
822990,20260501,TBA,693855,Ian Seymour,0,3,0,0,0,0,0,0
822990,20260501,TBA,642121,Cole Sulser,0,3,1,0,0,0,0,0
822990,20260501,TBA,641329,Bryan Baker,0,3,1,0,0,0,0,0
822990,20260501,SFN,592662,Robbie Ray,1,19,5,0,0,2,3,3
822990,20260501,SFN,664141,JT Brubaker,0,5,1,0,0,0,0,0
823877,20260501,MIA,691587,Eury Pérez,1,15,6,2,0,0,2,2
823877,20260501,MIA,806188,Cade Gibson,0,5,1,1,1,1,4,4
823877,20260501,MIA,669199,Lake Bachar,0,7,3,0,0,0,0,0
823877,20260501,PHI,554430,Zack Wheeler,1,18,8,2,0,0,1,1
823877,20260501,PHI,689147,Orion Kerkering,0,3,1,0,1,0,0,0
823877,20260501,PHI,680742,Jonathan Bowlan,0,2,0,1,0,0,3,3
823877,20260501,PHI,621237,José Alvarado,0,1,1,0,0,0,0,0
823877,20260501,PHI,641745,Brad Keller,0,3,2,1,0,0,1,1
823713,20260501,MIN,680573,Simeon Woods Richardson,1,14,2,1,1,2,6,4
823713,20260501,MIN,573124,Taylor Rogers,0,3,0,0,0,0,0,0
823713,20260501,MIN,679358,Eric Orze,0,7,1,1,0,0,1,1
823713,20260501,MIN,472610,Luis García,0,3,0,0,0,0,0,0
823713,20260501,TOR,571578,Patrick Corbin,1,16,4,1,1,1,2,2
823713,20260501,TOR,680755,Braydon Fisher,0,2,1,0,0,0,0,0
823713,20260501,TOR,656546,Jeff Hoffman,0,3,1,0,0,0,1,1
823713,20260501,TOR,643511,Tyler Rogers,0,3,2,0,0,0,0,0
823713,20260501,TOR,686973,Louis Varland,0,3,2,1,0,0,0,0
823066,20260501,SLN,669461,Matthew Liberatore,1,17,4,2,0,0,2,2
823066,20260501,SLN,666277,George Soriano,0,4,1,1,0,0,0,0
823066,20260501,SLN,700669,Gordon Graceffo,0,3,1,1,0,0,0,0
823066,20260501,SLN,694335,Matt Svanson,0,3,0,0,0,0,0,0
823066,20260501,LAN,686218,Emmet Sheehan,1,14,8,0,0,2,4,4
823066,20260501,LAN,676263,Jack Dreyer,0,4,1,0,0,0,0,0
823066,20260501,LAN,683618,Edgardo Henriquez,0,3,0,1,1,0,3,2
823066,20260501,LAN,669165,Kyle Hurt,0,3,2,0,0,0,0,0
824366,20260501,COL,500779,Jose Quintana,1,18,3,0,1,1,1,1
824366,20260501,COL,688642,Zach Agnos,0,4,1,2,0,0,3,2
824366,20260501,COL,677955,Jaden Hill,0,2,1,1,0,0,2,2
824366,20260501,COL,675848,Juan Mejia,0,3,1,2,0,1,2,2
824366,20260501,ATL,656550,Grant Holmes,1,15,4,3,0,1,6,5
824366,20260501,ATL,683627,Anthony Molina,0,6,0,1,0,0,0,0
824366,20260501,ATL,800311,Didier Fuentes,0,3,0,0,1,0,0,0
824366,20260501,ATL,663158,Robert Suarez,0,3,1,0,0,0,0,0
824041,20260501,ANA,700712,Walbert Ureña,1,15,4,3,0,0,1,1
824041,20260501,ANA,608718,Brent Suter,0,2,1,0,0,0,2,2
824041,20260501,ANA,681217,Chase Silseth,0,1,0,0,0,0,0,0
824041,20260501,ANA,820862,José Fermin,0,3,1,0,0,1,1,1
824041,20260501,ANA,680704,Nick Sandlin,0,6,0,1,0,0,0,0
824041,20260501,NYN,681035,Christian Scott,1,15,8,0,1,1,3,2
824041,20260501,NYN,623211,Huascar Brazobán,0,3,1,0,0,0,0,0
824041,20260501,NYN,548384,Brooks Raley,0,3,1,0,0,0,0,0
824041,20260501,NYN,596133,Luke Weaver,0,3,2,0,0,0,0,0
824041,20260501,NYN,642207,Devin Williams,0,3,2,0,0,0,0,0
825012,20260501,ATH,669372,J.T. Ginn,1,13,4,5,0,0,5,5
825012,20260501,ATH,663687,Hogan Harris,0,4,2,0,0,0,0,0
825012,20260501,ATH,686993,Justin Sterner,0,3,1,1,0,1,2,2
825012,20260501,ATH,669620,Brady Basso,0,2,1,1,0,0,1,1
825012,20260501,ATH,669270,Joel Kuhnel,0,5,1,1,0,0,0,0
825012,20260501,CLE,676282,Joey Cantillo,1,12,2,3,0,1,4,4
825012,20260501,CLE,682120,Tim Herrin,0,3,0,1,0,0,0,0
825012,20260501,CLE,670036,Matt Festa,0,3,0,0,0,0,0,0
825012,20260501,CLE,683769,Hunter Gaddis,0,0,0,2,0,0,1,1
825012,20260501,CLE,681870,Erik Sabrowski,0,3,2,0,0,0,0,0
825012,20260501,CLE,641401,Connor Brogdon,0,2,1,0,0,0,0,0
825012,20260501,CLE,671922,Cade Smith,0,4,1,0,0,0,0,0
823309,20260501,SDN,608566,Germán Márquez,1,15,2,5,0,2,7,7
823309,20260501,SDN,593974,Wandy Peralta,0,6,2,1,0,0,0,0
823309,20260501,SDN,676760,Ron Marinaccio,0,6,1,1,0,0,1,1
823309,20260501,CHA,702273,Noah Schultz,1,18,2,3,0,0,0,0
823309,20260501,CHA,699823,Tyler Davis,0,3,1,0,0,0,0,0
823309,20260501,CHA,674370,Osvaldo Bido,0,3,1,1,0,0,2,2
823309,20260501,CHA,663855,Jordan Hicks,0,3,1,0,0,0,0,0
823146,20260501,SEA,693433,Bryan Woo,1,18,2,0,0,2,6,6
823146,20260501,SEA,677961,Cole Wilcox,0,3,1,2,0,0,0,0
823146,20260501,SEA,678606,José A. Ferrer,0,3,1,0,0,0,1,1
823146,20260501,SEA,695380,Alex Hoppe,0,3,3,0,0,0,0,0
823146,20260501,KCA,666142,Cole Ragans,1,16,8,3,0,3,4,4
823146,20260501,KCA,683232,Nick Mears,0,2,0,1,0,0,0,0
823146,20260501,KCA,663738,Daniel Lynch IV,0,3,2,0,0,1,2,2
823146,20260501,KCA,621381,Matt Strahm,0,3,2,1,0,0,0,0
823146,20260501,KCA,668674,Lucas Erceg,0,3,1,0,0,0,0,0
823554,20260502,NYA,677960,Ryan Weathers,1,15,5,2,0,1,3,1
823554,20260502,NYA,656234,Jake Bird,0,3,0,1,0,0,0,0
823554,20260502,NYA,666808,Camilo Doval,0,2,1,1,0,0,1,1
823554,20260502,NYA,657612,Tim Hill,0,1,0,0,0,0,0,0
823554,20260502,NYA,621112,Paul Blackburn,0,6,2,1,0,0,0,0
823554,20260502,BAL,680694,Kyle Bradish,1,12,4,4,0,2,5,5
823554,20260502,BAL,669211,Keegan Akin,0,3,0,0,0,1,1,1
823554,20260502,BAL,664991,Grant Wolfram,0,3,2,0,0,0,0,0
823554,20260502,BAL,689296,Anthony Nunez,0,0,0,2,0,0,3,3
823554,20260502,BAL,608650,Dietrich Enns,0,3,1,0,0,0,0,0
823554,20260502,BAL,675919,Nick Raquet,0,3,1,1,0,0,0,0
823715,20260502,MIN,687570,Connor Prielipp,1,15,4,2,1,2,2,2
823715,20260502,MIN,623437,Justin Topa,0,2,1,0,0,1,1,1
823715,20260502,MIN,681892,Kody Funderburk,0,4,0,1,0,0,0,0
823715,20260502,MIN,472610,Luis García,0,0,0,1,0,0,4,4
823715,20260502,MIN,607455,Anthony Banda,0,3,0,1,0,1,4,3
823715,20260502,MIN,804619,John Klein,0,3,0,0,0,0,0,0
823715,20260502,TOR,656302,Dylan Cease,1,21,7,1,0,1,4,3
823715,20260502,TOR,689254,Mason Fluharty,0,3,0,0,0,0,0,0
823715,20260502,TOR,693686,Spencer Miles,0,3,0,0,0,0,0,0
824685,20260502,CHN,684007,Shota Imanaga,1,21,5,1,0,0,0,0
824685,20260502,CHN,676962,Ben Brown,0,6,1,0,0,0,0,0
824685,20260502,ARI,669194,Ryne Nelson,1,17,4,2,0,1,1,1
824685,20260502,ARI,656464,Kevin Ginkel,0,1,0,1,0,0,0,0
824685,20260502,ARI,664199,Taylor Clarke,0,2,1,1,0,0,0,0
824685,20260502,ARI,666661,Juan Morillo,0,3,2,0,0,0,1,1
824685,20260502,ARI,642528,Jonathan Loáisiga,0,1,0,0,0,0,0,0
825014,20260502,ATH,682052,Jacob Lopez,1,16,5,1,0,2,6,6
825014,20260502,ATH,605130,Scott Barlow,0,4,1,0,2,0,2,2
825014,20260502,ATH,663687,Hogan Harris,0,1,0,1,0,0,1,1
825014,20260502,ATH,806960,Luis Morales,0,6,2,4,0,1,5,5
825014,20260502,CLE,677944,Slade Cecconi,1,16,3,0,0,2,5,5
825014,20260502,CLE,670036,Matt Festa,0,2,0,1,0,0,0,0
825014,20260502,CLE,682120,Tim Herrin,0,3,1,0,0,0,0,0
825014,20260502,CLE,683769,Hunter Gaddis,0,1,1,1,0,0,1,1
825014,20260502,CLE,670059,Colin Holderman,0,5,0,0,0,0,0,0
823388,20260502,PIT,669387,Carmen Mlodzinski,1,17,10,2,1,1,5,5
823388,20260502,PIT,606965,Chris Devenski,0,1,0,0,0,1,1,1
823388,20260502,PIT,670990,Yohan Ramírez,0,6,2,0,0,0,1,1
823388,20260502,PIT,642397,Gregory Soto,0,3,1,0,0,0,0,0
823388,20260502,CIN,695076,Rhett Lowder,1,4,1,4,0,0,8,8
823388,20260502,CIN,683175,Connor Phillips,0,0,0,4,0,0,2,2
823388,20260502,CIN,594580,Sam Moll,0,5,2,1,0,0,0,0
823388,20260502,CIN,656271,Brock Burke,0,3,2,1,0,0,5,5
823388,20260502,CIN,668933,Graham Ashcraft,0,3,2,1,0,0,0,0
823388,20260502,CIN,683742,Jose Franco,0,3,2,0,0,0,0,0
823388,20260502,CIN,624431,Jose Trevino,0,6,0,0,1,0,2,2
822746,20260502,WAS,656492,Foster Griffin,1,18,3,4,0,0,3,0
822746,20260502,WAS,695418,Brad Lord,0,6,2,2,0,0,1,1
822746,20260502,WAS,687377,Orlando Ribalta,0,3,1,0,0,0,0,0
822746,20260502,MIL,690986,Kyle Harrison,1,18,5,1,0,0,1,1
822746,20260502,MIL,681982,Grant Anderson,0,2,0,0,0,0,0,0
822746,20260502,MIL,669084,DL Hall,0,1,0,0,0,0,0,0
822746,20260502,MIL,656730,Trevor Megill,0,3,0,0,0,0,0,0
822746,20260502,MIL,682842,Abner Uribe,0,3,1,0,0,0,0,0
824771,20260502,BOS,813349,Connelly Early,1,12,3,3,0,1,5,5
824771,20260502,BOS,670245,Ryan Watson,0,9,4,1,0,1,1,1
824771,20260502,BOS,701719,Tyler Samaniego,0,6,0,0,1,0,0,0
824771,20260502,HOU,681293,Spencer Arrighetti,1,15,4,5,0,0,1,1
824771,20260502,HOU,660853,Enyel De Los Santos,0,5,1,0,0,0,1,1
824771,20260502,HOU,656986,Bennett Sousa,0,0,0,1,0,0,1,1
824771,20260502,HOU,678906,Kai-Wei Teng,0,4,2,1,0,0,0,0
824771,20260502,HOU,687911,Bryan King,0,3,0,0,0,0,0,0
823876,20260502,MIA,676974,Max Meyer,1,21,7,1,0,0,0,0
823876,20260502,MIA,669622,Anthony Bender,0,3,2,0,0,0,0,0
823876,20260502,MIA,677053,Andrew Nardi,0,3,1,0,0,0,0,0
823876,20260502,PHI,691725,Andrew Painter,1,15,7,3,0,1,3,3
823876,20260502,PHI,621383,Tanner Banks,0,3,1,1,0,0,1,1
823876,20260502,PHI,670950,Trevor Richards,0,6,2,2,0,0,0,0
822988,20260502,TBA,643377,Griffin Jax,1,8,2,1,0,0,0,0
822988,20260502,TBA,669947,Jesse Scholtens,0,9,3,0,0,0,1,1
822988,20260502,TBA,687330,Kevin Kelly,0,4,1,0,0,0,0,0
822988,20260502,TBA,664076,Garrett Cleavinger,0,3,1,0,0,0,0,0
822988,20260502,TBA,668984,Casey Legumina,0,3,1,0,0,0,0,0
822988,20260502,SFN,694738,Landen Roupp,1,13,6,2,0,0,4,4
822988,20260502,SFN,657424,Matt Gage,0,2,0,1,0,0,0,0
822988,20260502,SFN,621366,Ryan Borucki,0,4,1,0,0,0,0,0
822988,20260502,SFN,666619,Gregory Santos,0,5,1,2,0,0,1,0
823067,20260502,SLN,700241,Michael McGreevy,1,18,3,3,0,0,0,0
823067,20260502,SLN,592773,Ryne Stanek,0,3,1,1,0,0,0,0
823067,20260502,SLN,668941,JoJo Romero,0,3,2,0,0,0,0,0
823067,20260502,SLN,676617,Riley O'Brien,0,3,2,0,0,0,2,2
823067,20260502,LAN,808963,Roki Sasaki,1,18,4,2,1,1,3,3
823067,20260502,LAN,681911,Alex Vesia,0,3,1,1,0,0,0,0
823067,20260502,LAN,671109,Jake Eder,0,3,0,0,0,0,0,0
824284,20260502,DET,672456,Keider Montero,1,20,2,2,0,1,1,1
824284,20260502,DET,623454,Drew Anderson,0,7,3,0,0,0,0,0
824284,20260502,TEX,677958,Kumar Rocker,1,6,2,0,0,1,5,5
824284,20260502,TEX,615698,Cal Quantrill,0,9,2,2,0,0,0,0
824284,20260502,TEX,682608,Peyton Gray,0,6,2,1,0,0,0,0
824284,20260502,TEX,686560,Gavin Collyer,0,3,1,0,0,0,0,0
824365,20260502,COL,657514,Brennan Bernardino,1,2,1,0,0,1,2,2
824365,20260502,COL,801403,Chase Dollander,0,16,3,3,0,1,6,6
824365,20260502,COL,685299,Tanner Gordon,0,9,4,0,0,1,1,1
824365,20260502,ATL,519242,Chris Sale,1,21,11,3,0,0,1,1
824365,20260502,ATL,669276,Dylan Lee,0,3,1,0,0,0,0,0
824365,20260502,ATL,676702,Hunter Stratton,0,3,1,0,0,0,0,0
823308,20260502,SDN,650633,Michael King,1,18,5,3,0,0,4,4
823308,20260502,SDN,699134,Bradgley Rodriguez,0,3,0,0,0,0,0,0
823308,20260502,SDN,606996,Kyle Hart,0,3,1,0,0,0,0,0
823308,20260502,SDN,669093,Jeremiah Estrada,0,3,3,0,0,0,0,0
823308,20260502,CHA,680732,Sean Burke,1,18,8,1,0,0,0,0
823308,20260502,CHA,663542,Bryan Hudson,0,3,0,0,0,0,0,0
823308,20260502,CHA,691799,Grant Taylor,0,4,2,2,0,0,0,0
823308,20260502,CHA,622554,Seranthony Domínguez,0,2,1,0,0,0,0,0
824042,20260502,ANA,672282,Reid Detmers,1,19,8,0,0,0,3,3
824042,20260502,ANA,696147,Sam Bachman,0,5,3,0,0,0,0,0
824042,20260502,ANA,666171,Ryan Zeferjahn,0,6,1,1,0,0,0,0
824042,20260502,NYN,690997,Nolan McLean,1,12,6,1,0,0,3,3
824042,20260502,NYN,668964,Tobias Myers,0,8,0,1,0,0,0,0
824042,20260502,NYN,623211,Huascar Brazobán,0,4,1,0,0,0,0,0
824042,20260502,NYN,518886,Craig Kimbrel,0,3,1,1,0,0,0,0
824042,20260502,NYN,681810,Austin Warren,0,2,0,1,0,0,1,0
823144,20260502,SEA,676106,Emerson Hancock,1,21,14,0,0,0,1,1
823144,20260502,SEA,660825,Eduard Bazardo,0,3,1,0,0,0,0,0
823144,20260502,SEA,662253,Andrés Muñoz,0,3,1,0,0,0,1,1
823144,20260502,SEA,681867,Cooper Criswell,0,3,1,0,0,0,1,0
823144,20260502,KCA,607625,Seth Lugo,1,18,6,2,0,0,2,2
823144,20260502,KCA,679883,Luinder Avila,0,6,1,0,0,0,0,0
823144,20260502,KCA,621381,Matt Strahm,0,3,0,0,0,0,0,0
823144,20260502,KCA,668674,Lucas Erceg,0,3,2,0,0,0,0,0
823711,20260503,MIN,657746,Joe Ryan,1,1,1,1,0,0,0,0
823711,20260503,MIN,702193,Andrew Morris,0,11,3,1,0,0,0,0
823711,20260503,MIN,573124,Taylor Rogers,0,7,3,0,1,0,1,1
823711,20260503,MIN,679358,Eric Orze,0,4,2,1,0,0,0,0
823711,20260503,MIN,681892,Kody Funderburk,0,1,0,0,0,0,0,0
823711,20260503,MIN,623437,Justin Topa,0,3,0,0,0,1,2,2
823711,20260503,TOR,702056,Trey Yesavage,1,12,6,3,0,0,1,1
823711,20260503,TOR,680755,Braydon Fisher,0,2,1,1,0,0,3,3
823711,20260503,TOR,573009,Joe Mantiply,0,3,0,0,0,0,0,0
823711,20260503,TOR,667297,Tommy Nance,0,4,2,0,0,0,0,0
823711,20260503,TOR,656546,Jeff Hoffman,0,3,0,0,0,0,0,0
824769,20260503,BOS,624133,Ranger Suarez,1,12,3,1,0,0,0,0
824769,20260503,BOS,701719,Tyler Samaniego,0,2,0,1,0,0,0,0
824769,20260503,BOS,669711,Greg Weissert,0,4,1,0,0,0,1,1
824769,20260503,BOS,663558,Jovani Morán,0,2,1,1,0,0,0,0
824769,20260503,BOS,676477,Garrett Whitlock,0,4,2,0,0,0,0,0
824769,20260503,BOS,547973,Aroldis Chapman,0,3,2,0,0,0,0,0
824769,20260503,BOS,677161,Zack Kelly,0,3,0,2,0,0,2,1
824769,20260503,HOU,675989,Cody Bolton,1,7,3,1,0,0,0,0
824769,20260503,HOU,805123,AJ Blubaugh,0,11,5,2,1,1,1,1
824769,20260503,HOU,595345,Steven Okert,0,3,1,0,0,0,0,0
824769,20260503,HOU,660853,Enyel De Los Santos,0,3,1,0,0,0,0,0
824769,20260503,HOU,650556,Bryan Abreu,0,6,1,1,1,0,0,0
823387,20260503,PIT,677952,Braxton Ashcraft,1,23,6,2,0,0,0,0
823387,20260503,PIT,642397,Gregory Soto,0,4,2,0,0,0,0,0
823387,20260503,CIN,695505,Chase Burns,1,21,7,1,0,0,0,0
823387,20260503,CIN,663574,Tony Santillan,0,3,0,2,0,0,1,1
823555,20260503,NYA,608331,Max Fried,1,16,6,3,0,0,3,3
823555,20260503,NYA,518585,Fernando Cruz,0,3,0,0,0,0,0,0
823555,20260503,NYA,687396,Brent Headrick,0,5,1,0,0,0,0,0
823555,20260503,NYA,670280,David Bednar,0,3,2,0,0,0,0,0
823555,20260503,BAL,694346,Trey Gibson,1,14,2,2,0,2,3,3
823555,20260503,BAL,664991,Grant Wolfram,0,2,0,0,0,0,1,1
823555,20260503,BAL,666974,Yennier Cano,0,2,0,0,0,0,0,0
823555,20260503,BAL,670329,Rico Garcia,0,3,1,0,0,0,0,0
823555,20260503,BAL,552640,Andrew Kittredge,0,1,0,0,0,1,7,7
823555,20260503,BAL,608650,Dietrich Enns,0,2,0,1,0,0,0,0
822742,20260503,WAS,676571,PJ Poulin,1,6,2,1,0,0,0,0
822742,20260503,WAS,641793,Zack Littell,0,11,1,1,0,0,1,1
822742,20260503,WAS,680730,Mitchell Parker,0,6,2,0,0,0,0,0
822742,20260503,WAS,681402,Gus Varland,0,2,0,0,0,0,1,1
822742,20260503,WAS,663992,Richard Lovelady,0,2,1,0,0,0,0,0
822742,20260503,MIL,701656,Logan Henderson,1,18,8,0,0,0,2,2
822742,20260503,MIL,702153,Brian Fitzpatrick,0,4,0,0,0,0,1,1
822742,20260503,MIL,663765,Jake Woodford,0,2,1,1,0,0,0,0
822987,20260503,TBA,571927,Steven Matz,1,18,1,2,0,0,1,1
822987,20260503,TBA,685801,Hunter Bigge,0,6,3,0,0,0,0,0
822987,20260503,TBA,641329,Bryan Baker,0,3,1,0,0,0,0,0
822987,20260503,TBA,693855,Ian Seymour,0,3,0,0,0,0,0,0
822987,20260503,SFN,641816,Tyler Mahle,1,16,5,1,0,0,0,0
822987,20260503,SFN,657424,Matt Gage,0,2,1,1,0,0,0,0
822987,20260503,SFN,676775,Keaton Winn,0,3,0,0,0,0,0,0
822987,20260503,SFN,676254,Ryan Walker,0,3,0,1,0,0,1,1
822987,20260503,SFN,668873,Caleb Kilian,0,3,0,1,0,0,1,0
823875,20260503,MIA,663978,Chris Paddack,1,8,1,3,0,1,7,7
823875,20260503,MIA,667463,John King,0,4,1,0,0,0,0,0
823875,20260503,MIA,663969,Tyler Phillips,0,9,3,0,0,0,0,0
823875,20260503,MIA,694795,Josh Ekness,0,3,0,0,0,0,0,0
823875,20260503,MIA,676534,Calvin Faucher,0,3,1,0,0,0,0,0
823875,20260503,PHI,666200,Jesús Luzardo,1,19,10,0,1,1,2,2
823875,20260503,PHI,663767,Chase Shugart,0,5,0,0,0,0,0,0
823875,20260503,PHI,689147,Orion Kerkering,0,3,0,0,0,0,0,0
823065,20260503,SLN,669160,Dustin May,1,18,3,2,1,0,3,3
823065,20260503,SLN,677865,Justin Bruihl,0,3,2,1,1,0,0,0
823065,20260503,SLN,694363,Jared Shuster,0,6,0,1,0,0,1,0
823065,20260503,LAN,680736,Justin Wrobleski,1,18,0,1,0,0,0,0
823065,20260503,LAN,694361,Will Klein,0,5,0,1,0,0,1,1
823065,20260503,LAN,595014,Blake Treinen,0,1,0,0,0,0,0,0
823065,20260503,LAN,656945,Tanner Scott,0,3,2,0,0,0,0,0
824687,20260503,CHN,571510,Matthew Boyd,1,18,5,1,0,1,2,2
824687,20260503,CHN,664208,Phil Maton,0,3,1,1,1,0,0,0
824687,20260503,CHN,571948,Hoby Milner,0,3,0,0,0,0,0,0
824687,20260503,CHN,656686,Corbin Martin,0,3,2,1,0,1,2,2
824687,20260503,ARI,518876,Merrill Kelly,1,13,5,3,0,1,6,6
824687,20260503,ARI,657044,Ryan Thompson,0,2,0,0,0,0,0,0
824687,20260503,ARI,694297,Brandon Pfaadt,0,7,1,3,0,0,2,2
824687,20260503,ARI,623149,Paul Sewald,0,2,2,0,0,0,0,0
824364,20260503,COL,607536,Kyle Freeland,1,13,7,3,0,2,6,6
824364,20260503,COL,622608,Antonio Senzatela,0,8,1,1,0,0,2,2
824364,20260503,COL,680767,Victor Vodnik,0,3,1,1,0,0,0,0
824364,20260503,COL,623474,Jimmy Herget,0,3,0,1,0,0,3,3
824364,20260503,ATL,675911,Spencer Strider,1,10,6,5,0,1,3,3
824364,20260503,ATL,607481,Aaron Bummer,0,3,2,0,0,1,2,2
824364,20260503,ATL,800311,Didier Fuentes,0,2,0,0,0,0,0,0
824364,20260503,ATL,669276,Dylan Lee,0,3,2,0,0,0,0,0
824364,20260503,ATL,625643,Reynaldo López,0,3,1,1,0,0,0,0
824364,20260503,ATL,641755,Tyler Kinley,0,3,2,0,0,1,1,1
824364,20260503,ATL,663158,Robert Suarez,0,3,0,0,0,0,0,0
825013,20260503,ATH,650644,Aaron Civale,1,18,3,2,0,1,1,1
825013,20260503,ATH,686993,Justin Sterner,0,3,1,0,0,0,0,0
825013,20260503,ATH,643410,Mark Leiter Jr.,0,3,1,0,0,0,0,0
825013,20260503,ATH,669270,Joel Kuhnel,0,3,0,1,0,0,0,0
825013,20260503,CLE,800048,Parker Messick,1,15,6,0,0,3,4,4
825013,20260503,CLE,688883,Peyton Pallette,0,3,1,3,0,0,3,3
825013,20260503,CLE,670059,Colin Holderman,0,6,2,0,0,0,0,0
824043,20260503,ANA,686799,Jack Kochanowicz,1,19,6,3,1,1,2,2
824043,20260503,ANA,642048,Tayler Saucedo,0,2,2,0,1,0,1,1
824043,20260503,ANA,680704,Nick Sandlin,0,3,0,1,0,1,2,2
824043,20260503,ANA,519141,Drew Pomeranz,0,3,1,0,0,0,0,0
824043,20260503,NYN,605280,Clay Holmes,1,20,6,3,0,0,1,1
824043,20260503,NYN,596133,Luke Weaver,0,4,3,0,0,0,0,0
824043,20260503,NYN,548384,Brooks Raley,0,3,2,0,0,0,0,0
823145,20260503,SEA,622491,Luis Castillo,1,18,5,2,1,0,4,4
823145,20260503,SEA,695380,Alex Hoppe,0,3,1,0,0,0,0,0
823145,20260503,SEA,677961,Cole Wilcox,0,3,0,2,0,0,0,0
823145,20260503,SEA,689546,Nick Davila,0,3,1,1,0,0,0,0
823145,20260503,KCA,663460,Kris Bubic,1,21,7,2,0,0,1,1
823145,20260503,KCA,670167,John Schreiber,0,2,0,1,0,0,0,0
823145,20260503,KCA,663738,Daniel Lynch IV,0,4,3,0,0,0,0,0
823307,20260503,SDN,656288,Griffin Canning,1,15,7,3,0,1,1,1
823307,20260503,SDN,670970,Adrian Morejon,0,6,4,0,0,1,2,2
823307,20260503,SDN,592094,Jason Adam,0,3,1,0,0,0,0,0
823307,20260503,SDN,695243,Mason Miller,0,3,3,0,0,0,0,0
823307,20260503,CHA,641743,Anthony Kay,1,15,5,1,0,2,3,2
823307,20260503,CHA,673929,Jordan Leasure,0,3,1,0,0,0,0,0
823307,20260503,CHA,699823,Tyler Davis,0,3,0,1,0,0,1,1
823307,20260503,CHA,663542,Bryan Hudson,0,3,2,0,0,0,0,0
824285,20260503,DET,663947,Tyler Holton,1,2,1,0,0,0,0,0
824285,20260503,DET,669724,Brenan Hanifee,0,5,1,0,0,0,0,0
824285,20260503,DET,676428,Brant Hurter,0,10,2,1,0,0,0,0
824285,20260503,DET,676568,Ricky Vanasco,0,4,2,1,0,0,1,1
824285,20260503,DET,640448,Kyle Finnegan,0,3,1,0,0,0,0,0
824285,20260503,DET,572143,Burch Smith,0,3,0,0,0,0,0,0
824285,20260503,TEX,683004,Jack Leiter,1,20,10,1,0,1,5,5
824285,20260503,TEX,641302,Tyler Alexander,0,1,0,0,0,0,2,2
824285,20260503,TEX,686560,Gavin Collyer,0,3,2,0,0,0,0,0
824363,20260504,COL,608372,Tomoyuki Sugano,1,16,1,2,0,1,4,4
824363,20260504,COL,677955,Jaden Hill,0,2,2,0,0,0,0,0
824363,20260504,COL,675848,Juan Mejia,0,6,5,0,0,0,0,0
824363,20260504,COL,657514,Brennan Bernardino,0,3,0,0,0,0,0,0
824363,20260504,NYN,623211,Huascar Brazobán,1,3,0,0,1,0,0,0
824363,20260504,NYN,681810,Austin Warren,0,6,3,0,0,0,0,0
824363,20260504,NYN,656849,David Peterson,0,12,6,0,0,0,2,2
824363,20260504,NYN,518886,Craig Kimbrel,0,3,1,0,0,0,0,0
824363,20260504,NYN,642207,Devin Williams,0,3,1,0,0,0,0,0
824283,20260504,DET,663947,Tyler Holton,1,3,1,0,0,0,0,0
824283,20260504,DET,680744,Ty Madden,0,15,7,0,0,0,0,0
824283,20260504,DET,676568,Ricky Vanasco,0,2,0,1,0,1,4,4
824283,20260504,DET,646241,Enmanuel De Jesus,0,4,2,1,0,0,1,1
824283,20260504,DET,445276,Kenley Jansen,0,3,1,1,0,0,0,0
824283,20260504,BOS,801139,Payton Tolle,1,21,8,1,1,0,2,0
824283,20260504,BOS,676477,Garrett Whitlock,0,3,2,1,0,0,2,2
824283,20260504,BOS,547973,Aroldis Chapman,0,3,1,0,0,0,0,0
822984,20260504,TBA,607259,Nick Martinez,1,15,4,1,0,0,1,1
822984,20260504,TBA,693855,Ian Seymour,0,4,2,1,0,0,0,0
822984,20260504,TBA,687330,Kevin Kelly,0,2,1,0,0,0,0,0
822984,20260504,TBA,642121,Cole Sulser,0,3,1,0,0,0,0,0
822984,20260504,TBA,668984,Casey Legumina,0,2,0,0,0,0,0,0
822984,20260504,TBA,641329,Bryan Baker,0,1,0,0,0,0,0,0
822984,20260504,TOR,641778,Eric Lauer,1,13,2,1,0,1,3,3
822984,20260504,TOR,693686,Spencer Miles,0,4,1,0,0,0,2,2
822984,20260504,TOR,689254,Mason Fluharty,0,1,1,0,0,0,0,0
822984,20260504,TOR,667297,Tommy Nance,0,3,1,0,0,0,0,0
822984,20260504,TOR,573009,Joe Mantiply,0,3,0,0,0,0,0,0
823874,20260504,MIA,676083,Janson Junk,1,16,6,0,0,1,1,1
823874,20260504,MIA,667463,John King,0,2,0,0,0,0,0,0
823874,20260504,MIA,676534,Calvin Faucher,0,3,1,0,0,0,0,0
823874,20260504,MIA,669199,Lake Bachar,0,6,1,0,0,0,0,0
823874,20260504,PHI,605400,Aaron Nola,1,18,5,0,0,0,0,0
823874,20260504,PHI,621383,Tanner Banks,0,3,1,0,0,0,0,0
823874,20260504,PHI,621237,José Alvarado,0,3,1,0,0,0,0,0
823874,20260504,PHI,641745,Brad Keller,0,3,0,0,0,0,0,0
823552,20260504,NYA,693645,Cam Schlittler,1,17,4,3,0,0,1,1
823552,20260504,NYA,656234,Jake Bird,0,1,1,0,0,0,0,0
823552,20260504,NYA,657612,Tim Hill,0,3,2,0,0,0,0,0
823552,20260504,NYA,666808,Camilo Doval,0,3,1,0,0,0,0,0
823552,20260504,NYA,621112,Paul Blackburn,0,3,0,0,0,0,0,0
823552,20260504,BAL,669358,Shane Baz,1,17,4,5,0,1,6,5
823552,20260504,BAL,666974,Yennier Cano,0,2,0,0,0,0,0,0
823552,20260504,BAL,669211,Keegan Akin,0,2,0,0,0,0,0,0
823552,20260504,BAL,642152,Lou Trivino III,0,2,0,3,0,0,6,6
823552,20260504,BAL,642215,Weston Wilson,0,1,0,0,0,0,0,0
824684,20260504,CHN,665795,Edward Cabrera,1,18,8,2,0,2,3,3
824684,20260504,CHN,571948,Hoby Milner,0,2,0,1,0,0,0,0
824684,20260504,CHN,664208,Phil Maton,0,1,0,0,0,0,0,0
824684,20260504,CHN,676962,Ben Brown,0,3,1,1,0,0,1,1
824684,20260504,CHN,669020,Ryan Rolison,0,3,3,0,0,0,0,0
824684,20260504,CIN,695534,Chase Petty,1,17,1,2,0,1,3,3
824684,20260504,CIN,656271,Brock Burke,0,2,1,1,0,0,0,0
824684,20260504,CIN,668933,Graham Ashcraft,0,5,2,3,0,0,0,0
824684,20260504,CIN,641941,Emilio Pagán,0,2,1,0,0,1,2,2
824120,20260504,KCA,608379,Michael Wacha,1,21,3,1,0,1,2,2
824120,20260504,KCA,621381,Matt Strahm,0,3,0,0,0,0,0,0
824120,20260504,KCA,656638,Alex Lange,0,3,0,0,0,0,0,0
824120,20260504,CLE,676440,Tanner Bibee,1,12,4,2,0,1,4,4
824120,20260504,CLE,670036,Matt Festa,0,5,1,1,0,1,1,1
824120,20260504,CLE,641401,Connor Brogdon,0,4,1,0,0,0,1,0
824120,20260504,CLE,688883,Peyton Pallette,0,3,1,1,0,0,0,0
823064,20260504,SLN,681517,Kyle Leahy,1,16,5,2,1,0,1,1
823064,20260504,SLN,666277,George Soriano,0,2,1,1,0,0,0,0
823064,20260504,SLN,668941,JoJo Romero,0,3,0,1,0,0,0,0
823064,20260504,SLN,592773,Ryne Stanek,0,3,1,0,0,0,0,0
823064,20260504,SLN,700669,Gordon Graceffo,0,1,0,0,0,1,2,2
823064,20260504,SLN,676617,Riley O'Brien,0,2,0,0,0,0,0,0
823064,20260504,MIL,694477,Chad Patrick,1,10,4,3,0,0,4,4
823064,20260504,MIL,669084,DL Hall,0,5,2,0,0,0,0,0
823064,20260504,MIL,675660,Shane Drohan,0,4,1,1,0,0,1,1
823064,20260504,MIL,681982,Grant Anderson,0,2,0,0,0,0,0,0
823064,20260504,MIL,663765,Jake Woodford,0,3,2,0,0,0,1,1
824201,20260504,HOU,595345,Steven Okert,1,2,1,1,0,0,1,1
824201,20260504,HOU,680802,Ryan Weiss,0,13,5,4,0,2,7,6
824201,20260504,HOU,678906,Kai-Wei Teng,0,6,2,0,0,0,0,0
824201,20260504,HOU,650556,Bryan Abreu,0,3,3,0,0,0,0,0
824201,20260504,HOU,656986,Bennett Sousa,0,3,0,0,0,0,0,0
824201,20260504,LAN,808967,Yoshinobu Yamamoto,1,18,8,1,0,1,3,3
824201,20260504,LAN,669165,Kyle Hurt,0,3,2,1,0,0,0,0
824201,20260504,LAN,595014,Blake Treinen,0,3,3,0,1,0,0,0
824201,20260504,LAN,676263,Jack Dreyer,0,3,2,0,0,0,0,0
824039,20260504,ANA,667755,José Soriano,1,12,5,3,0,2,5,5
824039,20260504,ANA,815083,Mitch Farris,0,12,3,0,0,0,1,1
824039,20260504,ANA,608718,Brent Suter,0,3,1,0,0,0,0,0
824039,20260504,CHA,663436,Davis Martin,1,21,10,0,0,0,0,0
824039,20260504,CHA,656794,Sean Newcomb,0,6,4,0,0,0,0,0
823143,20260504,SEA,669302,Logan Gilbert,1,18,4,2,0,4,4,4
823143,20260504,SEA,678606,José A. Ferrer,0,4,1,0,0,0,0,0
823143,20260504,SEA,660825,Eduard Bazardo,0,2,1,0,0,0,0,0
823143,20260504,SEA,662253,Andrés Muñoz,0,3,2,0,0,0,0,0
823143,20260504,ATL,702275,JR Ritchie,1,15,2,6,1,1,3,3
823143,20260504,ATL,641755,Tyler Kinley,0,3,2,1,0,1,2,2
823143,20260504,ATL,607481,Aaron Bummer,0,2,1,1,0,0,0,0
823143,20260504,ATL,471911,Carlos Carrasco,0,4,1,0,0,0,0,0
823228,20260504,SFN,686790,Trevor McDonald,1,21,8,0,1,1,1,1
823228,20260504,SFN,676775,Keaton Winn,0,3,0,0,0,0,0,0
823228,20260504,SFN,668873,Caleb Kilian,0,3,2,0,0,1,1,1
823228,20260504,SDN,681190,Randy Vásquez,1,17,2,2,0,1,3,3
823228,20260504,SDN,606996,Kyle Hart,0,1,1,0,0,0,0,0
823228,20260504,SDN,699134,Bradgley Rodriguez,0,4,0,0,0,0,0,0
823228,20260504,SDN,593974,Wandy Peralta,0,2,1,1,0,0,0,0
824281,20260505,DET,664285,Framber Valdez,1,9,3,1,2,3,10,7
824281,20260505,DET,669724,Brenan Hanifee,0,9,2,1,0,0,0,0
824281,20260505,DET,572143,Burch Smith,0,6,4,0,0,0,0,0
824281,20260505,DET,646241,Enmanuel De Jesus,0,3,2,0,0,0,0,0
824281,20260505,BOS,663558,Jovani Morán,1,3,3,2,0,1,2,2
824281,20260505,BOS,678394,Brayan Bello,0,21,7,1,0,0,1,1
824281,20260505,BOS,687941,Alec Gamboa,0,3,2,0,0,0,0,0
822986,20260505,TBA,656876,Drew Rasmussen,1,18,5,1,0,1,3,3
822986,20260505,TBA,685801,Hunter Bigge,0,3,2,1,0,0,0,0
822986,20260505,TBA,668984,Casey Legumina,0,3,0,1,0,0,0,0
822986,20260505,TBA,642121,Cole Sulser,0,3,0,0,0,0,0,0
822986,20260505,TOR,592332,Kevin Gausman,1,18,3,1,0,0,2,2
822986,20260505,TOR,656546,Jeff Hoffman,0,3,1,0,0,0,0,0
822986,20260505,TOR,643511,Tyler Rogers,0,1,0,0,0,0,2,2
822986,20260505,TOR,686973,Louis Varland,0,2,1,0,0,0,0,0
823469,20260505,PHI,650911,Cristopher Sánchez,1,24,10,1,1,0,0,0
823469,20260505,PHI,661395,Jhoan Duran,0,3,2,3,0,0,1,1
823469,20260505,ATH,622663,Luis Severino,1,15,3,2,0,1,1,1
823469,20260505,ATH,605130,Scott Barlow,0,3,1,0,0,0,0,0
823469,20260505,ATH,643410,Mark Leiter Jr.,0,2,1,1,0,0,4,4
823469,20260505,ATH,621053,Tyler Ferguson,0,4,1,0,0,2,4,4
823873,20260505,MIA,645261,Sandy Alcantara,1,13,5,3,0,0,7,7
823873,20260505,MIA,669622,Anthony Bender,0,2,0,0,0,0,0,0
823873,20260505,MIA,656848,Michael Petersen,0,3,2,0,0,0,0,0
823873,20260505,MIA,694795,Josh Ekness,0,3,2,0,0,0,0,0
823873,20260505,MIA,687531,William Kempner,0,3,1,0,0,0,0,0
823873,20260505,MIA,677053,Andrew Nardi,0,3,0,2,0,0,2,2
823873,20260505,BAL,605135,Chris Bassitt,1,12,3,3,2,0,4,4
823873,20260505,BAL,669211,Keegan Akin,0,3,1,0,0,0,0,0
823873,20260505,BAL,689296,Anthony Nunez,0,4,1,0,0,2,2,2
823873,20260505,BAL,664991,Grant Wolfram,0,2,2,0,0,0,0,0
823873,20260505,BAL,552640,Andrew Kittredge,0,2,1,1,0,0,1,0
823873,20260505,BAL,670329,Rico Garcia,0,4,2,1,0,0,0,0
822743,20260505,WAS,676917,Cade Cavalli,1,12,2,3,1,0,6,3
822743,20260505,WAS,687606,Paxton Schultz,0,6,1,1,0,0,0,0
822743,20260505,WAS,701552,Andre Granillo,0,6,0,0,1,1,4,4
822743,20260505,WAS,687377,Orlando Ribalta,0,3,1,2,0,0,1,1
822743,20260505,MIN,671737,Taj Bradley,1,18,8,2,0,0,2,2
822743,20260505,MIN,679358,Eric Orze,0,3,1,0,0,0,1,1
822743,20260505,MIN,607455,Anthony Banda,0,3,1,0,0,0,0,0
822743,20260505,MIN,472610,Luis García,0,3,0,1,0,0,0,0
823553,20260505,NYA,695684,Elmer Rodríguez,1,14,2,4,1,0,3,3
823553,20260505,NYA,687396,Brent Headrick,0,4,3,0,0,0,0,0
823553,20260505,NYA,657612,Tim Hill,0,1,0,0,0,0,0,0
823553,20260505,NYA,518585,Fernando Cruz,0,3,1,1,1,0,0,0
823553,20260505,NYA,670280,David Bednar,0,5,2,0,0,0,1,1
823553,20260505,TEX,594798,Jacob deGrom,1,19,7,1,0,2,6,6
823553,20260505,TEX,656222,Jalen Beeks,0,2,0,1,0,0,0,0
823553,20260505,TEX,641302,Tyler Alexander,0,3,0,1,0,1,1,1
824682,20260505,CHN,592791,Jameson Taillon,1,17,5,1,0,2,2,2
824682,20260505,CHN,665871,Javier Assad,0,4,1,0,0,0,0,0
824682,20260505,CHN,657097,Jacob Webb,0,3,1,0,0,0,0,0
824682,20260505,CHN,694037,Daniel Palencia,0,3,0,0,0,0,0,0
824682,20260505,CHN,669020,Ryan Rolison,0,3,2,1,0,0,0,0
824682,20260505,CIN,671096,Andrew Abbott,1,17,4,4,0,0,0,0
824682,20260505,CIN,683175,Connor Phillips,0,4,2,1,0,0,1,1
824682,20260505,CIN,663574,Tony Santillan,0,3,1,0,0,1,1,1
824682,20260505,CIN,641941,Emilio Pagán,0,0,0,0,0,0,0,0
824682,20260505,CIN,683742,Jose Franco,0,3,0,2,0,0,0,0
824682,20260505,CIN,594580,Sam Moll,0,0,0,0,0,0,1,0
824119,20260505,KCA,663568,Stephen Kolek,1,18,3,0,0,1,3,3
824119,20260505,KCA,683232,Nick Mears,0,3,1,0,0,0,0,0
824119,20260505,KCA,663738,Daniel Lynch IV,0,3,0,1,0,0,0,0
824119,20260505,KCA,668674,Lucas Erceg,0,3,1,1,0,0,0,0
824119,20260505,CLE,668909,Gavin Williams,1,18,7,2,0,2,5,5
824119,20260505,CLE,670059,Colin Holderman,0,6,3,0,0,0,0,0
824200,20260505,HOU,663567,Peter Lambert,1,21,4,4,0,0,0,0
824200,20260505,HOU,687911,Bryan King,0,6,2,0,0,0,1,1
824200,20260505,LAN,660271,Shohei Ohtani,1,21,8,0,1,2,2,2
824200,20260505,LAN,681911,Alex Vesia,0,3,1,0,0,0,0,0
824040,20260505,ANA,691951,Sam Aldegheri,1,12,0,2,0,0,2,2
824040,20260505,ANA,820862,José Fermin,0,3,2,0,0,0,0,0
824040,20260505,ANA,519141,Drew Pomeranz,0,3,1,0,0,0,0,0
824040,20260505,ANA,696147,Sam Bachman,0,5,3,0,0,1,1,1
824040,20260505,ANA,666171,Ryan Zeferjahn,0,4,3,2,1,0,0,0
824040,20260505,CHA,607200,Erick Fedde,1,14,2,2,0,3,4,4
824040,20260505,CHA,699823,Tyler Davis,0,4,1,0,0,0,0,0
824040,20260505,CHA,673929,Jordan Leasure,0,3,2,0,0,0,0,0
824040,20260505,CHA,663542,Bryan Hudson,0,3,0,0,0,0,0,0
825092,20260505,ARI,593958,Eduardo Rodriguez,1,21,7,3,0,0,0,0
825092,20260505,ARI,642528,Jonathan Loáisiga,0,3,0,0,0,0,0,0
825092,20260505,ARI,805299,Brandyn Garcia,0,3,2,0,0,0,0,0
825092,20260505,PIT,696149,Bubba Chandler,1,15,4,6,0,0,2,2
825092,20260505,PIT,670990,Yohan Ramírez,0,1,0,1,2,0,5,5
825092,20260505,PIT,681895,Evan Sisk,0,5,0,0,0,0,0,0
825092,20260505,PIT,642701,Dennis Santana,0,3,0,0,0,0,2,2
823142,20260505,SEA,669923,George Kirby,1,21,5,1,0,0,2,2
823142,20260505,SEA,678606,José A. Ferrer,0,3,2,0,0,0,0,0
823142,20260505,SEA,662253,Andrés Muñoz,0,3,2,1,0,1,1,1
823142,20260505,ATL,693821,Bryce Elder,1,18,9,3,0,1,2,2
823142,20260505,ATL,669276,Dylan Lee,0,3,3,0,0,0,0,0
823142,20260505,ATL,663158,Robert Suarez,0,3,2,0,0,0,0,0
823142,20260505,ATL,628452,Raisel Iglesias,0,3,2,0,0,0,0,0
823227,20260505,SFN,657277,Logan Webb,1,12,4,0,1,1,6,6
823227,20260505,SFN,664141,JT Brubaker,0,3,1,2,0,0,1,1
823227,20260505,SFN,621366,Ryan Borucki,0,3,0,0,0,0,1,1
823227,20260505,SFN,666619,Gregory Santos,0,6,0,0,0,0,2,2
823227,20260505,SFN,666711,Joel Peguero,0,3,0,0,0,0,0,0
823227,20260505,SDN,621111,Walker Buehler,1,16,5,0,0,1,4,4
823227,20260505,SDN,669093,Jeremiah Estrada,0,5,2,0,0,1,1,1
823227,20260505,SDN,592094,Jason Adam,0,3,0,0,0,0,0,0
823227,20260505,SDN,676760,Ron Marinaccio,0,3,1,0,0,0,0,0
823062,20260707,SLN,694335,Matt Svanson,1,3,1,0,0,0,0,0
823062,20260707,SLN,669145,Bruce Zimmermann,0,15,2,1,0,0,3,3
823062,20260707,SLN,592773,Ryne Stanek,0,0,0,1,0,0,1,1
823062,20260707,SLN,668941,JoJo Romero,0,3,1,1,0,0,0,0
823062,20260707,SLN,677865,Justin Bruihl,0,6,1,1,0,0,0,0
823062,20260707,MIL,694819,Jacob Misiorowski,1,21,11,0,1,2,3,3
823062,20260707,MIL,676879,Aaron Ashby,0,3,1,0,0,0,0,0
823062,20260707,MIL,682842,Abner Uribe,0,3,1,1,0,0,0,0
824362,20260507,COL,500779,Jose Quintana,1,17,2,2,0,0,2,2
824362,20260507,COL,675848,Juan Mejia,0,3,2,2,0,0,0,0
824362,20260507,COL,657514,Brennan Bernardino,0,1,0,0,0,0,0,0
824362,20260507,COL,622608,Antonio Senzatela,0,6,2,1,0,0,0,0
824362,20260507,NYN,681035,Christian Scott,1,14,6,2,0,0,1,1
824362,20260507,NYN,623211,Huascar Brazobán,0,3,1,2,0,0,1,1
824362,20260507,NYN,681810,Austin Warren,0,4,1,2,0,0,0,0
824362,20260507,NYN,518886,Craig Kimbrel,0,3,2,1,0,1,4,4
822985,20260506,TBA,663556,Shane McClanahan,1,17,4,1,0,0,0,0
822985,20260506,TBA,687330,Kevin Kelly,0,3,0,0,0,0,0,0
822985,20260506,TBA,664076,Garrett Cleavinger,0,1,1,0,0,0,0,0
822985,20260506,TBA,641329,Bryan Baker,0,3,1,0,0,0,0,0
822985,20260506,TBA,693855,Ian Seymour,0,3,1,0,0,0,0,0
822985,20260506,TOR,571578,Patrick Corbin,1,16,1,2,1,0,2,2
822985,20260506,TOR,680755,Braydon Fisher,0,4,2,1,0,0,0,0
822985,20260506,TOR,686973,Louis Varland,0,3,0,2,0,0,1,0
822985,20260506,TOR,689254,Mason Fluharty,0,1,0,0,0,0,0,0
823063,20260506,SLN,669467,Andre Pallante,1,18,3,2,1,1,5,5
823063,20260506,SLN,694363,Jared Shuster,0,6,1,0,0,0,0,0
823063,20260506,SLN,694335,Matt Svanson,0,3,2,1,0,0,1,1
823063,20260506,MIL,687075,Brandon Sproat,1,12,5,3,1,0,0,0
823063,20260506,MIL,669084,DL Hall,0,3,1,0,0,0,0,0
823063,20260506,MIL,676879,Aaron Ashby,0,6,1,1,0,0,0,0
823063,20260506,MIL,656730,Trevor Megill,0,3,2,0,0,0,1,1
823063,20260506,MIL,682842,Abner Uribe,0,3,0,0,0,0,1,1
824198,20260506,HOU,621121,Lance McCullers Jr.,1,8,4,3,0,1,6,6
824198,20260506,HOU,669920,Jason Alexander,0,13,5,2,0,1,5,5
824198,20260506,HOU,660853,Enyel De Los Santos,0,3,0,0,0,0,0,0
824198,20260506,HOU,663967,César Salazar,0,3,0,0,0,1,1,1
824198,20260506,LAN,607192,Tyler Glasnow,1,3,2,0,0,1,1,1
824198,20260506,LAN,676263,Jack Dreyer,0,6,1,0,0,0,0,0
824198,20260506,LAN,683618,Edgardo Henriquez,0,6,1,0,0,0,0,0
824198,20260506,LAN,669165,Kyle Hurt,0,3,2,0,0,0,0,0
824198,20260506,LAN,595014,Blake Treinen,0,3,0,0,0,0,1,1
824198,20260506,LAN,656945,Tanner Scott,0,3,0,0,0,0,0,0
824198,20260506,LAN,592779,Brock Stewart,0,3,2,0,0,0,0,0
823226,20260506,SFN,605288,Adrian Houser,1,18,3,1,0,1,2,1
823226,20260506,SFN,676775,Keaton Winn,0,2,0,1,0,0,1,1
823226,20260506,SFN,657424,Matt Gage,0,1,0,0,0,0,0,0
823226,20260506,SFN,676254,Ryan Walker,0,3,0,2,0,1,2,2
823226,20260506,SFN,666711,Joel Peguero,0,3,1,0,0,0,0,0
823226,20260506,SDN,699134,Bradgley Rodriguez,1,3,0,0,0,0,0,0
823226,20260506,SDN,663362,Matt Waldron,0,15,7,0,0,1,1,1
823226,20260506,SDN,670970,Adrian Morejon,0,6,4,0,0,0,0,0
823226,20260506,SDN,695243,Mason Miller,0,3,2,0,0,0,0,0
824036,20260506,ANA,700712,Walbert Ureña,1,18,5,3,0,0,1,1
824036,20260506,ANA,608718,Brent Suter,0,2,0,2,0,0,1,1
824036,20260506,ANA,519141,Drew Pomeranz,0,1,1,0,1,0,0,0
824036,20260506,ANA,681217,Chase Silseth,0,6,4,0,0,0,0,0
824036,20260506,CHA,702273,Noah Schultz,1,11,3,4,0,1,7,7
824036,20260506,CHA,674370,Osvaldo Bido,0,7,0,0,2,0,0,0
824036,20260506,CHA,663855,Jordan Hicks,0,3,1,1,0,0,0,0
824036,20260506,CHA,691799,Grant Taylor,0,3,1,1,0,0,1,0
823141,20260506,SEA,693433,Bryan Woo,1,18,9,2,0,0,0,0
823141,20260506,SEA,681867,Cooper Criswell,0,3,1,0,0,0,0,0
823141,20260506,SEA,660825,Eduard Bazardo,0,3,1,0,0,0,1,1
823141,20260506,SEA,678606,José A. Ferrer,0,3,1,0,0,0,0,0
823141,20260506,ATL,527048,Martín Pérez,1,17,5,1,0,1,2,2
823141,20260506,ATL,641755,Tyler Kinley,0,1,0,0,0,0,0,0
823141,20260506,ATL,800311,Didier Fuentes,0,6,4,1,0,0,1,1
824282,20260506,DET,656427,Jack Flaherty,1,15,10,1,1,0,4,2
824282,20260506,DET,623454,Drew Anderson,0,4,3,3,0,0,0,0
824282,20260506,DET,676428,Brant Hurter,0,2,1,0,0,0,0,0
824282,20260506,DET,640448,Kyle Finnegan,0,3,0,2,0,0,0,0
824282,20260506,DET,572143,Burch Smith,0,3,1,1,0,0,0,0
824282,20260506,BOS,543243,Sonny Gray,1,15,2,2,0,0,0,0
824282,20260506,BOS,701719,Tyler Samaniego,0,6,3,1,0,0,0,0
824282,20260506,BOS,677161,Zack Kelly,0,3,2,2,0,0,0,0
824282,20260506,BOS,669711,Greg Weissert,0,3,0,0,0,0,0,0
823470,20260506,PHI,554430,Zack Wheeler,1,19,4,1,0,1,3,3
823470,20260506,PHI,641835,Tim Mayza,0,2,1,0,0,0,0,0
823470,20260506,PHI,621237,José Alvarado,0,2,2,1,0,0,0,0
823470,20260506,PHI,689147,Orion Kerkering,0,1,0,0,0,0,0,0
823470,20260506,PHI,641745,Brad Keller,0,3,1,2,0,0,0,0
823470,20260506,ATH,605488,Jeffrey Springs,1,16,4,0,0,1,2,2
823470,20260506,ATH,686993,Justin Sterner,0,2,0,0,0,0,0,0
823470,20260506,ATH,678022,Jack Perkins,0,4,2,1,0,0,4,2
823470,20260506,ATH,663687,Hogan Harris,0,2,0,0,0,0,0,0
823872,20260506,MIA,691587,Eury Pérez,1,15,6,5,1,1,5,5
823872,20260506,MIA,690978,Dax Fulton,0,12,3,2,0,0,2,2
823872,20260506,BAL,687064,Brandon Young,1,18,5,3,0,0,3,3
823872,20260506,BAL,664991,Grant Wolfram,0,2,0,0,0,0,1,1
823872,20260506,BAL,689296,Anthony Nunez,0,4,1,0,0,0,0,0
823872,20260506,BAL,670329,Rico Garcia,0,3,1,1,0,0,0,0
822740,20260506,WAS,571945,Miles Mikolas,1,16,3,0,0,1,2,2
822740,20260506,WAS,680730,Mitchell Parker,0,8,2,0,0,0,0,0
822740,20260506,WAS,687849,Zak Kent,0,3,0,0,0,0,0,0
822740,20260506,MIN,641927,Bailey Ober,1,15,3,2,0,1,5,5
822740,20260506,MIN,702193,Andrew Morris,0,2,1,0,0,0,1,1
822740,20260506,MIN,681892,Kody Funderburk,0,3,2,1,0,0,1,1
822740,20260506,MIN,623437,Justin Topa,0,2,1,2,0,1,6,6
822740,20260506,MIN,472610,Luis García,0,2,0,0,0,2,2,2
823550,20260506,NYA,701542,Will Warren,1,12,7,3,0,2,6,6
823550,20260506,NYA,660787,Yerry De los Santos,0,10,5,1,0,0,0,0
823550,20260506,NYA,642232,Ryan Yarbrough,0,5,2,1,0,0,0,0
823550,20260506,TEX,543135,Nathan Eovaldi,1,24,8,0,1,1,1,1
823550,20260506,TEX,656641,Jacob Latz,0,3,1,1,0,0,0,0
824683,20260506,CHN,607067,Colin Rea,1,16,5,3,0,1,2,1
824683,20260506,CHN,657097,Jacob Webb,0,5,1,0,0,0,0,0
824683,20260506,CHN,664208,Phil Maton,0,3,1,0,0,0,0,0
824683,20260506,CHN,656686,Corbin Martin,0,0,0,0,0,1,3,3
824683,20260506,CHN,571948,Hoby Milner,0,3,1,1,0,0,1,1
824683,20260506,CHN,663423,Trent Thornton,0,3,0,0,0,0,0,0
824683,20260506,CIN,663903,Brady Singer,1,18,6,1,1,1,4,4
824683,20260506,CIN,594580,Sam Moll,0,2,0,0,0,0,0,0
824683,20260506,CIN,572955,Pierce Johnson,0,1,0,0,0,0,0,0
824683,20260506,CIN,622088,Tejay Antone,0,3,2,0,0,0,0,0
824683,20260506,CIN,668933,Graham Ashcraft,0,3,1,0,0,1,2,2
824683,20260506,CIN,656271,Brock Burke,0,2,1,3,0,0,1,0
824118,20260506,KCA,666142,Cole Ragans,1,9,4,2,0,0,0,0
824118,20260506,KCA,679883,Luinder Avila,0,6,2,2,0,0,2,2
824118,20260506,KCA,670167,John Schreiber,0,5,0,0,0,0,0,0
824118,20260506,KCA,656638,Alex Lange,0,4,0,1,0,0,1,1
824118,20260506,KCA,672021,Eric Cerantola,0,3,2,1,0,0,0,0
824118,20260506,CLE,676282,Joey Cantillo,1,15,1,3,0,0,1,1
824118,20260506,CLE,670036,Matt Festa,0,3,2,0,0,0,0,0
824118,20260506,CLE,681870,Erik Sabrowski,0,4,2,1,0,0,0,0
824118,20260506,CLE,683769,Hunter Gaddis,0,2,0,1,0,0,0,0
824118,20260506,CLE,671922,Cade Smith,0,3,3,0,0,0,0,0
824361,20260506,COL,547179,Michael Lorenzen,1,15,2,3,0,1,7,7
824361,20260506,COL,688642,Zach Agnos,0,12,1,1,1,1,3,3
824361,20260506,NYN,642547,Freddy Peralta,1,15,1,2,0,0,0,0
824361,20260506,NYN,668964,Tobias Myers,0,2,0,0,0,2,4,4
824361,20260506,NYN,548384,Brooks Raley,0,4,2,1,0,0,0,0
824361,20260506,NYN,596133,Luke Weaver,0,3,2,0,0,0,0,0
824361,20260506,NYN,640455,Sean Manaea,0,1,1,0,1,0,1,1
824361,20260506,NYN,642207,Devin Williams,0,2,2,0,0,0,0,0
825091,20260506,ARI,647336,Michael Soroka,1,19,6,2,0,1,1,1
825091,20260506,ARI,656464,Kevin Ginkel,0,2,0,0,0,0,0,0
825091,20260506,ARI,666661,Juan Morillo,0,3,0,0,1,0,0,0
825091,20260506,ARI,664199,Taylor Clarke,0,3,1,0,0,0,0,0
825091,20260506,PIT,694973,Paul Skenes,1,24,7,0,0,0,0,0
825091,20260506,PIT,642397,Gregory Soto,0,3,1,1,0,0,0,0
823551,20260507,NYA,621112,Paul Blackburn,1,3,0,2,1,0,0,0
823551,20260507,NYA,694341,Brendan Beck,0,9,1,3,0,1,2,2
823551,20260507,NYA,657612,Tim Hill,0,5,1,0,0,0,0,0
823551,20260507,NYA,687396,Brent Headrick,0,4,1,1,0,0,0,0
823551,20260507,NYA,656234,Jake Bird,0,3,0,1,0,0,0,0
823551,20260507,NYA,666808,Camilo Doval,0,3,1,0,0,0,0,0
823551,20260507,TEX,669022,MacKenzie Gore,1,16,3,3,0,0,5,5
823551,20260507,TEX,656222,Jalen Beeks,0,1,1,1,0,0,2,2
823551,20260507,TEX,668390,Cole Winn,0,1,0,0,0,0,0,0
823551,20260507,TEX,641302,Tyler Alexander,0,2,1,1,0,0,1,1
823551,20260507,TEX,682608,Peyton Gray,0,3,1,1,0,0,1,1
823551,20260507,TEX,686560,Gavin Collyer,0,1,0,0,0,0,0,0
822741,20260507,WAS,663623,Jake Irvin,1,15,2,1,1,1,4,4
822741,20260507,WAS,663992,Richard Lovelady,0,2,1,2,1,0,0,0
822741,20260507,WAS,687377,Orlando Ribalta,0,3,1,0,0,0,1,1
822741,20260507,WAS,676571,PJ Poulin,0,3,2,1,0,0,0,0
822741,20260507,WAS,681402,Gus Varland,0,4,2,0,0,0,0,0
822741,20260507,MIN,680573,Simeon Woods Richardson,1,13,2,2,1,0,5,5
822741,20260507,MIN,607455,Anthony Banda,0,2,0,1,1,0,0,0
822741,20260507,MIN,804619,John Klein,0,4,1,1,0,1,2,2
822741,20260507,MIN,573124,Taylor Rogers,0,5,2,0,0,0,0,0
824117,20260507,KCA,607625,Seth Lugo,1,12,5,4,0,0,4,4
824117,20260507,KCA,663738,Daniel Lynch IV,0,3,2,0,1,0,0,0
824117,20260507,KCA,656638,Alex Lange,0,3,1,1,0,0,1,1
824117,20260507,KCA,672021,Eric Cerantola,0,6,3,3,0,1,3,3
824117,20260507,KCA,683232,Nick Mears,0,3,0,0,0,0,0,0
824117,20260507,CLE,677944,Slade Cecconi,1,16,3,3,0,0,2,2
824117,20260507,CLE,682120,Tim Herrin,0,1,0,1,0,0,0,0
824117,20260507,CLE,641401,Connor Brogdon,0,4,1,1,0,2,2,2
824117,20260507,CLE,683769,Hunter Gaddis,0,2,0,0,0,0,1,1
824117,20260507,CLE,681870,Erik Sabrowski,0,1,1,0,0,0,0,0
824117,20260507,CLE,671922,Cade Smith,0,3,2,0,0,0,0,0
824681,20260507,CHN,684007,Shota Imanaga,1,18,10,3,0,1,1,1
824681,20260507,CHN,663423,Trent Thornton,0,3,0,1,0,0,0,0
824681,20260507,CHN,668970,Gavin Hollowell,0,5,1,4,0,1,2,2
824681,20260507,CHN,694037,Daniel Palencia,0,1,1,0,0,0,0,0
824681,20260507,CIN,695076,Rhett Lowder,1,9,1,4,0,1,3,3
824681,20260507,CIN,683175,Connor Phillips,0,3,0,1,0,0,5,5
824681,20260507,CIN,682825,Luis Mey,0,6,1,1,1,0,0,0
824681,20260507,CIN,683742,Jose Franco,0,6,1,1,0,0,0,0
824362,20260507,COL,500779,Jose Quintana,1,17,2,2,0,0,2,2
824362,20260507,COL,675848,Juan Mejia,0,3,2,2,0,0,0,0
824362,20260507,COL,657514,Brennan Bernardino,0,1,0,0,0,0,0,0
824362,20260507,COL,622608,Antonio Senzatela,0,6,2,1,0,0,0,0
824362,20260507,NYN,681035,Christian Scott,1,14,6,2,0,0,1,1
824362,20260507,NYN,623211,Huascar Brazobán,0,3,1,2,0,0,1,1
824362,20260507,NYN,681810,Austin Warren,0,4,1,2,0,0,0,0
824362,20260507,NYN,518886,Craig Kimbrel,0,3,2,1,0,1,4,4
825090,20260507,ARI,668678,Zac Gallen,1,18,5,2,1,2,4,4
825090,20260507,ARI,805299,Brandyn Garcia,0,3,1,0,0,0,0,0
825090,20260507,ARI,657044,Ryan Thompson,0,3,2,0,0,0,0,0
825090,20260507,ARI,623149,Paul Sewald,0,3,0,1,0,0,0,0
825090,20260507,PIT,656605,Mitch Keller,1,18,4,2,0,1,2,2
825090,20260507,PIT,642701,Dennis Santana,0,3,0,1,0,0,0,0
825090,20260507,PIT,682254,Mason Montgomery,0,2,0,1,0,0,0,0
825090,20260507,PIT,676755,Isaac Mattson,0,1,1,0,0,0,0,0
825090,20260507,PIT,642397,Gregory Soto,0,3,1,0,0,0,0,0
823467,20260507,PHI,691725,Andrew Painter,1,11,2,3,0,3,8,8
823467,20260507,PHI,621383,Tanner Banks,0,4,2,1,0,0,2,2
823467,20260507,PHI,663767,Chase Shugart,0,6,2,1,0,1,2,2
823467,20260507,PHI,680742,Jonathan Bowlan,0,3,1,0,0,0,0,0
823467,20260507,PHI,596117,Garrett Stubbs,0,3,0,0,0,0,0,0
823467,20260507,ATH,669372,J.T. Ginn,1,24,8,1,0,1,1,1
823467,20260507,ATH,621139,Brooks Kriske,0,3,1,0,0,0,0,0
823870,20260507,MIA,676974,Max Meyer,1,15,5,2,0,0,2,2
823870,20260507,MIA,677053,Andrew Nardi,0,3,1,0,0,0,0,0
823870,20260507,MIA,656848,Michael Petersen,0,3,1,0,0,0,0,0
823870,20260507,MIA,694795,Josh Ekness,0,3,0,1,0,0,1,1
823870,20260507,MIA,676534,Calvin Faucher,0,3,1,0,0,0,0,0
823870,20260507,BAL,700249,Cade Povich,1,9,1,2,1,1,3,3
823870,20260507,BAL,666974,Yennier Cano,0,6,0,0,0,0,0,0
823870,20260507,BAL,608650,Dietrich Enns,0,6,1,1,0,0,0,0
823870,20260507,BAL,669211,Keegan Akin,0,3,1,0,0,0,0,0
823870,20260507,BAL,552640,Andrew Kittredge,0,2,1,0,0,0,1,0
824767,20260507,BOS,687562,Jake Bennett,1,16,1,2,0,0,4,4
824767,20260507,BOS,669711,Greg Weissert,0,0,0,1,0,0,1,1
824767,20260507,BOS,701719,Tyler Samaniego,0,2,0,0,0,0,0,0
824767,20260507,BOS,670245,Ryan Watson,0,9,2,1,0,1,3,3
824767,20260507,TBA,643377,Griffin Jax,1,12,3,1,0,0,3,2
824767,20260507,TBA,685801,Hunter Bigge,0,6,1,0,0,0,0,0
824767,20260507,TBA,687330,Kevin Kelly,0,3,0,0,0,0,0,0
824767,20260507,TBA,664076,Garrett Cleavinger,0,3,1,0,0,0,1,1
824767,20260507,TBA,642121,Cole Sulser,0,3,1,0,0,0,0,0
823306,20260507,SDN,650633,Michael King,1,18,6,2,0,1,1,1
823306,20260507,SDN,699134,Bradgley Rodriguez,0,3,2,0,0,0,1,1
823306,20260507,SDN,593974,Wandy Peralta,0,3,0,2,0,0,0,0
823306,20260507,SDN,592094,Jason Adam,0,3,0,1,0,0,0,0
823306,20260507,SLN,669461,Matthew Liberatore,1,18,6,3,0,0,1,1
823306,20260507,SLN,666277,George Soriano,0,3,1,0,0,0,0,0
823306,20260507,SLN,668941,JoJo Romero,0,3,1,0,0,0,0,0
823306,20260507,SLN,676617,Riley O'Brien,0,3,1,0,0,0,0,0
824522,20260508,CIN,666157,Nick Lodolo,1,16,2,1,1,2,4,4
824522,20260508,CIN,572955,Pierce Johnson,0,5,2,1,0,0,0,0
824522,20260508,CIN,622088,Tejay Antone,0,3,0,0,0,0,1,1
824522,20260508,CIN,663574,Tony Santillan,0,0,0,0,0,2,4,4
824522,20260508,CIN,624431,Jose Trevino,0,3,0,0,0,0,1,1
824522,20260508,HOU,681347,Mike Burrows,1,21,6,1,0,0,0,0
824522,20260508,HOU,805123,AJ Blubaugh,0,3,1,0,0,0,0,0
824522,20260508,HOU,701121,Logan VanWey,0,3,2,0,0,0,0,0
823466,20260508,PHI,666200,Jesús Luzardo,1,9,6,3,0,1,6,5
823466,20260508,PHI,680742,Jonathan Bowlan,0,6,1,0,0,0,0,0
823466,20260508,PHI,641835,Tim Mayza,0,6,2,0,0,1,1,1
823466,20260508,PHI,661395,Jhoan Duran,0,3,2,0,0,0,0,0
823466,20260508,PHI,621237,José Alvarado,0,3,2,0,1,0,0,0
823466,20260508,PHI,689147,Orion Kerkering,0,3,1,0,0,0,0,0
823466,20260508,PHI,641745,Brad Keller,0,3,2,0,0,0,2,1
823466,20260508,COL,801403,Chase Dollander,1,17,5,5,0,1,2,2
823466,20260508,COL,677955,Jaden Hill,0,3,0,0,0,0,0,0
823466,20260508,COL,657514,Brennan Bernardino,0,1,1,1,0,0,3,3
823466,20260508,COL,623474,Jimmy Herget,0,3,2,0,0,1,2,2
823466,20260508,COL,680767,Victor Vodnik,0,6,2,1,0,0,0,0
823466,20260508,COL,675848,Juan Mejia,0,3,1,0,0,0,0,0
824846,20260508,BAL,680694,Kyle Bradish,1,21,10,1,1,0,3,3
824846,20260508,BAL,694346,Trey Gibson,0,6,2,1,0,0,1,1
824846,20260508,ATH,682052,Jacob Lopez,1,16,5,2,0,2,2,2
824846,20260508,ATH,686993,Justin Sterner,0,2,0,0,0,0,0,0
824846,20260508,ATH,605130,Scott Barlow,0,3,1,0,0,0,0,0
824846,20260508,ATH,669270,Joel Kuhnel,0,3,0,0,0,0,0,0
824846,20260508,ATH,678022,Jack Perkins,0,2,2,1,0,0,1,1
824846,20260508,ATH,663687,Hogan Harris,0,1,1,1,0,0,0,0
822822,20260508,TOR,656302,Dylan Cease,1,21,10,0,0,0,0,0
822822,20260508,TOR,656546,Jeff Hoffman,0,3,1,0,0,0,0,0
822822,20260508,TOR,686973,Louis Varland,0,3,0,0,0,0,0,0
822822,20260508,ANA,672282,Reid Detmers,1,11,3,6,0,0,2,2
822822,20260508,ANA,820862,José Fermin,0,4,2,0,0,0,0,0
822822,20260508,ANA,608718,Brent Suter,0,3,2,0,0,0,0,0
822822,20260508,ANA,489446,Kirby Yates,0,3,1,0,0,0,0,0
822822,20260508,ANA,666201,Alek Manoah,0,3,1,0,0,0,0,0
824768,20260508,BOS,813349,Connelly Early,1,21,8,1,1,0,0,0
824768,20260508,BOS,676477,Garrett Whitlock,0,3,2,0,0,0,0,0
824768,20260508,BOS,547973,Aroldis Chapman,0,3,2,0,0,0,0,0
824768,20260508,TBA,669947,Jesse Scholtens,1,14,4,4,1,2,2,2
824768,20260508,TBA,669438,Mason Englert,0,10,3,0,0,0,0,0
823871,20260508,MIA,702281,Robby Snelling,1,15,2,4,0,1,3,3
823871,20260508,MIA,669622,Anthony Bender,0,3,1,0,0,0,0,0
823871,20260508,MIA,667463,John King,0,2,1,1,0,0,0,0
823871,20260508,MIA,663969,Tyler Phillips,0,7,2,1,0,0,0,0
823871,20260508,WAS,656492,Foster Griffin,1,21,9,1,0,1,2,1
823871,20260508,WAS,695418,Brad Lord,0,5,2,0,0,0,0,0
823871,20260508,WAS,676571,PJ Poulin,0,1,0,1,0,0,0,0
824443,20260508,CLE,800048,Parker Messick,1,17,7,1,0,0,1,1
824443,20260508,CLE,670036,Matt Festa,0,2,2,0,0,1,2,2
824443,20260508,CLE,670059,Colin Holderman,0,2,1,1,0,0,0,0
824443,20260508,CLE,682120,Tim Herrin,0,3,0,0,0,0,0,0
824443,20260508,CLE,671922,Cade Smith,0,3,1,0,0,0,1,1
824443,20260508,MIN,687570,Connor Prielipp,1,15,6,2,1,1,4,1
824443,20260508,MIN,681892,Kody Funderburk,0,4,0,0,0,0,1,1
824443,20260508,MIN,679358,Eric Orze,0,2,0,0,0,0,0,0
824443,20260508,MIN,607455,Anthony Banda,0,2,0,1,1,0,1,1
824443,20260508,MIN,672782,Yoendrys Gómez,0,1,0,0,0,0,0,0
824116,20260508,KCA,663460,Kris Bubic,1,17,5,4,0,0,3,3
824116,20260508,KCA,683232,Nick Mears,0,1,0,0,0,0,0,0
824116,20260508,KCA,679883,Luinder Avila,0,3,1,0,0,0,0,0
824116,20260508,KCA,670167,John Schreiber,0,3,0,0,0,0,0,0
824116,20260508,KCA,668674,Lucas Erceg,0,3,0,1,0,0,0,0
824116,20260508,DET,672456,Keider Montero,1,18,4,1,0,0,1,1
824116,20260508,DET,663947,Tyler Holton,0,3,1,0,0,0,0,0
824116,20260508,DET,640448,Kyle Finnegan,0,0,0,1,0,0,2,2
824116,20260508,DET,676428,Brant Hurter,0,5,1,1,0,0,1,1
824607,20260508,CHA,680732,Sean Burke,1,13,4,2,2,2,6,6
824607,20260508,CHA,656794,Sean Newcomb,0,5,0,0,1,0,0,0
824607,20260508,CHA,699823,Tyler Davis,0,3,0,1,0,1,3,3
824607,20260508,CHA,670950,Trevor Richards,0,3,1,0,0,1,3,3
824607,20260508,CHA,622554,Seranthony Domínguez,0,3,2,0,0,0,0,0
824607,20260508,SEA,676106,Emerson Hancock,1,18,4,3,0,1,5,5
824607,20260508,SEA,660825,Eduard Bazardo,0,3,0,0,0,0,0,0
824607,20260508,SEA,695380,Alex Hoppe,0,3,1,0,1,0,2,2
824607,20260508,SEA,681006,Josh Simpson,0,3,2,0,0,1,1,1
823794,20260508,MIL,694819,Jacob Misiorowski,1,18,11,2,0,0,0,0
823794,20260508,MIL,675660,Shane Drohan,0,9,3,0,0,0,0,0
823794,20260508,NYA,608331,Max Fried,1,18,5,3,0,0,5,5
823794,20260508,NYA,665645,Kervin Castro,0,6,2,0,0,0,1,1
822904,20260508,TEX,677958,Kumar Rocker,1,11,3,3,0,1,3,3
822904,20260508,TEX,615698,Cal Quantrill,0,10,2,2,0,0,4,1
822904,20260508,TEX,641302,Tyler Alexander,0,3,0,0,0,0,0,0
822904,20260508,TEX,596001,Jakob Junis,0,3,1,1,0,0,0,0
822904,20260508,CHN,676962,Ben Brown,1,12,3,1,0,0,0,0
822904,20260508,CHN,669020,Ryan Rolison,0,1,0,2,0,0,1,1
822904,20260508,CHN,665871,Javier Assad,0,11,1,1,0,0,0,0
822904,20260508,CHN,681799,Ethan Roberts,0,3,0,1,0,0,0,0
825088,20260508,ARI,669194,Ryne Nelson,1,20,7,1,0,1,1,1
825088,20260508,ARI,666661,Juan Morillo,0,4,2,0,0,0,0,0
825088,20260508,ARI,805299,Brandyn Garcia,0,3,0,0,0,0,0,0
825088,20260508,ARI,656464,Kevin Ginkel,0,1,1,0,0,0,2,1
825088,20260508,ARI,642528,Jonathan Loáisiga,0,2,0,0,0,0,0,0
825088,20260508,NYN,690997,Nolan McLean,1,18,6,1,1,1,1,1
825088,20260508,NYN,596133,Luke Weaver,0,3,1,2,0,0,0,0
825088,20260508,NYN,548384,Brooks Raley,0,3,0,0,0,0,0,0
825088,20260508,NYN,642207,Devin Williams,0,3,1,0,0,0,0,0
825088,20260508,NYN,668964,Tobias Myers,0,3,2,0,0,0,0,0
823303,20260508,SDN,656288,Griffin Canning,1,13,5,2,0,0,6,6
823303,20260508,SDN,673513,Yuki Matsui,0,8,2,1,0,0,0,0
823303,20260508,SDN,593974,Wandy Peralta,0,3,0,0,0,0,0,0
823303,20260508,SDN,676760,Ron Marinaccio,0,3,2,0,0,0,0,0
823303,20260508,SLN,700241,Michael McGreevy,1,18,9,2,0,0,0,0
823303,20260508,SLN,700669,Gordon Graceffo,0,6,0,0,0,0,0,0
823303,20260508,SLN,592773,Ryne Stanek,0,3,1,0,0,0,0,0
823957,20260508,LAN,686218,Emmet Sheehan,1,14,7,1,0,0,1,1
823957,20260508,LAN,681911,Alex Vesia,0,1,0,0,0,0,0,0
823957,20260508,LAN,669165,Kyle Hurt,0,3,1,0,0,0,0,0
823957,20260508,LAN,694361,Will Klein,0,3,1,1,0,0,0,0
823957,20260508,LAN,592779,Brock Stewart,0,3,1,1,0,0,0,0
823957,20260508,LAN,656945,Tanner Scott,0,3,1,0,0,0,0,0
823957,20260508,ATL,519242,Chris Sale,1,21,7,0,1,1,3,2
823957,20260508,ATL,607481,Aaron Bummer,0,3,0,0,0,0,0,0
823225,20260508,SFN,592662,Robbie Ray,1,18,7,4,0,1,1,1
823225,20260508,SFN,676775,Keaton Winn,0,3,1,0,0,0,0,0
823225,20260508,SFN,657424,Matt Gage,0,3,0,1,0,0,0,0
823225,20260508,SFN,668873,Caleb Kilian,0,3,0,2,0,0,1,1
823225,20260508,PIT,669387,Carmen Mlodzinski,1,18,1,0,0,1,2,2
823225,20260508,PIT,664875,Justin Lawrence,0,0,0,0,1,0,3,3
823225,20260508,PIT,681895,Evan Sisk,0,3,1,0,0,0,0,0
823225,20260508,PIT,676742,Cam Sanders,0,3,3,0,0,0,0,0
822820,20260509,TOR,702056,Trey Yesavage,1,12,6,2,1,0,0,0
822820,20260509,TOR,689254,Mason Fluharty,0,3,2,0,0,0,0,0
822820,20260509,TOR,680755,Braydon Fisher,0,3,0,0,0,0,0,0
822820,20260509,TOR,573009,Joe Mantiply,0,3,0,0,0,0,0,0
822820,20260509,TOR,643511,Tyler Rogers,0,3,0,0,0,0,1,1
822820,20260509,TOR,667297,Tommy Nance,0,3,1,0,0,0,0,0
822820,20260509,ANA,686799,Jack Kochanowicz,1,12,0,2,1,0,7,6
822820,20260509,ANA,815083,Mitch Farris,0,9,2,0,0,2,3,3
822820,20260509,ANA,624428,Adam Frazier,0,3,0,1,0,1,4,4
824847,20260509,BAL,669358,Shane Baz,1,14,5,3,0,1,5,5
824847,20260509,BAL,642152,Lou Trivino III,0,7,3,0,0,0,0,0
824847,20260509,BAL,608650,Dietrich Enns,0,3,1,0,0,0,0,0
824847,20260509,BAL,552640,Andrew Kittredge,0,3,1,1,0,0,1,1
824847,20260509,ATH,650644,Aaron Civale,1,15,6,3,0,0,0,0
824847,20260509,ATH,663687,Hogan Harris,0,3,2,0,0,0,0,0
824847,20260509,ATH,605130,Scott Barlow,0,3,2,1,0,0,0,0
824847,20260509,ATH,643410,Mark Leiter Jr.,0,3,1,0,0,0,2,2
824847,20260509,ATH,669270,Joel Kuhnel,0,3,0,0,0,0,0,0
824523,20260509,CIN,695505,Chase Burns,1,18,2,3,0,1,1,1
824523,20260509,CIN,656271,Brock Burke,0,3,1,0,0,0,0,0
824523,20260509,CIN,668933,Graham Ashcraft,0,3,2,0,0,0,0,0
824523,20260509,CIN,572955,Pierce Johnson,0,3,0,0,0,0,0,0
824523,20260509,HOU,681293,Spencer Arrighetti,1,17,5,3,0,0,3,1
824523,20260509,HOU,660853,Enyel De Los Santos,0,3,2,0,0,0,0,0
824523,20260509,HOU,595345,Steven Okert,0,3,0,0,0,0,0,0
824523,20260509,HOU,650556,Bryan Abreu,0,1,0,0,0,0,0,0
823869,20260509,MIA,676083,Janson Junk,1,18,6,2,0,1,4,4
823869,20260509,MIA,669199,Lake Bachar,0,3,2,0,1,0,0,0
823869,20260509,MIA,677053,Andrew Nardi,0,3,0,0,0,0,0,0
823869,20260509,MIA,656848,Michael Petersen,0,2,0,0,0,0,3,3
823869,20260509,MIA,667463,John King,0,1,0,0,0,0,0,0
823869,20260509,WAS,663992,Richard Lovelady,1,6,3,1,0,0,0,0
823869,20260509,WAS,641793,Zack Littell,0,12,0,1,0,1,3,2
823869,20260509,WAS,680730,Mitchell Parker,0,3,1,1,0,2,5,5
823869,20260509,WAS,687849,Zak Kent,0,3,1,0,0,0,0,0
823468,20260509,PHI,605400,Aaron Nola,1,14,4,2,0,1,3,3
823468,20260509,PHI,641835,Tim Mayza,0,1,0,0,0,0,0,0
823468,20260509,PHI,621383,Tanner Banks,0,6,3,0,0,0,0,0
823468,20260509,PHI,663767,Chase Shugart,0,3,3,0,1,0,0,0
823468,20260509,PHI,689147,Orion Kerkering,0,3,1,0,0,0,0,0
823468,20260509,COL,607536,Kyle Freeland,1,15,4,0,0,3,7,6
823468,20260509,COL,685299,Tanner Gordon,0,9,3,0,0,0,2,2
824444,20260509,CLE,676440,Tanner Bibee,1,18,9,2,1,1,1,1
824444,20260509,CLE,683769,Hunter Gaddis,0,3,1,0,0,0,0,0
824444,20260509,CLE,670059,Colin Holderman,0,3,2,0,0,0,0,0
824444,20260509,CLE,681870,Erik Sabrowski,0,3,2,0,0,0,0,0
824444,20260509,CLE,688883,Peyton Pallette,0,6,3,1,0,0,1,0
824444,20260509,MIN,657746,Joe Ryan,1,18,5,3,1,0,1,1
824444,20260509,MIN,702193,Andrew Morris,0,2,1,1,0,0,0,0
824444,20260509,MIN,573124,Taylor Rogers,0,3,1,0,0,0,0,0
824444,20260509,MIN,672782,Yoendrys Gómez,0,1,0,0,0,0,0,0
824444,20260509,MIN,681892,Kody Funderburk,0,1,0,2,0,0,0,0
824444,20260509,MIN,679358,Eric Orze,0,5,0,3,0,0,0,0
824444,20260509,MIN,472610,Luis García,0,3,0,0,0,0,0,0
822905,20260509,TEX,683004,Jack Leiter,1,14,6,5,0,0,0,0
822905,20260509,TEX,656222,Jalen Beeks,0,4,1,0,0,0,0,0
822905,20260509,TEX,668390,Cole Winn,0,3,1,0,0,0,0,0
822905,20260509,TEX,686560,Gavin Collyer,0,6,1,1,0,0,0,0
822905,20260509,CHN,665795,Edward Cabrera,1,15,6,1,0,2,5,5
822905,20260509,CHN,657097,Jacob Webb,0,3,1,1,0,0,1,1
822905,20260509,CHN,681799,Ethan Roberts,0,6,0,2,0,0,0,0
824115,20260509,KCA,608379,Michael Wacha,1,21,6,2,1,0,0,0
824115,20260509,KCA,621381,Matt Strahm,0,3,1,0,0,0,1,1
824115,20260509,KCA,674444,Steven Cruz,0,3,2,0,0,0,0,0
824115,20260509,DET,572143,Burch Smith,1,1,0,0,0,1,2,2
824115,20260509,DET,663947,Tyler Holton,0,5,0,0,0,0,0,0
824115,20260509,DET,680744,Ty Madden,0,18,5,2,0,1,3,3
824606,20260509,CHA,641743,Anthony Kay,1,15,5,2,0,0,1,0
824606,20260509,CHA,691799,Grant Taylor,0,6,3,1,0,0,0,0
824606,20260509,CHA,663542,Bryan Hudson,0,3,1,1,0,0,0,0
824606,20260509,CHA,805326,Tyler Schweitzer,0,3,0,0,0,0,0,0
824606,20260509,SEA,622491,Luis Castillo,1,12,6,0,1,2,4,4
824606,20260509,SEA,681006,Josh Simpson,0,3,1,0,0,1,1,1
824606,20260509,SEA,689546,Nick Davila,0,3,0,0,0,0,0,0
824606,20260509,SEA,660761,José Suarez,0,6,3,2,1,0,1,1
823792,20260509,MIL,690986,Kyle Harrison,1,12,6,4,0,1,2,2
823792,20260509,MIL,694477,Chad Patrick,0,9,5,1,0,0,0,0
823792,20260509,MIL,669084,DL Hall,0,3,1,1,0,0,0,0
823792,20260509,MIL,676879,Aaron Ashby,0,6,3,1,0,0,1,0
823792,20260509,NYA,693645,Cam Schlittler,1,18,6,0,0,0,0,0
823792,20260509,NYA,687396,Brent Headrick,0,4,1,1,0,1,1,1
823792,20260509,NYA,666808,Camilo Doval,0,2,0,0,0,0,1,1
823792,20260509,NYA,670280,David Bednar,0,3,1,0,0,0,0,0
823792,20260509,NYA,518585,Fernando Cruz,0,1,0,1,0,0,2,1
823792,20260509,NYA,657612,Tim Hill,0,1,0,0,0,0,0,0
825089,20260509,ARI,518876,Merrill Kelly,1,21,6,3,0,0,1,1
825089,20260509,ARI,664199,Taylor Clarke,0,3,0,0,0,0,0,0
825089,20260509,ARI,623149,Paul Sewald,0,3,2,0,0,0,0,0
825089,20260509,NYN,605280,Clay Holmes,1,17,6,2,0,0,2,2
825089,20260509,NYN,681810,Austin Warren,0,4,1,0,0,0,0,0
825089,20260509,NYN,518886,Craig Kimbrel,0,3,1,2,0,0,0,0
823304,20260509,SDN,681190,Randy Vásquez,1,15,6,0,0,0,1,1
823304,20260509,SDN,669093,Jeremiah Estrada,0,3,1,0,0,0,0,0
823304,20260509,SDN,592094,Jason Adam,0,3,0,0,0,0,0,0
823304,20260509,SDN,670970,Adrian Morejon,0,2,1,0,1,0,1,1
823304,20260509,SDN,695243,Mason Miller,0,4,4,2,0,0,0,0
823304,20260509,SLN,669160,Dustin May,1,18,7,2,0,1,3,2
823304,20260509,SLN,677865,Justin Bruihl,0,3,2,0,0,0,0,0
823304,20260509,SLN,694335,Matt Svanson,0,3,1,0,0,1,1,1
823224,20260509,SFN,694738,Landen Roupp,1,12,8,3,0,0,1,1
823224,20260509,SFN,621366,Ryan Borucki,0,2,0,0,0,0,1,1
823224,20260509,SFN,676254,Ryan Walker,0,2,1,1,0,0,2,2
823224,20260509,SFN,657424,Matt Gage,0,2,1,0,0,0,0,0
823224,20260509,SFN,664141,JT Brubaker,0,2,1,0,0,0,4,3
823224,20260509,SFN,666619,Gregory Santos,0,4,0,1,0,0,2,0
823224,20260509,SFN,683766,Christian Koss,0,3,0,0,0,0,3,3
823224,20260509,PIT,677952,Braxton Ashcraft,1,21,6,0,0,1,1,1
823224,20260509,PIT,681895,Evan Sisk,0,3,1,0,0,0,0,0
823224,20260509,PIT,676742,Cam Sanders,0,3,0,3,1,0,2,2
823955,20260509,LAN,605483,Blake Snell,1,9,5,2,0,0,5,4
823955,20260509,LAN,676263,Jack Dreyer,0,4,0,0,0,0,0,0
823955,20260509,LAN,683618,Edgardo Henriquez,0,5,1,1,0,0,1,1
823955,20260509,LAN,801434,Paul Gervase,0,9,5,1,0,0,1,1
823955,20260509,ATL,675911,Spencer Strider,1,18,8,2,0,0,0,0
823955,20260509,ATL,669276,Dylan Lee,0,3,0,0,0,0,0,0
823955,20260509,ATL,625643,Reynaldo López,0,6,1,1,0,1,2,2
824766,20260717,BOS,687562,Jake Bennett,1,18,3,1,1,0,0,0
824766,20260717,BOS,687941,Alec Gamboa,0,9,1,0,0,0,0,0
824766,20260717,TBA,643377,Griffin Jax,1,15,6,1,1,1,7,7
824766,20260717,TBA,688297,Chris Roycroft,0,6,2,1,0,1,3,3
824766,20260717,TBA,810938,Ben Williamson,0,3,0,0,0,0,0,0
823868,20260510,MIA,645261,Sandy Alcantara,1,18,3,2,0,0,2,2
823868,20260510,MIA,676534,Calvin Faucher,0,6,0,1,0,0,0,0
823868,20260510,MIA,677053,Andrew Nardi,0,2,2,0,0,0,0,0
823868,20260510,MIA,694795,Josh Ekness,0,1,0,0,0,0,0,0
823868,20260510,WAS,676917,Cade Cavalli,1,17,4,1,3,0,2,2
823868,20260510,WAS,676571,PJ Poulin,0,1,0,0,0,0,0,0
823868,20260510,WAS,687377,Orlando Ribalta,0,3,1,0,0,0,0,0
823868,20260510,WAS,681402,Gus Varland,0,1,1,2,0,0,3,3
823868,20260510,WAS,687606,Paxton Schultz,0,2,1,0,0,0,0,0
824845,20260510,BAL,669211,Keegan Akin,1,3,2,0,0,0,0,0
824845,20260510,BAL,605135,Chris Bassitt,0,18,6,1,1,0,1,1
824845,20260510,BAL,689296,Anthony Nunez,0,3,1,2,0,0,0,0
824845,20260510,BAL,670329,Rico Garcia,0,3,1,1,0,0,0,0
824845,20260510,ATH,622663,Luis Severino,1,16,4,4,0,0,2,2
824845,20260510,ATH,686993,Justin Sterner,0,2,2,1,0,0,0,0
824845,20260510,ATH,665622,Luis Medina,0,6,4,0,0,0,0,0
824765,20260510,BOS,801139,Payton Tolle,1,15,4,0,0,1,3,1
824765,20260510,BOS,677161,Zack Kelly,0,1,0,1,0,0,1,1
824765,20260510,BOS,701719,Tyler Samaniego,0,2,0,0,0,0,0,0
824765,20260510,BOS,686580,Justin Slaten,0,3,1,0,0,0,0,0
824765,20260510,BOS,669711,Greg Weissert,0,2,0,1,0,0,0,0
824765,20260510,BOS,663558,Jovani Morán,0,4,0,1,0,0,0,0
824765,20260510,TBA,607259,Nick Martinez,1,17,3,0,2,0,1,1
824765,20260510,TBA,687330,Kevin Kelly,0,4,1,0,0,0,0,0
824765,20260510,TBA,664076,Garrett Cleavinger,0,3,3,0,0,0,0,0
824765,20260510,TBA,641329,Bryan Baker,0,3,1,1,0,0,0,0
823463,20260510,PHI,650911,Cristopher Sánchez,1,21,7,0,0,0,0,0
823463,20260510,PHI,680742,Jonathan Bowlan,0,3,1,0,0,0,0,0
823463,20260510,PHI,661395,Jhoan Duran,0,3,2,0,0,0,0,0
823463,20260510,COL,608372,Tomoyuki Sugano,1,15,2,1,0,3,5,5
823463,20260510,COL,678020,Seth Halvorsen,0,3,0,1,0,0,1,1
823463,20260510,COL,688642,Zach Agnos,0,6,1,0,0,0,0,0
822819,20260510,TOR,693686,Spencer Miles,1,9,2,0,0,0,0,0
822819,20260510,TOR,667297,Tommy Nance,0,3,0,0,0,0,0,0
822819,20260510,TOR,641778,Eric Lauer,0,15,4,2,0,3,6,6
822819,20260510,ANA,667755,José Soriano,1,23,7,1,0,0,1,1
822819,20260510,ANA,696147,Sam Bachman,0,1,0,0,0,0,0,0
822819,20260510,ANA,666171,Ryan Zeferjahn,0,3,2,0,0,0,0,0
824520,20260510,CIN,671096,Andrew Abbott,1,18,5,1,0,0,0,0
824520,20260510,CIN,622088,Tejay Antone,0,3,2,0,0,0,0,0
824520,20260510,CIN,594580,Sam Moll,0,3,1,0,0,0,0,0
824520,20260510,CIN,668933,Graham Ashcraft,0,3,2,0,0,0,0,0
824520,20260510,HOU,678906,Kai-Wei Teng,1,9,1,1,1,0,3,3
824520,20260510,HOU,805123,AJ Blubaugh,0,3,0,1,0,0,0,0
824520,20260510,HOU,675989,Cody Bolton,0,6,4,3,0,1,2,2
824520,20260510,HOU,681151,Jayden Murray,0,3,0,0,0,0,0,0
824520,20260510,HOU,701121,Logan VanWey,0,3,1,0,0,0,0,0
824440,20260510,CLE,668909,Gavin Williams,1,18,6,1,0,0,5,5
824440,20260510,CLE,680916,Franco Aleman,0,6,1,0,0,0,0,0
824440,20260510,CLE,682120,Tim Herrin,0,3,1,1,0,0,0,0
824440,20260510,MIN,702193,Andrew Morris,1,3,0,0,0,0,0,0
824440,20260510,MIN,696070,Kendry Rojas,0,10,5,3,0,0,1,1
824440,20260510,MIN,701519,Travis Adams,0,4,2,2,0,0,2,2
824440,20260510,MIN,607455,Anthony Banda,0,4,2,0,0,0,0,0
824440,20260510,MIN,472610,Luis García,0,3,0,1,0,0,1,1
824440,20260510,MIN,672782,Yoendrys Gómez,0,3,0,0,0,0,0,0
824605,20260510,CHA,663436,Davis Martin,1,18,9,2,1,0,1,1
824605,20260510,CHA,656794,Sean Newcomb,0,3,1,0,0,0,0,0
824605,20260510,CHA,663542,Bryan Hudson,0,3,1,0,0,0,0,0
824605,20260510,CHA,622554,Seranthony Domínguez,0,3,1,1,0,0,0,0
824605,20260510,SEA,669302,Logan Gilbert,1,18,9,0,0,0,0,0
824605,20260510,SEA,678606,José A. Ferrer,0,3,0,0,1,0,0,0
824605,20260510,SEA,660825,Eduard Bazardo,0,3,1,1,0,1,2,2
823793,20260510,MIL,701656,Logan Henderson,1,15,5,1,0,1,2,2
823793,20260510,MIL,669084,DL Hall,0,3,0,2,0,0,1,1
823793,20260510,MIL,656730,Trevor Megill,0,3,1,1,0,0,0,0
823793,20260510,MIL,676879,Aaron Ashby,0,3,3,0,0,0,0,0
823793,20260510,MIL,682842,Abner Uribe,0,3,1,1,0,0,0,0
823793,20260510,NYA,607074,Carlos Rodón,1,13,4,5,1,0,3,3
823793,20260510,NYA,656234,Jake Bird,0,2,2,0,0,0,0,0
823793,20260510,NYA,621112,Paul Blackburn,0,2,1,1,0,0,0,0
823793,20260510,NYA,518585,Fernando Cruz,0,4,3,0,0,0,0,0
823793,20260510,NYA,657612,Tim Hill,0,3,0,0,0,0,0,0
823793,20260510,NYA,670280,David Bednar,0,2,2,0,0,1,1,1
822902,20260510,TEX,594798,Jacob deGrom,1,21,10,0,0,0,0,0
822902,20260510,TEX,656641,Jacob Latz,0,6,1,0,0,0,0,0
822902,20260510,CHN,592791,Jameson Taillon,1,16,4,2,1,0,1,1
822902,20260510,CHN,571948,Hoby Milner,0,2,0,0,0,0,0,0
822902,20260510,CHN,664208,Phil Maton,0,4,2,0,0,0,0,0
822902,20260510,CHN,694037,Daniel Palencia,0,2,1,0,0,1,2,2
823221,20260510,SFN,641816,Tyler Mahle,1,17,8,2,0,2,4,4
823221,20260510,SFN,676775,Keaton Winn,0,3,0,0,0,0,0,0
823221,20260510,SFN,656529,Sam Hentges,0,1,0,1,0,0,0,0
823221,20260510,SFN,668873,Caleb Kilian,0,3,0,2,0,0,0,0
823221,20260510,SFN,666711,Joel Peguero,0,4,0,1,1,0,2,1
823221,20260510,SFN,681916,Dylan Smith,0,2,0,1,0,0,0,0
823221,20260510,SFN,621366,Ryan Borucki,0,6,1,2,0,0,0,0
823221,20260510,PIT,696149,Bubba Chandler,1,15,3,1,0,1,2,2
823221,20260510,PIT,676755,Isaac Mattson,0,1,0,0,0,0,2,2
823221,20260510,PIT,682254,Mason Montgomery,0,5,1,0,0,0,0,0
823221,20260510,PIT,642701,Dennis Santana,0,2,0,0,0,0,0,0
823221,20260510,PIT,642397,Gregory Soto,0,4,1,0,0,0,0,0
823221,20260510,PIT,670990,Yohan Ramírez,0,6,2,3,2,0,2,1
823221,20260510,PIT,664875,Justin Lawrence,0,1,1,1,0,0,1,0
825085,20260510,ARI,593958,Eduardo Rodriguez,1,25,4,3,0,0,1,1
825085,20260510,ARI,666661,Juan Morillo,0,2,0,1,0,0,0,0
825085,20260510,NYN,623211,Huascar Brazobán,1,3,0,3,0,0,2,2
825085,20260510,NYN,668964,Tobias Myers,0,3,2,0,0,0,0,0
825085,20260510,NYN,656849,David Peterson,0,15,3,0,0,0,3,0
825085,20260510,NYN,640455,Sean Manaea,0,3,2,1,0,0,0,0
823305,20260510,SDN,621111,Walker Buehler,1,18,2,0,0,1,2,2
823305,20260510,SDN,676760,Ron Marinaccio,0,6,3,0,0,0,0,0
823305,20260510,SDN,699134,Bradgley Rodriguez,0,3,0,0,0,0,0,0
823305,20260510,SDN,669093,Jeremiah Estrada,0,2,2,1,0,0,0,0
823305,20260510,SDN,670970,Adrian Morejon,0,1,0,0,0,0,0,0
823305,20260510,SLN,681517,Kyle Leahy,1,15,5,4,0,0,0,0
823305,20260510,SLN,592773,Ryne Stanek,0,3,2,0,0,0,0,0
823305,20260510,SLN,668941,JoJo Romero,0,4,2,0,0,0,0,0
823305,20260510,SLN,666277,George Soriano,0,2,1,1,0,0,0,0
823305,20260510,SLN,676617,Riley O'Brien,0,3,3,0,0,1,2,2
823305,20260510,SLN,700669,Gordon Graceffo,0,1,0,2,0,0,1,0
823954,20260510,LAN,680736,Justin Wrobleski,1,26,7,1,1,2,7,7
823954,20260510,LAN,670090,Wyatt Mills,0,1,0,0,0,0,0,0
823954,20260510,ATL,693821,Bryce Elder,1,17,8,4,0,0,0,0
823954,20260510,ATL,663158,Robert Suarez,0,4,0,1,0,0,0,0
823954,20260510,ATL,641755,Tyler Kinley,0,3,1,1,0,1,2,2
823954,20260510,ATL,628452,Raisel Iglesias,0,3,1,0,0,0,0,0
824113,20260510,KCA,702070,Noah Cameron,1,12,4,3,0,0,3,3
824113,20260510,KCA,670167,John Schreiber,0,3,1,1,0,0,0,0
824113,20260510,KCA,683232,Nick Mears,0,2,1,0,0,1,2,2
824113,20260510,KCA,663738,Daniel Lynch IV,0,2,1,1,0,0,1,1
824113,20260510,KCA,656638,Alex Lange,0,5,0,1,0,0,0,0
824113,20260510,KCA,674444,Steven Cruz,0,3,2,1,0,0,0,0
824113,20260510,DET,669724,Brenan Hanifee,1,2,0,0,0,0,0,0
824113,20260510,DET,676428,Brant Hurter,0,4,1,1,0,0,0,0
824113,20260510,DET,623454,Drew Anderson,0,6,4,0,0,0,3,3
824113,20260510,DET,646241,Enmanuel De Jesus,0,7,1,0,0,0,0,0
824113,20260510,DET,640448,Kyle Finnegan,0,5,0,2,0,0,0,0
824113,20260510,DET,445276,Kenley Jansen,0,3,2,0,0,0,0,0
824441,20260511,CLE,676282,Joey Cantillo,1,18,4,1,0,0,0,0
824441,20260511,CLE,670036,Matt Festa,0,3,1,1,1,0,0,0
824441,20260511,CLE,670059,Colin Holderman,0,3,3,1,0,0,1,1
824441,20260511,CLE,688883,Peyton Pallette,0,3,1,0,0,0,1,1
824441,20260511,ANA,608718,Brent Suter,1,5,1,1,0,0,2,2
824441,20260511,ANA,820862,José Fermin,0,2,0,3,0,0,3,3
824441,20260511,ANA,489446,Kirby Yates,0,2,1,1,0,0,2,2
824441,20260511,ANA,666201,Alek Manoah,0,15,2,5,0,0,0,0
824844,20260511,BAL,687064,Brandon Young,1,16,5,3,0,1,2,2
824844,20260511,BAL,608650,Dietrich Enns,0,5,1,0,0,0,0,0
824844,20260511,BAL,670329,Rico Garcia,0,3,2,0,0,0,0,0
824844,20260511,BAL,689296,Anthony Nunez,0,3,1,0,0,0,0,0
824844,20260511,NYA,677960,Ryan Weathers,1,19,9,3,0,0,2,2
824844,20260511,NYA,687396,Brent Headrick,0,2,1,0,0,1,1,1
824844,20260511,NYA,666808,Camilo Doval,0,3,1,0,0,0,0,0
822818,20260511,TOR,592332,Kevin Gausman,1,14,5,0,0,1,7,6
822818,20260511,TOR,689254,Mason Fluharty,0,3,0,0,0,0,0,0
822818,20260511,TOR,680755,Braydon Fisher,0,3,0,0,1,0,1,1
822818,20260511,TOR,573009,Joe Mantiply,0,4,0,0,0,0,0,0
822818,20260511,TOR,684320,Yariel Rodríguez,0,3,2,1,0,0,0,0
822818,20260511,TBA,656876,Drew Rasmussen,1,18,6,1,0,1,3,3
822818,20260511,TBA,693855,Ian Seymour,0,1,1,1,0,1,2,2
822818,20260511,TBA,685801,Hunter Bigge,0,5,1,0,0,0,0,0
822818,20260511,TBA,641329,Bryan Baker,0,3,2,0,0,0,0,0
822901,20260511,TEX,596001,Jakob Junis,1,8,2,0,0,0,1,1
822901,20260511,TEX,656222,Jalen Beeks,0,3,1,1,0,0,0,0
822901,20260511,TEX,682608,Peyton Gray,0,8,2,0,0,0,0,0
822901,20260511,TEX,668390,Cole Winn,0,3,1,1,0,0,0,0
822901,20260511,TEX,641302,Tyler Alexander,0,5,2,0,0,0,0,0
822901,20260511,ARI,647336,Michael Soroka,1,19,5,1,0,0,0,0
822901,20260511,ARI,805299,Brandyn Garcia,0,2,1,0,0,0,0,0
822901,20260511,ARI,664199,Taylor Clarke,0,3,0,0,0,0,0,0
822901,20260511,ARI,623149,Paul Sewald,0,3,1,0,1,0,0,0
824199,20260511,HOU,663567,Peter Lambert,1,21,6,1,0,1,3,3
824199,20260511,HOU,595345,Steven Okert,0,3,1,0,0,0,0,0
824199,20260511,HOU,687911,Bryan King,0,3,0,0,0,0,0,0
824199,20260511,SEA,669923,George Kirby,1,15,7,2,0,0,1,1
824199,20260511,SEA,689546,Nick Davila,0,3,1,0,0,0,0,0
824199,20260511,SEA,681867,Cooper Criswell,0,3,1,0,0,0,0,0
824199,20260511,SEA,660825,Eduard Bazardo,0,3,3,1,0,0,0,0
824199,20260511,SEA,662253,Andrés Muñoz,0,3,1,0,0,0,0,0
823953,20260511,LAN,808963,Roki Sasaki,1,15,5,1,1,1,3,3
823953,20260511,LAN,595014,Blake Treinen,0,3,0,0,0,0,0,0
823953,20260511,LAN,681911,Alex Vesia,0,1,1,1,0,0,3,3
823953,20260511,LAN,694361,Will Klein,0,2,1,0,0,0,0,0
823953,20260511,LAN,676263,Jack Dreyer,0,3,0,0,0,0,0,0
823953,20260511,LAN,670090,Wyatt Mills,0,3,0,4,1,0,3,3
823953,20260511,SFN,686790,Trevor McDonald,1,16,4,2,0,1,3,3
823953,20260511,SFN,657424,Matt Gage,0,5,1,0,0,0,0,0
823953,20260511,SFN,676775,Keaton Winn,0,3,1,0,0,0,0,0
823953,20260511,SFN,664141,JT Brubaker,0,3,1,0,0,0,0,0
824442,20260512,CLE,677944,Slade Cecconi,1,12,7,1,0,0,0,0
824442,20260512,CLE,683769,Hunter Gaddis,0,4,0,0,0,0,0,0
824442,20260512,CLE,682120,Tim Herrin,0,2,1,0,0,0,1,1
824442,20260512,CLE,681870,Erik Sabrowski,0,3,3,2,0,0,0,0
824442,20260512,CLE,680916,Franco Aleman,0,2,0,1,0,1,1,1
824442,20260512,CLE,671922,Cade Smith,0,4,2,0,0,0,0,0
824442,20260512,ANA,700712,Walbert Ureña,1,15,4,1,0,1,2,2
824442,20260512,ANA,681217,Chase Silseth,0,3,0,2,0,0,0,0
824442,20260512,ANA,519141,Drew Pomeranz,0,3,0,1,0,0,1,0
824442,20260512,ANA,820862,José Fermin,0,3,0,0,0,0,0,0
824843,20260512,BAL,669432,Trevor Rogers,1,12,3,3,0,2,6,6
824843,20260512,BAL,677020,Josh Walker,0,6,3,1,0,0,0,0
824843,20260512,BAL,666974,Yennier Cano,0,3,0,0,0,0,0,0
824843,20260512,BAL,552640,Andrew Kittredge,0,3,0,0,0,0,0,0
824843,20260512,BAL,669330,Tyler Wells,0,3,1,2,0,0,0,0
824843,20260512,NYA,701542,Will Warren,1,17,6,1,0,0,2,2
824843,20260512,NYA,518585,Fernando Cruz,0,4,1,0,0,0,0,0
824843,20260512,NYA,656234,Jake Bird,0,1,0,0,0,0,0,0
824843,20260512,NYA,657612,Tim Hill,0,2,0,0,0,0,0,0
824843,20260512,NYA,670280,David Bednar,0,3,1,0,0,0,0,0
824521,20260512,CIN,663903,Brady Singer,1,11,2,1,0,3,3,3
824521,20260512,CIN,594580,Sam Moll,0,1,0,1,0,1,3,3
824521,20260512,CIN,682825,Luis Mey,0,6,5,1,0,1,1,1
824521,20260512,CIN,683175,Connor Phillips,0,5,2,1,0,0,1,1
824521,20260512,CIN,663574,Tony Santillan,0,1,1,0,0,1,1,1
824521,20260512,CIN,572955,Pierce Johnson,0,3,0,1,0,0,1,1
824521,20260512,WAS,571945,Miles Mikolas,1,10,2,2,0,0,2,1
824521,20260512,WAS,695418,Brad Lord,0,8,3,0,0,0,0,0
824521,20260512,WAS,687606,Paxton Schultz,0,6,3,1,0,0,0,0
824521,20260512,WAS,687849,Zak Kent,0,3,2,0,0,0,2,2
823385,20260512,PIT,694973,Paul Skenes,1,24,10,0,1,0,0,0
823385,20260512,PIT,642397,Gregory Soto,0,3,0,0,0,0,1,1
823385,20260512,COL,547179,Michael Lorenzen,1,15,5,2,0,0,2,2
823385,20260512,COL,678020,Seth Halvorsen,0,3,1,0,0,0,0,0
823385,20260512,COL,680767,Victor Vodnik,0,2,0,1,0,0,1,1
823385,20260512,COL,677955,Jaden Hill,0,1,0,0,0,0,0,0
823385,20260512,COL,623474,Jimmy Herget,0,3,1,1,0,0,0,0
824764,20260512,BOS,663558,Jovani Morán,1,3,2,0,0,1,1,1
824764,20260512,BOS,678394,Brayan Bello,0,19,5,1,0,0,1,1
824764,20260512,BOS,701719,Tyler Samaniego,0,2,1,1,0,0,0,0
824764,20260512,BOS,677161,Zack Kelly,0,3,1,0,0,0,0,0
824764,20260512,PHI,554430,Zack Wheeler,1,22,4,0,1,0,1,1
824764,20260512,PHI,621237,José Alvarado,0,2,1,0,0,0,0,0
824764,20260512,PHI,661395,Jhoan Duran,0,3,2,1,0,0,0,0
822817,20260512,TOR,571578,Patrick Corbin,1,13,1,1,0,0,3,3
822817,20260512,TOR,667297,Tommy Nance,0,5,3,2,0,0,1,1
822817,20260512,TOR,656546,Jeff Hoffman,0,3,2,0,0,1,1,1
822817,20260512,TOR,643511,Tyler Rogers,0,3,1,1,0,0,0,0
822817,20260512,TOR,686973,Louis Varland,0,3,1,1,0,0,0,0
822817,20260512,TOR,680755,Braydon Fisher,0,3,0,1,0,0,2,1
822817,20260512,TBA,663556,Shane McClanahan,1,15,7,1,0,0,0,0
822817,20260512,TBA,668984,Casey Legumina,0,5,2,0,0,0,2,2
822817,20260512,TBA,642121,Cole Sulser,0,0,0,1,0,0,3,3
822817,20260512,TBA,687330,Kevin Kelly,0,3,1,0,0,0,0,0
822817,20260512,TBA,693855,Ian Seymour,0,4,2,0,0,0,0,0
822817,20260512,TBA,664076,Garrett Cleavinger,0,3,0,1,0,0,1,0
823632,20260512,NYN,642547,Freddy Peralta,1,18,7,1,0,1,2,2
823632,20260512,NYN,548384,Brooks Raley,0,3,1,0,0,0,0,0
823632,20260512,NYN,681810,Austin Warren,0,6,3,2,0,0,0,0
823632,20260512,DET,656427,Jack Flaherty,1,11,2,3,0,0,3,3
823632,20260512,DET,663947,Tyler Holton,0,4,3,0,0,0,0,0
823632,20260512,DET,572143,Burch Smith,0,1,1,2,0,0,3,1
823632,20260512,DET,646241,Enmanuel De Jesus,0,4,1,0,0,0,2,2
823632,20260512,DET,676568,Ricky Vanasco,0,3,1,1,0,0,2,1
823632,20260512,DET,668670,Jake Rogers,0,1,0,0,0,0,0,0
824927,20260512,ATL,656550,Grant Holmes,1,12,5,4,0,1,2,2
824927,20260512,ATL,800311,Didier Fuentes,0,9,3,1,0,0,0,0
824927,20260512,ATL,669276,Dylan Lee,0,3,0,0,0,0,0,0
824927,20260512,ATL,628452,Raisel Iglesias,0,3,1,0,0,0,0,0
824927,20260512,CHN,607067,Colin Rea,1,13,1,1,0,2,5,5
824927,20260512,CHN,669020,Ryan Rolison,0,5,2,1,0,0,0,0
824927,20260512,CHN,657097,Jacob Webb,0,3,1,0,0,0,0,0
824927,20260512,CHN,663423,Trent Thornton,0,3,1,0,0,0,0,0
824604,20260512,CHA,607200,Erick Fedde,1,15,2,1,0,2,2,2
824604,20260512,CHA,805326,Tyler Schweitzer,0,1,0,1,0,0,3,3
824604,20260512,CHA,691799,Grant Taylor,0,5,3,0,0,0,0,0
824604,20260512,CHA,622554,Seranthony Domínguez,0,3,0,0,0,0,0,0
824604,20260512,CHA,663542,Bryan Hudson,0,3,0,0,0,0,0,0
824604,20260512,KCA,663568,Stephen Kolek,1,14,6,3,0,2,5,5
824604,20260512,KCA,679883,Luinder Avila,0,4,2,1,0,0,0,0
824604,20260512,KCA,663738,Daniel Lynch IV,0,3,2,0,0,0,0,0
824604,20260512,KCA,621381,Matt Strahm,0,3,1,0,0,1,1,1
823712,20260512,MIN,641927,Bailey Ober,1,27,7,0,0,0,0,0
823712,20260512,MIA,691587,Eury Pérez,1,18,8,3,1,1,3,3
823712,20260512,MIA,694795,Josh Ekness,0,3,1,3,0,0,0,0
823712,20260512,MIA,669199,Lake Bachar,0,3,1,0,0,0,0,0
823790,20260512,MIL,687075,Brandon Sproat,1,16,6,2,0,1,3,3
823790,20260512,MIL,675660,Shane Drohan,0,2,2,0,0,0,0,0
823790,20260512,MIL,694477,Chad Patrick,0,3,1,0,0,0,0,0
823790,20260512,MIL,656730,Trevor Megill,0,3,3,0,0,0,1,1
823790,20260512,MIL,682842,Abner Uribe,0,3,1,1,0,0,0,0
823790,20260512,SDN,699134,Bradgley Rodriguez,1,3,1,0,0,0,0,0
823790,20260512,SDN,663362,Matt Waldron,0,8,3,2,0,1,6,6
823790,20260512,SDN,593974,Wandy Peralta,0,7,2,0,0,0,0,0
823790,20260512,SDN,673513,Yuki Matsui,0,6,3,0,0,0,0,0
822903,20260512,TEX,669022,MacKenzie Gore,1,24,5,1,0,1,1,1
822903,20260512,TEX,686560,Gavin Collyer,0,0,0,3,0,0,3,3
822903,20260512,TEX,656641,Jacob Latz,0,3,0,0,0,0,0,0
822903,20260512,ARI,668678,Zac Gallen,1,14,4,2,1,2,7,4
822903,20260512,ARI,657044,Ryan Thompson,0,1,1,0,0,0,0,0
822903,20260512,ARI,694297,Brandon Pfaadt,0,9,5,0,0,0,0,0
824197,20260512,HOU,837227,Tatsuya Imai,1,12,3,3,2,2,6,6
824197,20260512,HOU,681151,Jayden Murray,0,9,0,0,0,0,2,2
824197,20260512,HOU,805123,AJ Blubaugh,0,6,1,3,0,0,2,2
824197,20260512,SEA,693433,Bryan Woo,1,18,9,2,0,0,2,2
824197,20260512,SEA,695380,Alex Hoppe,0,6,2,0,0,0,0,0
824197,20260512,SEA,682445,Domingo Gonzalez,0,3,1,1,0,0,0,0
825011,20260512,ATH,605488,Jeffrey Springs,1,15,5,3,0,0,4,4
825011,20260512,ATH,669270,Joel Kuhnel,0,2,1,0,0,1,2,2
825011,20260512,ATH,621139,Brooks Kriske,0,5,1,1,0,0,0,0
825011,20260512,ATH,605130,Scott Barlow,0,2,1,0,0,0,0,0
825011,20260512,ATH,643410,Mark Leiter Jr.,0,3,1,0,0,0,0,0
825011,20260512,SLN,669467,Andre Pallante,1,15,4,3,0,0,3,3
825011,20260512,SLN,592773,Ryne Stanek,0,3,1,1,0,0,0,0
825011,20260512,SLN,668941,JoJo Romero,0,3,2,0,0,0,0,0
825011,20260512,SLN,666277,George Soriano,0,3,0,0,0,1,1,1
825011,20260512,SLN,676617,Riley O'Brien,0,3,0,1,0,0,0,0
823951,20260512,LAN,808967,Yoshinobu Yamamoto,1,19,8,0,0,3,5,5
823951,20260512,LAN,595014,Blake Treinen,0,2,0,1,0,0,1,1
823951,20260512,LAN,683618,Edgardo Henriquez,0,3,1,0,0,0,0,0
823951,20260512,LAN,676263,Jack Dreyer,0,3,2,0,0,0,0,0
823951,20260512,SFN,605288,Adrian Houser,1,17,4,3,1,1,2,2
823951,20260512,SFN,657424,Matt Gage,0,1,1,0,0,0,0,0
823951,20260512,SFN,666711,Joel Peguero,0,2,0,0,1,0,0,0
823951,20260512,SFN,656529,Sam Hentges,0,3,2,2,0,0,0,0
823951,20260512,SFN,668873,Caleb Kilian,0,4,1,0,0,0,0,0
824841,20260513,BAL,680694,Kyle Bradish,1,18,7,3,0,0,0,0
824841,20260513,BAL,669211,Keegan Akin,0,3,0,0,0,0,0,0
824841,20260513,BAL,608650,Dietrich Enns,0,3,0,1,0,0,0,0
824841,20260513,BAL,666974,Yennier Cano,0,3,0,1,0,0,0,0
824841,20260513,NYA,608331,Max Fried,1,9,2,1,0,0,3,3
824841,20260513,NYA,621112,Paul Blackburn,0,6,1,2,0,1,3,3
824841,20260513,NYA,642232,Ryan Yarbrough,0,9,4,0,0,0,1,1
824438,20260513,CLE,800048,Parker Messick,1,20,7,3,0,1,2,2
824438,20260513,CLE,670036,Matt Festa,0,1,0,0,0,0,0,0
824438,20260513,CLE,681870,Erik Sabrowski,0,3,3,1,0,0,0,0
824438,20260513,CLE,671922,Cade Smith,0,3,3,0,0,0,0,0
824438,20260513,ANA,672282,Reid Detmers,1,17,6,2,1,1,4,2
824438,20260513,ANA,696147,Sam Bachman,0,4,1,0,0,0,0,0
824438,20260513,ANA,666171,Ryan Zeferjahn,0,3,2,0,0,0,0,0
824519,20260513,CIN,666157,Nick Lodolo,1,12,6,3,1,1,5,5
824519,20260513,CIN,622088,Tejay Antone,0,6,2,0,0,0,1,1
824519,20260513,CIN,656271,Brock Burke,0,6,1,0,0,0,0,0
824519,20260513,CIN,668933,Graham Ashcraft,0,3,1,1,0,0,0,0
824519,20260513,CIN,663574,Tony Santillan,0,3,0,0,0,1,2,1
824519,20260513,WAS,663623,Jake Irvin,1,9,4,4,1,1,6,5
824519,20260513,WAS,680730,Mitchell Parker,0,9,2,1,0,0,0,0
824519,20260513,WAS,663992,Richard Lovelady,0,3,0,1,0,0,0,0
824519,20260513,WAS,687377,Orlando Ribalta,0,3,1,0,0,0,0,0
824519,20260513,WAS,681402,Gus Varland,0,3,0,0,0,0,0,0
824519,20260513,WAS,676571,PJ Poulin,0,3,1,1,0,0,1,0
823386,20260513,PIT,656605,Mitch Keller,1,17,3,1,0,1,6,6
823386,20260513,PIT,681895,Evan Sisk,0,4,2,0,0,0,0,0
823386,20260513,PIT,684049,Brandan Bidois,0,3,0,0,0,1,1,1
823386,20260513,PIT,664875,Justin Lawrence,0,3,0,1,0,0,3,0
823386,20260513,COL,500779,Jose Quintana,1,12,2,3,0,0,3,2
823386,20260513,COL,622608,Antonio Senzatela,0,9,2,0,0,1,1,1
823386,20260513,COL,677955,Jaden Hill,0,3,1,0,0,0,0,0
823386,20260513,COL,657514,Brennan Bernardino,0,3,0,0,0,0,0,0
824763,20260513,BOS,543243,Sonny Gray,1,18,6,1,0,1,1,1
824763,20260513,BOS,686580,Justin Slaten,0,3,0,0,0,0,0,0
824763,20260513,BOS,676477,Garrett Whitlock,0,3,1,0,0,0,0,0
824763,20260513,BOS,547973,Aroldis Chapman,0,3,3,2,0,0,0,0
824763,20260513,PHI,691725,Andrew Painter,1,15,4,0,1,1,1,1
824763,20260513,PHI,621383,Tanner Banks,0,2,1,0,0,0,1,1
824763,20260513,PHI,689147,Orion Kerkering,0,1,0,0,0,1,1,1
824763,20260513,PHI,641745,Brad Keller,0,3,3,0,0,0,0,0
824763,20260513,PHI,641835,Tim Mayza,0,3,0,0,0,0,0,0
822815,20260513,TOR,656302,Dylan Cease,1,21,9,3,1,0,1,1
822815,20260513,TOR,686973,Louis Varland,0,3,2,1,0,0,0,0
822815,20260513,TOR,643511,Tyler Rogers,0,2,1,1,0,0,0,0
822815,20260513,TOR,689254,Mason Fluharty,0,1,0,0,0,0,0,0
822815,20260513,TOR,656546,Jeff Hoffman,0,3,0,0,0,0,2,1
822815,20260513,TBA,643377,Griffin Jax,1,15,1,4,0,0,0,0
822815,20260513,TBA,685801,Hunter Bigge,0,3,0,0,0,0,0,0
822815,20260513,TBA,664076,Garrett Cleavinger,0,1,1,0,1,0,0,0
822815,20260513,TBA,687330,Kevin Kelly,0,2,0,0,0,0,0,0
822815,20260513,TBA,641329,Bryan Baker,0,2,1,4,0,0,1,1
822815,20260513,TBA,642121,Cole Sulser,0,4,0,0,0,0,0,0
822815,20260513,TBA,605156,Aaron Brooks,0,1,0,2,0,1,4,3
823631,20260513,NYN,681035,Christian Scott,1,14,5,2,1,0,2,2
823631,20260513,NYN,623211,Huascar Brazobán,0,7,2,0,0,0,0,0
823631,20260513,NYN,596133,Luke Weaver,0,3,1,1,0,0,0,0
823631,20260513,NYN,642207,Devin Williams,0,3,1,1,0,0,0,0
823631,20260513,NYN,548384,Brooks Raley,0,3,1,1,0,0,0,0
823631,20260513,DET,664285,Framber Valdez,1,20,7,2,1,0,2,2
823631,20260513,DET,640448,Kyle Finnegan,0,4,1,0,0,0,0,0
823631,20260513,DET,445276,Kenley Jansen,0,3,3,0,0,0,0,0
823631,20260513,DET,623454,Drew Anderson,0,1,1,0,0,0,1,0
824928,20260513,ATL,702275,JR Ritchie,1,13,4,3,0,0,1,1
824928,20260513,ATL,641755,Tyler Kinley,0,2,0,0,0,0,0,0
824928,20260513,ATL,527048,Martín Pérez,0,3,2,0,0,0,0,0
824928,20260513,ATL,669276,Dylan Lee,0,3,2,0,0,0,0,0
824928,20260513,ATL,663158,Robert Suarez,0,3,2,1,0,0,0,0
824928,20260513,ATL,628452,Raisel Iglesias,0,3,0,1,0,0,0,0
824928,20260513,CHN,684007,Shota Imanaga,1,21,6,0,0,1,2,2
824928,20260513,CHN,664208,Phil Maton,0,3,1,0,0,1,2,2
824603,20260513,CHA,702273,Noah Schultz,1,13,3,5,0,0,3,3
824603,20260513,CHA,699823,Tyler Davis,0,5,2,1,0,0,0,0
824603,20260513,CHA,663855,Jordan Hicks,0,3,3,0,1,0,0,0
824603,20260513,CHA,656794,Sean Newcomb,0,3,1,0,1,0,0,0
824603,20260513,CHA,622554,Seranthony Domínguez,0,3,1,0,0,1,2,2
824603,20260513,KCA,607625,Seth Lugo,1,15,4,2,0,0,5,5
824603,20260513,KCA,674444,Steven Cruz,0,3,2,1,0,0,0,0
824603,20260513,KCA,670167,John Schreiber,0,3,1,1,0,1,1,1
824603,20260513,KCA,656638,Alex Lange,0,3,1,0,1,0,0,0
823710,20260513,MIN,680573,Simeon Woods Richardson,1,9,1,4,0,1,8,6
823710,20260513,MIN,701519,Travis Adams,0,7,3,0,0,0,1,1
823710,20260513,MIN,623437,Justin Topa,0,5,2,1,0,0,0,0
823710,20260513,MIN,472610,Luis García,0,6,1,0,0,0,0,0
823710,20260513,MIA,676974,Max Meyer,1,17,9,2,0,2,4,4
823710,20260513,MIA,663969,Tyler Phillips,0,4,1,0,0,0,0,0
823710,20260513,MIA,667463,John King,0,3,1,0,0,1,1,1
823710,20260513,MIA,694795,Josh Ekness,0,3,2,1,0,0,0,0
823791,20260513,MIL,694819,Jacob Misiorowski,1,21,10,0,0,0,0,0
823791,20260513,MIL,676879,Aaron Ashby,0,3,2,0,0,0,0,0
823791,20260513,MIL,682842,Abner Uribe,0,3,1,1,0,1,3,3
823791,20260513,SDN,650633,Michael King,1,17,5,2,0,0,1,1
823791,20260513,SDN,669093,Jeremiah Estrada,0,4,0,0,0,0,0,0
823791,20260513,SDN,592094,Jason Adam,0,3,0,0,0,0,0,0
823791,20260513,SDN,695243,Mason Miller,0,3,2,0,0,0,0,0
822900,20260513,TEX,677958,Kumar Rocker,1,15,3,4,0,0,0,0
822900,20260513,TEX,668390,Cole Winn,0,3,1,0,0,0,1,1
822900,20260513,TEX,656222,Jalen Beeks,0,1,0,2,0,0,1,1
822900,20260513,TEX,682608,Peyton Gray,0,2,0,0,0,0,0,0
822900,20260513,TEX,641302,Tyler Alexander,0,3,1,1,0,0,0,0
822900,20260513,TEX,656641,Jacob Latz,0,0,0,1,0,0,3,3
822900,20260513,TEX,615698,Cal Quantrill,0,3,1,0,0,0,0,0
822900,20260513,ARI,669194,Ryne Nelson,1,21,8,0,1,1,3,3
822900,20260513,ARI,656464,Kevin Ginkel,0,3,1,0,0,0,0,0
822900,20260513,ARI,623149,Paul Sewald,0,2,1,1,0,0,3,3
822900,20260513,ARI,666661,Juan Morillo,0,0,0,0,0,0,0,0
824195,20260513,HOU,621121,Lance McCullers Jr.,1,16,6,2,0,2,2,2
824195,20260513,HOU,595345,Steven Okert,0,4,2,0,0,0,0,0
824195,20260513,HOU,660853,Enyel De Los Santos,0,4,2,0,0,0,0,0
824195,20260513,HOU,687911,Bryan King,0,3,0,3,0,0,1,1
824195,20260513,HOU,650556,Bryan Abreu,0,3,1,1,0,0,0,0
824195,20260513,SEA,682243,Bryce Miller,1,16,3,1,0,1,2,2
824195,20260513,SEA,681867,Cooper Criswell,0,2,0,1,0,0,0,0
824195,20260513,SEA,689546,Nick Davila,0,3,0,0,0,0,0,0
824195,20260513,SEA,660825,Eduard Bazardo,0,2,0,0,1,0,1,0
824195,20260513,SEA,681006,Josh Simpson,0,1,0,1,0,0,0,0
824195,20260513,SEA,662253,Andrés Muñoz,0,3,3,0,0,0,0,0
824195,20260513,SEA,695380,Alex Hoppe,0,0,0,0,0,0,1,0
825010,20260513,ATH,669372,J.T. Ginn,1,18,3,1,0,0,1,0
825010,20260513,ATH,686993,Justin Sterner,0,2,1,0,0,0,1,1
825010,20260513,ATH,663687,Hogan Harris,0,1,1,0,0,0,0,0
825010,20260513,ATH,665622,Luis Medina,0,3,0,0,0,0,0,0
825010,20260513,ATH,678022,Jack Perkins,0,3,1,0,1,0,0,0
825010,20260513,SLN,669461,Matthew Liberatore,1,15,5,2,0,1,4,4
825010,20260513,SLN,694335,Matt Svanson,0,3,1,0,0,0,0,0
825010,20260513,SLN,677865,Justin Bruihl,0,1,0,0,0,0,1,1
825010,20260513,SLN,700669,Gordon Graceffo,0,5,0,0,0,1,1,1
823952,20260513,LAN,660271,Shohei Ohtani,1,21,8,2,0,0,0,0
823952,20260513,LAN,656945,Tanner Scott,0,3,0,0,0,0,0,0
823952,20260513,LAN,669165,Kyle Hurt,0,3,2,0,0,0,0,0
823952,20260513,SFN,592662,Robbie Ray,1,14,2,2,0,2,4,3
823952,20260513,SFN,666711,Joel Peguero,0,4,0,1,0,0,0,0
823952,20260513,SFN,663941,Tristan Beck,0,6,0,0,0,0,0,0
823383,20260514,PIT,682254,Mason Montgomery,1,3,3,0,0,0,0,0
823383,20260514,PIT,681895,Evan Sisk,0,3,1,0,0,0,0,0
823383,20260514,PIT,669387,Carmen Mlodzinski,0,15,2,3,0,0,2,2
823383,20260514,PIT,642701,Dennis Santana,0,3,0,0,0,0,0,0
823383,20260514,PIT,670990,Yohan Ramírez,0,3,1,1,0,0,0,0
823383,20260514,COL,801403,Chase Dollander,1,3,0,1,0,1,3,3
823383,20260514,COL,657514,Brennan Bernardino,0,4,0,0,0,0,2,2
823383,20260514,COL,680767,Victor Vodnik,0,2,1,1,0,0,1,1
823383,20260514,COL,685299,Tanner Gordon,0,12,5,1,0,0,1,1
823383,20260514,COL,675848,Juan Mejia,0,3,1,0,0,0,0,0
824517,20260514,CIN,695505,Chase Burns,1,18,7,2,0,0,0,0
824517,20260514,CIN,594580,Sam Moll,0,3,1,0,0,0,0,0
824517,20260514,CIN,682825,Luis Mey,0,3,2,1,0,0,1,1
824517,20260514,CIN,683175,Connor Phillips,0,3,0,0,0,0,0,0
824517,20260514,WAS,656492,Foster Griffin,1,13,7,3,1,2,9,9
824517,20260514,WAS,687849,Zak Kent,0,8,2,0,0,1,2,2
824517,20260514,WAS,686894,Joey Wiemer,0,3,0,1,0,1,4,4
823630,20260514,NYN,690997,Nolan McLean,1,21,7,3,1,1,3,3
823630,20260514,NYN,668964,Tobias Myers,0,3,1,0,0,1,1,1
823630,20260514,NYN,518886,Craig Kimbrel,0,3,1,0,0,0,0,0
823630,20260514,DET,672456,Keider Montero,1,14,2,2,0,2,4,4
823630,20260514,DET,663947,Tyler Holton,0,1,0,0,0,1,2,2
823630,20260514,DET,646241,Enmanuel De Jesus,0,2,0,1,0,0,1,1
823630,20260514,DET,669724,Brenan Hanifee,0,3,0,0,0,1,1,1
823630,20260514,DET,676568,Ricky Vanasco,0,4,0,1,0,1,1,1
823709,20260514,MIN,805673,Zebby Matthews,1,21,5,1,0,0,0,0
823709,20260514,MIN,696070,Kendry Rojas,0,6,3,2,0,0,1,1
823709,20260514,MIA,666129,Braxton Garrett,1,4,3,5,0,0,5,5
823709,20260514,MIA,676534,Calvin Faucher,0,5,1,0,0,0,1,0
823709,20260514,MIA,669622,Anthony Bender,0,6,1,0,0,0,0,0
823709,20260514,MIA,669199,Lake Bachar,0,6,2,0,0,0,0,0
823709,20260514,MIA,667463,John King,0,3,0,1,0,0,3,3
823789,20260514,MIL,690986,Kyle Harrison,1,15,7,0,0,0,0,0
823789,20260514,MIL,669084,DL Hall,0,3,1,1,0,0,0,0
823789,20260514,MIL,681982,Grant Anderson,0,3,0,1,0,0,0,0
823789,20260514,MIL,702153,Brian Fitzpatrick,0,6,2,1,0,0,1,0
823789,20260514,SDN,656288,Griffin Canning,1,5,2,4,0,0,6,6
823789,20260514,SDN,676760,Ron Marinaccio,0,7,2,2,0,0,1,1
823789,20260514,SDN,673513,Yuki Matsui,0,6,3,1,0,0,0,0
823789,20260514,SDN,663362,Matt Waldron,0,6,4,0,0,0,0,0
824196,20260514,HOU,681347,Mike Burrows,1,17,4,3,0,2,7,7
824196,20260514,HOU,675989,Cody Bolton,0,10,2,2,0,0,1,1
824196,20260514,SEA,622491,Luis Castillo,1,17,6,3,0,1,3,3
824196,20260514,SEA,689546,Nick Davila,0,4,0,1,0,0,0,0
824196,20260514,SEA,682445,Domingo Gonzalez,0,6,2,1,0,0,0,0
825008,20260514,ATH,682052,Jacob Lopez,1,15,2,3,0,2,3,2
825008,20260514,ATH,686993,Justin Sterner,0,3,0,0,0,0,0,0
825008,20260514,ATH,643410,Mark Leiter Jr.,0,3,2,0,0,0,0,0
825008,20260514,ATH,605130,Scott Barlow,0,3,0,0,0,0,0,0
825008,20260514,ATH,678022,Jack Perkins,0,2,0,0,1,0,2,2
825008,20260514,ATH,669270,Joel Kuhnel,0,1,0,0,1,0,0,0
825008,20260514,SLN,700241,Michael McGreevy,1,18,3,1,0,1,1,1
825008,20260514,SLN,592773,Ryne Stanek,0,1,1,1,0,1,2,2
825008,20260514,SLN,668941,JoJo Romero,0,2,0,1,0,0,1,1
825008,20260514,SLN,694335,Matt Svanson,0,3,2,0,0,0,0,0
825008,20260514,SLN,676617,Riley O'Brien,0,3,2,0,1,0,0,0
824762,20260514,BOS,624133,Ranger Suarez,1,16,8,1,0,0,0,0
824762,20260514,BOS,686580,Justin Slaten,0,2,1,0,0,0,0,0
824762,20260514,BOS,676477,Garrett Whitlock,0,3,2,0,0,0,0,0
824762,20260514,BOS,701719,Tyler Samaniego,0,1,0,0,0,1,2,2
824762,20260514,BOS,677161,Zack Kelly,0,2,1,0,1,0,1,0
824762,20260514,BOS,670245,Ryan Watson,0,3,2,0,0,0,0,0
824762,20260514,PHI,666200,Jesús Luzardo,1,18,4,1,1,0,0,0
824762,20260514,PHI,641745,Brad Keller,0,3,2,0,0,0,0,0
824762,20260514,PHI,621237,José Alvarado,0,3,1,0,1,0,1,1
824762,20260514,PHI,661395,Jhoan Duran,0,3,3,1,0,0,0,0
824926,20260514,ATL,519242,Chris Sale,1,18,8,2,0,0,1,0
824926,20260514,ATL,625643,Reynaldo López,0,5,1,1,0,1,1,1
824926,20260514,ATL,607481,Aaron Bummer,0,4,1,0,0,0,0,0
824926,20260514,CHN,676962,Ben Brown,1,12,7,1,1,0,0,0
824926,20260514,CHN,571948,Hoby Milner,0,6,1,0,0,0,0,0
824926,20260514,CHN,664208,Phil Maton,0,3,2,0,0,0,0,0
824926,20260514,CHN,657097,Jacob Webb,0,3,1,0,0,0,0,0
824926,20260514,CHN,694037,Daniel Palencia,0,3,2,0,0,0,0,0
824602,20260514,CHA,641743,Anthony Kay,1,18,4,2,2,0,2,2
824602,20260514,CHA,699823,Tyler Davis,0,3,0,0,0,0,0,0
824602,20260514,CHA,656794,Sean Newcomb,0,6,1,0,0,0,0,0
824602,20260514,KCA,663460,Kris Bubic,1,12,4,3,0,1,5,5
824602,20260514,KCA,679883,Luinder Avila,0,6,2,2,0,0,0,0
824602,20260514,KCA,656638,Alex Lange,0,3,0,0,0,0,0,0
824602,20260514,KCA,668674,Lucas Erceg,0,3,1,0,0,0,1,1
823950,20260514,LAN,686218,Emmet Sheehan,1,18,6,2,1,1,2,2
823950,20260514,LAN,683618,Edgardo Henriquez,0,3,1,0,0,0,0,0
823950,20260514,LAN,681911,Alex Vesia,0,3,1,1,0,0,0,0
823950,20260514,LAN,656945,Tanner Scott,0,3,2,0,0,0,0,0
823950,20260514,SFN,694738,Landen Roupp,1,16,7,2,0,1,4,4
823950,20260514,SFN,657424,Matt Gage,0,1,1,1,0,0,1,1
823950,20260514,SFN,621366,Ryan Borucki,0,4,0,0,0,0,0,0
823950,20260514,SFN,664141,JT Brubaker,0,3,1,1,0,0,0,0
823384,20260515,PIT,677952,Braxton Ashcraft,1,20,5,0,2,1,4,4
823384,20260515,PIT,682254,Mason Montgomery,0,4,0,0,0,1,1,1
823384,20260515,PIT,642397,Gregory Soto,0,3,0,2,0,0,3,2
823384,20260515,PIT,642701,Dennis Santana,0,0,0,0,0,0,3,2
823384,20260515,PIT,684049,Brandan Bidois,0,3,2,0,0,0,0,0
823384,20260515,PHI,605400,Aaron Nola,1,11,2,3,0,2,6,6
823384,20260515,PHI,641835,Tim Mayza,0,4,2,0,0,1,1,1
823384,20260515,PHI,680742,Jonathan Bowlan,0,3,2,0,0,0,1,0
823384,20260515,PHI,663767,Chase Shugart,0,6,1,0,0,0,0,0
823384,20260515,PHI,621237,José Alvarado,0,3,3,0,0,0,0,0
823384,20260515,PHI,689147,Orion Kerkering,0,3,1,1,0,0,1,0
822739,20260515,WAS,641793,Zack Littell,1,15,3,2,1,0,0,0
822739,20260515,WAS,674841,Andrew Alvarez,0,9,5,1,0,0,2,2
822739,20260515,WAS,681402,Gus Varland,0,2,1,1,0,0,0,0
822739,20260515,WAS,663992,Richard Lovelady,0,1,1,1,0,0,0,0
822739,20260515,BAL,669358,Shane Baz,1,21,4,3,0,1,3,3
822739,20260515,BAL,677020,Josh Walker,0,3,1,0,0,0,0,0
824280,20260515,DET,669724,Brenan Hanifee,1,3,1,0,0,0,1,1
824280,20260515,DET,676428,Brant Hurter,0,2,1,2,0,0,1,1
824280,20260515,DET,680744,Ty Madden,0,1,0,0,0,0,0,0
824280,20260515,DET,572143,Burch Smith,0,6,1,0,0,0,0,0
824280,20260515,DET,623454,Drew Anderson,0,12,1,0,0,0,0,0
824280,20260515,DET,445276,Kenley Jansen,0,3,2,0,0,0,0,0
824280,20260515,TOR,702056,Trey Yesavage,1,18,6,3,0,0,2,2
824280,20260515,TOR,680755,Braydon Fisher,0,3,1,1,0,0,0,0
824280,20260515,TOR,573009,Joe Mantiply,0,3,0,0,0,0,0,0
824280,20260515,TOR,656546,Jeff Hoffman,0,2,2,1,0,0,1,1
824439,20260515,CLE,676440,Tanner Bibee,1,20,2,2,0,0,3,3
824439,20260515,CLE,670036,Matt Festa,0,1,0,0,1,0,0,0
824439,20260515,CLE,688883,Peyton Pallette,0,3,2,0,0,1,3,3
824439,20260515,CLE,682120,Tim Herrin,0,3,0,1,0,0,1,1
824439,20260515,CIN,671096,Andrew Abbott,1,15,2,3,0,1,1,1
824439,20260515,CIN,572955,Pierce Johnson,0,3,2,0,0,0,0,0
824439,20260515,CIN,663574,Tony Santillan,0,3,1,0,0,0,0,0
824439,20260515,CIN,668933,Graham Ashcraft,0,0,0,3,0,0,4,4
824439,20260515,CIN,656271,Brock Burke,0,3,1,2,0,0,0,0
824439,20260515,CIN,622088,Tejay Antone,0,3,0,0,0,0,1,1
822983,20260515,TBA,693855,Ian Seymour,1,6,2,0,0,1,1,1
822983,20260515,TBA,669947,Jesse Scholtens,0,15,4,0,0,1,1,1
822983,20260515,TBA,668984,Casey Legumina,0,6,0,0,0,0,0,0
822983,20260515,MIA,676083,Janson Junk,1,17,4,3,0,2,7,7
822983,20260515,MIA,656848,Michael Petersen,0,4,1,0,0,0,0,0
822983,20260515,MIA,677053,Andrew Nardi,0,3,2,0,0,0,0,0
823707,20260515,MIN,657746,Joe Ryan,1,18,7,1,0,0,1,1
823707,20260515,MIN,573124,Taylor Rogers,0,3,0,0,0,0,0,0
823707,20260515,MIN,702193,Andrew Morris,0,2,0,0,0,0,2,1
823707,20260515,MIN,607455,Anthony Banda,0,3,0,0,0,0,0,0
823707,20260515,MIN,672782,Yoendrys Gómez,0,1,1,0,0,0,0,0
823707,20260515,MIL,689441,Coleman Crow,1,15,3,0,1,0,1,1
823707,20260515,MIL,676879,Aaron Ashby,0,6,1,0,0,0,1,1
823707,20260515,MIL,682842,Abner Uribe,0,3,1,1,0,0,0,0
823707,20260515,MIL,656730,Trevor Megill,0,3,1,0,0,0,0,0
824925,20260515,ATL,675911,Spencer Strider,1,16,4,3,0,0,1,1
824925,20260515,ATL,669276,Dylan Lee,0,2,1,0,0,0,0,0
824925,20260515,ATL,641755,Tyler Kinley,0,2,0,0,0,1,1,1
824925,20260515,ATL,663158,Robert Suarez,0,4,1,0,0,0,0,0
824925,20260515,ATL,628452,Raisel Iglesias,0,3,2,1,0,0,0,0
824925,20260515,ATL,800311,Didier Fuentes,0,3,1,0,1,0,0,0
824925,20260515,BOS,813349,Connelly Early,1,15,6,0,1,2,2,2
824925,20260515,BOS,669711,Greg Weissert,0,4,0,0,0,0,0,0
824925,20260515,BOS,663558,Jovani Morán,0,5,3,0,0,0,0,0
824925,20260515,BOS,547973,Aroldis Chapman,0,3,2,0,0,0,0,0
824925,20260515,BOS,701719,Tyler Samaniego,0,0,0,0,0,0,1,0
823629,20260515,NYN,605280,Clay Holmes,1,13,8,2,0,0,4,4
823629,20260515,NYN,681810,Austin Warren,0,5,2,1,0,0,0,0
823629,20260515,NYN,668964,Tobias Myers,0,6,1,1,0,0,0,0
823629,20260515,NYN,518886,Craig Kimbrel,0,3,0,0,0,1,1,1
823629,20260515,NYA,693645,Cam Schlittler,1,20,9,2,0,1,1,1
823629,20260515,NYA,518585,Fernando Cruz,0,4,1,0,0,0,0,0
823629,20260515,NYA,670280,David Bednar,0,3,0,1,0,0,1,1
824601,20260515,CHA,680732,Sean Burke,1,13,5,1,0,0,4,4
824601,20260515,CHA,670950,Trevor Richards,0,2,1,0,0,0,0,0
824601,20260515,CHA,691799,Grant Taylor,0,3,2,0,0,0,0,0
824601,20260515,CHA,663542,Bryan Hudson,0,3,0,0,1,0,2,2
824601,20260515,CHA,663855,Jordan Hicks,0,2,1,4,0,0,4,4
824601,20260515,CHA,805326,Tyler Schweitzer,0,4,0,1,0,0,0,0
824601,20260515,CHN,665795,Edward Cabrera,1,14,2,3,0,1,3,3
824601,20260515,CHN,669020,Ryan Rolison,0,1,0,1,0,1,1,1
824601,20260515,CHN,663423,Trent Thornton,0,6,2,0,0,0,0,0
824601,20260515,CHN,665871,Javier Assad,0,6,1,0,0,1,1,1
824194,20260515,HOU,681293,Spencer Arrighetti,1,22,5,4,0,0,0,0
824194,20260515,HOU,687911,Bryan King,0,5,1,0,0,0,0,0
824194,20260515,TEX,683004,Jack Leiter,1,21,6,3,0,1,1,1
824194,20260515,TEX,668390,Cole Winn,0,3,3,0,1,0,1,1
823061,20260515,SLN,669160,Dustin May,1,18,3,4,0,0,3,3
823061,20260515,SLN,666277,George Soriano,0,2,1,0,0,0,0,0
823061,20260515,SLN,668941,JoJo Romero,0,4,1,1,0,0,0,0
823061,20260515,SLN,676617,Riley O'Brien,0,3,0,0,0,0,0,0
823061,20260515,SLN,592773,Ryne Stanek,0,3,2,1,0,0,1,0
823061,20260515,SLN,700669,Gordon Graceffo,0,3,0,1,0,0,0,0
823061,20260515,KCA,608379,Michael Wacha,1,18,5,1,1,2,3,3
823061,20260515,KCA,663738,Daniel Lynch IV,0,3,2,1,0,0,0,0
823061,20260515,KCA,683232,Nick Mears,0,3,1,1,0,0,0,0
823061,20260515,KCA,621381,Matt Strahm,0,2,1,1,0,0,0,0
823061,20260515,KCA,670167,John Schreiber,0,1,0,0,0,0,0,0
823061,20260515,KCA,668674,Lucas Erceg,0,3,2,0,0,0,1,0
823061,20260515,KCA,674444,Steven Cruz,0,2,0,1,0,0,1,0
824360,20260515,COL,607536,Kyle Freeland,1,11,3,4,0,0,7,7
824360,20260515,COL,688642,Zach Agnos,0,13,1,0,0,0,2,2
824360,20260515,COL,678020,Seth Halvorsen,0,3,1,1,0,0,0,0
824360,20260515,ARI,518876,Merrill Kelly,1,27,3,0,0,1,1,1
824037,20260515,ANA,686799,Jack Kochanowicz,1,18,4,2,0,3,6,6
824037,20260515,ANA,489446,Kirby Yates,0,3,2,0,0,0,0,0
824037,20260515,ANA,696270,Ryan Johnson,0,3,1,1,0,0,0,0
824037,20260515,ANA,608718,Brent Suter,0,3,0,0,0,0,0,0
824037,20260515,LAN,694361,Will Klein,1,6,2,0,1,0,0,0
824037,20260515,LAN,683618,Edgardo Henriquez,0,3,2,0,0,0,0,0
824037,20260515,LAN,595014,Blake Treinen,0,3,1,0,0,0,0,0
824037,20260515,LAN,670090,Wyatt Mills,0,3,1,1,0,0,0,0
824037,20260515,LAN,669165,Kyle Hurt,0,3,0,1,0,0,0,0
824037,20260515,LAN,681911,Alex Vesia,0,3,3,0,0,0,0,0
824037,20260515,LAN,676263,Jack Dreyer,0,3,2,1,0,0,0,0
824037,20260515,LAN,656212,Charlie Barnes,0,3,0,1,0,0,0,0
823140,20260515,SEA,676106,Emerson Hancock,1,18,6,1,0,0,1,1
823140,20260515,SEA,681867,Cooper Criswell,0,3,0,0,0,0,1,1
823140,20260515,SEA,678606,José A. Ferrer,0,3,1,0,0,0,0,0
823140,20260515,SEA,695380,Alex Hoppe,0,3,0,0,0,0,0,0
823140,20260515,SDN,681190,Randy Vásquez,1,18,3,0,1,0,0,0
823140,20260515,SDN,670970,Adrian Morejon,0,3,1,1,0,0,0,0
823140,20260515,SDN,592094,Jason Adam,0,2,1,1,0,0,0,0
823140,20260515,SDN,695243,Mason Miller,0,4,4,1,0,0,0,0
825009,20260515,ATH,650644,Aaron Civale,1,15,2,1,0,2,2,2
825009,20260515,ATH,669270,Joel Kuhnel,0,3,2,0,0,0,0,0
825009,20260515,ATH,660761,José Suarez,0,3,1,0,0,0,0,0
825009,20260515,ATH,665622,Luis Medina,0,3,1,1,0,0,0,0
825009,20260515,ATH,663687,Hogan Harris,0,3,1,0,0,0,0,0
825009,20260515,SFN,641816,Tyler Mahle,1,15,6,1,0,1,5,5
825009,20260515,SFN,656529,Sam Hentges,0,3,1,0,0,0,0,0
825009,20260515,SFN,621366,Ryan Borucki,0,3,1,0,1,0,0,0
825009,20260515,SFN,663941,Tristan Beck,0,3,1,0,0,0,0,0
824278,20260516,DET,663554,Casey Mize,1,18,4,0,0,0,0,0
824278,20260516,DET,640448,Kyle Finnegan,0,3,0,1,0,1,1,1
824278,20260516,DET,657756,Connor Seabold,0,3,1,0,0,0,0,0
824278,20260516,DET,445276,Kenley Jansen,0,3,1,0,0,0,0,0
824278,20260516,DET,663947,Tyler Holton,0,3,0,0,0,0,1,0
824278,20260516,TOR,689254,Mason Fluharty,1,4,3,0,0,0,0,0
824278,20260516,TOR,693686,Spencer Miles,0,11,5,2,0,0,0,0
824278,20260516,TOR,680755,Braydon Fisher,0,3,2,0,0,1,1,1
824278,20260516,TOR,667297,Tommy Nance,0,3,1,0,0,0,0,0
824278,20260516,TOR,643511,Tyler Rogers,0,3,1,0,0,0,0,0
824278,20260516,TOR,686973,Louis Varland,0,6,2,0,0,0,0,0
823060,20260516,SLN,681517,Kyle Leahy,1,18,2,3,0,0,1,1
823060,20260516,SLN,700669,Gordon Graceffo,0,3,0,0,0,0,0,0
823060,20260516,SLN,677865,Justin Bruihl,0,3,0,0,0,0,0,0
823060,20260516,SLN,666277,George Soriano,0,3,0,0,0,1,1,1
823060,20260516,KCA,702070,Noah Cameron,1,18,4,0,0,0,3,3
823060,20260516,KCA,663559,Bailey Falter,0,6,0,1,0,0,1,1
824359,20260516,COL,608372,Tomoyuki Sugano,1,15,1,2,1,0,2,2
824359,20260516,COL,675848,Juan Mejia,0,5,0,2,0,0,0,0
824359,20260516,COL,677955,Jaden Hill,0,4,2,0,0,0,0,0
824359,20260516,COL,622608,Antonio Senzatela,0,3,1,1,0,0,0,0
824359,20260516,ARI,593958,Eduardo Rodriguez,1,16,6,0,0,0,3,3
824359,20260516,ARI,664199,Taylor Clarke,0,2,0,0,0,0,0,0
824359,20260516,ARI,642528,Jonathan Loáisiga,0,3,0,0,0,0,0,0
824359,20260516,ARI,805299,Brandyn Garcia,0,0,0,1,1,0,1,1
824359,20260516,ARI,656464,Kevin Ginkel,0,3,1,0,0,0,0,0
822737,20260516,WAS,676917,Cade Cavalli,1,19,8,0,0,2,3,3
822737,20260516,WAS,676571,PJ Poulin,0,2,0,1,0,0,0,0
822737,20260516,WAS,687377,Orlando Ribalta,0,3,2,0,0,0,0,0
822737,20260516,WAS,687606,Paxton Schultz,0,3,2,1,0,0,0,0
822737,20260516,BAL,605135,Chris Bassitt,1,15,4,1,1,1,4,4
822737,20260516,BAL,608650,Dietrich Enns,0,3,0,0,0,0,0,0
822737,20260516,BAL,669211,Keegan Akin,0,1,0,2,0,0,6,6
822737,20260516,BAL,552640,Andrew Kittredge,0,2,0,0,0,1,1,1
822737,20260516,BAL,677020,Josh Walker,0,3,1,1,0,1,2,2
823382,20260516,PIT,696149,Bubba Chandler,1,9,2,4,0,1,5,4
823382,20260516,PIT,681895,Evan Sisk,0,5,3,1,0,0,0,0
823382,20260516,PIT,676755,Isaac Mattson,0,4,2,1,0,0,0,0
823382,20260516,PIT,670990,Yohan Ramírez,0,3,3,0,0,0,0,0
823382,20260516,PIT,664875,Justin Lawrence,0,3,1,1,0,0,1,1
823382,20260516,PIT,684049,Brandan Bidois,0,3,0,1,0,0,0,0
823382,20260516,PHI,650911,Cristopher Sánchez,1,27,13,0,0,0,0,0
822981,20260516,TBA,607259,Nick Martinez,1,18,4,1,0,0,0,0
822981,20260516,TBA,664076,Garrett Cleavinger,0,3,2,0,0,1,1,1
822981,20260516,TBA,687330,Kevin Kelly,0,3,1,0,0,0,0,0
822981,20260516,TBA,641329,Bryan Baker,0,3,3,0,0,0,1,1
822981,20260516,TBA,685801,Hunter Bigge,0,3,0,2,0,0,8,7
822981,20260516,MIA,645261,Sandy Alcantara,1,18,6,0,0,0,1,0
822981,20260516,MIA,677053,Andrew Nardi,0,3,0,0,0,0,0,0
822981,20260516,MIA,669622,Anthony Bender,0,3,1,0,0,0,0,0
822981,20260516,MIA,664126,Pete Fairbanks,0,3,2,1,0,0,1,0
822981,20260516,MIA,669199,Lake Bachar,0,3,0,2,0,0,3,2
824435,20260516,CLE,676282,Joey Cantillo,1,15,4,4,0,1,4,4
824435,20260516,CLE,670059,Colin Holderman,0,5,1,0,0,0,0,0
824435,20260516,CLE,681870,Erik Sabrowski,0,1,1,0,0,0,0,0
824435,20260516,CLE,683769,Hunter Gaddis,0,3,0,0,0,0,0,0
824435,20260516,CLE,671922,Cade Smith,0,3,2,1,0,0,0,0
824435,20260516,CIN,663978,Chris Paddack,1,15,3,1,1,0,2,2
824435,20260516,CIN,682825,Luis Mey,0,1,1,2,0,0,2,2
824435,20260516,CIN,594580,Sam Moll,0,4,2,1,0,0,1,1
824435,20260516,CIN,572955,Pierce Johnson,0,1,0,1,0,1,1,1
824435,20260516,CIN,683175,Connor Phillips,0,3,2,2,0,0,1,0
824193,20260516,HOU,678906,Kai-Wei Teng,1,15,7,4,1,0,0,0
824193,20260516,HOU,595345,Steven Okert,0,3,2,0,0,0,0,0
824193,20260516,HOU,660853,Enyel De Los Santos,0,1,0,0,0,0,1,1
824193,20260516,HOU,687911,Bryan King,0,2,0,1,0,0,0,0
824193,20260516,HOU,805123,AJ Blubaugh,0,2,0,2,0,0,0,0
824193,20260516,HOU,650556,Bryan Abreu,0,4,0,1,0,0,0,0
824193,20260516,TEX,594798,Jacob deGrom,1,18,4,0,0,4,4,4
824193,20260516,TEX,615698,Cal Quantrill,0,6,1,1,0,0,0,0
824600,20260516,CHA,663436,Davis Martin,1,18,7,0,0,1,1,1
824600,20260516,CHA,685126,Brandon Eisert,0,3,0,2,0,0,0,0
824600,20260516,CHA,670950,Trevor Richards,0,6,2,0,0,1,2,2
824600,20260516,CHN,592791,Jameson Taillon,1,15,2,1,0,5,8,8
824600,20260516,CHN,681799,Ethan Roberts,0,6,3,1,0,0,0,0
824600,20260516,CHN,669020,Ryan Rolison,0,3,1,0,0,0,0,0
823706,20260516,MIN,687570,Connor Prielipp,1,18,8,2,0,1,2,1
823706,20260516,MIN,679358,Eric Orze,0,6,1,1,0,0,0,0
823706,20260516,MIN,672782,Yoendrys Gómez,0,3,0,0,1,0,0,0
823706,20260516,MIL,701656,Logan Henderson,1,15,7,1,0,1,1,1
823706,20260516,MIL,694477,Chad Patrick,0,12,3,0,0,0,0,0
823139,20260516,SEA,669302,Logan Gilbert,1,20,5,2,0,3,7,7
823139,20260516,SEA,689546,Nick Davila,0,3,1,2,0,0,0,0
823139,20260516,SEA,682445,Domingo Gonzalez,0,4,0,0,0,0,0,0
823139,20260516,SDN,621111,Walker Buehler,1,15,6,2,0,1,2,2
823139,20260516,SDN,593974,Wandy Peralta,0,3,1,0,0,0,0,0
823139,20260516,SDN,592094,Jason Adam,0,3,1,0,0,0,0,0
823139,20260516,SDN,689690,Alek Jacob,0,0,0,1,0,0,2,2
823139,20260516,SDN,670970,Adrian Morejon,0,3,1,0,0,0,0,0
823139,20260516,SDN,669093,Jeremiah Estrada,0,3,0,1,0,0,0,0
824924,20260516,ATL,693821,Bryce Elder,1,24,3,0,0,1,3,3
824924,20260516,ATL,527048,Martín Pérez,0,3,2,0,0,0,0,0
824924,20260516,BOS,801139,Payton Tolle,1,24,3,1,0,1,2,2
824924,20260516,BOS,547973,Aroldis Chapman,0,3,0,2,0,0,0,0
823627,20260516,NYN,623211,Huascar Brazobán,1,4,2,0,0,0,0,0
823627,20260516,NYN,656849,David Peterson,0,12,8,3,1,0,2,2
823627,20260516,NYN,548384,Brooks Raley,0,2,1,0,1,0,1,0
823627,20260516,NYN,596133,Luke Weaver,0,6,2,0,0,0,0,0
823627,20260516,NYN,642207,Devin Williams,0,3,1,0,0,0,0,0
823627,20260516,NYA,607074,Carlos Rodón,1,11,6,3,0,0,3,2
823627,20260516,NYA,656234,Jake Bird,0,2,1,0,0,0,1,1
823627,20260516,NYA,687396,Brent Headrick,0,5,3,1,0,0,1,1
823627,20260516,NYA,657612,Tim Hill,0,1,0,0,0,0,1,1
823627,20260516,NYA,666808,Camilo Doval,0,2,0,0,0,0,0,0
823627,20260516,NYA,621112,Paul Blackburn,0,3,1,1,0,0,0,0
824038,20260516,ANA,667755,José Soriano,1,16,6,6,1,0,6,6
824038,20260516,ANA,681217,Chase Silseth,0,2,0,0,1,0,0,0
824038,20260516,ANA,820862,José Fermin,0,3,1,0,0,0,0,0
824038,20260516,ANA,666201,Alek Manoah,0,4,2,3,0,1,9,8
824038,20260516,ANA,624428,Adam Frazier,0,2,0,0,0,0,0,0
824038,20260516,LAN,680736,Justin Wrobleski,1,18,5,1,0,0,2,2
824038,20260516,LAN,595014,Blake Treinen,0,3,1,1,0,0,0,0
824038,20260516,LAN,670090,Wyatt Mills,0,3,0,2,0,0,0,0
824038,20260516,LAN,656212,Charlie Barnes,0,3,1,0,0,0,0,0
825007,20260516,ATH,622663,Luis Severino,1,18,7,2,0,2,5,5
825007,20260516,ATH,605130,Scott Barlow,0,3,2,0,0,0,1,1
825007,20260516,ATH,643410,Mark Leiter Jr.,0,6,2,0,0,0,0,0
825007,20260516,SFN,686790,Trevor McDonald,1,20,5,1,1,0,1,1
825007,20260516,SFN,669062,Erik Miller,0,2,1,2,0,0,2,2
825007,20260516,SFN,668873,Caleb Kilian,0,2,2,0,0,1,1,1
825007,20260516,SFN,657424,Matt Gage,0,3,0,0,0,0,0,0
822982,20260517,TBA,656876,Drew Rasmussen,1,16,2,2,1,0,2,2
822982,20260517,TBA,687330,Kevin Kelly,0,5,1,0,0,0,0,0
822982,20260517,TBA,664076,Garrett Cleavinger,0,1,1,1,0,0,1,1
822982,20260517,TBA,693855,Ian Seymour,0,2,1,0,0,0,0,0
822982,20260517,TBA,641329,Bryan Baker,0,3,0,0,0,0,0,0
822982,20260517,MIA,691587,Eury Pérez,1,15,5,4,0,2,5,5
822982,20260517,MIA,663969,Tyler Phillips,0,6,0,2,0,0,1,1
822982,20260517,MIA,667463,John King,0,3,0,0,0,0,0,0
822738,20260517,WAS,663992,Richard Lovelady,1,4,1,0,0,1,2,2
822738,20260517,WAS,571945,Miles Mikolas,0,17,4,1,0,2,4,4
822738,20260517,WAS,695418,Brad Lord,0,3,2,0,1,0,0,0
822738,20260517,WAS,687606,Paxton Schultz,0,3,2,0,0,0,1,1
822738,20260517,BAL,687064,Brandon Young,1,11,3,3,0,1,2,2
822738,20260517,BAL,689296,Anthony Nunez,0,4,3,0,0,0,0,0
822738,20260517,BAL,669330,Tyler Wells,0,6,2,0,0,0,1,1
822738,20260517,BAL,666974,Yennier Cano,0,3,1,1,0,0,0,0
822738,20260517,BAL,670329,Rico Garcia,0,3,2,0,0,0,0,0
823381,20260517,PIT,694973,Paul Skenes,1,15,7,1,1,1,5,5
823381,20260517,PIT,676755,Isaac Mattson,0,3,0,0,1,0,0,0
823381,20260517,PIT,670990,Yohan Ramírez,0,3,3,0,0,0,0,0
823381,20260517,PIT,642701,Dennis Santana,0,3,2,0,0,1,1,1
823381,20260517,PIT,664875,Justin Lawrence,0,3,1,0,0,0,0,0
823381,20260517,PHI,554430,Zack Wheeler,1,21,8,1,0,0,0,0
823381,20260517,PHI,680742,Jonathan Bowlan,0,3,1,0,0,0,0,0
823381,20260517,PHI,621383,Tanner Banks,0,3,0,0,0,0,0,0
824923,20260517,ATL,656550,Grant Holmes,1,18,4,1,0,0,0,0
824923,20260517,ATL,625643,Reynaldo López,0,6,2,0,0,0,0,0
824923,20260517,ATL,641755,Tyler Kinley,0,3,1,0,0,0,1,1
824923,20260517,BOS,678394,Brayan Bello,1,15,1,3,0,2,7,7
824923,20260517,BOS,670245,Ryan Watson,0,9,4,3,0,0,1,1
824436,20260517,CLE,668909,Gavin Williams,1,18,7,0,0,1,2,2
824436,20260517,CLE,682120,Tim Herrin,0,3,3,1,0,0,0,0
824436,20260517,CLE,676051,Codi Heuer,0,6,2,1,0,0,1,1
824436,20260517,CIN,663903,Brady Singer,1,12,6,1,0,3,5,5
824436,20260517,CIN,656271,Brock Burke,0,3,1,1,0,1,1,1
824436,20260517,CIN,683175,Connor Phillips,0,6,1,2,0,1,2,2
824436,20260517,CIN,622088,Tejay Antone,0,3,1,0,1,1,2,2
824279,20260517,DET,656427,Jack Flaherty,1,18,4,0,0,1,4,4
824279,20260517,DET,572143,Burch Smith,0,4,1,0,0,0,0,0
824279,20260517,DET,646241,Enmanuel De Jesus,0,5,0,1,0,0,0,0
824279,20260517,TOR,592332,Kevin Gausman,1,18,5,0,0,0,0,0
824279,20260517,TOR,684320,Yariel Rodríguez,0,4,1,0,0,0,1,1
824279,20260517,TOR,573009,Joe Mantiply,0,2,0,1,0,0,0,0
824279,20260517,TOR,643511,Tyler Rogers,0,3,1,1,0,0,0,0
823628,20260517,NYN,642547,Freddy Peralta,1,15,4,6,0,1,3,3
823628,20260517,NYN,640455,Sean Manaea,0,12,3,2,1,0,3,2
823628,20260517,NYN,642207,Devin Williams,0,3,1,1,0,0,0,0
823628,20260517,NYA,695684,Elmer Rodríguez,1,13,1,1,1,0,1,1
823628,20260517,NYA,642232,Ryan Yarbrough,0,3,0,1,0,0,2,2
823628,20260517,NYA,656234,Jake Bird,0,2,1,0,0,0,0,0
823628,20260517,NYA,666808,Camilo Doval,0,3,0,0,0,0,0,0
823628,20260517,NYA,518585,Fernando Cruz,0,3,0,1,0,0,0,0
823628,20260517,NYA,670280,David Bednar,0,3,1,1,0,1,3,3
823628,20260517,NYA,657612,Tim Hill,0,1,0,0,1,0,1,0
824192,20260517,HOU,663567,Peter Lambert,1,18,6,2,1,1,5,5
824192,20260517,HOU,675989,Cody Bolton,0,9,2,0,0,1,3,3
824192,20260517,TEX,543135,Nathan Eovaldi,1,21,8,2,1,0,0,0
824192,20260517,TEX,686560,Gavin Collyer,0,6,2,0,0,0,0,0
824599,20260517,CHA,607200,Erick Fedde,1,9,2,4,0,1,4,4
824599,20260517,CHA,656794,Sean Newcomb,0,6,1,0,1,0,0,0
824599,20260517,CHA,691799,Grant Taylor,0,6,1,0,0,0,0,0
824599,20260517,CHA,663542,Bryan Hudson,0,3,0,1,1,0,0,0
824599,20260517,CHA,622554,Seranthony Domínguez,0,3,1,1,0,1,3,2
824599,20260517,CHA,699823,Tyler Davis,0,3,1,3,0,0,1,0
824599,20260517,CHN,607067,Colin Rea,1,14,4,1,1,0,4,4
824599,20260517,CHN,657097,Jacob Webb,0,4,3,0,0,0,0,0
824599,20260517,CHN,571948,Hoby Milner,0,4,2,0,0,0,0,0
824599,20260517,CHN,664208,Phil Maton,0,2,0,1,0,1,3,3
824599,20260517,CHN,694037,Daniel Palencia,0,3,0,1,0,0,0,0
824599,20260517,CHN,669020,Ryan Rolison,0,1,0,0,0,1,2,1
823708,20260517,MIN,641927,Bailey Ober,1,15,1,2,0,2,3,3
823708,20260517,MIN,607455,Anthony Banda,0,2,2,1,0,0,0,0
823708,20260517,MIN,702193,Andrew Morris,0,3,1,0,0,0,0,0
823708,20260517,MIN,573124,Taylor Rogers,0,2,0,0,0,0,0,0
823708,20260517,MIN,623437,Justin Topa,0,2,0,1,0,0,0,0
823708,20260517,MIN,472610,Luis García,0,3,1,1,0,0,1,1
823708,20260517,MIL,688107,Robert Gasser,1,12,3,2,3,0,3,2
823708,20260517,MIL,681982,Grant Anderson,0,5,2,0,0,1,1,1
823708,20260517,MIL,669084,DL Hall,0,4,2,1,0,0,0,0
823708,20260517,MIL,663765,Jake Woodford,0,3,1,0,0,0,1,1
823058,20260517,SLN,669467,Andre Pallante,1,20,7,0,0,1,2,1
823058,20260517,SLN,694335,Matt Svanson,0,3,0,1,0,0,0,0
823058,20260517,SLN,677865,Justin Bruihl,0,1,1,1,0,0,0,0
823058,20260517,SLN,690155,Matt Pushard,0,3,1,0,1,0,0,0
823058,20260517,KCA,663568,Stephen Kolek,1,19,3,1,1,0,0,0
823058,20260517,KCA,663738,Daniel Lynch IV,0,5,1,0,0,0,0,0
823058,20260517,KCA,668674,Lucas Erceg,0,3,0,1,0,0,0,0
824358,20260517,COL,547179,Michael Lorenzen,1,14,5,3,0,2,7,6
824358,20260517,COL,680604,Blas Castaño,0,7,3,1,0,1,1,1
824358,20260517,COL,678020,Seth Halvorsen,0,3,2,0,0,0,0,0
824358,20260517,COL,680767,Victor Vodnik,0,3,1,0,0,0,0,0
824358,20260517,ARI,647336,Michael Soroka,1,17,8,2,0,0,2,2
824358,20260517,ARI,657044,Ryan Thompson,0,1,0,0,0,0,0,0
824358,20260517,ARI,666661,Juan Morillo,0,3,0,0,0,0,0,0
824358,20260517,ARI,694297,Brandon Pfaadt,0,1,0,1,1,0,4,2
824358,20260517,ARI,664199,Taylor Clarke,0,2,0,0,0,0,0,0
824358,20260517,ARI,623149,Paul Sewald,0,3,0,1,0,0,0,0
825006,20260517,ATH,605488,Jeffrey Springs,1,18,3,1,0,1,2,1
825006,20260517,ATH,686993,Justin Sterner,0,3,0,0,0,0,0,0
825006,20260517,ATH,665622,Luis Medina,0,0,0,1,0,0,5,2
825006,20260517,ATH,660761,José Suarez,0,3,1,1,0,1,3,3
825006,20260517,ATH,666126,Carlos Cortes,0,3,0,1,0,0,0,0
825006,20260517,SFN,605288,Adrian Houser,1,18,3,5,0,0,1,1
825006,20260517,SFN,656529,Sam Hentges,0,3,2,0,0,0,0,0
825006,20260517,SFN,676775,Keaton Winn,0,3,1,0,0,0,0,0
825006,20260517,SFN,666711,Joel Peguero,0,3,0,0,0,0,0,0
824034,20260517,ANA,680570,Grayson Rodriguez,1,11,4,4,0,0,7,7
824034,20260517,ANA,820862,José Fermin,0,1,0,0,0,0,0,0
824034,20260517,ANA,815083,Mitch Farris,0,6,3,1,0,0,0,0
824034,20260517,ANA,489446,Kirby Yates,0,3,2,0,0,0,0,0
824034,20260517,ANA,696270,Ryan Johnson,0,6,2,1,0,0,3,3
824034,20260517,LAN,808963,Roki Sasaki,1,21,8,0,0,0,1,1
824034,20260517,LAN,681911,Alex Vesia,0,3,2,0,0,0,0,0
824034,20260517,LAN,694646,Chayce McDermott,0,3,1,0,0,0,0,0
823138,20260517,SEA,669923,George Kirby,1,17,6,2,0,2,6,6
823138,20260517,SEA,681867,Cooper Criswell,0,1,1,1,0,0,1,1
823138,20260517,SEA,695380,Alex Hoppe,0,5,1,0,0,0,1,1
823138,20260517,SEA,682445,Domingo Gonzalez,0,4,2,1,0,0,0,0
823138,20260517,SDN,608337,Lucas Giolito,1,15,3,3,1,0,3,3
823138,20260517,SDN,673513,Yuki Matsui,0,6,2,2,0,0,0,0
823138,20260517,SDN,699134,Bradgley Rodriguez,0,6,3,0,0,0,0,0
824277,20260518,DET,664285,Framber Valdez,1,15,3,4,0,0,4,4
824277,20260518,DET,676428,Brant Hurter,0,1,0,2,0,0,3,3
824277,20260518,DET,657756,Connor Seabold,0,8,2,0,0,0,0,0
824277,20260518,DET,646241,Enmanuel De Jesus,0,3,2,1,0,1,1,1
824277,20260518,CLE,677944,Slade Cecconi,1,22,4,2,0,1,2,2
824277,20260518,CLE,670036,Matt Festa,0,2,1,0,0,0,0,0
824277,20260518,CLE,688883,Peyton Pallette,0,3,0,1,1,0,0,0
822980,20260518,TBA,663556,Shane McClanahan,1,15,6,2,0,1,4,4
822980,20260518,TBA,686678,Chase Solesky,0,9,4,1,0,1,2,2
822980,20260518,TBA,685801,Hunter Bigge,0,3,1,0,0,0,0,0
822980,20260518,BAL,669432,Trevor Rogers,1,11,3,2,0,0,8,7
822980,20260518,BAL,671382,Cameron Foster,0,4,0,2,0,1,4,4
822980,20260518,BAL,608650,Dietrich Enns,0,3,0,3,0,0,4,4
822980,20260518,BAL,552640,Andrew Kittredge,0,3,1,0,0,0,0,0
822980,20260518,BAL,642215,Weston Wilson,0,3,0,0,0,0,0,0
823465,20260518,PHI,691725,Andrew Painter,1,18,3,2,0,0,2,2
823465,20260518,PHI,641745,Brad Keller,0,3,1,0,0,1,1,1
823465,20260518,PHI,621237,José Alvarado,0,2,0,1,0,0,1,1
823465,20260518,PHI,689147,Orion Kerkering,0,1,0,0,0,0,0,0
823465,20260518,PHI,661395,Jhoan Duran,0,3,2,0,0,0,0,0
823465,20260518,CIN,666157,Nick Lodolo,1,17,3,5,1,1,3,3
823465,20260518,CIN,622088,Tejay Antone,0,1,0,1,0,0,0,0
823465,20260518,CIN,668933,Graham Ashcraft,0,5,0,0,0,1,2,2
823465,20260518,CIN,656271,Brock Burke,0,1,0,0,0,0,0,0
823867,20260518,MIA,676974,Max Meyer,1,18,6,2,0,0,0,0
823867,20260518,MIA,667463,John King,0,3,1,0,0,0,0,0
823867,20260518,MIA,676534,Calvin Faucher,0,3,2,1,0,0,0,0
823867,20260518,MIA,669199,Lake Bachar,0,3,0,0,0,0,0,0
823867,20260518,ATL,702275,JR Ritchie,1,12,4,1,2,0,6,5
823867,20260518,ATL,607481,Aaron Bummer,0,3,1,5,0,2,6,6
823867,20260518,ATL,800311,Didier Fuentes,0,3,2,1,0,0,0,0
823867,20260518,ATL,641755,Tyler Kinley,0,3,1,0,0,0,0,0
823867,20260518,ATL,622761,Jorge Mateo,0,3,0,0,0,0,0,0
822734,20260518,WAS,663623,Jake Irvin,1,12,6,1,0,1,3,2
822734,20260518,WAS,676571,PJ Poulin,0,3,1,1,0,0,1,1
822734,20260518,WAS,680730,Mitchell Parker,0,9,2,0,0,1,1,1
822734,20260518,WAS,687377,Orlando Ribalta,0,3,0,0,0,0,0,0
822734,20260518,WAS,681402,Gus Varland,0,6,0,1,0,0,1,0
822734,20260518,WAS,687606,Paxton Schultz,0,1,0,1,0,0,7,6
822734,20260518,WAS,678391,Jorbit Vivas,0,2,0,0,0,0,3,3
822734,20260518,NYN,681035,Christian Scott,1,12,5,3,1,0,3,3
822734,20260518,NYN,681810,Austin Warren,0,6,1,1,0,0,0,0
822734,20260518,NYN,548384,Brooks Raley,0,2,0,2,0,0,1,1
822734,20260518,NYN,668964,Tobias Myers,0,4,1,1,0,0,1,1
822734,20260518,NYN,596133,Luke Weaver,0,3,2,0,1,0,0,0
822734,20260518,NYN,623211,Huascar Brazobán,0,6,1,2,0,0,1,0
822734,20260518,NYN,518886,Craig Kimbrel,0,3,0,0,0,0,1,0
823549,20260518,NYA,677960,Ryan Weathers,1,16,7,0,0,2,5,5
823549,20260518,NYA,621112,Paul Blackburn,0,5,1,0,0,0,0,0
823549,20260518,NYA,518585,Fernando Cruz,0,3,3,1,0,0,0,0
823549,20260518,NYA,670280,David Bednar,0,3,2,2,0,0,1,1
823549,20260518,TOR,571578,Patrick Corbin,1,12,3,3,0,1,3,3
823549,20260518,TOR,680755,Braydon Fisher,0,5,1,0,0,0,0,0
823549,20260518,TOR,671936,Adam Macko,0,3,0,0,0,0,0,0
823549,20260518,TOR,684320,Yariel Rodríguez,0,1,0,1,0,2,4,4
823549,20260518,TOR,656546,Jeff Hoffman,0,3,1,0,0,0,0,0
824114,20260518,KCA,607625,Seth Lugo,1,18,5,2,0,1,2,2
824114,20260518,KCA,656638,Alex Lange,0,3,1,0,0,0,1,1
824114,20260518,KCA,670167,John Schreiber,0,3,2,0,0,0,0,0
824114,20260518,KCA,674444,Steven Cruz,0,3,0,1,0,0,0,0
824114,20260518,BOS,543243,Sonny Gray,1,18,9,1,1,0,1,1
824114,20260518,BOS,686580,Justin Slaten,0,3,2,0,0,0,0,0
824114,20260518,BOS,676477,Garrett Whitlock,0,3,1,0,0,0,0,0
824114,20260518,BOS,547973,Aroldis Chapman,0,3,1,0,0,0,0,0
823705,20260518,MIN,696070,Kendry Rojas,1,12,3,1,1,0,0,0
823705,20260518,MIN,680573,Simeon Woods Richardson,0,3,1,1,0,0,0,0
823705,20260518,MIN,702193,Andrew Morris,0,3,0,1,0,0,0,0
823705,20260518,MIN,623437,Justin Topa,0,2,0,1,1,0,3,3
823705,20260518,MIN,679358,Eric Orze,0,4,1,0,0,0,0,0
823705,20260518,MIN,672782,Yoendrys Gómez,0,1,0,2,0,0,0,0
823705,20260518,MIN,573124,Taylor Rogers,0,2,1,0,0,0,0,0
823705,20260518,HOU,837227,Tatsuya Imai,1,14,5,0,0,2,3,3
823705,20260518,HOU,681151,Jayden Murray,0,4,0,2,0,0,3,3
823705,20260518,HOU,805123,AJ Blubaugh,0,6,1,1,0,0,0,0
824680,20260518,CHN,684007,Shota Imanaga,1,13,2,3,0,2,8,8
824680,20260518,CHN,681799,Ethan Roberts,0,5,0,1,0,0,1,1
824680,20260518,CHN,621389,Ty Blach,0,9,2,0,0,0,0,0
824680,20260518,MIL,687075,Brandon Sproat,1,14,5,3,1,1,3,3
824680,20260518,MIL,675660,Shane Drohan,0,13,5,0,0,0,0,0
824357,20260518,COL,500779,Jose Quintana,1,17,4,1,0,1,3,3
824357,20260518,COL,677955,Jaden Hill,0,4,3,0,0,0,0,0
824357,20260518,COL,680767,Victor Vodnik,0,0,0,2,0,0,3,3
824357,20260518,COL,657514,Brennan Bernardino,0,3,0,1,0,0,0,0
824357,20260518,COL,675848,Juan Mejia,0,3,1,0,0,0,0,0
824357,20260518,TEX,669022,MacKenzie Gore,1,3,2,2,0,0,2,2
824357,20260518,TEX,682608,Peyton Gray,0,8,3,1,0,0,4,2
824357,20260518,TEX,656222,Jalen Beeks,0,4,0,0,0,0,0,0
824357,20260518,TEX,686560,Gavin Collyer,0,3,0,1,0,0,1,1
824357,20260518,TEX,668390,Cole Winn,0,3,1,0,0,0,0,0
824357,20260518,TEX,596001,Jakob Junis,0,3,0,0,0,0,0,0
824035,20260518,ANA,700712,Walbert Ureña,1,18,4,2,1,0,0,0
824035,20260518,ANA,696147,Sam Bachman,0,6,2,0,0,0,0,0
824035,20260518,ANA,666171,Ryan Zeferjahn,0,1,0,2,0,0,1,1
824035,20260518,ANA,681217,Chase Silseth,0,2,0,0,0,0,0,0
824035,20260518,ATH,669372,J.T. Ginn,1,24,10,1,1,1,2,2
823301,20260518,SDN,650633,Michael King,1,21,9,2,0,0,0,0
823301,20260518,SDN,592094,Jason Adam,0,3,0,1,0,0,0,0
823301,20260518,SDN,695243,Mason Miller,0,3,1,2,0,0,0,0
823301,20260518,LAN,808967,Yoshinobu Yamamoto,1,21,8,2,0,1,1,1
823301,20260518,LAN,669165,Kyle Hurt,0,3,0,0,0,0,0,0
825087,20260518,ARI,668678,Zac Gallen,1,18,5,1,0,1,2,2
825087,20260518,ARI,657044,Ryan Thompson,0,3,1,0,0,0,0,0
825087,20260518,ARI,805299,Brandyn Garcia,0,3,1,0,0,0,0,0
825087,20260518,ARI,642528,Jonathan Loáisiga,0,3,0,0,0,0,0,0
825087,20260518,SFN,592662,Robbie Ray,1,13,1,2,0,2,10,9
825087,20260518,SFN,664141,JT Brubaker,0,5,1,0,0,0,2,1
825087,20260518,SFN,621366,Ryan Borucki,0,6,1,0,0,0,0,0
823137,20260518,SEA,693433,Bryan Woo,1,18,8,2,0,0,0,0
823137,20260518,SEA,660825,Eduard Bazardo,0,2,1,1,0,1,1,1
823137,20260518,SEA,678606,José A. Ferrer,0,4,1,0,0,0,0,0
823137,20260518,SEA,662253,Andrés Muñoz,0,3,1,0,0,0,0,0
823137,20260518,CHA,702273,Noah Schultz,1,16,6,0,2,1,3,3
823137,20260518,CHA,685126,Brandon Eisert,0,2,0,0,0,0,0,0
823137,20260518,CHA,663855,Jordan Hicks,0,3,2,0,0,0,0,0
823137,20260518,CHA,670950,Trevor Richards,0,3,1,1,0,1,3,3
823865,20260519,MIA,666129,Braxton Garrett,1,9,2,3,0,0,2,2
823865,20260519,MIA,669622,Anthony Bender,0,4,1,0,0,0,1,1
823865,20260519,MIA,677053,Andrew Nardi,0,4,3,0,0,1,1,1
823865,20260519,MIA,656848,Michael Petersen,0,4,1,2,0,0,0,0
823865,20260519,MIA,676534,Calvin Faucher,0,2,2,3,0,0,3,3
823865,20260519,MIA,669199,Lake Bachar,0,4,2,0,1,0,1,1
823865,20260519,ATL,527048,Martín Pérez,1,15,10,2,0,1,4,4
823865,20260519,ATL,800311,Didier Fuentes,0,2,0,1,0,0,0,0
823865,20260519,ATL,669276,Dylan Lee,0,4,2,0,0,0,0,0
823865,20260519,ATL,663158,Robert Suarez,0,3,0,1,0,0,0,0
823865,20260519,ATL,628452,Raisel Iglesias,0,3,1,0,0,0,0,0
824276,20260519,DET,672456,Keider Montero,1,15,1,4,0,1,3,3
824276,20260519,DET,663947,Tyler Holton,0,6,2,0,0,0,1,1
824276,20260519,DET,676684,Will Vest,0,3,1,0,0,0,0,0
824276,20260519,DET,572143,Burch Smith,0,3,0,0,0,0,0,0
824276,20260519,CLE,800048,Parker Messick,1,15,6,3,0,1,3,2
824276,20260519,CLE,670059,Colin Holderman,0,3,1,0,0,0,0,0
824276,20260519,CLE,681870,Erik Sabrowski,0,3,2,1,0,0,0,0
824276,20260519,CLE,682120,Tim Herrin,0,1,1,1,1,0,0,0
824276,20260519,CLE,683769,Hunter Gaddis,0,2,0,1,0,0,0,0
824276,20260519,CLE,671922,Cade Smith,0,3,3,0,0,0,0,0
822979,20260519,TBA,643377,Griffin Jax,1,15,6,1,0,1,1,1
822979,20260519,TBA,687330,Kevin Kelly,0,3,0,0,0,0,0,0
822979,20260519,TBA,693855,Ian Seymour,0,4,1,0,0,0,0,0
822979,20260519,TBA,668984,Casey Legumina,0,2,1,1,0,0,0,0
822979,20260519,TBA,641329,Bryan Baker,0,3,1,0,0,0,0,0
822979,20260519,BAL,680694,Kyle Bradish,1,16,6,3,0,1,2,2
822979,20260519,BAL,689296,Anthony Nunez,0,2,1,0,0,0,0,0
822979,20260519,BAL,669211,Keegan Akin,0,2,1,0,0,0,0,0
822979,20260519,BAL,666974,Yennier Cano,0,3,1,0,1,0,1,1
822979,20260519,BAL,670329,Rico Garcia,0,1,1,0,0,0,1,1
823464,20260519,PHI,666200,Jesús Luzardo,1,18,5,2,0,0,2,2
823464,20260519,PHI,621383,Tanner Banks,0,1,0,1,0,0,2,2
823464,20260519,PHI,680742,Jonathan Bowlan,0,2,0,1,0,0,0,0
823464,20260519,PHI,663767,Chase Shugart,0,6,3,1,0,0,0,0
823464,20260519,CIN,695505,Chase Burns,1,18,9,0,0,1,1,1
823464,20260519,CIN,572955,Pierce Johnson,0,3,2,1,0,0,0,0
823464,20260519,CIN,594580,Sam Moll,0,3,1,0,0,0,0,0
823464,20260519,CIN,663574,Tony Santillan,0,3,2,0,0,0,0,0
822736,20260519,WAS,656492,Foster Griffin,1,15,5,0,1,2,5,5
822736,20260519,WAS,695418,Brad Lord,0,9,3,0,0,1,1,1
822736,20260519,WAS,663992,Richard Lovelady,0,3,1,0,0,0,0,0
822736,20260519,NYN,690997,Nolan McLean,1,17,5,2,2,2,9,6
822736,20260519,NYN,650960,Daniel Duarte,0,7,1,0,0,0,0,0
823548,20260519,NYA,701542,Will Warren,1,15,3,1,0,0,3,3
823548,20260519,NYA,657612,Tim Hill,0,3,1,1,0,0,0,0
823548,20260519,NYA,656234,Jake Bird,0,2,1,0,1,0,0,0
823548,20260519,NYA,687396,Brent Headrick,0,4,2,0,0,0,0,0
823548,20260519,NYA,666808,Camilo Doval,0,3,0,1,0,0,1,1
823548,20260519,TOR,656302,Dylan Cease,1,15,9,4,0,2,5,5
823548,20260519,TOR,671936,Adam Macko,0,2,1,0,0,0,0,0
823548,20260519,TOR,695445,Chase Lee,0,1,0,2,0,0,0,0
823548,20260519,TOR,689254,Mason Fluharty,0,3,1,0,0,0,0,0
823548,20260519,TOR,686973,Louis Varland,0,3,1,0,0,0,0,0
824112,20260519,KCA,663559,Bailey Falter,1,6,2,3,0,0,2,2
824112,20260519,KCA,679883,Luinder Avila,0,9,3,1,0,0,0,0
824112,20260519,KCA,670167,John Schreiber,0,3,2,0,0,0,0,0
824112,20260519,KCA,683232,Nick Mears,0,6,2,0,0,0,1,1
824112,20260519,KCA,669212,Eli Morgan,0,3,0,0,0,1,4,4
824112,20260519,BOS,624133,Ranger Suarez,1,13,3,3,0,0,1,1
824112,20260519,BOS,677161,Zack Kelly,0,2,0,0,0,0,0,0
824112,20260519,BOS,701719,Tyler Samaniego,0,3,1,0,0,0,0,0
824112,20260519,BOS,686580,Justin Slaten,0,3,2,0,0,0,0,0
824112,20260519,BOS,676477,Garrett Whitlock,0,3,1,0,0,0,0,0
824112,20260519,BOS,663558,Jovani Morán,0,3,3,0,0,0,0,0
823704,20260519,MIN,805673,Zebby Matthews,1,18,6,0,0,1,2,2
823704,20260519,MIN,607455,Anthony Banda,0,3,0,0,0,0,0,0
823704,20260519,MIN,701519,Travis Adams,0,6,1,0,0,0,0,0
823704,20260519,HOU,669920,Jason Alexander,1,18,4,1,0,0,0,0
823704,20260519,HOU,595345,Steven Okert,0,3,3,0,0,0,0,0
823704,20260519,HOU,660853,Enyel De Los Santos,0,2,0,0,0,0,1,0
823704,20260519,HOU,687911,Bryan King,0,3,1,0,0,0,0,0
823704,20260519,HOU,650556,Bryan Abreu,0,1,0,0,1,0,0,0
824677,20260519,CHN,676962,Ben Brown,1,15,6,2,0,0,3,3
824677,20260519,CHN,657097,Jacob Webb,0,3,0,0,0,0,0,0
824677,20260519,CHN,573204,Caleb Thielbar,0,3,0,0,0,0,0,0
824677,20260519,CHN,663423,Trent Thornton,0,3,0,1,0,1,2,2
824677,20260519,CHN,664208,Phil Maton,0,3,1,0,0,0,0,0
824677,20260519,MIL,694819,Jacob Misiorowski,1,18,8,1,0,0,0,0
824677,20260519,MIL,656730,Trevor Megill,0,3,2,0,0,0,0,0
824677,20260519,MIL,676879,Aaron Ashby,0,2,2,1,0,0,2,1
824677,20260519,MIL,694477,Chad Patrick,0,1,0,0,0,0,0,0
824677,20260519,MIL,682842,Abner Uribe,0,3,1,0,0,0,0,0
823059,20260519,SLN,669461,Matthew Liberatore,1,14,9,2,0,0,4,4
823059,20260519,SLN,700669,Gordon Graceffo,0,4,1,0,0,0,0,0
823059,20260519,SLN,592773,Ryne Stanek,0,2,0,1,0,0,0,0
823059,20260519,SLN,668941,JoJo Romero,0,4,2,0,0,0,0,0
823059,20260519,SLN,676617,Riley O'Brien,0,3,0,1,2,0,2,2
823059,20260519,SLN,666277,George Soriano,0,3,1,0,0,0,0,0
823059,20260519,PIT,656605,Mitch Keller,1,17,3,1,1,1,4,4
823059,20260519,PIT,681895,Evan Sisk,0,3,0,2,0,1,1,1
823059,20260519,PIT,684049,Brandan Bidois,0,4,1,1,0,1,1,1
823059,20260519,PIT,642397,Gregory Soto,0,3,3,0,0,0,0,0
823059,20260519,PIT,682254,Mason Montgomery,0,0,0,0,0,1,3,2
824356,20260519,COL,671111,Sammy Peralta,1,2,1,2,1,0,2,2
824356,20260519,COL,685299,Tanner Gordon,0,19,5,1,0,1,7,7
824356,20260519,COL,678020,Seth Halvorsen,0,3,0,2,0,0,1,1
824356,20260519,COL,664954,Brett Sullivan,0,3,0,1,0,0,0,0
824356,20260519,TEX,641302,Tyler Alexander,1,3,1,0,1,0,0,0
824356,20260519,TEX,677958,Kumar Rocker,0,23,7,3,0,0,0,0
824356,20260519,TEX,656222,Jalen Beeks,0,1,0,0,0,0,0,0
824033,20260519,ANA,672282,Reid Detmers,1,17,8,2,0,0,8,8
824033,20260519,ANA,820862,José Fermin,0,1,0,1,0,0,0,0
824033,20260519,ANA,696270,Ryan Johnson,0,6,0,1,0,2,5,5
824033,20260519,ANA,608718,Brent Suter,0,3,1,0,0,0,1,1
824033,20260519,ATH,682052,Jacob Lopez,1,11,2,3,0,1,4,4
824033,20260519,ATH,686993,Justin Sterner,0,1,0,0,0,0,0,0
824033,20260519,ATH,678022,Jack Perkins,0,6,0,0,1,0,0,0
824033,20260519,ATH,605130,Scott Barlow,0,3,0,0,0,0,0,0
824033,20260519,ATH,663687,Hogan Harris,0,3,1,0,1,0,2,2
824033,20260519,ATH,669270,Joel Kuhnel,0,3,2,0,1,0,0,0
823302,20260519,SDN,656288,Griffin Canning,1,15,5,1,0,1,3,3
823302,20260519,SDN,669093,Jeremiah Estrada,0,3,1,0,0,1,1,1
823302,20260519,SDN,699134,Bradgley Rodriguez,0,3,2,0,0,0,0,0
823302,20260519,SDN,670970,Adrian Morejon,0,3,1,0,0,0,0,0
823302,20260519,SDN,695243,Mason Miller,0,2,0,1,0,0,1,0
823302,20260519,SDN,676760,Ron Marinaccio,0,1,1,0,0,0,0,0
823302,20260519,LAN,686218,Emmet Sheehan,1,12,2,1,0,2,4,4
823302,20260519,LAN,683618,Edgardo Henriquez,0,4,1,1,0,0,0,0
823302,20260519,LAN,681911,Alex Vesia,0,2,0,0,0,0,0,0
823302,20260519,LAN,595014,Blake Treinen,0,2,0,1,0,0,0,0
823302,20260519,LAN,656945,Tanner Scott,0,4,2,1,0,0,0,0
823302,20260519,LAN,694361,Will Klein,0,3,1,0,0,0,0,0
825086,20260519,ARI,669194,Ryne Nelson,1,21,3,2,0,2,3,3
825086,20260519,ARI,656464,Kevin Ginkel,0,3,3,1,0,0,0,0
825086,20260519,ARI,642528,Jonathan Loáisiga,0,3,0,0,0,0,0,0
825086,20260519,SFN,694738,Landen Roupp,1,18,3,0,0,0,1,1
825086,20260519,SFN,676775,Keaton Winn,0,3,1,1,0,0,0,0
825086,20260519,SFN,669062,Erik Miller,0,1,0,3,0,0,0,0
825086,20260519,SFN,668873,Caleb Kilian,0,4,1,0,0,0,3,2
825086,20260519,SFN,657424,Matt Gage,0,0,0,0,0,1,1,1
823136,20260519,SEA,682243,Bryce Miller,1,17,7,1,0,0,0,0
823136,20260519,SEA,678606,José A. Ferrer,0,1,1,0,0,0,0,0
823136,20260519,SEA,622491,Luis Castillo,0,7,4,2,1,0,2,2
823136,20260519,SEA,662253,Andrés Muñoz,0,2,2,0,0,0,0,0
823136,20260519,CHA,641743,Anthony Kay,1,16,5,3,2,0,1,1
823136,20260519,CHA,699823,Tyler Davis,0,5,4,1,0,0,0,0
823136,20260519,CHA,663542,Bryan Hudson,0,3,1,0,0,0,0,0
823136,20260519,CHA,691799,Grant Taylor,0,3,3,0,0,0,0,0
823462,20260520,PHI,605400,Aaron Nola,1,15,5,0,0,0,4,4
823462,20260520,PHI,641835,Tim Mayza,0,4,2,0,0,0,2,2
823462,20260520,PHI,689147,Orion Kerkering,0,2,2,0,0,0,1,1
823462,20260520,PHI,641745,Brad Keller,0,3,0,0,0,0,0,0
823462,20260520,PHI,621237,José Alvarado,0,3,1,0,0,1,2,2
823462,20260520,CIN,671096,Andrew Abbott,1,16,3,3,0,1,2,1
823462,20260520,CIN,656271,Brock Burke,0,2,0,0,0,1,2,2
823462,20260520,CIN,683175,Connor Phillips,0,3,1,0,0,0,0,0
823462,20260520,CIN,668933,Graham Ashcraft,0,3,2,0,0,0,0,0
823462,20260520,CIN,594580,Sam Moll,0,3,1,0,0,0,0,0
822977,20260520,TBA,571927,Steven Matz,1,12,5,2,0,0,1,1
822977,20260520,TBA,669947,Jesse Scholtens,0,12,4,1,0,2,2,2
822977,20260520,TBA,693855,Ian Seymour,0,3,0,0,0,0,0,0
822977,20260520,BAL,669358,Shane Baz,1,18,6,3,0,1,1,1
822977,20260520,BAL,669330,Tyler Wells,0,3,0,0,0,0,0,0
822977,20260520,BAL,689296,Anthony Nunez,0,2,0,1,0,0,4,4
822977,20260520,BAL,670329,Rico Garcia,0,1,0,0,0,0,0,0
823703,20260520,MIN,657746,Joe Ryan,1,18,9,0,0,0,1,1
823703,20260520,MIN,672782,Yoendrys Gómez,0,6,5,0,0,0,0,0
823703,20260520,MIN,702193,Andrew Morris,0,3,1,0,0,0,0,0
823703,20260520,HOU,681347,Mike Burrows,1,18,2,3,1,2,4,4
823703,20260520,HOU,805123,AJ Blubaugh,0,3,1,0,0,0,0,0
823703,20260520,HOU,663878,Nate Pearson,0,3,0,0,0,0,0,0
824355,20260520,COL,607536,Kyle Freeland,1,14,4,2,0,2,3,3
824355,20260520,COL,677955,Jaden Hill,0,4,0,0,0,0,0,0
824355,20260520,COL,622608,Antonio Senzatela,0,6,1,0,0,0,0,0
824355,20260520,COL,657514,Brennan Bernardino,0,1,1,0,0,0,2,0
824355,20260520,COL,675848,Juan Mejia,0,2,1,0,0,0,0,0
824355,20260520,TEX,683004,Jack Leiter,1,15,5,2,0,0,4,4
824355,20260520,TEX,596001,Jakob Junis,0,3,0,0,0,0,0,0
824355,20260520,TEX,641302,Tyler Alexander,0,3,2,0,0,0,0,0
824355,20260520,TEX,656641,Jacob Latz,0,6,4,0,0,0,0,0
825084,20260520,ARI,518876,Merrill Kelly,1,18,4,0,0,1,3,3
825084,20260520,ARI,805299,Brandyn Garcia,0,2,0,1,0,0,0,0
825084,20260520,ARI,664199,Taylor Clarke,0,1,0,0,0,0,0,0
825084,20260520,ARI,694297,Brandon Pfaadt,0,3,0,0,0,0,0,0
825084,20260520,ARI,623149,Paul Sewald,0,3,1,0,0,0,0,0
825084,20260520,SFN,641816,Tyler Mahle,1,15,6,0,0,1,6,6
825084,20260520,SFN,676775,Keaton Winn,0,3,3,0,0,0,0,0
825084,20260520,SFN,656529,Sam Hentges,0,4,0,1,0,0,0,0
825084,20260520,SFN,666711,Joel Peguero,0,2,1,0,0,0,0,0
823134,20260520,SEA,676106,Emerson Hancock,1,15,4,3,0,0,2,2
823134,20260520,SEA,681867,Cooper Criswell,0,3,1,0,0,0,0,0
823134,20260520,SEA,666374,Matt Brash,0,3,2,0,0,0,0,0
823134,20260520,SEA,660825,Eduard Bazardo,0,3,1,1,0,0,1,0
823134,20260520,SEA,678606,José A. Ferrer,0,3,3,0,0,1,1,1
823134,20260520,CHA,680732,Sean Burke,1,14,5,3,2,0,2,2
823134,20260520,CHA,656794,Sean Newcomb,0,6,1,0,1,1,2,2
823134,20260520,CHA,663855,Jordan Hicks,0,1,0,0,0,1,1,1
823134,20260520,CHA,685126,Brandon Eisert,0,3,1,1,0,0,0,0
824273,20260520,DET,623454,Drew Anderson,1,14,7,2,0,0,0,0
824273,20260520,DET,640448,Kyle Finnegan,0,3,1,0,0,0,0,0
824273,20260520,DET,676428,Brant Hurter,0,4,0,1,0,0,0,0
824273,20260520,DET,445276,Kenley Jansen,0,3,1,1,0,0,0,0
824273,20260520,DET,676684,Will Vest,0,3,1,0,0,0,1,1
824273,20260520,DET,663947,Tyler Holton,0,3,1,0,0,0,2,1
824273,20260520,CLE,676440,Tanner Bibee,1,24,5,1,0,0,1,1
824273,20260520,CLE,681870,Erik Sabrowski,0,1,1,2,0,0,0,0
824273,20260520,CLE,670059,Colin Holderman,0,2,2,0,0,0,0,0
824273,20260520,CLE,671922,Cade Smith,0,3,1,0,0,0,1,0
823866,20260520,MIA,676083,Janson Junk,1,15,3,0,0,2,8,8
823866,20260520,MIA,663969,Tyler Phillips,0,9,2,1,0,0,1,0
823866,20260520,MIA,691594,Javier Sanoja,0,3,1,0,0,0,0,0
823866,20260520,ATL,519242,Chris Sale,1,21,8,0,0,0,1,1
823866,20260520,ATL,682989,Victor Mederos,0,6,0,1,0,0,0,0
822735,20260520,WAS,641793,Zack Littell,1,15,3,0,0,1,2,2
822735,20260520,WAS,674841,Andrew Alvarez,0,12,5,1,0,1,2,2
822735,20260520,NYN,804267,Zach Thornton,1,13,3,2,0,1,4,4
822735,20260520,NYN,681810,Austin Warren,0,3,0,0,0,0,2,2
822735,20260520,NYN,518886,Craig Kimbrel,0,8,2,0,0,1,2,2
823547,20260520,NYA,693645,Cam Schlittler,1,18,7,2,0,0,2,2
823547,20260520,NYA,656234,Jake Bird,0,3,1,0,0,0,0,0
823547,20260520,NYA,672442,Yovanny Cruz,0,6,3,0,0,0,0,0
823547,20260520,TOR,702056,Trey Yesavage,1,18,8,0,0,0,0,0
823547,20260520,TOR,689254,Mason Fluharty,0,1,0,0,0,0,0,0
823547,20260520,TOR,656546,Jeff Hoffman,0,2,0,0,0,0,0,0
823547,20260520,TOR,643511,Tyler Rogers,0,3,1,0,0,0,0,0
823547,20260520,TOR,686973,Louis Varland,0,3,2,0,0,0,1,0
824111,20260520,KCA,608379,Michael Wacha,1,18,8,2,0,0,2,1
824111,20260520,KCA,674444,Steven Cruz,0,2,1,0,0,1,2,2
824111,20260520,KCA,663738,Daniel Lynch IV,0,3,0,1,0,0,0,0
824111,20260520,KCA,656638,Alex Lange,0,4,1,0,0,0,0,0
824111,20260520,BOS,813349,Connelly Early,1,19,5,1,0,2,3,3
824111,20260520,BOS,669711,Greg Weissert,0,4,1,0,0,0,0,0
824111,20260520,BOS,663558,Jovani Morán,0,1,1,0,0,0,0,0
824111,20260520,BOS,547973,Aroldis Chapman,0,3,1,0,0,0,0,0
824678,20260520,CHN,665795,Edward Cabrera,1,9,2,2,0,0,4,1
824678,20260520,CHN,663423,Trent Thornton,0,5,2,0,0,0,0,0
824678,20260520,CHN,571948,Hoby Milner,0,4,1,0,0,0,0,0
824678,20260520,CHN,664208,Phil Maton,0,2,1,1,0,0,1,1
824678,20260520,CHN,669020,Ryan Rolison,0,5,1,0,0,0,0,0
824678,20260520,CHN,694037,Daniel Palencia,0,2,2,1,0,0,0,0
824678,20260520,MIL,690986,Kyle Harrison,1,21,11,1,0,0,0,0
824678,20260520,MIL,669084,DL Hall,0,6,2,1,0,0,0,0
823057,20260520,SLN,700241,Michael McGreevy,1,15,1,1,0,1,3,3
823057,20260520,SLN,677865,Justin Bruihl,0,6,2,0,0,0,0,0
823057,20260520,SLN,694335,Matt Svanson,0,2,1,0,0,0,4,4
823057,20260520,SLN,690155,Matt Pushard,0,4,2,2,0,0,0,0
823057,20260520,PIT,669387,Carmen Mlodzinski,1,15,1,1,0,0,0,0
823057,20260520,PIT,670990,Yohan Ramírez,0,3,1,1,1,0,0,0
823057,20260520,PIT,681895,Evan Sisk,0,3,1,0,0,0,0,0
823057,20260520,PIT,664875,Justin Lawrence,0,3,2,0,1,0,0,0
823057,20260520,PIT,642701,Dennis Santana,0,3,1,0,0,0,0,0
823299,20260520,SDN,681190,Randy Vásquez,1,13,0,3,0,1,3,3
823299,20260520,SDN,593974,Wandy Peralta,0,5,0,1,0,0,0,0
823299,20260520,SDN,673513,Yuki Matsui,0,4,2,2,0,0,0,0
823299,20260520,SDN,676760,Ron Marinaccio,0,5,1,0,0,1,1,1
823299,20260520,LAN,660271,Shohei Ohtani,1,15,4,2,0,0,0,0
823299,20260520,LAN,683618,Edgardo Henriquez,0,3,1,0,0,0,0,0
823299,20260520,LAN,595014,Blake Treinen,0,3,1,0,0,0,0,0
823299,20260520,LAN,669165,Kyle Hurt,0,3,1,0,0,0,0,0
823299,20260520,LAN,694361,Will Klein,0,3,1,0,0,0,0,0
824032,20260520,ANA,686799,Jack Kochanowicz,1,18,7,4,1,0,3,3
824032,20260520,ANA,666171,Ryan Zeferjahn,0,1,0,0,2,0,1,1
824032,20260520,ANA,696147,Sam Bachman,0,5,1,0,0,0,0,0
824032,20260520,ANA,489446,Kirby Yates,0,2,1,1,1,1,1,1
824032,20260520,ANA,642048,Tayler Saucedo,0,1,0,0,0,0,0,0
824032,20260520,ANA,681217,Chase Silseth,0,3,2,1,0,0,1,0
824032,20260520,ATH,650644,Aaron Civale,1,15,2,2,0,3,5,5
824032,20260520,ATH,665622,Luis Medina,0,6,2,0,0,0,0,0
824032,20260520,ATH,643410,Mark Leiter Jr.,0,3,1,0,0,0,0,0
824032,20260520,ATH,605130,Scott Barlow,0,3,1,0,1,0,0,0
824032,20260520,ATH,663687,Hogan Harris,0,3,1,2,0,0,0,0
824274,20260521,DET,663554,Casey Mize,1,20,4,0,0,0,2,2
824274,20260521,DET,572143,Burch Smith,0,2,1,1,0,1,1,1
824274,20260521,DET,646241,Enmanuel De Jesus,0,5,2,0,0,0,0,0
824274,20260521,CLE,676282,Joey Cantillo,1,17,6,3,0,0,0,0
824274,20260521,CLE,670036,Matt Festa,0,1,1,0,0,0,0,0
824274,20260521,CLE,542888,Shawn Armstrong,0,2,2,1,0,0,0,0
824274,20260521,CLE,682120,Tim Herrin,0,2,1,0,0,1,1,1
824274,20260521,CLE,676051,Codi Heuer,0,2,1,0,0,0,0,0
824274,20260521,CLE,683769,Hunter Gaddis,0,3,2,0,0,0,0,0
823056,20260521,SLN,669160,Dustin May,1,16,7,2,1,1,4,4
823056,20260521,SLN,700669,Gordon Graceffo,0,2,0,0,0,0,0,0
823056,20260521,SLN,677865,Justin Bruihl,0,2,0,0,0,1,2,2
823056,20260521,SLN,694335,Matt Svanson,0,4,1,0,0,0,0,0
823056,20260521,SLN,690155,Matt Pushard,0,3,1,0,0,0,0,0
823056,20260521,PIT,677952,Braxton Ashcraft,1,21,9,2,0,1,1,1
823056,20260521,PIT,696062,Wilber Dotel,0,3,2,0,0,0,1,1
823056,20260521,PIT,682254,Mason Montgomery,0,3,0,0,0,0,0,0
822733,20260521,WAS,676917,Cade Cavalli,1,21,9,1,2,0,2,2
822733,20260521,WAS,690925,Clayton Beeter,0,3,2,1,0,0,0,0
822733,20260521,WAS,687377,Orlando Ribalta,0,3,1,0,0,0,0,0
822733,20260521,NYN,656849,David Peterson,1,15,3,3,0,0,1,1
822733,20260521,NYN,623211,Huascar Brazobán,0,3,0,0,0,0,0,0
822733,20260521,NYN,548384,Brooks Raley,0,3,2,0,0,0,0,0
822733,20260521,NYN,596133,Luke Weaver,0,3,1,1,0,0,0,0
822733,20260521,NYN,642207,Devin Williams,0,3,1,0,0,0,0,0
823864,20260521,MIA,645261,Sandy Alcantara,1,18,3,0,0,2,6,6
823864,20260521,MIA,806188,Cade Gibson,0,6,4,1,2,0,2,2
823864,20260521,MIA,664126,Pete Fairbanks,0,3,2,0,0,1,1,1
823864,20260521,ATL,675911,Spencer Strider,1,19,9,2,0,3,3,3
823864,20260521,ATL,669276,Dylan Lee,0,2,1,0,0,0,0,0
823864,20260521,ATL,663158,Robert Suarez,0,3,1,0,0,0,0,0
823864,20260521,ATL,689266,Dylan Dodd,0,3,2,0,0,0,0,0
823545,20260521,NYA,607074,Carlos Rodón,1,15,7,3,0,0,1,1
823545,20260521,NYA,672442,Yovanny Cruz,0,1,0,0,1,0,0,0
823545,20260521,NYA,687396,Brent Headrick,0,3,1,0,0,0,0,0
823545,20260521,NYA,666808,Camilo Doval,0,2,0,0,0,1,1,1
823545,20260521,NYA,621112,Paul Blackburn,0,6,2,0,0,0,0,0
823545,20260521,TOR,680755,Braydon Fisher,1,4,4,1,0,0,0,0
823545,20260521,TOR,671936,Adam Macko,0,4,2,0,0,0,0,0
823545,20260521,TOR,693686,Spencer Miles,0,13,6,1,0,0,0,0
823545,20260521,TOR,643511,Tyler Rogers,0,3,0,1,0,0,0,0
823545,20260521,TOR,656546,Jeff Hoffman,0,3,2,0,0,0,0,0
824031,20260521,ANA,667755,José Soriano,1,20,7,1,0,0,2,2
824031,20260521,ANA,681217,Chase Silseth,0,1,0,0,0,0,0,0
824031,20260521,ANA,820862,José Fermin,0,3,1,2,0,0,0,0
824031,20260521,ANA,489446,Kirby Yates,0,3,1,1,0,0,0,0
824031,20260521,ANA,666171,Ryan Zeferjahn,0,3,0,2,1,0,1,0
824031,20260521,ATH,622663,Luis Severino,1,21,10,0,0,1,2,2
824031,20260521,ATH,686993,Justin Sterner,0,3,1,0,0,0,0,0
824031,20260521,ATH,669270,Joel Kuhnel,0,3,0,1,0,0,0,0
824031,20260521,ATH,643410,Mark Leiter Jr.,0,3,1,0,0,0,0,0
825083,20260521,ARI,593958,Eduardo Rodriguez,1,21,4,1,0,0,0,0
825083,20260521,ARI,666661,Juan Morillo,0,1,1,1,1,0,1,1
825083,20260521,ARI,656464,Kevin Ginkel,0,2,0,0,0,0,0,0
825083,20260521,ARI,623149,Paul Sewald,0,3,1,0,0,0,0,0
825083,20260521,COL,688642,Zach Agnos,1,15,4,1,0,0,0,0
825083,20260521,COL,680604,Blas Castaño,0,6,1,3,1,0,1,1
825083,20260521,COL,678020,Seth Halvorsen,0,3,2,2,0,0,0,0
825083,20260521,COL,675848,Juan Mejia,0,2,1,2,0,0,1,1
824679,20260522,CHN,592791,Jameson Taillon,1,14,5,1,0,1,4,4
824679,20260522,CHN,571948,Hoby Milner,0,1,0,0,0,0,0,0
824679,20260522,CHN,681799,Ethan Roberts,0,6,2,1,0,0,0,0
824679,20260522,CHN,657097,Jacob Webb,0,3,2,0,0,0,0,0
824679,20260522,CHN,664208,Phil Maton,0,3,1,2,0,0,0,0
824679,20260522,HOU,681293,Spencer Arrighetti,1,15,5,4,2,0,0,0
824679,20260522,HOU,595345,Steven Okert,0,1,0,0,0,1,2,2
824679,20260522,HOU,660853,Enyel De Los Santos,0,5,1,0,0,0,0,0
824679,20260522,HOU,650556,Bryan Abreu,0,2,0,1,1,0,0,0
824679,20260522,HOU,687911,Bryan King,0,4,0,0,0,0,0,0
823461,20260522,PHI,650911,Cristopher Sánchez,1,24,6,2,0,0,0,0
823461,20260522,PHI,661395,Jhoan Duran,0,3,1,0,0,1,1,1
823461,20260522,CLE,668909,Gavin Williams,1,24,11,0,0,0,0,0
823461,20260522,CLE,671922,Cade Smith,0,3,1,0,0,0,0,0
823546,20260522,NYA,543037,Gerrit Cole,1,18,2,3,0,0,0,0
823546,20260522,NYA,687396,Brent Headrick,0,1,0,0,0,0,0,0
823546,20260522,NYA,518585,Fernando Cruz,0,2,2,0,0,0,0,0
823546,20260522,NYA,657612,Tim Hill,0,0,0,1,0,0,4,3
823546,20260522,NYA,666808,Camilo Doval,0,3,0,0,0,0,0,0
823546,20260522,NYA,670280,David Bednar,0,3,3,0,0,0,0,0
823546,20260522,TBA,607259,Nick Martinez,1,18,1,1,0,1,1,1
823546,20260522,TBA,693855,Ian Seymour,0,5,2,0,0,0,1,1
823546,20260522,TBA,687330,Kevin Kelly,0,1,0,0,0,0,0,0
823546,20260522,TBA,641329,Bryan Baker,0,3,1,1,0,0,0,0
822816,20260522,TOR,592332,Kevin Gausman,1,20,8,1,0,0,1,1
822816,20260522,TOR,689254,Mason Fluharty,0,1,0,1,0,0,1,1
822816,20260522,TOR,686973,Louis Varland,0,6,3,0,0,0,0,0
822816,20260522,PIT,696149,Bubba Chandler,1,15,11,3,0,0,3,0
822816,20260522,PIT,684049,Brandan Bidois,0,3,1,1,0,0,0,0
822816,20260522,PIT,664875,Justin Lawrence,0,3,1,2,0,0,0,0
822816,20260522,PIT,642701,Dennis Santana,0,3,2,1,0,0,3,3
824761,20260522,BOS,801139,Payton Tolle,1,18,9,2,0,0,3,3
824761,20260522,BOS,686580,Justin Slaten,0,2,1,1,0,2,4,4
824761,20260522,BOS,669711,Greg Weissert,0,4,0,0,1,0,0,0
824761,20260522,BOS,701719,Tyler Samaniego,0,0,0,0,1,0,1,0
824761,20260522,BOS,594027,Tyron Guerrero,0,3,1,1,0,0,0,0
824761,20260522,MIN,687570,Connor Prielipp,1,12,1,3,0,0,6,5
824761,20260522,MIN,701519,Travis Adams,0,6,3,1,0,0,0,0
824761,20260522,MIN,672782,Yoendrys Gómez,0,3,1,0,0,0,0,0
824761,20260522,MIN,679358,Eric Orze,0,2,1,1,0,0,0,0
824761,20260522,MIN,607455,Anthony Banda,0,4,1,0,0,0,0,0
823863,20260522,MIA,691587,Eury Pérez,1,19,5,0,0,1,1,1
823863,20260522,MIA,677053,Andrew Nardi,0,3,2,0,0,0,0,0
823863,20260522,MIA,656848,Michael Petersen,0,2,1,0,0,0,0,0
823863,20260522,MIA,664126,Pete Fairbanks,0,3,2,1,0,0,0,0
823863,20260522,NYN,668964,Tobias Myers,1,4,0,1,0,0,1,1
823863,20260522,NYN,640455,Sean Manaea,0,11,3,0,0,0,1,1
823863,20260522,NYN,804636,Jonah Tong,0,9,2,1,0,0,0,0
824842,20260522,BAL,669211,Keegan Akin,1,3,2,0,0,1,1,1
824842,20260522,BAL,605135,Chris Bassitt,0,13,4,0,0,0,3,3
824842,20260522,BAL,670329,Rico Garcia,0,2,1,0,0,0,0,0
824842,20260522,BAL,666974,Yennier Cano,0,3,2,0,0,0,0,0
824842,20260522,BAL,669330,Tyler Wells,0,3,1,0,0,0,0,0
824842,20260522,BAL,689296,Anthony Nunez,0,3,2,0,0,0,0,0
824842,20260522,DET,656427,Jack Flaherty,1,10,7,0,0,2,6,3
824842,20260522,DET,676428,Brant Hurter,0,4,2,1,0,0,0,0
824842,20260522,DET,657756,Connor Seabold,0,3,0,0,0,0,1,1
824842,20260522,DET,640448,Kyle Finnegan,0,4,0,2,0,0,0,0
824842,20260522,DET,646241,Enmanuel De Jesus,0,3,1,0,0,0,0,0
824922,20260522,ATL,693821,Bryce Elder,1,18,4,1,0,1,1,1
824922,20260522,ATL,800311,Didier Fuentes,0,3,1,0,0,0,0,0
824922,20260522,ATL,663158,Robert Suarez,0,3,0,0,0,1,1,1
824922,20260522,ATL,628452,Raisel Iglesias,0,3,1,0,0,0,0,0
824922,20260522,ATL,669276,Dylan Lee,0,3,0,1,0,0,2,1
824922,20260522,ATL,641755,Tyler Kinley,0,3,2,0,0,0,0,0
824922,20260522,WAS,663992,Richard Lovelady,1,3,0,0,0,0,0,0
824922,20260522,WAS,571945,Miles Mikolas,0,15,3,0,0,0,0,0
824922,20260522,WAS,680730,Mitchell Parker,0,3,1,1,0,0,2,2
824922,20260522,WAS,690925,Clayton Beeter,0,3,2,0,0,0,0,0
824922,20260522,WAS,681402,Gus Varland,0,3,1,0,0,0,0,0
824922,20260522,WAS,687377,Orlando Ribalta,0,3,0,2,0,0,2,1
824922,20260522,WAS,687606,Paxton Schultz,0,2,1,0,0,0,1,0
824110,20260522,KCA,702070,Noah Cameron,1,18,8,2,0,0,0,0
824110,20260522,KCA,683232,Nick Mears,0,3,0,1,0,1,2,2
824110,20260522,KCA,656638,Alex Lange,0,3,0,0,0,0,0,0
824110,20260522,KCA,669212,Eli Morgan,0,3,0,0,0,0,0,0
824110,20260522,SEA,669302,Logan Gilbert,1,17,6,2,0,0,0,0
824110,20260522,SEA,660825,Eduard Bazardo,0,4,3,0,0,0,0,0
824110,20260522,SEA,666374,Matt Brash,0,3,1,0,0,0,0,0
824110,20260522,SEA,662253,Andrés Muñoz,0,3,0,0,0,0,0,0
823788,20260522,MIL,701656,Logan Henderson,1,15,7,3,0,0,0,0
823788,20260522,MIL,675660,Shane Drohan,0,4,2,2,0,0,1,0
823788,20260522,MIL,676879,Aaron Ashby,0,4,0,1,1,0,0,0
823788,20260522,MIL,694477,Chad Patrick,0,4,0,0,0,0,0,0
823788,20260522,LAN,680736,Justin Wrobleski,1,15,4,2,0,1,5,5
823788,20260522,LAN,801434,Paul Gervase,0,6,0,1,0,0,0,0
823788,20260522,LAN,642546,Jonathan Hernández,0,3,0,0,0,0,0,0
824029,20260522,ANA,680570,Grayson Rodriguez,1,17,5,2,0,1,4,4
824029,20260522,ANA,608718,Brent Suter,0,3,0,1,0,0,1,1
824029,20260522,ANA,642048,Tayler Saucedo,0,1,0,0,0,0,0,0
824029,20260522,ANA,696147,Sam Bachman,0,3,0,0,1,0,0,0
824029,20260522,ANA,815083,Mitch Farris,0,3,1,0,0,1,1,1
824029,20260522,TEX,594798,Jacob deGrom,1,9,3,3,0,2,6,6
824029,20260522,TEX,615698,Cal Quantrill,0,9,0,1,1,0,0,0
824029,20260522,TEX,656222,Jalen Beeks,0,3,0,0,0,1,1,1
824029,20260522,TEX,455119,Chris Martin,0,3,0,0,0,1,2,2
825082,20260522,ARI,647336,Michael Soroka,1,18,2,0,1,0,1,1
825082,20260522,ARI,664199,Taylor Clarke,0,2,0,1,0,0,0,0
825082,20260522,ARI,805299,Brandyn Garcia,0,1,0,0,0,0,0,0
825082,20260522,ARI,666661,Juan Morillo,0,2,1,1,0,0,1,1
825082,20260522,ARI,657044,Ryan Thompson,0,4,1,0,0,0,1,1
825082,20260522,COL,608372,Tomoyuki Sugano,1,20,3,1,0,0,2,2
825082,20260522,COL,657514,Brennan Bernardino,0,2,0,0,0,0,0,0
825082,20260522,COL,622608,Antonio Senzatela,0,5,0,0,1,0,0,0
823298,20260522,SDN,621111,Walker Buehler,1,15,4,4,0,0,3,3
823298,20260522,SDN,699134,Bradgley Rodriguez,0,2,0,1,0,0,0,0
823298,20260522,SDN,670970,Adrian Morejon,0,4,3,0,0,0,0,0
823298,20260522,SDN,592094,Jason Adam,0,3,0,0,0,0,0,0
823298,20260522,SDN,669093,Jeremiah Estrada,0,3,1,0,0,0,0,0
823298,20260522,ATH,605488,Jeffrey Springs,1,19,3,3,0,3,4,4
823298,20260522,ATH,678022,Jack Perkins,0,4,2,0,1,0,3,3
823298,20260522,ATH,660761,José Suarez,0,1,0,0,0,0,0,0
823223,20260522,SFN,686790,Trevor McDonald,1,11,4,1,2,0,7,7
823223,20260522,SFN,621366,Ryan Borucki,0,4,2,1,1,0,2,1
823223,20260522,SFN,669062,Erik Miller,0,3,2,1,0,0,0,0
823223,20260522,SFN,664141,JT Brubaker,0,9,1,2,0,0,0,0
823223,20260522,CHA,663436,Davis Martin,1,17,7,2,0,0,4,4
823223,20260522,CHA,699823,Tyler Davis,0,4,1,0,0,0,0,0
823223,20260522,CHA,685126,Brandon Eisert,0,3,2,1,0,0,0,0
823223,20260522,CHA,670950,Trevor Richards,0,3,2,0,0,0,0,0
824518,20260523,CIN,663978,Chris Paddack,1,15,5,3,0,0,3,3
824518,20260523,CIN,594580,Sam Moll,0,3,0,0,0,0,0,0
824518,20260523,CIN,683175,Connor Phillips,0,3,1,2,0,1,2,2
824518,20260523,CIN,683742,Jose Franco,0,6,1,3,0,1,3,3
824518,20260523,SLN,669467,Andre Pallante,1,18,3,1,0,1,1,1
824518,20260523,SLN,592773,Ryne Stanek,0,3,1,1,0,0,0,0
824518,20260523,SLN,666277,George Soriano,0,3,0,0,0,0,0,0
824518,20260523,SLN,694335,Matt Svanson,0,3,2,1,0,0,0,0
824518,20260523,CIN,663978,Chris Paddack,1,15,5,3,0,0,3,3
824518,20260523,CIN,594580,Sam Moll,0,3,0,0,0,0,0,0
824518,20260523,CIN,683175,Connor Phillips,0,3,1,2,0,1,2,2
824518,20260523,CIN,683742,Jose Franco,0,6,1,3,0,1,3,3
824518,20260523,SLN,669467,Andre Pallante,1,18,3,1,0,1,1,1
824518,20260523,SLN,592773,Ryne Stanek,0,3,1,1,0,0,0,0
824518,20260523,SLN,666277,George Soriano,0,3,0,0,0,0,0,0
824518,20260523,SLN,694335,Matt Svanson,0,3,2,1,0,0,0,0
824516,20260523,CIN,695534,Chase Petty,1,15,1,1,1,1,4,4
824516,20260523,CIN,656271,Brock Burke,0,4,0,2,0,0,0,0
824516,20260523,CIN,668933,Graham Ashcraft,0,5,3,0,0,0,0,0
824516,20260523,CIN,663574,Tony Santillan,0,3,1,2,0,1,2,2
824516,20260523,CIN,572955,Pierce Johnson,0,6,1,0,0,0,0,0
824516,20260523,SLN,681517,Kyle Leahy,1,15,8,2,0,2,5,5
824516,20260523,SLN,677865,Justin Bruihl,0,1,0,0,0,0,1,1
824516,20260523,SLN,700669,Gordon Graceffo,0,2,1,1,0,0,0,0
824516,20260523,SLN,681676,Ryan Fernandez,0,6,4,0,0,0,0,0
824516,20260523,SLN,668941,JoJo Romero,0,3,1,1,0,0,0,0
824516,20260523,SLN,676617,Riley O'Brien,0,4,2,1,0,0,1,0
824674,20260523,CHN,607067,Colin Rea,1,21,4,3,0,2,3,3
824674,20260523,CHN,663423,Trent Thornton,0,3,0,1,0,0,0,0
824674,20260523,CHN,669020,Ryan Rolison,0,3,1,0,0,0,0,0
824674,20260523,HOU,678906,Kai-Wei Teng,1,18,6,3,0,0,0,0
824674,20260523,HOU,595345,Steven Okert,0,3,1,0,0,0,0,0
824674,20260523,HOU,660853,Enyel De Los Santos,0,3,1,0,0,0,0,0
824674,20260523,HOU,687911,Bryan King,0,3,1,0,0,0,0,0
822814,20260523,TOR,571578,Patrick Corbin,1,18,7,0,0,0,1,1
822814,20260523,TOR,680755,Braydon Fisher,0,3,2,1,0,0,0,0
822814,20260523,TOR,684320,Yariel Rodríguez,0,2,0,2,0,0,1,0
822814,20260523,TOR,671936,Adam Macko,0,1,0,0,1,0,0,0
822814,20260523,TOR,656546,Jeff Hoffman,0,3,3,0,0,0,0,0
822814,20260523,PIT,694973,Paul Skenes,1,15,2,1,0,1,4,4
822814,20260523,PIT,670990,Yohan Ramírez,0,5,1,0,0,1,1,1
822814,20260523,PIT,681895,Evan Sisk,0,4,1,0,0,0,0,0
823458,20260523,PHI,554430,Zack Wheeler,1,18,6,1,0,0,0,0
823458,20260523,PHI,689147,Orion Kerkering,0,3,2,0,0,0,0,0
823458,20260523,PHI,641745,Brad Keller,0,3,1,0,0,0,0,0
823458,20260523,PHI,661395,Jhoan Duran,0,3,1,0,0,0,0,0
823458,20260523,CLE,677944,Slade Cecconi,1,15,5,1,0,0,3,3
823458,20260523,CLE,670036,Matt Festa,0,3,2,2,0,0,0,0
823458,20260523,CLE,542888,Shawn Armstrong,0,3,1,0,0,0,0,0
823458,20260523,CLE,688883,Peyton Pallette,0,3,1,3,0,0,0,0
823222,20260523,SFN,605288,Adrian Houser,1,14,5,0,0,0,3,3
823222,20260523,SFN,657424,Matt Gage,0,4,4,0,0,0,0,0
823222,20260523,SFN,656529,Sam Hentges,0,3,2,1,0,0,0,0
823222,20260523,SFN,666711,Joel Peguero,0,6,1,0,0,0,0,0
823222,20260523,CHA,663542,Bryan Hudson,1,4,1,0,0,0,0,0
823222,20260523,CHA,607200,Erick Fedde,0,10,3,2,0,1,8,8
823222,20260523,CHA,673929,Jordan Leasure,0,4,1,0,0,1,1,1
823222,20260523,CHA,670950,Trevor Richards,0,6,1,1,0,1,1,1
824109,20260523,KCA,663568,Stephen Kolek,1,27,2,1,0,0,0,0
824109,20260523,SEA,669923,George Kirby,1,18,3,0,0,0,5,3
824109,20260523,SEA,695380,Alex Hoppe,0,3,0,0,0,0,0,0
824109,20260523,SEA,689546,Nick Davila,0,3,1,2,0,0,0,0
824760,20260523,BOS,663558,Jovani Morán,1,3,1,0,0,0,2,2
824760,20260523,BOS,678394,Brayan Bello,0,15,5,1,0,0,2,0
824760,20260523,BOS,701719,Tyler Samaniego,0,3,0,0,0,0,0,0
824760,20260523,BOS,670245,Ryan Watson,0,6,3,0,0,0,0,0
824760,20260523,MIN,671737,Taj Bradley,1,15,7,2,0,0,1,1
824760,20260523,MIN,696070,Kendry Rojas,0,9,3,1,0,0,0,0
824760,20260523,MIN,702193,Andrew Morris,0,2,0,3,0,0,1,1
824760,20260523,MIN,573124,Taylor Rogers,0,1,1,0,0,0,0,0
824920,20260523,ATL,656550,Grant Holmes,1,15,10,2,0,2,2,2
824920,20260523,ATL,689266,Dylan Dodd,0,9,3,0,0,0,0,0
824920,20260523,ATL,641755,Tyler Kinley,0,3,2,0,0,0,0,0
824920,20260523,WAS,663623,Jake Irvin,1,15,7,1,0,0,0,0
824920,20260523,WAS,695418,Brad Lord,0,9,3,0,1,0,0,0
824920,20260523,WAS,663992,Richard Lovelady,0,3,1,0,0,0,0,0
823862,20260523,MIA,676974,Max Meyer,1,21,8,3,1,0,0,0
823862,20260523,MIA,669622,Anthony Bender,0,4,3,0,0,0,0,0
823862,20260523,MIA,677053,Andrew Nardi,0,2,0,0,0,0,1,1
823862,20260523,NYN,642547,Freddy Peralta,1,21,9,2,0,2,4,4
823862,20260523,NYN,702752,Jonathan Pintaro,0,3,0,0,0,0,0,0
823787,20260523,MIL,688107,Robert Gasser,1,13,4,4,0,1,4,4
823787,20260523,MIL,681982,Grant Anderson,0,5,0,1,0,0,0,0
823787,20260523,MIL,669084,DL Hall,0,4,0,2,0,0,3,3
823787,20260523,MIL,663765,Jake Woodford,0,5,1,4,0,0,4,4
823787,20260523,LAN,808963,Roki Sasaki,1,15,4,2,0,0,3,2
823787,20260523,LAN,681911,Alex Vesia,0,3,2,1,0,0,0,0
823787,20260523,LAN,669165,Kyle Hurt,0,3,1,2,0,0,0,0
823787,20260523,LAN,656945,Tanner Scott,0,3,3,0,0,0,0,0
823787,20260523,LAN,642546,Jonathan Hernández,0,3,1,0,0,0,0,0
823300,20260523,SDN,608337,Lucas Giolito,1,15,2,5,0,0,0,0
823300,20260523,SDN,669093,Jeremiah Estrada,0,3,0,1,0,0,0,0
823300,20260523,SDN,670970,Adrian Morejon,0,3,0,0,0,0,0,0
823300,20260523,SDN,592094,Jason Adam,0,3,3,0,0,0,0,0
823300,20260523,SDN,695243,Mason Miller,0,3,2,0,0,0,0,0
823300,20260523,ATH,669372,J.T. Ginn,1,7,4,6,1,0,2,2
823300,20260523,ATH,660761,José Suarez,0,8,4,1,0,0,0,0
823300,20260523,ATH,669270,Joel Kuhnel,0,6,2,0,0,0,0,0
823300,20260523,ATH,605130,Scott Barlow,0,3,0,1,0,0,0,0
824030,20260523,ANA,700712,Walbert Ureña,1,15,6,3,0,0,1,1
824030,20260523,ANA,666171,Ryan Zeferjahn,0,3,1,0,0,1,1,1
824030,20260523,ANA,642048,Tayler Saucedo,0,2,1,0,0,0,0,0
824030,20260523,ANA,681217,Chase Silseth,0,1,1,0,0,0,0,0
824030,20260523,ANA,820862,José Fermin,0,3,1,2,0,0,0,0
824030,20260523,ANA,489446,Kirby Yates,0,3,1,0,0,0,0,0
824030,20260523,TEX,543135,Nathan Eovaldi,1,21,6,2,1,1,3,3
824030,20260523,TEX,668390,Cole Winn,0,1,0,0,0,0,2,2
824030,20260523,TEX,641302,Tyler Alexander,0,2,0,1,0,0,0,0
825080,20260523,ARI,668678,Zac Gallen,1,16,6,2,0,0,3,3
825080,20260523,ARI,694297,Brandon Pfaadt,0,5,0,0,0,1,1,1
825080,20260523,ARI,656464,Kevin Ginkel,0,3,0,1,0,0,0,0
825080,20260523,ARI,623149,Paul Sewald,0,3,1,0,0,0,0,0
825080,20260523,COL,547179,Michael Lorenzen,1,15,5,1,0,1,5,5
825080,20260523,COL,624522,Keegan Thompson,0,8,2,2,0,0,0,0
825080,20260523,COL,678020,Seth Halvorsen,0,1,1,0,0,0,0,0
824840,20260524,BAL,669432,Trevor Rogers,1,14,2,2,0,1,4,4
824840,20260524,BAL,552640,Andrew Kittredge,0,1,0,1,0,0,0,0
824840,20260524,BAL,544150,Albert Suárez,0,12,1,0,0,0,0,0
824840,20260524,DET,675512,Troy Melton,1,17,3,3,0,0,1,1
824840,20260524,DET,663947,Tyler Holton,0,4,2,0,0,0,0,0
824840,20260524,DET,623454,Drew Anderson,0,6,4,2,0,0,0,0
822813,20260524,TOR,656302,Dylan Cease,1,14,8,1,0,2,2,2
822813,20260524,TOR,689254,Mason Fluharty,0,2,2,1,0,0,0,0
822813,20260524,TOR,695445,Chase Lee,0,5,0,2,0,1,2,2
822813,20260524,TOR,680755,Braydon Fisher,0,3,1,0,0,0,0,0
822813,20260524,TOR,684320,Yariel Rodríguez,0,3,1,0,1,0,0,0
822813,20260524,PIT,656605,Mitch Keller,1,18,5,3,1,0,1,1
822813,20260524,PIT,670990,Yohan Ramírez,0,1,0,1,0,0,0,0
822813,20260524,PIT,682254,Mason Montgomery,0,5,2,0,0,0,0,0
822813,20260524,PIT,642397,Gregory Soto,0,3,1,1,1,0,0,0
824839,20260524,BAL,687064,Brandon Young,1,20,4,2,0,0,2,0
824839,20260524,BAL,669211,Keegan Akin,0,3,1,2,0,0,1,1
824839,20260524,BAL,608650,Dietrich Enns,0,4,1,0,0,0,0,0
824839,20260524,DET,664285,Framber Valdez,1,18,5,2,0,1,1,1
824839,20260524,DET,676684,Will Vest,0,3,1,0,0,0,0,0
824839,20260524,DET,640448,Kyle Finnegan,0,2,0,1,0,0,1,1
824839,20260524,DET,445276,Kenley Jansen,0,3,0,2,0,1,3,3
824840,20260524,BAL,669432,Trevor Rogers,1,14,2,2,0,1,4,4
824840,20260524,BAL,552640,Andrew Kittredge,0,1,0,1,0,0,0,0
824840,20260524,BAL,544150,Albert Suárez,0,12,1,0,0,0,0,0
824840,20260524,DET,675512,Troy Melton,1,17,3,3,0,0,1,1
824840,20260524,DET,663947,Tyler Holton,0,4,2,0,0,0,0,0
824840,20260524,DET,623454,Drew Anderson,0,6,4,2,0,0,0,0
824759,20260524,BOS,543243,Sonny Gray,1,12,4,2,1,0,3,3
824759,20260524,BOS,543056,Danny Coulombe,0,3,1,1,0,0,0,0
824759,20260524,BOS,594027,Tyron Guerrero,0,2,2,0,0,0,2,2
824759,20260524,BOS,676477,Garrett Whitlock,0,1,1,0,0,0,1,1
824759,20260524,BOS,663558,Jovani Morán,0,3,2,0,0,0,0,0
824759,20260524,BOS,669711,Greg Weissert,0,3,1,1,0,0,0,0
824759,20260524,BOS,670245,Ryan Watson,0,3,1,1,0,0,0,0
824759,20260524,MIN,641927,Bailey Ober,1,15,3,0,0,2,4,4
824759,20260524,MIN,607455,Anthony Banda,0,3,0,0,0,0,0,0
824759,20260524,MIN,679358,Eric Orze,0,3,2,0,0,0,0,0
824759,20260524,MIN,573124,Taylor Rogers,0,1,0,0,0,0,0,0
824759,20260524,MIN,672782,Yoendrys Gómez,0,4,2,1,1,0,1,1
824759,20260524,MIN,701519,Travis Adams,0,1,0,0,0,0,0,0
823459,20260524,PHI,691725,Andrew Painter,1,19,3,2,0,0,2,2
823459,20260524,PHI,641835,Tim Mayza,0,2,0,0,0,0,0,0
823459,20260524,PHI,680742,Jonathan Bowlan,0,3,1,0,0,1,1,1
823459,20260524,PHI,621383,Tanner Banks,0,3,1,0,0,0,0,0
823459,20260524,CLE,800048,Parker Messick,1,17,6,2,0,0,0,0
823459,20260524,CLE,670059,Colin Holderman,0,1,0,1,0,0,0,0
823459,20260524,CLE,682120,Tim Herrin,0,2,1,1,0,0,1,1
823459,20260524,CLE,683769,Hunter Gaddis,0,4,2,0,0,0,0,0
823459,20260524,CLE,671922,Cade Smith,0,3,1,0,0,0,0,0
823544,20260524,NYA,677960,Ryan Weathers,1,21,4,3,0,0,0,0
823544,20260524,NYA,518585,Fernando Cruz,0,3,0,1,0,0,0,0
823544,20260524,NYA,657612,Tim Hill,0,3,2,1,0,0,0,0
823544,20260524,TBA,656876,Drew Rasmussen,1,21,6,1,0,0,0,0
823544,20260524,TBA,687330,Kevin Kelly,0,3,0,1,0,1,2,2
823861,20260524,MIA,663969,Tyler Phillips,1,11,4,2,0,0,0,0
823861,20260524,MIA,676534,Calvin Faucher,0,4,1,0,0,0,0,0
823861,20260524,MIA,667463,John King,0,2,0,1,1,0,0,0
823861,20260524,MIA,669622,Anthony Bender,0,3,0,1,0,0,0,0
823861,20260524,MIA,656848,Michael Petersen,0,4,2,0,0,0,0,0
823861,20260524,MIA,664126,Pete Fairbanks,0,3,1,1,0,0,0,0
823861,20260524,NYN,681035,Christian Scott,1,17,5,2,1,0,0,0
823861,20260524,NYN,623211,Huascar Brazobán,0,2,0,0,0,0,0,0
823861,20260524,NYN,548384,Brooks Raley,0,2,0,1,0,0,0,0
823861,20260524,NYN,596133,Luke Weaver,0,3,1,0,0,0,0,0
823861,20260524,NYN,642207,Devin Williams,0,1,0,2,0,1,4,4
824108,20260524,KCA,607625,Seth Lugo,1,19,3,2,0,1,3,3
824108,20260524,KCA,663738,Daniel Lynch IV,0,2,0,0,0,0,0,0
824108,20260524,KCA,670167,John Schreiber,0,3,1,0,0,0,0,0
824108,20260524,KCA,668674,Lucas Erceg,0,3,1,0,0,0,3,3
824108,20260524,SEA,693433,Bryan Woo,1,14,4,2,0,0,4,4
824108,20260524,SEA,678606,José A. Ferrer,0,1,0,0,0,0,0,0
824108,20260524,SEA,681867,Cooper Criswell,0,6,0,0,0,0,2,2
824108,20260524,SEA,695380,Alex Hoppe,0,3,1,2,0,0,2,2
823786,20260524,MIL,687075,Brandon Sproat,1,12,7,4,1,0,3,3
823786,20260524,MIL,675660,Shane Drohan,0,9,5,0,0,1,2,2
823786,20260524,MIL,692230,Carlos Rodriguez,0,6,0,2,0,0,0,0
823786,20260524,LAN,808967,Yoshinobu Yamamoto,1,21,3,1,1,0,1,1
823786,20260524,LAN,694361,Will Klein,0,3,2,0,0,0,0,0
823786,20260524,LAN,656945,Tanner Scott,0,3,2,0,0,0,0,0
824676,20260524,CHN,684007,Shota Imanaga,1,18,6,1,1,3,7,7
824676,20260524,CHN,681799,Ethan Roberts,0,3,1,0,0,0,0,0
824676,20260524,CHN,664208,Phil Maton,0,3,0,0,0,0,0,0
824676,20260524,CHN,573204,Caleb Thielbar,0,3,1,1,0,0,1,1
824676,20260524,HOU,663567,Peter Lambert,1,15,5,4,1,0,3,3
824676,20260524,HOU,805123,AJ Blubaugh,0,6,0,1,0,1,2,2
824676,20260524,HOU,650556,Bryan Abreu,0,3,0,1,0,0,0,0
824676,20260524,HOU,663878,Nate Pearson,0,3,0,1,0,0,0,0
823220,20260524,SFN,592662,Robbie Ray,1,12,3,7,0,1,4,4
823220,20260524,SFN,676775,Keaton Winn,0,6,1,1,0,0,0,0
823220,20260524,SFN,657424,Matt Gage,0,3,0,0,0,1,1,1
823220,20260524,SFN,669062,Erik Miller,0,3,1,0,0,0,0,0
823220,20260524,SFN,668873,Caleb Kilian,0,3,3,0,0,0,0,0
823220,20260524,CHA,702273,Noah Schultz,1,12,1,1,2,1,6,6
823220,20260524,CHA,691799,Grant Taylor,0,1,0,1,0,1,2,2
823220,20260524,CHA,699823,Tyler Davis,0,5,1,0,0,0,0,0
823220,20260524,CHA,622554,Seranthony Domínguez,0,3,2,0,0,0,0,0
823220,20260524,CHA,685126,Brandon Eisert,0,3,2,0,0,0,0,0
825081,20260524,ARI,669194,Ryne Nelson,1,24,3,3,0,0,1,1
825081,20260524,ARI,664199,Taylor Clarke,0,3,1,0,0,0,0,0
825081,20260524,COL,500779,Jose Quintana,1,4,0,0,0,0,6,6
825081,20260524,COL,680604,Blas Castaño,0,11,3,0,1,0,1,1
825081,20260524,COL,678020,Seth Halvorsen,0,3,1,0,0,0,2,2
825081,20260524,COL,657514,Brennan Bernardino,0,3,2,0,0,0,0,0
825081,20260524,COL,664954,Brett Sullivan,0,3,0,0,0,0,0,0
823297,20260524,SDN,650633,Michael King,1,11,4,4,0,1,4,4
823297,20260524,SDN,676760,Ron Marinaccio,0,9,2,1,0,0,0,0
823297,20260524,SDN,593974,Wandy Peralta,0,4,2,1,0,0,0,0
823297,20260524,SDN,699134,Bradgley Rodriguez,0,3,3,1,0,0,1,1
823297,20260524,ATH,665622,Luis Medina,1,4,1,0,0,0,0,0
823297,20260524,ATH,682052,Jacob Lopez,0,14,3,1,0,0,1,1
823297,20260524,ATH,686993,Justin Sterner,0,3,1,0,0,1,1,1
823297,20260524,ATH,643410,Mark Leiter Jr.,0,3,0,1,0,0,0,0
823297,20260524,ATH,663687,Hogan Harris,0,1,1,2,0,0,0,0
823297,20260524,ATH,605130,Scott Barlow,0,2,1,0,0,0,0,0
824921,20260524,ATL,527048,Martín Pérez,1,17,2,2,0,0,1,1
824921,20260524,ATL,800311,Didier Fuentes,0,1,1,0,0,0,0,0
824921,20260524,ATL,625643,Reynaldo López,0,6,2,2,0,0,1,1
824921,20260524,ATL,471911,Carlos Carrasco,0,3,0,0,1,0,0,0
824921,20260524,WAS,656492,Foster Griffin,1,18,6,1,1,0,0,0
824921,20260524,WAS,674841,Andrew Alvarez,0,4,1,1,0,0,0,0
824921,20260524,WAS,681402,Gus Varland,0,2,0,0,0,0,1,1
824921,20260524,WAS,663992,Richard Lovelady,0,1,0,1,0,0,0,0
824921,20260524,WAS,687377,Orlando Ribalta,0,2,1,0,0,0,0,0
824028,20260524,ANA,672282,Reid Detmers,1,24,14,0,0,1,1,1
824028,20260524,ANA,696147,Sam Bachman,0,3,2,1,0,0,0,0
824028,20260524,TEX,669022,MacKenzie Gore,1,18,7,2,0,0,1,1
824028,20260524,TEX,596001,Jakob Junis,0,6,4,0,0,0,0,0
824028,20260524,TEX,686560,Gavin Collyer,0,2,1,0,1,0,1,0
823380,20260525,PIT,669387,Carmen Mlodzinski,1,15,2,3,0,1,1,1
823380,20260525,PIT,696062,Wilber Dotel,0,9,4,0,0,0,0,0
823380,20260525,PIT,642397,Gregory Soto,0,3,1,0,0,0,0,0
823380,20260525,CHN,676962,Ben Brown,1,18,7,2,0,0,1,1
823380,20260525,CHN,663423,Trent Thornton,0,3,0,0,0,1,1,1
823380,20260525,CHN,657097,Jacob Webb,0,3,2,0,0,0,0,0
824838,20260525,BAL,680694,Kyle Bradish,1,18,3,2,0,1,1,1
824838,20260525,BAL,664991,Grant Wolfram,0,2,1,0,0,0,0,0
824838,20260525,BAL,666974,Yennier Cano,0,1,1,0,0,0,0,0
824838,20260525,BAL,689296,Anthony Nunez,0,3,0,0,0,0,1,1
824838,20260525,BAL,670329,Rico Garcia,0,6,1,2,0,0,0,0
824838,20260525,BAL,669330,Tyler Wells,0,6,3,0,0,1,3,1
824838,20260525,BAL,608650,Dietrich Enns,0,3,1,0,0,0,2,1
824838,20260525,TBA,663556,Shane McClanahan,1,16,3,2,1,0,0,0
824838,20260525,TBA,685801,Hunter Bigge,0,2,0,2,0,0,2,1
824838,20260525,TBA,668984,Casey Legumina,0,6,2,0,0,0,0,0
824838,20260525,TBA,641329,Bryan Baker,0,3,1,0,0,0,0,0
824838,20260525,TBA,693855,Ian Seymour,0,6,2,2,0,0,2,0
824838,20260525,TBA,669947,Jesse Scholtens,0,4,1,0,0,1,5,3
824598,20260525,CHA,641743,Anthony Kay,1,18,5,1,1,1,1,1
824598,20260525,CHA,691799,Grant Taylor,0,3,1,0,0,0,0,0
824598,20260525,CHA,663542,Bryan Hudson,0,3,0,0,0,0,0,0
824598,20260525,CHA,622554,Seranthony Domínguez,0,3,2,0,0,0,0,0
824598,20260525,MIN,805673,Zebby Matthews,1,18,6,1,1,2,3,3
824598,20260525,MIN,680573,Simeon Woods Richardson,0,6,1,1,0,0,0,0
823784,20260525,MIL,694819,Jacob Misiorowski,1,21,12,1,0,0,1,1
823784,20260525,MIL,676879,Aaron Ashby,0,6,1,0,0,0,0,0
823784,20260525,SLN,669461,Matthew Liberatore,1,15,10,2,0,1,3,3
823784,20260525,SLN,802408,Brycen Mautz,0,9,2,2,0,0,2,2
824107,20260525,KCA,608379,Michael Wacha,1,21,5,2,0,1,2,2
824107,20260525,KCA,663738,Daniel Lynch IV,0,3,1,0,0,0,0,0
824107,20260525,KCA,668674,Lucas Erceg,0,3,0,0,0,0,2,2
824107,20260525,NYA,701542,Will Warren,1,18,3,3,0,1,2,2
824107,20260525,NYA,687396,Brent Headrick,0,2,0,0,0,0,0,0
824107,20260525,NYA,656234,Jake Bird,0,2,1,1,0,1,1,1
824107,20260525,NYA,657612,Tim Hill,0,2,1,0,0,0,0,0
824107,20260525,NYA,670280,David Bednar,0,3,0,1,0,0,0,0
823625,20260525,NYN,690997,Nolan McLean,1,10,6,2,2,2,7,7
823625,20260525,NYN,681810,Austin Warren,0,5,3,1,0,0,0,0
823625,20260525,NYN,702752,Jonathan Pintaro,0,8,3,1,0,0,0,0
823625,20260525,NYN,668964,Tobias Myers,0,4,3,0,0,0,0,0
823625,20260525,CIN,666157,Nick Lodolo,1,18,7,0,2,1,1,1
823625,20260525,CIN,656271,Brock Burke,0,2,0,0,0,0,1,1
823625,20260525,CIN,622088,Tejay Antone,0,1,0,0,0,0,0,0
823625,20260525,CIN,594580,Sam Moll,0,3,3,0,0,0,0,0
823625,20260525,CIN,668933,Graham Ashcraft,0,3,2,0,0,0,0,0
823219,20260525,SFN,694738,Landen Roupp,1,15,7,1,0,1,4,2
823219,20260525,SFN,666711,Joel Peguero,0,1,0,1,0,0,2,2
823219,20260525,SFN,656529,Sam Hentges,0,2,1,1,0,0,0,0
823219,20260525,SFN,664141,JT Brubaker,0,9,1,1,0,0,0,0
823219,20260525,ARI,518876,Merrill Kelly,1,21,4,2,0,0,2,2
823219,20260525,ARI,642528,Jonathan Loáisiga,0,3,0,0,0,0,0,0
823219,20260525,ARI,805299,Brandyn Garcia,0,3,1,0,1,0,0,0
824437,20260525,CLE,676440,Tanner Bibee,1,9,3,0,0,5,7,7
824437,20260525,CLE,670036,Matt Festa,0,6,1,0,0,1,1,1
824437,20260525,CLE,671106,Logan Allen,0,12,7,1,0,0,2,0
824437,20260525,WAS,676571,PJ Poulin,1,6,0,1,0,1,1,1
824437,20260525,WAS,641793,Zack Littell,0,21,7,2,0,0,1,1
823296,20260525,SDN,656288,Griffin Canning,1,20,5,3,0,2,3,3
823296,20260525,SDN,669093,Jeremiah Estrada,0,1,1,0,0,0,0,0
823296,20260525,SDN,673513,Yuki Matsui,0,6,1,1,0,0,0,0
823296,20260525,PHI,666200,Jesús Luzardo,1,18,6,2,1,0,0,0
823296,20260525,PHI,689147,Orion Kerkering,0,3,2,0,0,0,0,0
823296,20260525,PHI,641745,Brad Keller,0,3,1,1,0,0,0,0
823296,20260525,PHI,661395,Jhoan Duran,0,3,1,0,0,0,0,0
822899,20260525,TEX,677958,Kumar Rocker,1,15,5,2,1,1,4,4
822899,20260525,TEX,682608,Peyton Gray,0,6,2,0,1,1,5,3
822899,20260525,TEX,455119,Chris Martin,0,3,0,1,0,0,0,0
822899,20260525,TEX,664059,Sam Haggerty,0,3,0,0,1,0,0,0
822899,20260525,HOU,837227,Tatsuya Imai,1,18,2,4,0,0,0,0
822899,20260525,HOU,595345,Steven Okert,0,3,1,1,0,0,0,0
822899,20260525,HOU,695001,Alimber Santa,0,6,1,0,0,0,0,0
822812,20260525,TOR,702056,Trey Yesavage,1,20,6,2,0,0,5,5
822812,20260525,TOR,689254,Mason Fluharty,0,1,1,0,0,0,0,0
822812,20260525,TOR,643511,Tyler Rogers,0,2,0,1,0,0,3,3
822812,20260525,TOR,671936,Adam Macko,0,1,1,0,0,0,0,0
822812,20260525,TOR,681084,Tanner Andrews,0,3,0,0,0,0,0,0
822812,20260525,MIA,676083,Janson Junk,1,15,3,0,0,0,1,1
822812,20260525,MIA,669199,Lake Bachar,0,4,3,0,0,1,1,1
822812,20260525,MIA,677053,Andrew Nardi,0,2,1,0,1,0,0,0
822812,20260525,MIA,667463,John King,0,3,0,0,0,0,0,0
822812,20260525,MIA,806188,Cade Gibson,0,3,1,1,0,0,0,0
823948,20260525,LAN,686218,Emmet Sheehan,1,18,8,1,1,0,2,2
823948,20260525,LAN,669165,Kyle Hurt,0,3,1,0,0,1,1,1
823948,20260525,LAN,694361,Will Klein,0,3,2,0,0,0,0,0
823948,20260525,LAN,681911,Alex Vesia,0,2,0,0,0,0,0,0
823948,20260525,LAN,595014,Blake Treinen,0,1,1,0,0,0,0,0
823948,20260525,COL,685299,Tanner Gordon,1,15,3,1,0,0,1,1
823948,20260525,COL,675848,Juan Mejia,0,3,0,2,0,0,2,2
823948,20260525,COL,657514,Brennan Bernardino,0,2,0,0,1,0,2,2
823948,20260525,COL,677955,Jaden Hill,0,1,0,0,0,0,0,0
823948,20260525,COL,700327,Welinton Herrera,0,3,0,0,0,0,0,0
825005,20260525,ATH,650644,Aaron Civale,1,12,2,1,0,3,7,7
825005,20260525,ATH,678022,Jack Perkins,0,14,7,0,0,1,2,2
825005,20260525,ATH,669270,Joel Kuhnel,0,1,1,0,0,0,0,0
825005,20260525,SEA,622491,Luis Castillo,1,12,6,2,0,0,0,0
825005,20260525,SEA,682243,Bryce Miller,0,15,4,0,0,1,2,2
824434,20260526,CLE,676282,Joey Cantillo,1,6,1,4,0,1,4,4
824434,20260526,CLE,676051,Codi Heuer,0,6,0,1,0,0,0,0
824434,20260526,CLE,542888,Shawn Armstrong,0,3,1,0,0,0,0,0
824434,20260526,CLE,670059,Colin Holderman,0,3,1,0,0,0,0,0
824434,20260526,CLE,702021,Will Dion,0,9,3,0,0,0,2,2
824434,20260526,WAS,676917,Cade Cavalli,1,18,7,2,0,0,1,1
824434,20260526,WAS,680730,Mitchell Parker,0,9,5,1,1,0,2,2
824837,20260526,BAL,669358,Shane Baz,1,21,9,2,0,0,1,1
824837,20260526,BAL,664991,Grant Wolfram,0,3,0,0,0,0,0,0
824837,20260526,BAL,552640,Andrew Kittredge,0,3,1,0,0,0,0,0
824837,20260526,TBA,643377,Griffin Jax,1,6,3,0,0,0,3,1
824837,20260526,TBA,664076,Garrett Cleavinger,0,6,3,0,0,0,0,0
824837,20260526,TBA,694680,Trevor Martin,0,9,1,2,0,1,3,0
824837,20260526,TBA,518886,Craig Kimbrel,0,3,2,0,0,0,0,0
824275,20260526,DET,672456,Keider Montero,1,17,7,1,1,1,4,4
824275,20260526,DET,669724,Brenan Hanifee,0,2,0,0,0,0,0,0
824275,20260526,DET,676684,Will Vest,0,4,1,1,0,1,5,5
824275,20260526,DET,663947,Tyler Holton,0,4,3,0,0,1,1,1
824275,20260526,ANA,686799,Jack Kochanowicz,1,12,4,2,1,0,5,5
824275,20260526,ANA,815083,Mitch Farris,0,5,3,3,0,1,1,1
824275,20260526,ANA,820862,José Fermin,0,4,3,0,0,0,0,0
824275,20260526,ANA,681217,Chase Silseth,0,3,1,0,0,0,0,0
824275,20260526,ANA,489446,Kirby Yates,0,3,1,1,0,0,0,0
823379,20260526,PIT,677952,Braxton Ashcraft,1,19,5,1,2,0,1,1
823379,20260526,PIT,684049,Brandan Bidois,0,5,3,0,0,0,0,0
823379,20260526,PIT,642701,Dennis Santana,0,3,1,1,0,0,0,0
823379,20260526,CHN,696136,Jordan Wicks,1,13,5,1,1,1,8,8
823379,20260526,CHN,669020,Ryan Rolison,0,5,1,1,0,0,1,0
823379,20260526,CHN,694037,Daniel Palencia,0,3,1,0,0,1,1,1
823379,20260526,CHN,571948,Hoby Milner,0,3,1,0,0,0,2,2
824758,20260526,BOS,624133,Ranger Suarez,1,15,4,3,1,1,5,5
824758,20260526,BOS,669711,Greg Weissert,0,3,1,0,0,0,0,0
824758,20260526,BOS,543056,Danny Coulombe,0,3,1,0,0,0,0,0
824758,20260526,BOS,594027,Tyron Guerrero,0,6,4,0,0,1,2,2
824758,20260526,ATL,675911,Spencer Strider,1,15,5,3,0,2,3,3
824758,20260526,ATL,800311,Didier Fuentes,0,2,0,1,0,0,0,0
824758,20260526,ATL,669276,Dylan Lee,0,4,1,0,0,1,1,1
824758,20260526,ATL,663158,Robert Suarez,0,3,1,0,0,0,0,0
824758,20260526,ATL,628452,Raisel Iglesias,0,3,1,0,0,0,2,2
822811,20260526,TOR,680755,Braydon Fisher,1,3,1,0,0,0,0,0
822811,20260526,TOR,693686,Spencer Miles,0,13,3,1,0,0,1,1
822811,20260526,TOR,671936,Adam Macko,0,2,0,0,0,0,0,0
822811,20260526,TOR,684320,Yariel Rodríguez,0,3,0,0,0,0,0,0
822811,20260526,TOR,681084,Tanner Andrews,0,6,1,2,0,0,0,0
822811,20260526,MIA,645261,Sandy Alcantara,1,17,4,1,4,3,8,8
822811,20260526,MIA,806188,Cade Gibson,0,7,2,0,0,0,0,0
823624,20260526,NYN,656849,David Peterson,1,15,4,3,0,0,6,6
823624,20260526,NYN,640455,Sean Manaea,0,9,6,2,0,0,1,1
823624,20260526,NYN,621345,A.J. Minter,0,3,2,0,0,0,0,0
823624,20260526,CIN,695505,Chase Burns,1,16,8,2,0,1,2,2
823624,20260526,CIN,594580,Sam Moll,0,5,2,0,0,0,0,0
823624,20260526,CIN,572955,Pierce Johnson,0,2,0,0,0,0,0,0
823624,20260526,CIN,656271,Brock Burke,0,1,0,0,0,0,0,0
823624,20260526,CIN,663574,Tony Santillan,0,3,0,0,0,0,0,0
824597,20260526,CHA,680732,Sean Burke,1,21,8,2,0,0,2,2
824597,20260526,CHA,656794,Sean Newcomb,0,6,2,0,0,0,0,0
824597,20260526,CHA,663542,Bryan Hudson,0,3,2,0,0,0,0,0
824597,20260526,CHA,699823,Tyler Davis,0,3,1,1,0,0,3,2
824597,20260526,MIN,657746,Joe Ryan,1,23,9,0,2,1,2,2
824597,20260526,MIN,607455,Anthony Banda,0,2,1,0,0,0,0,0
824597,20260526,MIN,702193,Andrew Morris,0,2,0,0,0,0,0,0
824597,20260526,MIN,573124,Taylor Rogers,0,3,1,0,0,0,0,0
824597,20260526,MIN,672782,Yoendrys Gómez,0,3,1,0,0,0,1,0
824106,20260526,KCA,663559,Bailey Falter,1,7,0,0,0,3,7,7
824106,20260526,KCA,679883,Luinder Avila,0,9,1,2,0,0,3,3
824106,20260526,KCA,674444,Steven Cruz,0,5,4,1,0,1,1,1
824106,20260526,KCA,669212,Eli Morgan,0,3,0,1,0,1,2,2
824106,20260526,KCA,686475,Tyler Tolbert,0,3,0,1,0,1,2,2
824106,20260526,NYA,693645,Cam Schlittler,1,18,6,0,0,1,1,1
824106,20260526,NYA,642232,Ryan Yarbrough,0,9,0,1,0,0,0,0
823785,20260526,MIL,690986,Kyle Harrison,1,18,2,0,0,0,0,0
823785,20260526,MIL,681982,Grant Anderson,0,3,1,0,0,0,0,0
823785,20260526,MIL,682842,Abner Uribe,0,3,2,1,0,0,0,0
823785,20260526,MIL,656730,Trevor Megill,0,3,0,0,0,0,0,0
823785,20260526,SLN,700241,Michael McGreevy,1,12,6,3,0,1,5,5
823785,20260526,SLN,681676,Ryan Fernandez,0,3,3,1,0,1,1,1
823785,20260526,SLN,677865,Justin Bruihl,0,6,2,0,0,0,0,0
823785,20260526,SLN,690155,Matt Pushard,0,3,1,0,0,0,0,0
822898,20260526,TEX,683004,Jack Leiter,1,18,4,3,2,1,4,4
822898,20260526,TEX,596001,Jakob Junis,0,3,0,0,0,0,0,0
822898,20260526,TEX,656222,Jalen Beeks,0,2,1,0,0,2,2,2
822898,20260526,TEX,656641,Jacob Latz,0,4,2,0,0,1,1,1
822898,20260526,HOU,669920,Jason Alexander,1,18,4,2,1,2,9,9
822898,20260526,HOU,805123,AJ Blubaugh,0,6,0,0,0,0,1,1
825004,20260526,ATH,695611,Gage Jump,1,15,5,1,1,0,4,4
825004,20260526,ATH,660761,José Suarez,0,5,1,0,1,0,0,0
825004,20260526,ATH,686993,Justin Sterner,0,4,1,0,0,0,0,0
825004,20260526,ATH,663687,Hogan Harris,0,3,1,0,0,0,0,0
825004,20260526,SEA,676106,Emerson Hancock,1,18,3,2,1,0,0,0
825004,20260526,SEA,678606,José A. Ferrer,0,3,0,0,0,0,0,0
825004,20260526,SEA,642100,Gabe Speier,0,3,1,0,1,0,0,0
825004,20260526,SEA,662253,Andrés Muñoz,0,3,1,0,0,1,1,1
823294,20260526,SDN,681190,Randy Vásquez,1,17,2,1,0,3,4,4
823294,20260526,SDN,699134,Bradgley Rodriguez,0,4,1,0,0,0,0,0
823294,20260526,SDN,593974,Wandy Peralta,0,3,0,2,1,0,0,0
823294,20260526,SDN,670970,Adrian Morejon,0,3,1,0,0,0,0,0
823294,20260526,PHI,605400,Aaron Nola,1,18,5,0,0,1,2,2
823294,20260526,PHI,689147,Orion Kerkering,0,3,3,1,0,0,0,0
823294,20260526,PHI,641745,Brad Keller,0,3,1,1,0,1,1,1
823294,20260526,PHI,661395,Jhoan Duran,0,3,2,0,0,0,0,0
823216,20260526,SFN,641816,Tyler Mahle,1,15,3,3,0,1,3,3
823216,20260526,SFN,676775,Keaton Winn,0,3,1,0,0,0,1,0
823216,20260526,SFN,669062,Erik Miller,0,3,2,1,0,1,2,2
823216,20260526,SFN,621366,Ryan Borucki,0,6,1,2,0,0,1,1
823216,20260526,ARI,593958,Eduardo Rodriguez,1,18,6,2,0,1,2,2
823216,20260526,ARI,656464,Kevin Ginkel,0,3,2,0,0,1,1,1
823216,20260526,ARI,666661,Juan Morillo,0,3,1,1,0,0,1,1
823216,20260526,ARI,623149,Paul Sewald,0,3,1,0,0,1,1,1
823949,20260526,LAN,641778,Eric Lauer,1,18,4,1,0,1,1,1
823949,20260526,LAN,642546,Jonathan Hernández,0,6,3,1,0,0,0,0
823949,20260526,LAN,500743,Miguel Rojas,0,3,0,0,0,2,5,5
823949,20260526,COL,607536,Kyle Freeland,1,12,4,0,1,3,8,8
823949,20260526,COL,688642,Zach Agnos,0,6,1,1,1,2,7,7
823949,20260526,COL,700327,Welinton Herrera,0,3,2,0,0,0,0,0
823949,20260526,COL,664954,Brett Sullivan,0,3,0,0,0,0,0,0
822809,20260527,TOR,592332,Kevin Gausman,1,15,5,2,1,0,1,1
822809,20260527,TOR,689254,Mason Fluharty,0,2,0,0,1,0,0,0
822809,20260527,TOR,656546,Jeff Hoffman,0,4,2,0,0,0,0,0
822809,20260527,TOR,686973,Louis Varland,0,3,1,0,0,0,0,0
822809,20260527,TOR,643511,Tyler Rogers,0,3,0,0,0,0,0,0
822809,20260527,MIA,691587,Eury Pérez,1,12,9,0,1,0,0,0
822809,20260527,MIA,656848,Michael Petersen,0,2,0,2,0,0,1,1
822809,20260527,MIA,677053,Andrew Nardi,0,4,2,0,0,1,1,1
822809,20260527,MIA,667463,John King,0,3,1,0,0,0,0,0
822809,20260527,MIA,664126,Pete Fairbanks,0,3,1,0,0,0,0,0
824432,20260527,CLE,668909,Gavin Williams,1,21,4,2,1,0,1,1
824432,20260527,CLE,682120,Tim Herrin,0,3,2,0,0,0,0,0
824432,20260527,CLE,671922,Cade Smith,0,3,2,0,0,0,1,1
824432,20260527,WAS,676571,PJ Poulin,1,3,1,1,0,0,0,0
824432,20260527,WAS,571945,Miles Mikolas,0,11,1,0,0,0,2,2
824432,20260527,WAS,663992,Richard Lovelady,0,1,0,1,0,0,1,1
824432,20260527,WAS,687377,Orlando Ribalta,0,3,0,0,0,0,0,0
824432,20260527,WAS,690925,Clayton Beeter,0,3,0,1,0,0,0,0
824432,20260527,WAS,681402,Gus Varland,0,3,0,0,0,0,0,0
823783,20260527,MIL,694477,Chad Patrick,1,12,4,1,0,0,1,1
823783,20260527,MIL,675660,Shane Drohan,0,6,1,0,0,0,0,0
823783,20260527,MIL,676879,Aaron Ashby,0,6,2,1,0,0,0,0
823783,20260527,MIL,656730,Trevor Megill,0,3,1,0,0,0,0,0
823783,20260527,SLN,669160,Dustin May,1,21,9,0,1,0,2,1
823783,20260527,SLN,668941,JoJo Romero,0,3,1,0,0,0,0,0
825003,20260527,ATH,605488,Jeffrey Springs,1,15,7,1,0,1,5,2
825003,20260527,ATH,669270,Joel Kuhnel,0,3,0,1,0,0,1,1
825003,20260527,ATH,665622,Luis Medina,0,6,2,1,0,1,3,3
825003,20260527,ATH,660761,José Suarez,0,3,0,0,0,0,0,0
825003,20260527,SEA,669302,Logan Gilbert,1,18,6,2,0,0,0,0
825003,20260527,SEA,660825,Eduard Bazardo,0,3,1,0,0,0,0,0
825003,20260527,SEA,681867,Cooper Criswell,0,6,1,1,0,0,1,1
823217,20260527,SFN,686790,Trevor McDonald,1,19,6,2,1,0,3,2
823217,20260527,SFN,657424,Matt Gage,0,2,1,0,0,0,0,0
823217,20260527,SFN,668873,Caleb Kilian,0,6,1,0,0,0,0,0
823217,20260527,ARI,647336,Michael Soroka,1,18,3,0,0,0,2,2
823217,20260527,ARI,657044,Ryan Thompson,0,2,0,1,0,0,0,0
823217,20260527,ARI,805299,Brandyn Garcia,0,1,1,0,0,0,0,0
823217,20260527,ARI,656464,Kevin Ginkel,0,3,0,0,0,0,0,0
823217,20260527,ARI,623149,Paul Sewald,0,3,1,0,0,0,0,0
823295,20260527,SDN,621111,Walker Buehler,1,16,2,0,1,0,2,2
823295,20260527,SDN,670970,Adrian Morejon,0,2,0,0,0,0,0,0
823295,20260527,SDN,669093,Jeremiah Estrada,0,3,1,0,0,0,0,0
823295,20260527,SDN,592094,Jason Adam,0,3,0,0,0,0,0,0
823295,20260527,SDN,676760,Ron Marinaccio,0,3,0,0,0,1,1,1
823295,20260527,PHI,650911,Cristopher Sánchez,1,21,9,0,0,0,0,0
823295,20260527,PHI,680742,Jonathan Bowlan,0,3,0,0,0,0,0,0
823295,20260527,PHI,621237,José Alvarado,0,3,2,0,0,0,0,0
824836,20260527,BAL,694346,Trey Gibson,1,17,1,4,0,0,1,1
824836,20260527,BAL,669211,Keegan Akin,0,4,0,0,0,0,0,0
824836,20260527,BAL,666974,Yennier Cano,0,0,0,1,0,0,1,1
824836,20260527,BAL,552640,Andrew Kittredge,0,3,3,0,0,0,0,0
824836,20260527,BAL,689296,Anthony Nunez,0,3,0,0,0,0,0,0
824836,20260527,TBA,571927,Steven Matz,1,9,2,2,0,1,6,6
824836,20260527,TBA,685801,Hunter Bigge,0,3,1,0,0,0,0,0
824836,20260527,TBA,669169,Jonathan Heasley,0,12,2,0,0,2,5,5
824270,20260527,DET,663554,Casey Mize,1,12,6,1,0,0,0,0
824270,20260527,DET,623454,Drew Anderson,0,9,3,0,0,0,0,0
824270,20260527,DET,640448,Kyle Finnegan,0,3,0,0,0,0,0,0
824270,20260527,DET,445276,Kenley Jansen,0,2,0,1,0,0,0,0
824270,20260527,DET,669724,Brenan Hanifee,0,1,0,1,0,0,0,0
824270,20260527,ANA,667755,José Soriano,1,15,4,4,0,1,3,3
824270,20260527,ANA,608718,Brent Suter,0,9,2,0,0,0,1,0
823376,20260527,PIT,696149,Bubba Chandler,1,15,5,2,0,0,4,4
823376,20260527,PIT,681895,Evan Sisk,0,2,1,1,0,0,0,0
823376,20260527,PIT,670990,Yohan Ramírez,0,1,0,0,1,1,4,4
823376,20260527,PIT,664875,Justin Lawrence,0,5,3,2,0,1,2,1
823376,20260527,PIT,642701,Dennis Santana,0,4,1,2,1,0,0,0
823376,20260527,CHN,592791,Jameson Taillon,1,15,4,2,0,2,4,4
823376,20260527,CHN,657097,Jacob Webb,0,3,3,0,0,0,0,0
823376,20260527,CHN,664208,Phil Maton,0,3,1,1,0,0,0,0
823376,20260527,CHN,573204,Caleb Thielbar,0,3,1,0,0,0,0,0
823376,20260527,CHN,681799,Ethan Roberts,0,3,0,1,0,0,0,0
824756,20260527,BOS,813349,Connelly Early,1,21,7,3,0,0,0,0
824756,20260527,BOS,670245,Ryan Watson,0,6,1,1,0,0,0,0
824756,20260527,ATL,693821,Bryce Elder,1,10,1,1,0,0,6,5
824756,20260527,ATL,689266,Dylan Dodd,0,2,0,0,0,0,0,0
824756,20260527,ATL,471911,Carlos Carrasco,0,12,2,0,0,1,2,2
823626,20260527,NYN,623211,Huascar Brazobán,1,3,2,1,0,0,0,0
823626,20260527,NYN,804636,Jonah Tong,0,11,1,4,0,0,1,0
823626,20260527,NYN,668964,Tobias Myers,0,2,0,0,0,0,1,1
823626,20260527,NYN,548384,Brooks Raley,0,4,1,1,1,0,0,0
823626,20260527,NYN,596133,Luke Weaver,0,4,1,0,0,0,0,0
823626,20260527,NYN,642207,Devin Williams,0,3,3,3,0,0,0,0
823626,20260527,CIN,671096,Andrew Abbott,1,18,4,1,0,2,3,3
823626,20260527,CIN,687209,Zach Maxwell,0,2,0,1,0,0,1,1
823626,20260527,CIN,657571,Caleb Ferguson,0,4,1,0,0,0,0,0
824596,20260527,CHA,689818,David Sandlin,1,18,4,0,0,1,1,1
824596,20260527,CHA,685126,Brandon Eisert,0,6,1,0,0,1,1,1
824596,20260527,CHA,670950,Trevor Richards,0,3,0,0,0,0,0,0
824596,20260527,MIN,687570,Connor Prielipp,1,13,5,3,0,0,6,6
824596,20260527,MIN,679358,Eric Orze,0,5,1,0,0,0,3,3
824596,20260527,MIN,701519,Travis Adams,0,3,2,2,0,2,5,5
824596,20260527,MIN,606115,Orlando Arcia,0,3,0,2,0,0,1,1
824104,20260527,KCA,702070,Noah Cameron,1,15,4,1,0,0,2,2
824104,20260527,KCA,670167,John Schreiber,0,3,0,0,0,0,0,0
824104,20260527,KCA,683232,Nick Mears,0,2,1,2,0,0,3,3
824104,20260527,KCA,656638,Alex Lange,0,1,0,0,0,0,0,0
824104,20260527,KCA,696131,Mason Black,0,6,2,1,0,1,2,2
824104,20260527,NYA,543037,Gerrit Cole,1,20,10,0,0,0,0,0
824104,20260527,NYA,518585,Fernando Cruz,0,4,0,0,0,0,0,0
824104,20260527,NYA,666808,Camilo Doval,0,3,0,0,0,0,0,0
822897,20260527,TEX,594798,Jacob deGrom,1,18,6,1,0,1,2,2
822897,20260527,TEX,455119,Chris Martin,0,3,0,0,0,0,0,0
822897,20260527,TEX,641302,Tyler Alexander,0,1,0,1,0,1,2,1
822897,20260527,TEX,686560,Gavin Collyer,0,5,2,2,0,0,0,0
822897,20260527,HOU,681347,Mike Burrows,1,21,6,1,0,1,2,2
822897,20260527,HOU,687911,Bryan King,0,1,1,1,0,1,1,1
822897,20260527,HOU,660853,Enyel De Los Santos,0,5,3,0,0,0,0,0
823947,20260527,LAN,660271,Shohei Ohtani,1,18,7,4,1,0,1,1
823947,20260527,LAN,694361,Will Klein,0,3,0,0,0,0,0,0
823947,20260527,LAN,656945,Tanner Scott,0,3,2,0,0,0,0,0
823947,20260527,LAN,669165,Kyle Hurt,0,3,1,0,0,0,0,0
823947,20260527,COL,608372,Tomoyuki Sugano,1,14,3,1,0,2,3,3
823947,20260527,COL,657514,Brennan Bernardino,0,4,0,0,0,0,0,0
823947,20260527,COL,622608,Antonio Senzatela,0,3,0,1,0,1,1,1
823947,20260527,COL,680604,Blas Castaño,0,3,1,0,0,0,0,0
824272,20260528,DET,656427,Jack Flaherty,1,17,9,1,0,0,3,3
824272,20260528,DET,805427,Drew Sommers,0,1,1,0,0,0,0,0
824272,20260528,DET,669724,Brenan Hanifee,0,3,1,0,0,0,0,0
824272,20260528,DET,676568,Ricky Vanasco,0,6,1,2,0,0,4,4
824272,20260528,ANA,680570,Grayson Rodriguez,1,15,5,2,0,1,1,1
824272,20260528,ANA,519141,Drew Pomeranz,0,3,1,0,0,0,0,0
824272,20260528,ANA,820862,José Fermin,0,3,1,1,0,0,0,0
824272,20260528,ANA,696147,Sam Bachman,0,3,1,2,0,0,0,0
824272,20260528,ANA,666171,Ryan Zeferjahn,0,3,1,2,0,0,0,0
824595,20260528,CHA,663436,Davis Martin,1,18,5,2,0,0,1,1
824595,20260528,CHA,673929,Jordan Leasure,0,3,0,0,0,0,1,1
824595,20260528,CHA,699823,Tyler Davis,0,3,2,0,0,0,0,0
824595,20260528,CHA,691799,Grant Taylor,0,3,1,0,0,0,0,0
824595,20260528,MIN,680573,Simeon Woods Richardson,1,8,4,3,0,0,5,5
824595,20260528,MIN,702193,Andrew Morris,0,4,3,0,0,0,1,0
824595,20260528,MIN,701519,Travis Adams,0,3,1,0,0,0,0,0
824595,20260528,MIN,573124,Taylor Rogers,0,3,0,0,0,0,0,0
824595,20260528,MIN,607455,Anthony Banda,0,3,0,1,0,0,0,0
824595,20260528,MIN,672782,Yoendrys Gómez,0,3,2,0,0,0,0,0
824757,20260528,BOS,801139,Payton Tolle,1,14,7,2,0,0,2,2
824757,20260528,BOS,594027,Tyron Guerrero,0,1,0,0,0,0,0,0
824757,20260528,BOS,543056,Danny Coulombe,0,0,0,2,0,0,3,3
824757,20260528,BOS,669711,Greg Weissert,0,3,0,1,0,1,2,2
824757,20260528,BOS,663558,Jovani Morán,0,6,2,0,0,1,1,1
824757,20260528,BOS,670245,Ryan Watson,0,3,1,0,0,1,2,2
824757,20260528,ATL,519242,Chris Sale,1,15,8,3,1,0,2,2
824757,20260528,ATL,641755,Tyler Kinley,0,3,1,0,0,0,0,0
824757,20260528,ATL,625643,Reynaldo López,0,6,0,0,0,0,0,0
824757,20260528,ATL,689266,Dylan Dodd,0,3,2,0,0,0,0,0
824834,20260528,BAL,605135,Chris Bassitt,1,18,2,1,1,1,1,1
824834,20260528,BAL,664991,Grant Wolfram,0,3,0,0,0,0,0,0
824834,20260528,BAL,689296,Anthony Nunez,0,3,2,3,0,0,1,1
824834,20260528,BAL,687721,Cameron Weston,0,3,1,1,0,0,0,0
824834,20260528,TOR,571578,Patrick Corbin,1,15,4,1,0,1,1,1
824834,20260528,TOR,680755,Braydon Fisher,0,3,1,0,0,0,0,0
824834,20260528,TOR,656546,Jeff Hoffman,0,3,2,0,0,0,0,0
824834,20260528,TOR,643511,Tyler Rogers,0,2,1,0,0,0,0,0
824834,20260528,TOR,686973,Louis Varland,0,4,0,0,0,0,0,0
823378,20260528,PIT,694973,Paul Skenes,1,16,10,3,0,0,3,1
823378,20260528,PIT,682254,Mason Montgomery,0,5,2,0,0,0,0,0
823378,20260528,PIT,684049,Brandan Bidois,0,3,1,2,0,1,3,2
823378,20260528,PIT,670990,Yohan Ramírez,0,3,1,1,0,0,1,1
823378,20260528,CHN,607067,Colin Rea,1,16,5,3,1,1,2,2
823378,20260528,CHN,571948,Hoby Milner,0,2,1,0,0,0,0,0
823378,20260528,CHN,573204,Caleb Thielbar,0,3,2,2,0,0,0,0
823378,20260528,CHN,663423,Trent Thornton,0,6,0,0,0,0,0,0
822896,20260528,TEX,543135,Nathan Eovaldi,1,21,6,2,0,2,5,5
822896,20260528,TEX,615698,Cal Quantrill,0,6,1,0,0,0,0,0
822896,20260528,HOU,681293,Spencer Arrighetti,1,18,3,1,2,1,1,1
822896,20260528,HOU,663878,Nate Pearson,0,2,2,1,0,0,0,0
822896,20260528,HOU,595345,Steven Okert,0,2,0,0,1,0,0,0
822896,20260528,HOU,660853,Enyel De Los Santos,0,2,1,1,0,0,0,0
822896,20260528,HOU,650556,Bryan Abreu,0,3,2,0,0,0,0,0
824515,20260529,CIN,663978,Chris Paddack,1,15,0,3,0,1,4,4
824515,20260529,CIN,628708,Yunior Marte,0,1,1,1,1,0,4,4
824515,20260529,CIN,657571,Caleb Ferguson,0,5,3,0,0,0,0,0
824515,20260529,CIN,687209,Zach Maxwell,0,6,1,0,0,0,0,0
824515,20260529,ATL,656550,Grant Holmes,1,14,5,1,0,2,3,3
824515,20260529,ATL,800311,Didier Fuentes,0,4,1,0,0,0,0,0
824515,20260529,ATL,669276,Dylan Lee,0,3,3,0,0,0,0,0
824515,20260529,ATL,663158,Robert Suarez,0,3,1,0,0,0,0,0
824515,20260529,ATL,641755,Tyler Kinley,0,3,1,0,0,0,0,0
822732,20260529,WAS,687606,Paxton Schultz,1,3,1,1,0,0,1,1
822732,20260529,WAS,674841,Andrew Alvarez,0,9,1,2,0,0,3,3
822732,20260529,WAS,687377,Orlando Ribalta,0,3,0,0,0,0,0,0
822732,20260529,WAS,680730,Mitchell Parker,0,6,1,0,0,2,3,1
822732,20260529,WAS,669371,Cole Henry,0,6,2,1,1,0,0,0
822732,20260529,SDN,608337,Lucas Giolito,1,8,1,4,0,2,4,4
822732,20260529,SDN,673513,Yuki Matsui,0,6,1,0,1,0,1,1
822732,20260529,SDN,669093,Jeremiah Estrada,0,4,2,0,0,0,0,0
822732,20260529,SDN,670970,Adrian Morejon,0,4,2,0,0,0,0,0
822732,20260529,SDN,592094,Jason Adam,0,1,0,0,0,0,0,0
822732,20260529,SDN,695243,Mason Miller,0,4,2,2,0,0,0,0
823377,20260529,PIT,683003,Jared Jones,1,13,6,2,0,2,5,5
823377,20260529,PIT,681895,Evan Sisk,0,2,1,0,0,0,0,0
823377,20260529,PIT,696062,Wilber Dotel,0,9,4,0,0,0,0,0
823377,20260529,PIT,642397,Gregory Soto,0,3,1,0,0,0,0,0
823377,20260529,MIN,671737,Taj Bradley,1,12,6,2,0,1,4,4
823377,20260529,MIN,679358,Eric Orze,0,5,3,0,0,0,0,0
823377,20260529,MIN,672782,Yoendrys Gómez,0,2,1,1,0,0,0,0
823377,20260529,MIN,607455,Anthony Banda,0,2,1,2,0,0,0,0
823377,20260529,MIN,689520,Cody Laweryson,0,3,1,0,0,0,0,0
823377,20260529,MIN,573124,Taylor Rogers,0,1,1,0,0,1,2,2
824835,20260529,BAL,669432,Trevor Rogers,1,18,3,1,0,2,4,4
824835,20260529,BAL,669330,Tyler Wells,0,3,1,0,0,0,0,0
824835,20260529,BAL,666974,Yennier Cano,0,1,0,0,0,0,2,2
824835,20260529,BAL,669211,Keegan Akin,0,2,0,0,0,0,0,0
824835,20260529,BAL,670329,Rico Garcia,0,3,1,0,0,0,0,0
824835,20260529,TOR,671936,Adam Macko,1,5,1,0,0,0,0,0
824835,20260529,TOR,608723,Austin Voth,0,10,0,4,0,3,5,5
824835,20260529,TOR,657756,Connor Seabold,0,5,1,0,0,0,0,0
824835,20260529,TOR,689254,Mason Fluharty,0,4,1,0,0,0,0,0
824835,20260529,TOR,680755,Braydon Fisher,0,3,0,0,0,0,0,0
824433,20260529,CLE,677944,Slade Cecconi,1,13,3,0,0,0,3,3
824433,20260529,CLE,670059,Colin Holderman,0,4,1,0,0,0,0,0
824433,20260529,CLE,682120,Tim Herrin,0,2,0,0,0,0,0,0
824433,20260529,CLE,542888,Shawn Armstrong,0,2,1,0,0,0,0,0
824433,20260529,CLE,683769,Hunter Gaddis,0,3,0,0,0,0,0,0
824433,20260529,CLE,671922,Cade Smith,0,3,3,0,0,0,0,0
824433,20260529,BOS,701719,Tyler Samaniego,1,3,2,0,0,0,4,4
824433,20260529,BOS,678394,Brayan Bello,0,21,5,0,0,0,0,0
822978,20260529,TBA,607259,Nick Martinez,1,21,5,0,0,0,2,2
822978,20260529,TBA,685801,Hunter Bigge,0,0,0,2,0,0,3,3
822978,20260529,TBA,687330,Kevin Kelly,0,3,1,0,0,0,0,0
822978,20260529,TBA,641329,Bryan Baker,0,3,2,2,0,0,0,0
822978,20260529,ANA,700712,Walbert Ureña,1,18,5,3,1,1,1,1
822978,20260529,ANA,666171,Ryan Zeferjahn,0,1,0,1,0,2,4,4
822978,20260529,ANA,608718,Brent Suter,0,5,2,0,0,0,3,3
823623,20260529,NYN,642547,Freddy Peralta,1,14,5,1,0,0,4,4
823623,20260529,NYN,621345,A.J. Minter,0,3,2,0,0,0,0,0
823623,20260529,NYN,623211,Huascar Brazobán,0,3,0,1,0,0,1,1
823623,20260529,NYN,548384,Brooks Raley,0,1,1,0,0,0,0,0
823623,20260529,NYN,668964,Tobias Myers,0,3,0,0,0,1,2,2
823623,20260529,NYN,596133,Luke Weaver,0,3,0,0,0,0,0,0
823623,20260529,NYN,681810,Austin Warren,0,3,1,0,0,0,0,0
823623,20260529,MIA,676974,Max Meyer,1,18,6,3,0,1,6,5
823623,20260529,MIA,806188,Cade Gibson,0,1,1,1,0,0,1,1
823623,20260529,MIA,676534,Calvin Faucher,0,2,0,0,0,0,0,0
823623,20260529,MIA,669622,Anthony Bender,0,3,1,0,0,0,0,0
823623,20260529,MIA,656848,Michael Petersen,0,3,1,0,0,0,0,0
823623,20260529,MIA,664126,Pete Fairbanks,0,1,0,0,0,1,2,1
823055,20260529,SLN,669467,Andre Pallante,1,9,3,1,0,1,4,4
823055,20260529,SLN,677865,Justin Bruihl,0,3,1,0,1,0,0,0
823055,20260529,SLN,700669,Gordon Graceffo,0,3,0,0,0,0,0,0
823055,20260529,SLN,666277,George Soriano,0,3,1,0,0,0,0,0
823055,20260529,SLN,668941,JoJo Romero,0,3,2,0,0,0,0,0
823055,20260529,SLN,592773,Ryne Stanek,0,3,1,0,0,0,0,0
823055,20260529,SLN,676617,Riley O'Brien,0,3,0,0,0,0,1,1
823055,20260529,CHN,684007,Shota Imanaga,1,16,2,1,2,3,5,5
823055,20260529,CHN,681799,Ethan Roberts,0,5,2,0,0,0,0,0
823055,20260529,CHN,664208,Phil Maton,0,2,1,0,0,0,1,1
823055,20260529,CHN,571948,Hoby Milner,0,1,0,0,0,0,0,0
824594,20260529,CHA,685126,Brandon Eisert,1,4,1,0,0,0,0,0
824594,20260529,CHA,607200,Erick Fedde,0,12,3,3,0,1,2,2
824594,20260529,CHA,656794,Sean Newcomb,0,8,3,1,0,0,0,0
824594,20260529,CHA,622554,Seranthony Domínguez,0,3,1,0,0,0,0,0
824594,20260529,CHA,663542,Bryan Hudson,0,3,1,0,0,0,1,0
824594,20260529,DET,675512,Troy Melton,1,21,1,1,0,0,1,1
824594,20260529,DET,676684,Will Vest,0,3,1,0,0,0,0,0
824594,20260529,DET,640448,Kyle Finnegan,0,3,0,0,0,0,1,1
824594,20260529,DET,623454,Drew Anderson,0,2,1,0,0,1,2,1
822894,20260529,TEX,669022,MacKenzie Gore,1,19,3,1,1,0,0,0
822894,20260529,TEX,641302,Tyler Alexander,0,2,0,0,0,0,0,0
822894,20260529,TEX,656222,Jalen Beeks,0,3,0,0,0,0,0,0
822894,20260529,TEX,686560,Gavin Collyer,0,3,2,2,0,0,1,1
822894,20260529,KCA,663568,Stephen Kolek,1,15,5,1,0,1,6,4
822894,20260529,KCA,674444,Steven Cruz,0,3,1,1,0,1,2,2
822894,20260529,KCA,669212,Eli Morgan,0,3,2,0,1,0,0,0
822894,20260529,KCA,672021,Eric Cerantola,0,3,2,0,0,1,1,1
824191,20260529,HOU,678906,Kai-Wei Teng,1,15,7,4,0,2,3,3
824191,20260529,HOU,595345,Steven Okert,0,6,1,0,1,0,0,0
824191,20260529,HOU,650556,Bryan Abreu,0,1,0,2,0,0,1,1
824191,20260529,HOU,687911,Bryan King,0,5,0,0,0,0,0,0
824191,20260529,HOU,695001,Alimber Santa,0,3,1,0,0,0,1,0
824191,20260529,MIL,689441,Coleman Crow,1,12,1,2,0,1,4,2
824191,20260529,MIL,669084,DL Hall,0,6,3,2,0,0,0,0
824191,20260529,MIL,681982,Grant Anderson,0,3,0,0,0,0,0,0
824191,20260529,MIL,676879,Aaron Ashby,0,3,2,0,0,0,0,0
824191,20260529,MIL,682842,Abner Uribe,0,3,1,1,0,0,0,0
824191,20260529,MIL,656730,Trevor Megill,0,3,2,0,0,0,0,0
824353,20260529,COL,547179,Michael Lorenzen,1,11,2,2,0,0,3,3
824353,20260529,COL,677955,Jaden Hill,0,4,2,0,0,0,0,0
824353,20260529,COL,700327,Welinton Herrera,0,1,0,1,0,0,0,0
824353,20260529,COL,678020,Seth Halvorsen,0,5,2,0,0,0,0,0
824353,20260529,COL,624522,Keegan Thompson,0,3,1,0,0,0,1,1
824353,20260529,COL,675848,Juan Mejia,0,3,0,0,1,0,2,2
824353,20260529,SFN,657277,Logan Webb,1,13,5,3,1,0,1,1
824353,20260529,SFN,657424,Matt Gage,0,2,0,0,0,0,0,0
824353,20260529,SFN,666711,Joel Peguero,0,2,1,0,0,0,0,0
824353,20260529,SFN,669062,Erik Miller,0,3,1,0,0,0,0,0
824353,20260529,SFN,676775,Keaton Winn,0,4,0,0,0,1,2,2
824353,20260529,SFN,668873,Caleb Kilian,0,2,1,0,0,2,5,5
825002,20260529,ATH,622663,Luis Severino,1,3,1,0,0,1,4,0
825002,20260529,ATH,660761,José Suarez,0,3,1,0,0,0,1,1
825002,20260529,ATH,669270,Joel Kuhnel,0,5,0,0,0,1,2,2
825002,20260529,ATH,663687,Hogan Harris,0,4,1,0,0,0,0,0
825002,20260529,ATH,686993,Justin Sterner,0,3,0,0,0,0,0,0
825002,20260529,ATH,605130,Scott Barlow,0,3,0,1,0,1,1,1
825002,20260529,ATH,643410,Mark Leiter Jr.,0,3,1,0,0,0,0,0
825002,20260529,ATH,665622,Luis Medina,0,3,2,1,0,0,0,0
825002,20260529,NYA,607074,Carlos Rodón,1,18,3,2,0,1,1,1
825002,20260529,NYA,687396,Brent Headrick,0,1,0,1,0,0,0,0
825002,20260529,NYA,518585,Fernando Cruz,0,2,0,0,0,0,0,0
825002,20260529,NYA,621112,Paul Blackburn,0,6,1,1,0,0,1,1
823135,20260529,SEA,669923,George Kirby,1,16,4,1,0,1,4,4
823135,20260529,SEA,666374,Matt Brash,0,2,1,2,0,0,1,1
823135,20260529,SEA,678606,José A. Ferrer,0,2,0,0,0,0,0,0
823135,20260529,SEA,660825,Eduard Bazardo,0,3,0,1,0,0,0,0
823135,20260529,SEA,642100,Gabe Speier,0,1,1,0,0,0,0,0
823135,20260529,SEA,662253,Andrés Muñoz,0,3,1,0,1,0,1,1
823135,20260529,SEA,681867,Cooper Criswell,0,3,0,0,0,0,0,0
823135,20260529,ARI,668678,Zac Gallen,1,15,2,1,0,3,5,5
823135,20260529,ARI,694297,Brandon Pfaadt,0,5,3,0,0,1,1,1
823135,20260529,ARI,664199,Taylor Clarke,0,1,0,0,0,0,0,0
823135,20260529,ARI,642528,Jonathan Loáisiga,0,3,1,0,0,0,0,0
823135,20260529,ARI,805299,Brandyn Garcia,0,3,2,0,0,0,0,0
823135,20260529,ARI,666661,Juan Morillo,0,1,1,1,0,0,1,0
823946,20260529,LAN,680736,Justin Wrobleski,1,21,9,0,0,1,1,1
823946,20260529,LAN,683618,Edgardo Henriquez,0,2,0,0,0,0,1,1
823946,20260529,LAN,681911,Alex Vesia,0,1,1,0,0,0,0,0
823946,20260529,LAN,656945,Tanner Scott,0,3,1,0,0,0,0,0
823946,20260529,PHI,554430,Zack Wheeler,1,18,4,1,0,4,4,4
823946,20260529,PHI,641835,Tim Mayza,0,6,1,0,0,0,0,0
824593,20260530,CHA,641743,Anthony Kay,1,15,3,1,0,1,1,1
824593,20260530,CHA,691799,Grant Taylor,0,6,4,0,0,0,0,0
824593,20260530,CHA,622554,Seranthony Domínguez,0,3,1,0,0,0,0,0
824593,20260530,CHA,670950,Trevor Richards,0,3,1,0,0,0,0,0
824593,20260530,DET,664285,Framber Valdez,1,20,4,2,0,1,4,4
824593,20260530,DET,689225,Beau Brieske,0,4,3,0,0,2,3,3
822731,20260530,WAS,656492,Foster Griffin,1,15,5,2,1,3,3,3
822731,20260530,WAS,695418,Brad Lord,0,6,2,1,0,0,0,0
822731,20260530,WAS,681402,Gus Varland,0,2,1,3,0,0,1,1
822731,20260530,WAS,690925,Clayton Beeter,0,4,1,2,0,0,0,0
822731,20260530,SDN,650633,Michael King,1,18,2,1,1,1,5,5
822731,20260530,SDN,699134,Bradgley Rodriguez,0,3,2,1,0,0,2,0
822731,20260530,SDN,593974,Wandy Peralta,0,3,0,1,0,0,2,2
822893,20260530,TEX,677958,Kumar Rocker,1,18,2,3,0,0,0,0
822893,20260530,TEX,641302,Tyler Alexander,0,1,1,0,0,0,3,3
822893,20260530,TEX,596001,Jakob Junis,0,2,2,0,0,0,1,1
822893,20260530,TEX,455119,Chris Martin,0,3,0,1,0,1,2,2
822893,20260530,TEX,682608,Peyton Gray,0,3,2,0,0,0,0,0
822893,20260530,KCA,607625,Seth Lugo,1,18,6,0,1,1,3,1
822893,20260530,KCA,656638,Alex Lange,0,2,1,0,0,0,0,0
822893,20260530,KCA,663738,Daniel Lynch IV,0,2,0,1,0,0,1,1
822893,20260530,KCA,670167,John Schreiber,0,2,0,0,0,0,0,0
822893,20260530,KCA,668674,Lucas Erceg,0,0,0,0,0,1,3,3
824833,20260530,BAL,687064,Brandon Young,1,20,7,1,1,0,2,2
824833,20260530,BAL,689296,Anthony Nunez,0,1,1,0,0,0,2,2
824833,20260530,BAL,669211,Keegan Akin,0,3,1,1,0,0,0,0
824833,20260530,BAL,544150,Albert Suárez,0,3,0,1,0,0,1,0
824833,20260530,TOR,702056,Trey Yesavage,1,15,4,7,0,0,1,1
824833,20260530,TOR,684320,Yariel Rodríguez,0,3,1,1,0,0,0,0
824833,20260530,TOR,643511,Tyler Rogers,0,3,0,0,0,0,0,0
824833,20260530,TOR,686973,Louis Varland,0,3,1,0,0,0,0,0
824833,20260530,TOR,656546,Jeff Hoffman,0,1,1,2,1,0,5,5
824833,20260530,TOR,657756,Connor Seabold,0,0,0,1,0,0,0,0
823375,20260530,PIT,656605,Mitch Keller,1,12,5,1,0,0,7,7
823375,20260530,PIT,670990,Yohan Ramírez,0,3,1,0,0,0,0,0
823375,20260530,PIT,681895,Evan Sisk,0,4,2,1,0,0,0,0
823375,20260530,PIT,642701,Dennis Santana,0,2,2,0,0,0,0,0
823375,20260530,PIT,682254,Mason Montgomery,0,2,0,2,0,0,2,2
823375,20260530,PIT,642397,Gregory Soto,0,4,0,1,0,0,0,0
823375,20260530,MIN,641927,Bailey Ober,1,14,3,1,0,3,8,7
823375,20260530,MIN,681892,Kody Funderburk,0,4,0,2,0,0,2,2
823375,20260530,MIN,804619,John Klein,0,6,1,3,0,0,0,0
824431,20260530,CLE,800048,Parker Messick,1,15,4,2,0,0,1,1
824431,20260530,CLE,670036,Matt Festa,0,2,2,1,0,0,1,1
824431,20260530,CLE,676051,Codi Heuer,0,4,1,0,1,0,0,0
824431,20260530,CLE,542888,Shawn Armstrong,0,3,1,0,0,0,1,1
824431,20260530,CLE,702021,Will Dion,0,3,2,2,1,1,6,2
824431,20260530,BOS,543243,Sonny Gray,1,18,7,3,0,0,1,1
824431,20260530,BOS,594027,Tyron Guerrero,0,2,1,0,0,0,0,0
824431,20260530,BOS,686580,Justin Slaten,0,4,2,1,0,0,0,0
824431,20260530,BOS,543056,Danny Coulombe,0,3,1,0,0,0,0,0
822975,20260530,TBA,656876,Drew Rasmussen,1,12,4,2,0,1,5,5
822975,20260530,TBA,668984,Casey Legumina,0,3,0,0,0,1,1,1
822975,20260530,TBA,664076,Garrett Cleavinger,0,3,0,0,0,0,0,0
822975,20260530,TBA,693855,Ian Seymour,0,3,1,2,0,0,1,1
822975,20260530,TBA,681806,Andrew Wantz,0,5,1,2,2,1,5,5
822975,20260530,TBA,642121,Cole Sulser,0,1,1,0,0,1,2,2
822975,20260530,ANA,672282,Reid Detmers,1,15,7,3,0,1,3,3
822975,20260530,ANA,820862,José Fermin,0,2,1,2,0,0,0,0
822975,20260530,ANA,696147,Sam Bachman,0,4,1,1,0,0,0,0
822975,20260530,ANA,681217,Chase Silseth,0,3,1,0,0,0,0,0
822975,20260530,ANA,519141,Drew Pomeranz,0,3,1,2,0,0,0,0
823622,20260530,NYN,681035,Christian Scott,1,15,8,2,0,0,1,1
823622,20260530,NYN,672335,Cionel Pérez,0,3,1,0,0,0,0,0
823622,20260530,NYN,623211,Huascar Brazobán,0,3,3,0,0,0,0,0
823622,20260530,NYN,681810,Austin Warren,0,3,2,1,0,0,0,0
823622,20260530,NYN,642207,Devin Williams,0,3,1,0,0,0,0,0
823622,20260530,MIA,663969,Tyler Phillips,1,15,2,1,0,0,3,3
823622,20260530,MIA,669199,Lake Bachar,0,6,2,1,0,2,3,3
823622,20260530,MIA,687531,William Kempner,0,3,0,0,0,0,0,0
824190,20260530,HOU,663567,Peter Lambert,1,15,3,3,0,0,2,2
824190,20260530,HOU,805123,AJ Blubaugh,0,9,4,0,0,0,0,0
824190,20260530,HOU,701121,Logan VanWey,0,3,2,0,0,0,0,0
824190,20260530,MIL,687075,Brandon Sproat,1,13,4,0,2,1,5,5
824190,20260530,MIL,692230,Carlos Rodriguez,0,10,3,2,0,0,3,3
824190,20260530,MIL,663765,Jake Woodford,0,1,1,0,0,1,1,1
823054,20260530,SLN,681517,Kyle Leahy,1,13,4,0,1,0,1,1
823054,20260530,SLN,681676,Ryan Fernandez,0,3,1,2,0,0,2,0
823054,20260530,SLN,677865,Justin Bruihl,0,1,0,0,1,0,0,0
823054,20260530,SLN,700669,Gordon Graceffo,0,5,2,0,0,1,1,1
823054,20260530,SLN,690155,Matt Pushard,0,5,0,1,0,0,2,1
823054,20260530,CHN,676962,Ben Brown,1,21,6,1,0,0,1,1
823054,20260530,CHN,657097,Jacob Webb,0,3,1,1,0,0,0,0
823054,20260530,CHN,694037,Daniel Palencia,0,3,0,0,0,0,0,0
824513,20260530,CIN,663903,Brady Singer,1,15,2,4,0,2,3,3
824513,20260530,CIN,622088,Tejay Antone,0,3,0,1,0,0,0,0
824513,20260530,CIN,656271,Brock Burke,0,3,1,0,0,1,1,1
824513,20260530,CIN,663574,Tony Santillan,0,3,1,0,0,0,0,0
824513,20260530,CIN,680689,Lyon Richardson,0,2,1,0,0,1,1,1
824513,20260530,CIN,594580,Sam Moll,0,1,1,0,0,0,0,0
824513,20260530,ATL,527048,Martín Pérez,1,15,2,3,0,1,2,2
824513,20260530,ATL,641755,Tyler Kinley,0,3,1,0,0,0,0,0
824513,20260530,ATL,669276,Dylan Lee,0,3,1,0,0,0,0,0
824513,20260530,ATL,663158,Robert Suarez,0,3,0,0,0,0,0,0
824513,20260530,ATL,628452,Raisel Iglesias,0,3,1,0,0,0,0,0
824352,20260530,COL,663372,Ryan Feltner,1,18,2,0,0,0,0,0
824352,20260530,COL,657514,Brennan Bernardino,0,3,1,0,0,0,0,0
824352,20260530,COL,680604,Blas Castaño,0,6,2,0,0,1,3,3
824352,20260530,SFN,605288,Adrian Houser,1,11,4,2,1,1,4,4
824352,20260530,SFN,656529,Sam Hentges,0,4,1,2,0,0,1,1
824352,20260530,SFN,664141,JT Brubaker,0,3,2,0,0,0,0,0
824352,20260530,SFN,621366,Ryan Borucki,0,6,0,0,0,1,3,3
825000,20260530,ATH,669372,J.T. Ginn,1,18,4,3,0,0,1,0
825000,20260530,ATH,663687,Hogan Harris,0,3,2,1,0,0,0,0
825000,20260530,ATH,686993,Justin Sterner,0,3,0,0,0,0,0,0
825000,20260530,ATH,678022,Jack Perkins,0,2,2,2,0,0,3,3
825000,20260530,ATH,605130,Scott Barlow,0,1,0,3,0,0,0,0
825000,20260530,NYA,677960,Ryan Weathers,1,20,10,3,0,3,5,5
825000,20260530,NYA,666808,Camilo Doval,0,1,0,0,0,0,0,0
825000,20260530,NYA,656234,Jake Bird,0,3,1,0,1,0,1,1
823132,20260530,SEA,693433,Bryan Woo,1,21,9,0,0,0,0,0
823132,20260530,SEA,681867,Cooper Criswell,0,3,0,0,0,0,0,0
823132,20260530,SEA,695380,Alex Hoppe,0,3,0,1,0,0,1,0
823132,20260530,ARI,669194,Ryne Nelson,1,16,3,0,1,4,5,4
823132,20260530,ARI,657044,Ryan Thompson,0,5,0,0,0,0,0,0
823132,20260530,ARI,664199,Taylor Clarke,0,3,0,0,0,0,0,0
823945,20260530,LAN,808963,Roki Sasaki,1,16,7,1,0,1,1,1
823945,20260530,LAN,681911,Alex Vesia,0,2,1,1,0,0,0,0
823945,20260530,LAN,669165,Kyle Hurt,0,3,1,0,0,0,0,0
823945,20260530,LAN,656945,Tanner Scott,0,3,0,0,0,1,3,3
823945,20260530,LAN,595014,Blake Treinen,0,3,2,0,0,0,0,0
823945,20260530,PHI,666200,Jesús Luzardo,1,16,6,2,0,0,2,2
823945,20260530,PHI,621237,José Alvarado,0,2,0,0,0,0,0,0
823945,20260530,PHI,689147,Orion Kerkering,0,3,2,0,0,0,1,1
823945,20260530,PHI,641745,Brad Keller,0,3,1,0,0,0,0,0
823945,20260530,PHI,661395,Jhoan Duran,0,3,0,0,0,0,0,0
824832,20260531,BAL,680694,Kyle Bradish,1,21,4,3,0,0,1,0
824832,20260531,BAL,669330,Tyler Wells,0,3,0,1,0,1,4,4
824832,20260531,BAL,670329,Rico Garcia,0,3,0,0,0,0,0,0
824832,20260531,TOR,693686,Spencer Miles,1,9,2,3,0,1,6,6
824832,20260531,TOR,671936,Adam Macko,0,6,1,0,0,0,0,0
824832,20260531,TOR,696522,Hayden Juenger,0,3,0,2,0,0,3,3
824832,20260531,TOR,684320,Yariel Rodríguez,0,3,0,0,0,0,0,0
824832,20260531,TOR,689254,Mason Fluharty,0,3,3,0,0,0,0,0
822729,20260531,WAS,641793,Zack Littell,1,18,5,2,0,0,2,2
822729,20260531,WAS,687377,Orlando Ribalta,0,6,2,1,0,0,0,0
822729,20260531,WAS,690925,Clayton Beeter,0,3,1,0,0,0,0,0
822729,20260531,SDN,656288,Griffin Canning,1,15,3,2,0,2,3,3
822729,20260531,SDN,673513,Yuki Matsui,0,3,1,0,0,0,0,0
822729,20260531,SDN,669093,Jeremiah Estrada,0,1,0,1,0,0,1,1
822729,20260531,SDN,670970,Adrian Morejon,0,2,0,0,0,0,0,0
822729,20260531,SDN,592094,Jason Adam,0,3,1,0,0,0,0,0
823373,20260531,PIT,677952,Braxton Ashcraft,1,18,11,0,0,1,2,2
823373,20260531,PIT,676742,Cam Sanders,0,3,1,0,0,0,0,0
823373,20260531,PIT,684049,Brandan Bidois,0,6,2,0,0,1,1,1
823373,20260531,MIN,805673,Zebby Matthews,1,13,7,2,1,2,7,7
823373,20260531,MIN,702474,Mike Paredes,0,11,3,3,0,0,2,1
824430,20260531,CLE,676440,Tanner Bibee,1,18,5,1,0,1,3,3
824430,20260531,CLE,670059,Colin Holderman,0,1,0,1,0,0,2,2
824430,20260531,CLE,682120,Tim Herrin,0,1,1,2,0,0,3,3
824430,20260531,CLE,676051,Codi Heuer,0,1,0,0,0,0,1,1
824430,20260531,CLE,702021,Will Dion,0,6,3,0,0,0,0,0
824430,20260531,BOS,624133,Ranger Suarez,1,15,10,2,1,0,4,4
824430,20260531,BOS,663558,Jovani Morán,0,4,1,0,0,0,0,0
824430,20260531,BOS,594027,Tyron Guerrero,0,2,1,0,0,0,0,0
824430,20260531,BOS,669711,Greg Weissert,0,3,1,0,0,0,0,0
824430,20260531,BOS,547973,Aroldis Chapman,0,3,2,0,0,0,0,0
822976,20260531,TBA,663556,Shane McClanahan,1,15,3,0,0,0,1,1
822976,20260531,TBA,668984,Casey Legumina,0,5,1,0,0,1,1,1
822976,20260531,TBA,687330,Kevin Kelly,0,4,1,0,0,0,0,0
822976,20260531,TBA,641329,Bryan Baker,0,3,1,0,0,0,0,0
822976,20260531,ANA,686799,Jack Kochanowicz,1,7,1,4,0,1,3,3
822976,20260531,ANA,815083,Mitch Farris,0,12,4,3,0,0,2,0
822976,20260531,ANA,519141,Drew Pomeranz,0,2,1,2,0,0,0,0
822976,20260531,ANA,608718,Brent Suter,0,3,0,0,0,0,0,0
824512,20260531,CIN,666157,Nick Lodolo,1,20,4,4,0,2,3,3
824512,20260531,CIN,656271,Brock Burke,0,4,1,0,0,0,0,0
824512,20260531,CIN,663574,Tony Santillan,0,2,0,1,0,0,1,1
824512,20260531,CIN,594580,Sam Moll,0,1,0,1,0,0,0,0
824512,20260531,ATL,675911,Spencer Strider,1,15,8,2,0,0,4,3
824512,20260531,ATL,800311,Didier Fuentes,0,3,2,1,0,0,1,1
824512,20260531,ATL,689266,Dylan Dodd,0,3,1,0,0,1,1,1
824512,20260531,ATL,625643,Reynaldo López,0,3,2,0,0,0,0,0
823621,20260531,NYN,690997,Nolan McLean,1,15,2,5,1,0,1,1
823621,20260531,NYN,656849,David Peterson,0,12,3,1,0,0,0,0
823621,20260531,MIA,667463,John King,1,5,2,0,0,1,2,2
823621,20260531,MIA,669622,Anthony Bender,0,4,1,0,0,1,1,1
823621,20260531,MIA,676534,Calvin Faucher,0,2,2,2,0,0,2,2
823621,20260531,MIA,806188,Cade Gibson,0,4,1,0,0,0,0,0
823621,20260531,MIA,687985,Josh White,0,2,1,4,1,1,5,5
823621,20260531,MIA,687531,William Kempner,0,4,3,0,0,0,0,0
823621,20260531,MIA,691594,Javier Sanoja,0,3,0,0,0,0,0,0
824592,20260531,CHA,680732,Sean Burke,1,16,6,2,0,0,1,1
824592,20260531,CHA,669684,Chris Murphy,0,4,0,3,0,0,0,0
824592,20260531,CHA,685126,Brandon Eisert,0,1,1,0,0,0,0,0
824592,20260531,CHA,663542,Bryan Hudson,0,4,1,0,0,0,0,0
824592,20260531,CHA,699823,Tyler Davis,0,2,0,0,0,0,0,0
824592,20260531,DET,672456,Keider Montero,1,18,4,0,0,0,0,0
824592,20260531,DET,623454,Drew Anderson,0,2,0,0,0,1,2,2
824592,20260531,DET,663947,Tyler Holton,0,1,0,0,0,0,0,0
824592,20260531,DET,669724,Brenan Hanifee,0,3,0,0,0,0,0,0
824187,20260531,HOU,837227,Tatsuya Imai,1,18,5,2,0,1,2,2
824187,20260531,HOU,695001,Alimber Santa,0,6,2,0,0,0,0,0
824187,20260531,HOU,663878,Nate Pearson,0,3,0,0,0,0,0,0
824187,20260531,MIL,694819,Jacob Misiorowski,1,21,8,0,1,0,0,0
824187,20260531,MIL,682842,Abner Uribe,0,3,1,0,0,0,0,0
824187,20260531,MIL,656730,Trevor Megill,0,3,2,0,0,0,0,0
822895,20260531,TEX,683004,Jack Leiter,1,17,10,2,0,0,0,0
822895,20260531,TEX,656222,Jalen Beeks,0,2,0,0,0,0,1,1
822895,20260531,TEX,682608,Peyton Gray,0,2,1,0,0,0,0,0
822895,20260531,TEX,686560,Gavin Collyer,0,3,0,2,1,1,2,2
822895,20260531,TEX,656641,Jacob Latz,0,3,1,0,0,0,0,0
822895,20260531,KCA,608379,Michael Wacha,1,15,5,4,0,0,6,6
822895,20260531,KCA,674444,Steven Cruz,0,3,1,1,0,0,0,0
822895,20260531,KCA,696131,Mason Black,0,3,1,0,0,0,0,0
822895,20260531,KCA,669212,Eli Morgan,0,3,1,0,1,0,0,0
824354,20260531,COL,685299,Tanner Gordon,1,9,2,1,1,0,4,4
824354,20260531,COL,657514,Brennan Bernardino,0,3,1,1,0,0,0,0
824354,20260531,COL,688642,Zach Agnos,0,3,2,1,0,1,7,7
824354,20260531,COL,624522,Keegan Thompson,0,6,2,0,0,1,3,3
824354,20260531,COL,675848,Juan Mejia,0,2,1,1,0,0,3,3
824354,20260531,COL,664954,Brett Sullivan,0,4,1,0,0,1,2,2
824354,20260531,SFN,592662,Robbie Ray,1,12,6,2,0,0,3,1
824354,20260531,SFN,663941,Tristan Beck,0,3,0,1,0,0,2,2
824354,20260531,SFN,668873,Caleb Kilian,0,3,2,1,0,0,0,0
824354,20260531,SFN,666711,Joel Peguero,0,4,1,1,0,0,1,0
824354,20260531,SFN,664141,JT Brubaker,0,5,1,0,0,0,0,0
825001,20260531,ATH,682052,Jacob Lopez,1,6,3,2,0,0,7,7
825001,20260531,ATH,547184,Michael Kelly,0,2,2,2,0,0,6,6
825001,20260531,ATH,678022,Jack Perkins,0,7,0,0,0,0,0,0
825001,20260531,ATH,643410,Mark Leiter Jr.,0,3,0,1,0,0,0,0
825001,20260531,ATH,665622,Luis Medina,0,6,4,0,0,0,0,0
825001,20260531,ATH,660761,José Suarez,0,3,1,0,0,0,0,0
825001,20260531,NYA,701542,Will Warren,1,18,5,3,0,0,3,0
825001,20260531,NYA,657612,Tim Hill,0,3,0,1,1,2,4,4
825001,20260531,NYA,518585,Fernando Cruz,0,3,0,0,0,0,1,1
825001,20260531,NYA,670280,David Bednar,0,3,1,1,0,0,0,0
823133,20260531,SEA,682243,Bryce Miller,1,15,6,1,0,0,0,0
823133,20260531,SEA,622491,Luis Castillo,0,15,3,2,0,0,2,1
823133,20260531,ARI,518876,Merrill Kelly,1,16,2,2,1,2,2,2
823133,20260531,ARI,656464,Kevin Ginkel,0,2,2,0,0,0,0,0
823133,20260531,ARI,805299,Brandyn Garcia,0,3,0,0,0,0,0,0
823133,20260531,ARI,666661,Juan Morillo,0,6,5,1,0,0,0,0
823133,20260531,ARI,642528,Jonathan Loáisiga,0,1,0,1,0,0,1,0
823944,20260531,LAN,808967,Yoshinobu Yamamoto,1,16,10,2,1,0,0,0
823944,20260531,LAN,694361,Will Klein,0,2,0,1,0,0,0,0
823944,20260531,LAN,683618,Edgardo Henriquez,0,3,1,1,0,0,0,0
823944,20260531,LAN,642546,Jonathan Hernández,0,6,1,0,0,1,1,1
823944,20260531,PHI,691725,Andrew Painter,1,10,3,1,0,2,4,4
823944,20260531,PHI,621383,Tanner Banks,0,5,2,1,0,0,2,2
823944,20260531,PHI,663767,Chase Shugart,0,5,2,0,0,1,2,2
823944,20260531,PHI,676510,Nolan Hoffman,0,4,0,2,0,0,1,1
823053,20260531,SLN,669461,Matthew Liberatore,1,16,4,1,0,0,0,0
823053,20260531,SLN,690928,Hunter Dobbins,0,11,4,0,0,1,1,1
823053,20260531,CHN,696136,Jordan Wicks,1,6,1,0,0,0,3,3
823053,20260531,CHN,681799,Ethan Roberts,0,3,2,0,0,0,2,2
823053,20260531,CHN,663423,Trent Thornton,0,6,1,1,0,0,0,0
823053,20260531,CHN,664208,Phil Maton,0,3,1,0,0,0,0,0
823053,20260531,CHN,669020,Ryan Rolison,0,6,0,3,0,0,0,0
822974,20260601,TBA,643377,Griffin Jax,1,12,5,1,0,3,6,6
822974,20260601,TBA,694680,Trevor Martin,0,9,1,1,1,2,2,2
822974,20260601,TBA,642121,Cole Sulser,0,3,1,0,0,0,2,2
822974,20260601,TBA,664076,Garrett Cleavinger,0,3,1,1,0,0,0,0
822974,20260601,DET,680744,Ty Madden,1,10,4,2,0,1,2,2
822974,20260601,DET,663947,Tyler Holton,0,5,1,0,0,0,0,0
822974,20260601,DET,669724,Brenan Hanifee,0,0,0,2,0,1,3,3
822974,20260601,DET,805427,Drew Sommers,0,2,0,1,0,0,0,0
822974,20260601,DET,640448,Kyle Finnegan,0,4,1,0,0,0,0,0
822974,20260601,DET,689225,Beau Brieske,0,1,0,3,0,0,3,3
822974,20260601,DET,676684,Will Vest,0,5,2,0,0,0,1,1
822730,20260601,WAS,676917,Cade Cavalli,1,15,6,3,0,0,2,2
822730,20260601,WAS,663992,Richard Lovelady,0,2,0,0,1,1,2,2
822730,20260601,WAS,687606,Paxton Schultz,0,7,2,0,0,0,0,0
822730,20260601,WAS,669371,Cole Henry,0,3,2,1,0,2,3,3
822730,20260601,MIA,645261,Sandy Alcantara,1,21,5,0,0,1,3,3
822730,20260601,MIA,656848,Michael Petersen,0,3,1,1,0,0,0,0
822730,20260601,MIA,664126,Pete Fairbanks,0,3,1,0,0,0,0,0
824510,20260601,CIN,680689,Lyon Richardson,1,3,2,2,1,1,4,4
824510,20260601,CIN,657571,Caleb Ferguson,0,6,2,0,0,0,0,0
824510,20260601,CIN,605335,Brandon Leibrandt,0,18,3,3,0,2,5,5
824510,20260601,KCA,679883,Luinder Avila,1,15,5,4,0,1,1,1
824510,20260601,KCA,670167,John Schreiber,0,3,1,1,0,0,0,0
824510,20260601,KCA,656638,Alex Lange,0,3,2,0,0,0,0,0
824510,20260601,KCA,696131,Mason Black,0,3,1,0,0,0,0,0
824510,20260601,KCA,669212,Eli Morgan,0,3,3,1,0,0,1,1
823702,20260601,MIN,657746,Joe Ryan,1,18,9,0,0,2,4,4
823702,20260601,MIN,681892,Kody Funderburk,0,3,0,1,0,0,0,0
823702,20260601,MIN,672782,Yoendrys Gómez,0,3,1,0,0,0,0,0
823702,20260601,MIN,701519,Travis Adams,0,3,1,0,0,1,2,2
823702,20260601,CHA,689818,David Sandlin,1,12,4,4,0,1,8,8
823702,20260601,CHA,699823,Tyler Davis,0,3,1,0,0,0,1,1
823702,20260601,CHA,685126,Brandon Eisert,0,3,1,0,0,0,0,0
823702,20260601,CHA,670950,Trevor Richards,0,6,0,0,0,0,0,0
823781,20260601,MIL,675660,Shane Drohan,1,12,5,2,0,1,2,2
823781,20260601,MIL,694477,Chad Patrick,0,3,1,0,0,0,0,0
823781,20260601,MIL,669084,DL Hall,0,6,2,3,0,0,0,0
823781,20260601,MIL,681982,Grant Anderson,0,3,0,0,0,0,0,0
823781,20260601,MIL,663765,Jake Woodford,0,3,2,0,0,0,0,0
823781,20260601,SFN,694738,Landen Roupp,1,12,4,5,0,0,8,8
823781,20260601,SFN,678576,Wilkin Ramos,0,6,1,2,0,0,2,2
823781,20260601,SFN,657424,Matt Gage,0,3,1,2,0,0,2,2
823781,20260601,SFN,671083,Buddy Kennedy,0,3,0,2,0,0,4,4
823050,20260601,SLN,700241,Michael McGreevy,1,18,1,2,0,0,2,2
823050,20260601,SLN,677865,Justin Bruihl,0,4,1,0,0,0,0,0
823050,20260601,SLN,592773,Ryne Stanek,0,2,1,0,1,0,0,0
823050,20260601,SLN,666277,George Soriano,0,3,2,0,0,0,0,0
823050,20260601,TEX,594798,Jacob deGrom,1,15,8,1,0,0,0,0
823050,20260601,TEX,682608,Peyton Gray,0,3,2,0,0,1,1,1
823050,20260601,TEX,641302,Tyler Alexander,0,3,1,0,0,0,0,0
823050,20260601,TEX,596001,Jakob Junis,0,3,1,0,0,0,0,0
823050,20260601,TEX,656641,Jacob Latz,0,3,2,0,0,0,0,0
824027,20260601,ANA,667755,José Soriano,1,14,7,7,2,1,3,2
824027,20260601,ANA,681217,Chase Silseth,0,4,1,0,0,0,0,0
824027,20260601,ANA,666171,Ryan Zeferjahn,0,3,1,1,0,0,0,0
824027,20260601,ANA,820862,José Fermin,0,2,2,2,0,1,5,5
824027,20260601,ANA,608718,Brent Suter,0,1,0,0,0,0,0,0
824027,20260601,ANA,489446,Kirby Yates,0,3,0,0,0,0,1,1
824027,20260601,COL,607536,Kyle Freeland,1,17,4,1,0,1,6,5
824027,20260601,COL,678020,Seth Halvorsen,0,4,1,0,0,0,0,0
824027,20260601,COL,677955,Jaden Hill,0,1,0,2,0,0,2,2
824027,20260601,COL,622608,Antonio Senzatela,0,5,0,1,0,0,0,0
825078,20260601,ARI,593958,Eduardo Rodriguez,1,18,3,1,0,0,1,1
825078,20260601,ARI,664199,Taylor Clarke,0,3,2,0,0,0,0,0
825078,20260601,ARI,805299,Brandyn Garcia,0,3,0,0,0,0,0,0
825078,20260601,ARI,623149,Paul Sewald,0,3,0,0,0,0,0,0
825078,20260601,LAN,686218,Emmet Sheehan,1,19,3,0,0,2,2,2
825078,20260601,LAN,681911,Alex Vesia,0,2,1,0,0,0,0,0
825078,20260601,LAN,676263,Jack Dreyer,0,3,0,0,0,1,2,2
823131,20260601,SEA,676106,Emerson Hancock,1,18,7,0,0,2,2,2
823131,20260601,SEA,678606,José A. Ferrer,0,3,1,0,0,0,0,0
823131,20260601,SEA,666374,Matt Brash,0,3,1,0,1,0,0,0
823131,20260601,SEA,662253,Andrés Muñoz,0,3,1,0,0,0,0,0
823131,20260601,SEA,642100,Gabe Speier,0,3,2,0,0,0,0,0
823131,20260601,NYN,681810,Austin Warren,1,3,0,0,1,0,0,0
823131,20260601,NYN,640455,Sean Manaea,0,15,4,1,0,1,1,1
823131,20260601,NYN,548384,Brooks Raley,0,2,1,0,0,1,1,1
823131,20260601,NYN,596133,Luke Weaver,0,4,1,0,0,0,0,0
823131,20260601,NYN,642207,Devin Williams,0,3,2,0,0,0,0,0
823131,20260601,NYN,621345,A.J. Minter,0,1,1,0,0,0,1,0
822971,20260602,TBA,571927,Steven Matz,1,5,2,0,0,2,5,5
822971,20260602,TBA,668984,Casey Legumina,0,4,2,0,0,0,0,0
822971,20260602,TBA,592155,Cam Booser,0,6,1,0,0,0,0,0
822971,20260602,TBA,693855,Ian Seymour,0,6,1,3,0,1,3,3
822971,20260602,TBA,641329,Bryan Baker,0,3,0,0,0,0,0,0
822971,20260602,TBA,810938,Ben Williamson,0,3,0,1,0,0,0,0
822971,20260602,DET,656427,Jack Flaherty,1,15,6,2,0,0,0,0
822971,20260602,DET,646241,Enmanuel De Jesus,0,12,4,0,0,0,0,0
823460,20260602,PHI,605400,Aaron Nola,1,15,8,0,0,1,2,2
823460,20260602,PHI,621237,José Alvarado,0,3,0,0,0,0,0,0
823460,20260602,PHI,689147,Orion Kerkering,0,3,1,1,0,0,0,0
823460,20260602,PHI,641745,Brad Keller,0,3,0,0,0,0,0,0
823460,20260602,PHI,661395,Jhoan Duran,0,3,3,0,0,0,0,0
823460,20260602,SDN,681190,Randy Vásquez,1,15,3,1,0,1,2,2
823460,20260602,SDN,669093,Jeremiah Estrada,0,3,1,1,0,0,1,1
823460,20260602,SDN,673513,Yuki Matsui,0,2,1,1,0,0,0,0
823460,20260602,SDN,592094,Jason Adam,0,1,0,0,0,0,0,0
823460,20260602,SDN,699134,Bradgley Rodriguez,0,3,0,1,0,0,0,0
824754,20260602,BOS,813349,Connelly Early,1,16,6,1,0,2,4,4
824754,20260602,BOS,669711,Greg Weissert,0,5,3,0,0,0,0,0
824754,20260602,BOS,701719,Tyler Samaniego,0,6,2,1,0,0,0,0
824754,20260602,BAL,669358,Shane Baz,1,21,6,2,0,0,2,2
824754,20260602,BAL,552640,Andrew Kittredge,0,3,1,0,0,0,0,0
824754,20260602,BAL,670329,Rico Garcia,0,3,2,0,0,0,0,0
822728,20260602,WAS,663992,Richard Lovelady,1,6,2,3,0,0,0,0
822728,20260602,WAS,571945,Miles Mikolas,0,18,4,2,0,3,6,6
822728,20260602,WAS,680730,Mitchell Parker,0,3,0,0,0,1,1,1
822728,20260602,MIA,669199,Lake Bachar,1,8,3,1,0,0,0,0
822728,20260602,MIA,667463,John King,0,5,0,0,0,0,0,0
822728,20260602,MIA,687473,Ryan Gusto,0,6,3,0,0,0,3,3
822728,20260602,MIA,656848,Michael Petersen,0,3,2,0,0,0,0,0
822728,20260602,MIA,669622,Anthony Bender,0,2,1,0,0,0,0,0
822728,20260602,MIA,676534,Calvin Faucher,0,3,2,0,0,0,0,0
823541,20260602,NYA,693645,Cam Schlittler,1,13,3,0,1,1,5,4
823541,20260602,NYA,687396,Brent Headrick,0,5,4,1,0,0,0,0
823541,20260602,NYA,657612,Tim Hill,0,3,1,0,0,0,1,1
823541,20260602,NYA,666808,Camilo Doval,0,3,2,0,0,0,3,3
823541,20260602,NYA,642232,Ryan Yarbrough,0,3,2,1,0,0,0,0
823541,20260602,CLE,676282,Joey Cantillo,1,12,4,3,0,1,4,4
823541,20260602,CLE,670059,Colin Holderman,0,3,2,0,0,0,0,0
823541,20260602,CLE,682120,Tim Herrin,0,3,1,0,0,0,0,0
823541,20260602,CLE,683769,Hunter Gaddis,0,3,2,0,0,0,0,0
823541,20260602,CLE,542888,Shawn Armstrong,0,3,1,0,0,0,0,0
823541,20260602,CLE,670036,Matt Festa,0,3,1,0,0,0,0,0
824511,20260602,CIN,671096,Andrew Abbott,1,18,5,4,0,0,3,3
824511,20260602,CIN,622088,Tejay Antone,0,3,2,1,0,0,0,0
824511,20260602,CIN,594580,Sam Moll,0,3,2,1,1,0,0,0
824511,20260602,CIN,687209,Zach Maxwell,0,3,1,1,0,0,0,0
824511,20260602,CIN,656271,Brock Burke,0,3,1,1,0,0,0,0
824511,20260602,KCA,702070,Noah Cameron,1,21,8,0,0,1,1,1
824511,20260602,KCA,621381,Matt Strahm,0,3,0,0,0,1,1,1
824511,20260602,KCA,668674,Lucas Erceg,0,3,2,2,0,1,1,1
824511,20260602,KCA,670167,John Schreiber,0,1,1,0,0,0,1,0
824918,20260602,ATL,693821,Bryce Elder,1,20,6,1,0,1,3,3
824918,20260602,ATL,663158,Robert Suarez,0,4,2,0,0,0,0,0
824918,20260602,ATL,628452,Raisel Iglesias,0,3,1,0,0,0,0,0
824918,20260602,TOR,592332,Kevin Gausman,1,18,8,2,0,1,4,4
824918,20260602,TOR,680755,Braydon Fisher,0,3,1,0,0,0,0,0
824918,20260602,TOR,689254,Mason Fluharty,0,2,0,0,0,0,0,0
824918,20260602,TOR,657756,Connor Seabold,0,1,0,0,0,0,0,0
823700,20260602,MIN,687570,Connor Prielipp,1,18,7,2,0,0,4,4
823700,20260602,MIN,702193,Andrew Morris,0,2,2,0,1,0,0,0
823700,20260602,MIN,607455,Anthony Banda,0,3,3,1,0,0,0,0
823700,20260602,MIN,672782,Yoendrys Gómez,0,4,2,0,0,0,0,0
823700,20260602,CHA,663436,Davis Martin,1,14,2,3,0,0,6,6
823700,20260602,CHA,656794,Sean Newcomb,0,5,1,0,1,0,0,0
823700,20260602,CHA,670950,Trevor Richards,0,5,1,0,0,0,0,0
823782,20260602,MIL,690986,Kyle Harrison,1,17,12,2,0,1,1,1
823782,20260602,MIL,676879,Aaron Ashby,0,4,1,0,0,0,1,1
823782,20260602,MIL,682842,Abner Uribe,0,3,0,0,0,0,1,1
823782,20260602,MIL,656730,Trevor Megill,0,3,1,0,0,0,0,0
823782,20260602,SFN,686790,Trevor McDonald,1,15,4,3,0,1,3,3
823782,20260602,SFN,669062,Erik Miller,0,3,1,0,0,0,0,0
823782,20260602,SFN,656529,Sam Hentges,0,1,0,2,0,0,1,1
823782,20260602,SFN,668873,Caleb Kilian,0,2,0,1,0,0,0,0
823782,20260602,SFN,663941,Tristan Beck,0,3,1,1,0,0,4,4
823052,20260602,SLN,669160,Dustin May,1,17,9,2,0,0,3,3
823052,20260602,SLN,668941,JoJo Romero,0,2,1,0,1,0,1,1
823052,20260602,SLN,700669,Gordon Graceffo,0,2,1,0,0,0,0,0
823052,20260602,SLN,666277,George Soriano,0,3,2,0,0,0,0,0
823052,20260602,SLN,676617,Riley O'Brien,0,3,2,1,0,0,3,3
823052,20260602,TEX,543135,Nathan Eovaldi,1,18,7,1,1,1,4,4
823052,20260602,TEX,656222,Jalen Beeks,0,5,2,0,0,0,0,0
823052,20260602,TEX,615698,Cal Quantrill,0,1,0,0,0,0,0,0
823052,20260602,TEX,596001,Jakob Junis,0,3,1,0,0,0,0,0
824675,20260602,CHN,592791,Jameson Taillon,1,19,6,1,0,1,2,2
824675,20260602,CHN,571948,Hoby Milner,0,5,1,0,0,0,0,0
824675,20260602,CHN,694037,Daniel Palencia,0,3,1,0,0,0,0,0
824675,20260602,ATH,695611,Gage Jump,1,21,5,1,1,0,1,1
824675,20260602,ATH,686993,Justin Sterner,0,3,0,0,0,0,0,0
824675,20260602,ATH,605130,Scott Barlow,0,2,1,1,0,0,0,0
824675,20260602,ATH,663687,Hogan Harris,0,1,0,0,0,0,0,0
824189,20260602,HOU,681347,Mike Burrows,1,15,3,5,0,2,6,5
824189,20260602,HOU,660853,Enyel De Los Santos,0,3,2,0,0,0,0,0
824189,20260602,HOU,595345,Steven Okert,0,3,1,2,0,0,0,0
824189,20260602,HOU,650556,Bryan Abreu,0,3,2,1,0,1,3,3
824189,20260602,HOU,805123,AJ Blubaugh,0,3,3,0,0,0,1,1
824189,20260602,PIT,696149,Bubba Chandler,1,15,3,2,0,1,4,4
824189,20260602,PIT,696062,Wilber Dotel,0,9,3,2,0,0,0,0
824189,20260602,PIT,642701,Dennis Santana,0,1,1,1,0,0,2,2
824189,20260602,PIT,642397,Gregory Soto,0,2,2,0,0,0,0,0
824026,20260602,ANA,680570,Grayson Rodriguez,1,11,3,3,0,2,8,7
824026,20260602,ANA,691951,Sam Aldegheri,0,16,5,2,0,0,0,0
824026,20260602,COL,608372,Tomoyuki Sugano,1,15,5,2,1,0,2,2
824026,20260602,COL,680604,Blas Castaño,0,6,2,0,0,0,0,0
824026,20260602,COL,669298,TJ Shook,0,3,0,0,0,0,0,0
824026,20260602,COL,675848,Juan Mejia,0,3,1,0,0,0,0,0
825079,20260602,ARI,647336,Michael Soroka,1,18,6,1,0,1,4,4
825079,20260602,ARI,642528,Jonathan Loáisiga,0,3,1,2,0,0,2,2
825079,20260602,ARI,656464,Kevin Ginkel,0,3,1,0,0,0,0,0
825079,20260602,ARI,666661,Juan Morillo,0,3,2,0,0,0,0,0
825079,20260602,LAN,641778,Eric Lauer,1,14,1,1,0,1,2,2
825079,20260602,LAN,595014,Blake Treinen,0,1,0,1,0,0,0,0
825079,20260602,LAN,683618,Edgardo Henriquez,0,3,0,0,0,0,0,0
825079,20260602,LAN,669165,Kyle Hurt,0,2,1,3,0,0,3,3
825079,20260602,LAN,694361,Will Klein,0,4,1,1,0,0,0,0
825079,20260602,LAN,656945,Tanner Scott,0,3,1,0,0,0,0,0
823129,20260602,SEA,669302,Logan Gilbert,1,16,8,1,1,2,3,3
823129,20260602,SEA,660825,Eduard Bazardo,0,5,0,0,0,0,0,0
823129,20260602,SEA,681867,Cooper Criswell,0,6,3,1,0,0,0,0
823129,20260602,NYN,623211,Huascar Brazobán,1,5,0,1,0,1,2,2
823129,20260602,NYN,804636,Jonah Tong,0,10,4,2,0,1,5,4
823129,20260602,NYN,672335,Cionel Pérez,0,6,3,0,0,1,1,1
823129,20260602,NYN,621345,A.J. Minter,0,3,1,1,0,0,0,0
822727,20260603,WAS,674841,Andrew Alvarez,1,14,5,1,0,1,1,1
822727,20260603,WAS,695418,Brad Lord,0,4,2,3,0,0,0,0
822727,20260603,WAS,687377,Orlando Ribalta,0,2,1,1,0,0,0,0
822727,20260603,WAS,690925,Clayton Beeter,0,4,3,1,0,0,2,2
822727,20260603,WAS,681402,Gus Varland,0,2,0,1,0,0,1,1
822727,20260603,WAS,687606,Paxton Schultz,0,1,0,1,0,0,0,0
822727,20260603,MIA,676974,Max Meyer,1,21,7,2,0,0,1,1
822727,20260603,MIA,676534,Calvin Faucher,0,3,1,1,0,0,0,0
822727,20260603,MIA,664126,Pete Fairbanks,0,3,1,0,1,0,0,0
822973,20260603,TBA,607259,Nick Martinez,1,12,1,1,0,2,6,6
822973,20260603,TBA,669438,Mason Englert,0,15,3,0,1,0,1,1
822973,20260603,DET,675512,Troy Melton,1,24,5,2,0,1,2,2
822973,20260603,DET,623454,Drew Anderson,0,3,1,0,0,0,0,0
823701,20260603,MIN,671737,Taj Bradley,1,14,5,5,0,0,4,4
823701,20260603,MIN,679358,Eric Orze,0,4,2,1,0,0,1,0
823701,20260603,MIN,573124,Taylor Rogers,0,3,0,0,0,0,0,0
823701,20260603,MIN,689520,Cody Laweryson,0,3,2,1,0,1,3,3
823701,20260603,MIN,664875,Justin Lawrence,0,3,1,1,2,0,0,0
823701,20260603,CHA,607200,Erick Fedde,1,15,2,1,0,0,0,0
823701,20260603,CHA,691799,Grant Taylor,0,6,3,0,0,0,0,0
823701,20260603,CHA,669684,Chris Murphy,0,6,3,0,1,0,0,0
823130,20260603,SEA,669923,George Kirby,1,12,5,1,0,0,5,4
823130,20260603,SEA,660825,Eduard Bazardo,0,3,2,0,0,0,1,1
823130,20260603,SEA,678606,José A. Ferrer,0,3,1,0,0,0,0,0
823130,20260603,SEA,681867,Cooper Criswell,0,3,1,0,0,0,0,0
823130,20260603,SEA,695380,Alex Hoppe,0,6,1,0,0,0,1,1
823130,20260603,NYN,642547,Freddy Peralta,1,18,6,2,0,1,1,1
823130,20260603,NYN,548384,Brooks Raley,0,3,1,1,0,0,0,0
823130,20260603,NYN,596133,Luke Weaver,0,3,2,0,0,0,0,0
823130,20260603,NYN,680702,Joey Gerber,0,3,0,0,0,0,0,0
823456,20260603,PHI,650911,Cristopher Sánchez,1,21,8,1,0,0,1,1
823456,20260603,PHI,641745,Brad Keller,0,3,1,1,1,0,1,1
823456,20260603,PHI,661395,Jhoan Duran,0,3,2,0,0,0,0,0
823456,20260603,SDN,621111,Walker Buehler,1,18,6,2,0,0,1,1
823456,20260603,SDN,592094,Jason Adam,0,2,2,0,0,2,2,2
823456,20260603,SDN,593974,Wandy Peralta,0,4,0,0,0,0,0,0
824755,20260603,BOS,801139,Payton Tolle,1,18,5,2,0,0,0,0
824755,20260603,BOS,670245,Ryan Watson,0,9,2,2,0,0,1,1
824755,20260603,BAL,605135,Chris Bassitt,1,9,1,2,0,1,3,3
824755,20260603,BAL,544150,Albert Suárez,0,6,2,1,0,0,5,5
824755,20260603,BAL,689296,Anthony Nunez,0,6,2,0,1,0,0,0
824755,20260603,BAL,664991,Grant Wolfram,0,3,2,0,0,0,0,0
823540,20260603,NYA,543037,Gerrit Cole,1,16,2,1,0,3,4,4
823540,20260603,NYA,518585,Fernando Cruz,0,4,3,0,0,0,0,0
823540,20260603,NYA,657612,Tim Hill,0,2,1,0,0,0,1,1
823540,20260603,NYA,621112,Paul Blackburn,0,5,1,0,0,0,0,0
823540,20260603,CLE,668909,Gavin Williams,1,16,6,1,0,2,3,3
823540,20260603,CLE,682120,Tim Herrin,0,2,1,0,0,0,0,0
823540,20260603,CLE,670059,Colin Holderman,0,3,2,0,0,0,0,0
823540,20260603,CLE,683769,Hunter Gaddis,0,3,0,0,0,0,0,0
823540,20260603,CLE,671922,Cade Smith,0,3,1,0,0,0,1,1
824509,20260603,CIN,695505,Chase Burns,1,18,9,1,0,1,2,2
824509,20260603,CIN,657571,Caleb Ferguson,0,4,1,0,0,0,0,0
824509,20260603,CIN,622088,Tejay Antone,0,2,1,0,0,0,0,0
824509,20260603,CIN,663574,Tony Santillan,0,1,0,1,0,1,3,3
824509,20260603,CIN,685112,Zach McCambley,0,2,2,1,0,0,0,0
824509,20260603,KCA,663568,Stephen Kolek,1,21,8,2,0,1,2,2
824509,20260603,KCA,663738,Daniel Lynch IV,0,3,1,0,0,0,0,0
824509,20260603,KCA,656638,Alex Lange,0,3,2,1,0,0,0,0
824917,20260603,ATL,656550,Grant Holmes,1,18,4,2,1,1,2,2
824917,20260603,ATL,669276,Dylan Lee,0,3,1,1,0,0,0,0
824917,20260603,ATL,663158,Robert Suarez,0,3,1,0,0,0,0,0
824917,20260603,ATL,641755,Tyler Kinley,0,3,2,0,0,1,1,1
824917,20260603,TOR,571578,Patrick Corbin,1,15,1,2,0,1,4,4
824917,20260603,TOR,684320,Yariel Rodríguez,0,4,0,1,0,0,1,1
824917,20260603,TOR,671936,Adam Macko,0,2,0,0,0,1,2,2
824917,20260603,TOR,696522,Hayden Juenger,0,3,0,0,0,0,0,0
823780,20260603,MIL,688107,Robert Gasser,1,15,5,1,0,1,1,1
823780,20260603,MIL,694477,Chad Patrick,0,12,4,2,0,0,0,0
823780,20260603,SFN,657277,Logan Webb,1,21,4,1,0,0,0,0
823780,20260603,SFN,669062,Erik Miller,0,1,0,1,0,0,0,0
823780,20260603,SFN,676775,Keaton Winn,0,5,1,0,0,0,0,0
823051,20260603,SLN,669467,Andre Pallante,1,17,5,2,1,0,1,1
823051,20260603,SLN,668941,JoJo Romero,0,2,2,1,0,0,2,2
823051,20260603,SLN,592773,Ryne Stanek,0,5,1,0,0,0,0,0
823051,20260603,SLN,676617,Riley O'Brien,0,3,0,1,0,0,0,0
823051,20260603,TEX,669022,MacKenzie Gore,1,14,5,3,0,0,4,4
823051,20260603,TEX,681168,Luis Curvelo,0,4,0,0,0,0,1,1
823051,20260603,TEX,695239,Robby Ahlstrom,0,4,2,0,0,0,0,0
823051,20260603,TEX,615698,Cal Quantrill,0,2,1,0,0,0,0,0
824671,20260603,CHN,607067,Colin Rea,1,16,3,2,0,0,2,2
824671,20260603,CHN,571948,Hoby Milner,0,2,1,0,0,0,0,0
824671,20260603,CHN,657097,Jacob Webb,0,3,1,0,0,0,0,0
824671,20260603,CHN,573204,Caleb Thielbar,0,2,0,0,0,1,2,2
824671,20260603,CHN,664208,Phil Maton,0,1,0,0,0,0,0,0
824671,20260603,CHN,694037,Daniel Palencia,0,3,1,0,0,0,0,0
824671,20260603,CHN,681799,Ethan Roberts,0,2,0,0,0,0,1,0
824671,20260603,CHN,669020,Ryan Rolison,0,1,0,0,0,0,0,0
824671,20260603,ATH,605488,Jeffrey Springs,1,11,3,1,0,2,4,4
824671,20260603,ATH,669270,Joel Kuhnel,0,4,1,0,0,0,0,0
824671,20260603,ATH,660761,José Suarez,0,4,1,0,0,0,0,0
824671,20260603,ATH,643410,Mark Leiter Jr.,0,2,0,0,0,0,0,0
824671,20260603,ATH,665622,Luis Medina,0,3,1,1,0,0,0,0
824671,20260603,ATH,663687,Hogan Harris,0,3,2,0,0,0,0,0
824671,20260603,ATH,686993,Justin Sterner,0,3,1,0,0,0,0,0
824188,20260603,HOU,681293,Spencer Arrighetti,1,12,3,1,1,1,4,4
824188,20260603,HOU,695001,Alimber Santa,0,3,1,2,0,0,1,1
824188,20260603,HOU,687911,Bryan King,0,3,1,0,0,0,0,0
824188,20260603,HOU,663878,Nate Pearson,0,3,3,1,0,1,3,3
824188,20260603,HOU,805123,AJ Blubaugh,0,3,2,1,0,0,1,1
824188,20260603,HOU,623352,Josh Hader,0,3,1,1,0,0,0,0
824188,20260603,PIT,694973,Paul Skenes,1,14,7,1,0,0,3,1
824188,20260603,PIT,670990,Yohan Ramírez,0,7,2,0,0,1,2,2
824188,20260603,PIT,682254,Mason Montgomery,0,2,2,1,0,0,3,3
824188,20260603,PIT,642397,Gregory Soto,0,0,0,1,0,0,3,3
824188,20260603,PIT,684049,Brandan Bidois,0,1,1,1,0,0,0,0
824024,20260603,ANA,700712,Walbert Ureña,1,18,7,3,0,1,3,3
824024,20260603,ANA,519141,Drew Pomeranz,0,3,0,0,0,0,0,0
824024,20260603,ANA,666171,Ryan Zeferjahn,0,3,0,0,0,0,1,1
824024,20260603,ANA,489446,Kirby Yates,0,3,2,0,0,0,0,0
824024,20260603,COL,547179,Michael Lorenzen,1,10,5,2,0,1,8,8
824024,20260603,COL,624522,Keegan Thompson,0,8,3,0,0,0,3,3
824024,20260603,COL,678020,Seth Halvorsen,0,3,0,1,0,0,0,0
824024,20260603,COL,669298,TJ Shook,0,3,0,0,0,0,0,0
825077,20260603,ARI,668678,Zac Gallen,1,15,1,2,0,1,5,4
825077,20260603,ARI,664199,Taylor Clarke,0,3,1,1,0,0,0,0
825077,20260603,ARI,694297,Brandon Pfaadt,0,3,1,2,1,0,2,2
825077,20260603,ARI,657044,Ryan Thompson,0,5,2,0,0,0,0,0
825077,20260603,ARI,642528,Jonathan Loáisiga,0,1,1,0,0,0,0,0
825077,20260603,LAN,660271,Shohei Ohtani,1,18,6,1,0,0,0,0
825077,20260603,LAN,642546,Jonathan Hernández,0,6,3,1,0,0,0,0
825077,20260603,LAN,676263,Jack Dreyer,0,3,0,0,0,0,0,0
823457,20260604,PHI,554430,Zack Wheeler,1,21,8,3,0,1,2,2
823457,20260604,PHI,689147,Orion Kerkering,0,3,1,1,0,0,0,0
823457,20260604,PHI,621237,José Alvarado,0,3,1,1,0,1,2,2
823457,20260604,SDN,608337,Lucas Giolito,1,12,5,1,0,1,3,2
823457,20260604,SDN,673513,Yuki Matsui,0,3,2,1,0,0,0,0
823457,20260604,SDN,676760,Ron Marinaccio,0,3,2,0,0,0,0,0
823457,20260604,SDN,670970,Adrian Morejon,0,1,0,1,0,0,3,3
823457,20260604,SDN,593974,Wandy Peralta,0,5,1,0,0,0,0,0
824753,20260604,BOS,678394,Brayan Bello,1,15,4,3,1,0,8,8
824753,20260604,BOS,663558,Jovani Morán,0,6,3,1,0,0,0,0
824753,20260604,BOS,592454,Tommy Kahnle,0,6,1,2,0,0,0,0
824753,20260604,BAL,669432,Trevor Rogers,1,17,3,1,0,0,1,1
824753,20260604,BAL,666974,Yennier Cano,0,1,0,0,0,0,0,0
824753,20260604,BAL,669330,Tyler Wells,0,3,1,0,0,0,0,0
824753,20260604,BAL,669211,Keegan Akin,0,3,1,0,0,0,0,0
824753,20260604,BAL,552640,Andrew Kittredge,0,3,1,0,0,1,1,1
823542,20260604,NYA,607074,Carlos Rodón,1,18,7,3,0,0,1,1
823542,20260604,NYA,687396,Brent Headrick,0,3,1,1,0,0,0,0
823542,20260604,NYA,518585,Fernando Cruz,0,3,0,0,0,0,0,0
823542,20260604,NYA,670280,David Bednar,0,3,0,0,0,0,0,0
823542,20260604,CLE,677944,Slade Cecconi,1,18,4,1,0,0,1,1
823542,20260604,CLE,676051,Codi Heuer,0,3,1,1,0,0,1,1
823542,20260604,CLE,670036,Matt Festa,0,3,2,0,0,0,0,0
823779,20260604,MIL,689441,Coleman Crow,1,7,2,2,0,1,6,6
823779,20260604,MIL,669084,DL Hall,0,7,1,0,0,0,0,0
823779,20260604,MIL,681982,Grant Anderson,0,4,1,0,0,0,2,2
823779,20260604,MIL,663765,Jake Woodford,0,9,1,0,0,1,4,4
823779,20260604,SFN,605288,Adrian Houser,1,13,5,3,0,1,3,2
823779,20260604,SFN,656529,Sam Hentges,0,2,1,1,0,0,0,0
823779,20260604,SFN,664141,JT Brubaker,0,6,1,2,0,1,2,2
823779,20260604,SFN,663941,Tristan Beck,0,3,0,0,0,1,1,1
823779,20260604,SFN,678576,Wilkin Ramos,0,0,0,2,0,0,3,3
823779,20260604,SFN,668873,Caleb Kilian,0,3,1,0,0,0,0,0
824919,20260604,ATL,519242,Chris Sale,1,17,6,2,1,0,3,3
824919,20260604,ATL,800311,Didier Fuentes,0,4,1,0,0,0,0,0
824919,20260604,ATL,689266,Dylan Dodd,0,3,1,0,0,0,0,0
824919,20260604,ATL,625643,Reynaldo López,0,3,1,1,0,0,4,4
824919,20260604,TOR,689254,Mason Fluharty,1,4,1,1,0,0,0,0
824919,20260604,TOR,689149,Chad Dallas,0,11,2,2,0,0,1,1
824919,20260604,TOR,643511,Tyler Rogers,0,3,0,0,0,0,0,0
824919,20260604,TOR,656546,Jeff Hoffman,0,3,1,0,0,0,0,0
824919,20260604,TOR,680755,Braydon Fisher,0,2,1,0,0,1,1,1
824919,20260604,TOR,686973,Louis Varland,0,4,1,0,0,0,0,0
823698,20260604,MIN,702193,Andrew Morris,1,6,2,1,0,0,2,2
823698,20260604,MIN,702474,Mike Paredes,0,11,1,1,0,1,3,3
823698,20260604,MIN,607455,Anthony Banda,0,1,0,0,0,0,1,0
823698,20260604,MIN,679358,Eric Orze,0,3,0,1,0,0,0,0
823698,20260604,MIN,672782,Yoendrys Gómez,0,2,2,1,0,0,0,0
823698,20260604,MIN,573124,Taylor Rogers,0,2,0,0,0,0,2,2
823698,20260604,MIN,664875,Justin Lawrence,0,2,2,2,0,0,0,0
823698,20260604,KCA,607625,Seth Lugo,1,15,4,1,0,3,5,5
823698,20260604,KCA,670167,John Schreiber,0,3,2,0,0,1,1,1
823698,20260604,KCA,663738,Daniel Lynch IV,0,3,1,0,0,0,0,0
823698,20260604,KCA,621381,Matt Strahm,0,3,0,0,0,0,0,0
823698,20260604,KCA,656638,Alex Lange,0,3,0,1,0,0,0,0
824672,20260604,CHN,684007,Shota Imanaga,1,18,5,1,0,4,6,6
824672,20260604,CHN,663423,Trent Thornton,0,4,0,2,0,0,0,0
824672,20260604,CHN,669020,Ryan Rolison,0,5,3,0,0,0,0,0
824672,20260604,ATH,669372,J.T. Ginn,1,18,8,1,1,1,1,1
824672,20260604,ATH,605130,Scott Barlow,0,3,0,0,0,1,2,2
824672,20260604,ATH,643410,Mark Leiter Jr.,0,3,2,0,0,0,0,0
824672,20260604,ATH,669270,Joel Kuhnel,0,2,0,0,0,0,4,4
824672,20260604,ATH,665622,Luis Medina,0,0,0,0,0,0,0,0
824185,20260604,HOU,678906,Kai-Wei Teng,1,15,1,2,0,1,5,4
824185,20260604,HOU,595345,Steven Okert,0,6,2,0,0,0,0,0
824185,20260604,HOU,660853,Enyel De Los Santos,0,3,1,0,0,0,0,0
824185,20260604,HOU,650556,Bryan Abreu,0,3,3,1,0,0,0,0
824185,20260604,PIT,683003,Jared Jones,1,15,4,2,0,0,0,0
824185,20260604,PIT,669387,Carmen Mlodzinski,0,12,3,0,0,1,1,1
825076,20260604,ARI,669194,Ryne Nelson,1,21,3,2,0,0,2,2
825076,20260604,ARI,805299,Brandyn Garcia,0,3,0,0,0,0,0,0
825076,20260604,ARI,623149,Paul Sewald,0,3,2,0,0,0,0,0
825076,20260604,LAN,680736,Justin Wrobleski,1,18,4,0,0,0,0,0
825076,20260604,LAN,669165,Kyle Hurt,0,3,2,0,0,0,0,0
825076,20260604,LAN,694361,Will Klein,0,1,1,1,0,1,2,2
825076,20260604,LAN,681911,Alex Vesia,0,2,0,0,0,0,0,0
825076,20260604,LAN,656945,Tanner Scott,0,1,1,0,0,1,1,1
824673,20260605,CHN,665795,Edward Cabrera,1,11,6,1,0,3,8,8
824673,20260605,CHN,664208,Phil Maton,0,4,1,1,0,0,1,1
824673,20260605,CHN,571948,Hoby Milner,0,1,0,0,1,1,6,6
824673,20260605,CHN,681799,Ethan Roberts,0,5,2,0,0,1,1,1
824673,20260605,CHN,573204,Caleb Thielbar,0,3,0,0,0,0,0,0
824673,20260605,CHN,608348,Carson Kelly,0,3,0,0,0,2,2,2
824673,20260605,SFN,592662,Robbie Ray,1,15,4,5,0,0,0,0
824673,20260605,SFN,693313,Carson Seymour,0,9,1,1,0,1,3,3
824673,20260605,SFN,681916,Dylan Smith,0,3,2,0,0,0,0,0
824271,20260605,DET,664285,Framber Valdez,1,15,5,2,1,0,1,1
824271,20260605,DET,623454,Drew Anderson,0,6,1,0,0,1,1,1
824271,20260605,DET,663947,Tyler Holton,0,1,0,0,0,0,1,1
824271,20260605,DET,640448,Kyle Finnegan,0,2,1,0,0,0,0,0
824271,20260605,DET,676684,Will Vest,0,3,2,1,0,0,0,0
824271,20260605,SEA,693433,Bryan Woo,1,19,7,0,0,1,5,5
824271,20260605,SEA,660825,Eduard Bazardo,0,2,0,0,0,0,0,0
824271,20260605,SEA,695380,Alex Hoppe,0,3,3,0,0,1,2,2
823455,20260605,PHI,666200,Jesús Luzardo,1,18,2,2,1,3,5,5
823455,20260605,PHI,680742,Jonathan Bowlan,0,3,2,0,0,0,1,0
823455,20260605,PHI,641745,Brad Keller,0,3,0,0,0,0,0,0
823455,20260605,PHI,661395,Jhoan Duran,0,3,2,0,0,0,0,0
823455,20260605,CHA,641743,Anthony Kay,1,12,4,2,0,2,6,6
823455,20260605,CHA,699823,Tyler Davis,0,3,0,0,0,0,0,0
823455,20260605,CHA,685126,Brandon Eisert,0,3,2,0,0,0,0,0
823455,20260605,CHA,663542,Bryan Hudson,0,2,0,1,0,0,2,2
823455,20260605,CHA,622554,Seranthony Domínguez,0,1,1,1,0,0,0,0
823455,20260605,CHA,670950,Trevor Richards,0,3,0,0,0,0,0,0
823538,20260605,NYA,677960,Ryan Weathers,1,18,4,1,0,2,5,5
823538,20260605,NYA,621112,Paul Blackburn,0,6,2,0,0,0,0,0
823538,20260605,NYA,666808,Camilo Doval,0,3,2,0,0,0,0,0
823538,20260605,BOS,543243,Sonny Gray,1,19,3,2,0,2,3,3
823538,20260605,BOS,543056,Danny Coulombe,0,2,1,0,0,0,0,0
823538,20260605,BOS,686580,Justin Slaten,0,3,0,0,0,0,0,0
823538,20260605,BOS,547973,Aroldis Chapman,0,3,1,2,0,0,0,0
822810,20260605,TOR,702056,Trey Yesavage,1,17,5,2,0,2,6,6
822810,20260605,TOR,671936,Adam Macko,0,4,3,1,0,0,0,0
822810,20260605,TOR,657756,Connor Seabold,0,3,0,0,0,0,3,3
822810,20260605,TOR,684320,Yariel Rodríguez,0,2,1,1,0,0,4,2
822810,20260605,TOR,623168,Tyler Heineman,0,1,0,0,0,0,0,0
822810,20260605,BAL,687064,Brandon Young,1,19,4,0,0,1,3,3
822810,20260605,BAL,664991,Grant Wolfram,0,2,0,0,0,0,0,0
822810,20260605,BAL,666974,Yennier Cano,0,3,0,0,0,0,0,0
822810,20260605,BAL,689296,Anthony Nunez,0,3,1,0,0,0,0,0
823860,20260605,MIA,687473,Ryan Gusto,1,6,1,1,0,0,3,3
823860,20260605,MIA,663969,Tyler Phillips,0,14,3,3,0,1,3,3
823860,20260605,MIA,687531,William Kempner,0,4,1,0,0,0,0,0
823860,20260605,MIA,676604,Tyler Zuber,0,3,1,1,0,0,0,0
823860,20260605,TBA,656876,Drew Rasmussen,1,21,9,0,0,0,0,0
823860,20260605,TBA,592155,Cam Booser,0,3,3,1,0,0,0,0
823860,20260605,TBA,642121,Cole Sulser,0,3,2,0,0,0,0,0
824914,20260605,ATL,527048,Martín Pérez,1,15,5,2,0,0,3,3
824914,20260605,ATL,800311,Didier Fuentes,0,3,0,0,0,0,0,0
824914,20260605,ATL,669276,Dylan Lee,0,3,1,0,0,0,0,0
824914,20260605,ATL,663158,Robert Suarez,0,3,0,0,0,0,0,0
824914,20260605,ATL,628452,Raisel Iglesias,0,3,1,1,0,0,0,0
824914,20260605,PIT,656605,Mitch Keller,1,14,4,3,1,1,6,6
824914,20260605,PIT,681895,Evan Sisk,0,4,3,1,0,0,0,0
824914,20260605,PIT,642701,Dennis Santana,0,3,1,0,0,0,0,0
824914,20260605,PIT,684049,Brandan Bidois,0,3,2,1,0,0,0,0
824186,20260605,HOU,663567,Peter Lambert,1,16,4,4,0,1,1,1
824186,20260605,HOU,660853,Enyel De Los Santos,0,5,2,0,0,0,0,0
824186,20260605,HOU,687911,Bryan King,0,3,1,1,0,0,0,0
824186,20260605,HOU,623352,Josh Hader,0,3,3,0,0,0,0,0
824186,20260605,ATH,678022,Jack Perkins,1,12,6,2,0,1,5,5
824186,20260605,ATH,686930,Mason Barnett,0,12,7,2,0,0,0,0
823049,20260605,SLN,681517,Kyle Leahy,1,12,1,2,0,0,3,3
823049,20260605,SLN,690928,Hunter Dobbins,0,15,6,2,0,0,0,0
823049,20260605,CIN,663903,Brady Singer,1,12,6,3,0,1,4,1
823049,20260605,CIN,656271,Brock Burke,0,3,1,1,0,0,0,0
823049,20260605,CIN,687209,Zach Maxwell,0,1,1,1,0,0,4,4
823049,20260605,CIN,682825,Luis Mey,0,1,0,3,1,0,2,2
823049,20260605,CIN,685112,Zach McCambley,0,7,2,1,1,0,0,0
822892,20260605,TEX,677958,Kumar Rocker,1,15,5,1,0,1,2,2
822892,20260605,TEX,682608,Peyton Gray,0,5,2,0,0,0,0,0
822892,20260605,TEX,656222,Jalen Beeks,0,1,1,0,0,0,0,0
822892,20260605,TEX,656641,Jacob Latz,0,6,3,1,0,0,0,0
822892,20260605,CLE,800048,Parker Messick,1,17,4,1,0,2,3,3
822892,20260605,CLE,670036,Matt Festa,0,4,2,0,0,0,0,0
822892,20260605,CLE,542888,Shawn Armstrong,0,3,0,0,0,0,0,0
823699,20260605,MIN,805673,Zebby Matthews,1,21,2,4,0,0,2,2
823699,20260605,MIN,607455,Anthony Banda,0,3,2,0,0,0,0,0
823699,20260605,MIN,701519,Travis Adams,0,3,0,0,0,0,1,1
823699,20260605,KCA,608379,Michael Wacha,1,17,2,0,0,1,5,4
823699,20260605,KCA,674444,Steven Cruz,0,4,2,0,0,0,0,0
823699,20260605,KCA,694360,Beck Way,0,3,2,0,0,0,0,0
824350,20260605,COL,663372,Ryan Feltner,1,18,4,2,1,0,1,1
824350,20260605,COL,677955,Jaden Hill,0,3,1,1,0,0,0,0
824350,20260605,COL,622608,Antonio Senzatela,0,5,4,0,0,0,4,3
824350,20260605,COL,657514,Brennan Bernardino,0,1,0,0,0,0,0,0
824350,20260605,COL,675848,Juan Mejia,0,1,1,2,0,0,4,3
824350,20260605,COL,678020,Seth Halvorsen,0,2,1,1,0,0,0,0
824350,20260605,MIL,687075,Brandon Sproat,1,15,2,2,0,1,3,3
824350,20260605,MIL,702153,Brian Fitzpatrick,0,3,1,0,0,0,0,0
824350,20260605,MIL,684974,Craig Yoho,0,6,3,2,0,0,0,0
824350,20260605,MIL,656730,Trevor Megill,0,3,1,1,0,0,2,2
824350,20260605,MIL,676879,Aaron Ashby,0,3,1,1,1,0,2,1
825073,20260605,ARI,518876,Merrill Kelly,1,15,4,3,1,3,7,7
825073,20260605,ARI,691769,Philip Abner,0,4,2,1,0,2,5,5
825073,20260605,ARI,669704,Kade Strowd,0,3,1,3,0,0,1,1
825073,20260605,ARI,680728,Adrian Del Castillo,0,5,0,0,1,0,1,1
825073,20260605,WAS,656492,Foster Griffin,1,15,4,0,0,1,1,1
825073,20260605,WAS,687606,Paxton Schultz,0,6,2,0,0,0,0,0
825073,20260605,WAS,669371,Cole Henry,0,6,1,0,1,0,0,0
823293,20260605,SDN,650633,Michael King,1,18,4,0,0,2,4,4
823293,20260605,SDN,688158,David Morgan,0,6,2,0,0,0,0,0
823293,20260605,SDN,695243,Mason Miller,0,2,1,0,0,0,1,1
823293,20260605,SDN,673513,Yuki Matsui,0,1,1,0,0,0,0,0
823293,20260605,NYN,681035,Christian Scott,1,17,3,2,0,0,0,0
823293,20260605,NYN,623211,Huascar Brazobán,0,4,2,0,0,0,0,0
823293,20260605,NYN,596133,Luke Weaver,0,3,0,0,0,0,0,0
823293,20260605,NYN,621345,A.J. Minter,0,3,0,0,0,0,0,0
823943,20260605,LAN,808963,Roki Sasaki,1,21,10,2,0,0,0,0
823943,20260605,LAN,683618,Edgardo Henriquez,0,3,3,0,1,0,0,0
823943,20260605,LAN,656945,Tanner Scott,0,2,1,0,0,0,0,0
823943,20260605,LAN,595014,Blake Treinen,0,1,0,0,0,0,0,0
823943,20260605,ANA,672282,Reid Detmers,1,18,6,2,0,0,0,0
823943,20260605,ANA,681217,Chase Silseth,0,3,1,1,0,0,0,0
823943,20260605,ANA,696147,Sam Bachman,0,3,2,0,1,0,0,0
823943,20260605,ANA,489446,Kirby Yates,0,0,0,0,0,1,1,1
824269,20260606,DET,672456,Keider Montero,1,15,1,1,1,1,4,4
824269,20260606,DET,805427,Drew Sommers,0,4,3,0,0,0,0,0
824269,20260606,DET,680744,Ty Madden,0,8,3,0,1,0,0,0
824269,20260606,SEA,682243,Bryce Miller,1,18,9,2,0,0,0,0
824269,20260606,SEA,678606,José A. Ferrer,0,3,1,1,0,0,0,0
824269,20260606,SEA,666374,Matt Brash,0,3,1,1,0,0,0,0
824269,20260606,SEA,642100,Gabe Speier,0,3,0,1,0,0,0,0
823697,20260606,MIN,657746,Joe Ryan,1,18,5,2,0,1,1,1
823697,20260606,MIN,573124,Taylor Rogers,0,4,1,0,0,0,0,0
823697,20260606,MIN,672782,Yoendrys Gómez,0,2,0,1,0,0,0,0
823697,20260606,MIN,679358,Eric Orze,0,3,0,0,0,0,2,2
823697,20260606,KCA,679883,Luinder Avila,1,15,3,3,0,0,1,1
823697,20260606,KCA,663738,Daniel Lynch IV,0,3,0,0,0,0,0,0
823697,20260606,KCA,668674,Lucas Erceg,0,3,1,1,0,0,0,0
823697,20260606,KCA,621381,Matt Strahm,0,3,0,0,0,1,1,1
823697,20260606,KCA,656638,Alex Lange,0,3,3,0,1,0,0,0
823048,20260606,SLN,669461,Matthew Liberatore,1,13,4,3,0,1,5,3
823048,20260606,SLN,700669,Gordon Graceffo,0,5,1,0,0,0,0,0
823048,20260606,SLN,592773,Ryne Stanek,0,3,0,0,0,0,0,0
823048,20260606,SLN,666277,George Soriano,0,3,0,0,0,0,0,0
823048,20260606,SLN,676617,Riley O'Brien,0,3,1,1,0,0,0,0
823048,20260606,CIN,666157,Nick Lodolo,1,15,3,1,0,1,4,4
823048,20260606,CIN,622088,Tejay Antone,0,5,2,1,0,0,0,0
823048,20260606,CIN,594580,Sam Moll,0,3,1,0,0,1,2,2
823048,20260606,CIN,663574,Tony Santillan,0,1,1,0,0,0,0,0
824669,20260606,CHN,676962,Ben Brown,1,16,5,1,1,0,0,0
824669,20260606,CHN,573204,Caleb Thielbar,0,2,2,0,0,1,1,1
824669,20260606,CHN,657097,Jacob Webb,0,6,1,1,0,0,0,0
824669,20260606,CHN,694037,Daniel Palencia,0,3,1,0,0,0,1,1
824669,20260606,CHN,669020,Ryan Rolison,0,3,2,1,0,0,0,0
824669,20260606,SFN,694738,Landen Roupp,1,17,5,3,0,1,1,1
824669,20260606,SFN,668873,Caleb Kilian,0,3,1,1,0,0,0,0
824669,20260606,SFN,669062,Erik Miller,0,2,1,0,1,0,0,0
824669,20260606,SFN,676775,Keaton Winn,0,5,1,0,0,1,1,1
824669,20260606,SFN,656529,Sam Hentges,0,0,0,0,0,0,1,0
822808,20260606,TOR,680755,Braydon Fisher,1,3,2,1,0,0,0,0
822808,20260606,TOR,693686,Spencer Miles,0,13,5,1,0,1,2,2
822808,20260606,TOR,656546,Jeff Hoffman,0,2,1,0,0,1,1,1
822808,20260606,TOR,689254,Mason Fluharty,0,3,3,0,0,1,1,1
822808,20260606,TOR,643511,Tyler Rogers,0,3,1,0,0,0,0,0
822808,20260606,TOR,686973,Louis Varland,0,3,0,0,0,0,0,0
822808,20260606,BAL,680694,Kyle Bradish,1,12,3,3,0,1,5,5
822808,20260606,BAL,669211,Keegan Akin,0,6,0,0,0,0,1,1
822808,20260606,BAL,544150,Albert Suárez,0,6,3,0,0,0,0,0
823454,20260606,PHI,691725,Andrew Painter,1,14,4,2,1,2,6,6
823454,20260606,PHI,621383,Tanner Banks,0,7,2,0,0,0,0,0
823454,20260606,PHI,641835,Tim Mayza,0,3,1,0,0,0,0,0
823454,20260606,PHI,663767,Chase Shugart,0,3,3,1,0,0,0,0
823454,20260606,CHA,685126,Brandon Eisert,1,4,2,0,0,0,0,0
823454,20260606,CHA,680732,Sean Burke,0,13,7,5,0,2,3,3
823454,20260606,CHA,656794,Sean Newcomb,0,7,3,0,0,0,0,0
823454,20260606,CHA,691799,Grant Taylor,0,3,3,0,0,0,0,0
825075,20260606,ARI,593958,Eduardo Rodriguez,1,19,5,1,0,2,4,4
825075,20260606,ARI,666661,Juan Morillo,0,2,1,1,0,0,0,0
825075,20260606,ARI,642528,Jonathan Loáisiga,0,3,1,1,0,0,0,0
825075,20260606,ARI,686753,Drey Jameson,0,3,1,2,0,0,2,2
825075,20260606,WAS,641793,Zack Littell,1,15,4,1,1,0,1,1
825075,20260606,WAS,687377,Orlando Ribalta,0,3,0,1,0,0,0,0
825075,20260606,WAS,680730,Mitchell Parker,0,3,0,0,0,0,0,0
825075,20260606,WAS,695418,Brad Lord,0,6,1,0,0,0,0,0
824184,20260606,HOU,837227,Tatsuya Imai,1,15,8,3,1,0,2,2
824184,20260606,HOU,805123,AJ Blubaugh,0,6,2,0,0,0,0,0
824184,20260606,HOU,695001,Alimber Santa,0,6,3,2,0,0,0,0
824184,20260606,ATH,695034,Kade Morris,1,12,4,3,0,3,9,9
824184,20260606,ATH,660761,José Suarez,0,3,2,1,0,0,4,4
824184,20260606,ATH,665660,Elvis Alvarado,0,6,3,0,0,0,0,0
824184,20260606,ATH,666126,Carlos Cortes,0,3,0,1,0,0,0,0
824915,20260606,ATL,675911,Spencer Strider,1,15,3,2,0,0,3,3
824915,20260606,ATL,689266,Dylan Dodd,0,3,3,1,0,0,0,0
824915,20260606,ATL,669276,Dylan Lee,0,3,2,1,0,0,0,0
824915,20260606,ATL,641755,Tyler Kinley,0,3,1,0,0,0,0,0
824915,20260606,ATL,628452,Raisel Iglesias,0,3,1,0,0,0,0,0
824915,20260606,PIT,677952,Braxton Ashcraft,1,15,5,0,1,1,6,6
824915,20260606,PIT,670990,Yohan Ramírez,0,6,2,0,0,0,0,0
824915,20260606,PIT,682254,Mason Montgomery,0,3,0,1,0,0,0,0
823859,20260606,MIA,669199,Lake Bachar,1,9,3,0,0,0,0,0
823859,20260606,MIA,669622,Anthony Bender,0,4,2,0,0,0,0,0
823859,20260606,MIA,667463,John King,0,2,0,0,1,0,0,0
823859,20260606,MIA,676534,Calvin Faucher,0,6,3,1,0,0,0,0
823859,20260606,MIA,656848,Michael Petersen,0,3,2,1,1,0,1,1
823859,20260606,MIA,664126,Pete Fairbanks,0,2,0,3,0,0,2,2
823859,20260606,MIA,676604,Tyler Zuber,0,1,1,0,0,0,0,0
823859,20260606,TBA,663556,Shane McClanahan,1,15,6,2,1,1,4,4
823859,20260606,TBA,668984,Casey Legumina,0,6,3,0,0,0,0,0
823859,20260606,TBA,687330,Kevin Kelly,0,3,2,1,0,0,0,0
822891,20260606,TEX,683004,Jack Leiter,1,14,2,3,0,2,5,5
822891,20260606,TEX,615698,Cal Quantrill,0,7,2,1,1,0,0,0
822891,20260606,TEX,681168,Luis Curvelo,0,0,0,0,0,0,1,0
822891,20260606,TEX,695239,Robby Ahlstrom,0,6,0,0,0,0,0,0
822891,20260606,CLE,676440,Tanner Bibee,1,24,3,2,0,0,0,0
822891,20260606,CLE,682120,Tim Herrin,0,3,1,0,1,0,0,0
824351,20260606,COL,688642,Zach Agnos,1,9,1,3,0,2,2,2
824351,20260606,COL,680604,Blas Castaño,0,8,2,2,0,0,0,0
824351,20260606,COL,657514,Brennan Bernardino,0,2,1,1,0,1,3,3
824351,20260606,COL,669298,TJ Shook,0,5,3,0,0,2,2,2
824351,20260606,COL,675848,Juan Mejia,0,3,1,0,0,0,0,0
824351,20260606,MIL,694819,Jacob Misiorowski,1,21,8,3,1,0,1,0
824351,20260606,MIL,681982,Grant Anderson,0,3,1,1,0,0,0,0
824351,20260606,MIL,680723,Drew Rom,0,3,2,0,0,0,0,0
823942,20260606,LAN,808967,Yoshinobu Yamamoto,1,24,4,0,0,0,1,1
823942,20260606,LAN,676263,Jack Dreyer,0,3,1,0,0,1,1,1
823942,20260606,ANA,686799,Jack Kochanowicz,1,1,1,1,0,1,7,7
823942,20260606,ANA,608718,Brent Suter,0,8,2,0,0,1,2,1
823942,20260606,ANA,696519,Samy Natera Jr.,0,6,3,1,0,0,0,0
823942,20260606,ANA,519141,Drew Pomeranz,0,3,0,0,0,0,0,0
823942,20260606,ANA,666171,Ryan Zeferjahn,0,6,3,2,0,0,0,0
823292,20260606,SDN,656288,Griffin Canning,1,15,6,2,0,0,1,1
823292,20260606,SDN,670970,Adrian Morejon,0,3,2,0,0,0,0,0
823292,20260606,SDN,699134,Bradgley Rodriguez,0,3,1,0,0,1,1,1
823292,20260606,SDN,592094,Jason Adam,0,3,0,0,0,0,0,0
823292,20260606,SDN,695243,Mason Miller,0,3,1,1,0,0,0,0
823292,20260606,NYN,690997,Nolan McLean,1,18,5,3,0,0,1,1
823292,20260606,NYN,681810,Austin Warren,0,6,1,0,0,1,2,2
824916,20260607,ATL,693821,Bryce Elder,1,18,4,2,0,1,2,2
824916,20260607,ATL,625643,Reynaldo López,0,4,2,1,0,0,0,0
824916,20260607,ATL,641755,Tyler Kinley,0,2,0,1,0,0,0,0
824916,20260607,ATL,800311,Didier Fuentes,0,3,2,0,0,0,0,0
824916,20260607,PIT,682254,Mason Montgomery,1,3,2,2,0,0,0,0
824916,20260607,PIT,696149,Bubba Chandler,0,16,7,2,0,0,3,2
824916,20260607,PIT,681895,Evan Sisk,0,5,1,0,0,0,0,0
823453,20260607,PHI,605400,Aaron Nola,1,13,4,4,0,0,5,5
823453,20260607,PHI,641835,Tim Mayza,0,2,0,0,0,0,0,0
823453,20260607,PHI,621237,José Alvarado,0,3,2,0,1,0,0,0
823453,20260607,PHI,689147,Orion Kerkering,0,3,2,1,0,0,0,0
823453,20260607,PHI,680742,Jonathan Bowlan,0,6,3,0,0,0,0,0
823453,20260607,CHA,656457,Tyler Gilbert,1,2,1,0,0,0,1,1
823453,20260607,CHA,689818,David Sandlin,0,10,6,3,0,2,3,3
823453,20260607,CHA,699823,Tyler Davis,0,3,1,1,0,0,3,3
823453,20260607,CHA,663542,Bryan Hudson,0,2,0,2,0,0,2,2
823453,20260607,CHA,670950,Trevor Richards,0,7,1,0,0,0,0,0
823537,20260607,NYA,693645,Cam Schlittler,1,17,5,1,0,0,1,1
823537,20260607,NYA,518585,Fernando Cruz,0,2,0,0,0,0,0,0
823537,20260607,NYA,687396,Brent Headrick,0,2,0,0,0,0,0,0
823537,20260607,NYA,657612,Tim Hill,0,3,0,0,0,0,0,0
823537,20260607,NYA,670280,David Bednar,0,3,1,0,0,0,0,0
823537,20260607,BOS,624133,Ranger Suarez,1,19,6,0,0,0,1,1
823537,20260607,BOS,594027,Tyron Guerrero,0,2,1,0,0,0,0,0
823537,20260607,BOS,686580,Justin Slaten,0,2,2,1,0,1,4,4
823537,20260607,BOS,686747,Joe La Sorsa,0,1,1,0,0,1,1,1
822807,20260607,TOR,592332,Kevin Gausman,1,15,5,0,0,2,4,4
822807,20260607,TOR,671936,Adam Macko,0,3,2,0,0,0,0,0
822807,20260607,TOR,657756,Connor Seabold,0,1,0,1,0,0,0,0
822807,20260607,TOR,643511,Tyler Rogers,0,4,1,1,0,0,0,0
822807,20260607,TOR,686973,Louis Varland,0,4,2,0,0,0,0,0
822807,20260607,BAL,669358,Shane Baz,1,17,3,1,0,1,5,1
822807,20260607,BAL,666974,Yennier Cano,0,1,0,0,0,0,0,0
822807,20260607,BAL,664991,Grant Wolfram,0,2,1,0,0,0,0,0
822807,20260607,BAL,670329,Rico Garcia,0,2,1,0,0,1,1,1
822807,20260607,BAL,669330,Tyler Wells,0,2,0,0,0,0,0,0
824268,20260607,DET,656427,Jack Flaherty,1,15,7,1,0,0,3,3
824268,20260607,DET,805427,Drew Sommers,0,2,1,1,1,0,0,0
824268,20260607,DET,640448,Kyle Finnegan,0,3,0,1,0,0,1,1
824268,20260607,DET,663947,Tyler Holton,0,1,0,0,0,0,0,0
824268,20260607,DET,623454,Drew Anderson,0,3,2,0,0,0,0,0
824268,20260607,DET,676684,Will Vest,0,3,1,0,1,0,0,0
824268,20260607,SEA,622491,Luis Castillo,1,17,5,1,0,1,1,1
824268,20260607,SEA,678606,José A. Ferrer,0,1,0,2,0,0,0,0
824268,20260607,SEA,681867,Cooper Criswell,0,0,0,0,0,0,2,2
824268,20260607,SEA,642100,Gabe Speier,0,3,1,0,0,0,0,0
824268,20260607,SEA,660825,Eduard Bazardo,0,3,1,0,0,0,0,0
824268,20260607,SEA,662253,Andrés Muñoz,0,2,0,2,0,0,2,2
823857,20260607,MIA,645261,Sandy Alcantara,1,21,7,1,1,0,1,1
823857,20260607,MIA,656848,Michael Petersen,0,3,2,0,0,0,0,0
823857,20260607,MIA,669622,Anthony Bender,0,3,1,0,0,0,0,0
823857,20260607,TBA,643377,Griffin Jax,1,15,4,2,0,0,0,0
823857,20260607,TBA,664076,Garrett Cleavinger,0,3,2,1,0,0,2,2
823857,20260607,TBA,571927,Steven Matz,0,3,0,2,0,0,2,1
823857,20260607,TBA,642121,Cole Sulser,0,3,2,1,0,0,0,0
824183,20260607,HOU,681347,Mike Burrows,1,15,3,2,0,2,5,4
824183,20260607,HOU,595345,Steven Okert,0,3,1,0,0,0,0,0
824183,20260607,HOU,663878,Nate Pearson,0,6,2,1,0,0,0,0
824183,20260607,HOU,650556,Bryan Abreu,0,3,2,0,0,0,0,0
824183,20260607,ATH,695611,Gage Jump,1,19,3,3,0,0,0,0
824183,20260607,ATH,686993,Justin Sterner,0,2,1,0,0,0,0,0
824183,20260607,ATH,643410,Mark Leiter Jr.,0,3,2,0,0,0,0,0
824183,20260607,ATH,663687,Hogan Harris,0,3,1,0,0,0,0,0
823696,20260607,MIN,687570,Connor Prielipp,1,13,7,1,0,0,2,2
823696,20260607,MIN,702193,Andrew Morris,0,5,4,0,0,1,3,3
823696,20260607,MIN,689520,Cody Laweryson,0,6,3,2,0,0,1,1
823696,20260607,MIN,664875,Justin Lawrence,0,3,1,0,0,0,0,0
823696,20260607,KCA,702070,Noah Cameron,1,18,7,0,0,0,1,0
823696,20260607,KCA,670167,John Schreiber,0,3,0,0,0,0,0,0
823696,20260607,KCA,696131,Mason Black,0,3,1,0,0,0,0,0
823696,20260607,KCA,694360,Beck Way,0,1,0,1,0,1,4,4
823696,20260607,KCA,668674,Lucas Erceg,0,2,0,0,0,0,0,0
823047,20260607,SLN,700241,Michael McGreevy,1,18,5,0,0,2,2,2
823047,20260607,SLN,666277,George Soriano,0,2,1,0,0,1,1,1
823047,20260607,SLN,668941,JoJo Romero,0,2,1,0,0,0,0,0
823047,20260607,SLN,592773,Ryne Stanek,0,2,1,0,0,0,0,0
823047,20260607,SLN,676617,Riley O'Brien,0,3,1,0,0,0,0,0
823047,20260607,CIN,695076,Rhett Lowder,1,9,4,5,1,0,0,0
823047,20260607,CIN,657571,Caleb Ferguson,0,3,1,1,0,0,0,0
823047,20260607,CIN,663978,Chris Paddack,0,6,2,0,0,1,3,3
823047,20260607,CIN,656271,Brock Burke,0,3,0,1,0,0,0,0
823047,20260607,CIN,594580,Sam Moll,0,0,0,1,0,0,2,0
823047,20260607,CIN,663574,Tony Santillan,0,3,0,0,0,0,0,0
822890,20260607,TEX,594798,Jacob deGrom,1,18,6,2,0,0,0,0
822890,20260607,TEX,682608,Peyton Gray,0,3,1,0,0,0,0,0
822890,20260607,TEX,641302,Tyler Alexander,0,3,0,0,0,0,0,0
822890,20260607,TEX,681168,Luis Curvelo,0,3,1,0,0,0,0,0
822890,20260607,CLE,676282,Joey Cantillo,1,15,7,2,0,3,7,7
822890,20260607,CLE,702021,Will Dion,0,6,1,1,0,1,1,1
822890,20260607,CLE,595978,Austin Hedges,0,3,0,0,0,0,2,2
824349,20260607,COL,607536,Kyle Freeland,1,15,2,1,0,0,3,3
824349,20260607,COL,677955,Jaden Hill,0,1,0,2,0,1,5,5
824349,20260607,COL,624522,Keegan Thompson,0,11,3,0,0,0,4,4
824349,20260607,MIL,675660,Shane Drohan,1,19,4,1,0,0,3,3
824349,20260607,MIL,694477,Chad Patrick,0,5,1,0,0,0,0,0
824349,20260607,MIL,684974,Craig Yoho,0,3,2,0,0,1,1,1
825074,20260607,ARI,647336,Michael Soroka,1,21,6,2,0,1,1,1
825074,20260607,ARI,656464,Kevin Ginkel,0,3,0,0,0,0,0,0
825074,20260607,ARI,664199,Taylor Clarke,0,3,1,0,0,0,0,0
825074,20260607,WAS,676917,Cade Cavalli,1,15,2,1,0,2,4,4
825074,20260607,WAS,683000,Riley Cornelio,0,6,1,3,0,0,1,1
825074,20260607,WAS,681402,Gus Varland,0,3,1,0,0,0,0,0
823941,20260607,LAN,686218,Emmet Sheehan,1,4,2,2,0,0,2,2
823941,20260607,LAN,683618,Edgardo Henriquez,0,5,3,0,0,0,0,0
823941,20260607,LAN,595014,Blake Treinen,0,3,1,1,0,0,2,2
823941,20260607,LAN,681911,Alex Vesia,0,2,2,2,0,0,2,2
823941,20260607,LAN,642546,Jonathan Hernández,0,5,1,1,0,2,6,6
823941,20260607,LAN,676263,Jack Dreyer,0,4,2,0,0,0,0,0
823941,20260607,LAN,669165,Kyle Hurt,0,4,3,0,0,0,1,1
823941,20260607,ANA,667755,José Soriano,1,18,2,2,0,2,5,4
823941,20260607,ANA,519141,Drew Pomeranz,0,2,1,0,0,0,0,0
823941,20260607,ANA,681217,Chase Silseth,0,3,2,1,0,0,0,0
823941,20260607,ANA,696147,Sam Bachman,0,1,1,0,0,0,0,0
823941,20260607,ANA,815083,Mitch Farris,0,3,3,0,0,0,0,0
823291,20260607,SDN,681190,Randy Vásquez,1,12,3,2,0,1,4,4
823291,20260607,SDN,673513,Yuki Matsui,0,5,1,0,0,2,2,2
823291,20260607,SDN,676760,Ron Marinaccio,0,7,3,1,1,0,1,1
823291,20260607,SDN,593974,Wandy Peralta,0,3,0,1,0,0,0,0
823291,20260607,NYN,623211,Huascar Brazobán,1,3,0,2,0,0,0,0
823291,20260607,NYN,640455,Sean Manaea,0,12,3,1,0,1,2,2
823291,20260607,NYN,548384,Brooks Raley,0,3,2,0,0,0,0,0
823291,20260607,NYN,621345,A.J. Minter,0,3,0,0,0,0,0,0
823291,20260607,NYN,596133,Luke Weaver,0,3,0,0,0,0,0,0
823291,20260607,NYN,642207,Devin Williams,0,3,2,1,0,0,1,1
824670,20260607,CHN,592791,Jameson Taillon,1,3,2,2,0,0,1,1
824670,20260607,CHN,665871,Javier Assad,0,19,5,1,1,0,0,0
824670,20260607,CHN,657097,Jacob Webb,0,2,1,0,0,0,0,0
824670,20260607,CHN,694037,Daniel Palencia,0,3,1,0,0,0,0,0
824670,20260607,CHN,663423,Trent Thornton,0,3,0,1,0,0,1,0
824670,20260607,SFN,686790,Trevor McDonald,1,15,6,3,0,0,1,1
824670,20260607,SFN,664141,JT Brubaker,0,3,0,0,0,0,0,0
824670,20260607,SFN,668873,Caleb Kilian,0,3,1,0,0,0,0,0
824670,20260607,SFN,669062,Erik Miller,0,3,1,1,0,0,0,0
824670,20260607,SFN,676775,Keaton Winn,0,3,1,1,0,0,0,0
824670,20260607,SFN,681916,Dylan Smith,0,3,1,0,0,0,0,0
824829,20260608,BAL,694346,Trey Gibson,1,14,0,1,0,0,3,3
824829,20260608,BAL,689296,Anthony Nunez,0,7,2,1,0,1,2,2
824829,20260608,BAL,544150,Albert Suárez,0,6,3,1,0,0,1,1
824829,20260608,SEA,676106,Emerson Hancock,1,15,3,2,1,0,1,1
824829,20260608,SEA,681867,Cooper Criswell,0,4,0,1,0,0,1,1
824829,20260608,SEA,666374,Matt Brash,0,2,1,1,1,0,0,0
824829,20260608,SEA,660825,Eduard Bazardo,0,3,0,1,0,0,1,1
824829,20260608,SEA,662253,Andrés Muñoz,0,3,2,1,0,0,0,0
822972,20260608,TBA,693855,Ian Seymour,1,12,5,1,0,1,1,1
822972,20260608,TBA,668984,Casey Legumina,0,4,1,0,0,0,0,0
822972,20260608,TBA,592155,Cam Booser,0,3,1,0,0,0,0,0
822972,20260608,TBA,687330,Kevin Kelly,0,2,1,0,1,0,0,0
822972,20260608,TBA,664076,Garrett Cleavinger,0,3,1,0,0,0,0,0
822972,20260608,TBA,641329,Bryan Baker,0,3,1,0,0,0,0,0
822972,20260608,BOS,813349,Connelly Early,1,14,6,4,1,1,2,2
822972,20260608,BOS,594027,Tyron Guerrero,0,4,2,0,0,0,0,0
822972,20260608,BOS,669711,Greg Weissert,0,1,1,1,0,0,0,0
822972,20260608,BOS,543056,Danny Coulombe,0,3,0,2,0,0,1,1
822972,20260608,BOS,687941,Alec Gamboa,0,2,1,0,0,0,0,0
824427,20260608,CLE,668909,Gavin Williams,1,15,5,3,0,2,4,3
824427,20260608,CLE,670059,Colin Holderman,0,3,1,1,0,0,0,0
824427,20260608,CLE,682120,Tim Herrin,0,3,1,0,0,0,0,0
824427,20260608,CLE,683769,Hunter Gaddis,0,1,0,0,0,0,1,1
824427,20260608,CLE,671922,Cade Smith,0,5,3,0,0,0,0,0
824427,20260608,CLE,542888,Shawn Armstrong,0,3,0,2,0,0,2,1
824427,20260608,NYA,701542,Will Warren,1,13,5,2,1,0,3,3
824427,20260608,NYA,687396,Brent Headrick,0,2,1,1,0,0,1,1
824427,20260608,NYA,621112,Paul Blackburn,0,2,1,0,0,1,1,1
824427,20260608,NYA,642232,Ryan Yarbrough,0,2,0,1,0,0,0,0
824427,20260608,NYA,656234,Jake Bird,0,2,2,1,0,0,0,0
824427,20260608,NYA,666808,Camilo Doval,0,1,0,0,0,0,0,0
824427,20260608,NYA,657612,Tim Hill,0,3,0,0,0,0,0,0
824427,20260608,NYA,670280,David Bednar,0,5,3,1,0,0,0,0
822806,20260608,TOR,571578,Patrick Corbin,1,9,3,4,1,1,5,5
822806,20260608,TOR,671936,Adam Macko,0,3,1,1,0,0,0,0
822806,20260608,TOR,680573,Simeon Woods Richardson,0,12,3,0,0,0,0,0
822806,20260608,TOR,667297,Tommy Nance,0,3,1,0,0,0,0,0
822806,20260608,PHI,650911,Cristopher Sánchez,1,21,10,1,0,1,2,2
822806,20260608,PHI,641745,Brad Keller,0,3,1,1,0,0,0,0
822806,20260608,PHI,661395,Jhoan Duran,0,3,0,0,0,0,0,0
824025,20260608,ANA,680570,Grayson Rodriguez,1,16,6,2,0,0,3,2
824025,20260608,ANA,696519,Samy Natera Jr.,0,2,1,0,0,0,0,0
824025,20260608,ANA,666171,Ryan Zeferjahn,0,3,3,2,0,0,0,0
824025,20260608,ANA,696147,Sam Bachman,0,3,1,1,0,0,0,0
824025,20260608,ANA,489446,Kirby Yates,0,3,1,1,0,0,1,1
824025,20260608,ANA,691951,Sam Aldegheri,0,3,1,0,0,0,1,0
824025,20260608,HOU,681293,Spencer Arrighetti,1,18,7,4,1,0,3,3
824025,20260608,HOU,660853,Enyel De Los Santos,0,3,1,0,0,1,1,1
824025,20260608,HOU,687911,Bryan King,0,3,0,0,0,0,0,0
824025,20260608,HOU,623352,Josh Hader,0,3,3,0,0,0,0,0
824025,20260608,HOU,650556,Bryan Abreu,0,3,1,0,0,0,0,0
823289,20260608,SDN,621111,Walker Buehler,1,14,4,2,0,0,1,1
823289,20260608,SDN,699134,Bradgley Rodriguez,0,2,0,1,0,0,1,1
823289,20260608,SDN,670970,Adrian Morejon,0,5,1,0,0,0,0,0
823289,20260608,SDN,592094,Jason Adam,0,3,3,1,0,0,0,0
823289,20260608,SDN,695243,Mason Miller,0,3,3,0,0,0,0,0
823289,20260608,CIN,671096,Andrew Abbott,1,18,6,2,0,1,3,3
823289,20260608,CIN,622088,Tejay Antone,0,3,0,0,0,0,0,0
823289,20260608,CIN,685112,Zach McCambley,0,3,0,0,0,0,3,3
823218,20260608,SFN,657277,Logan Webb,1,24,7,0,0,0,1,1
823218,20260608,SFN,676775,Keaton Winn,0,2,1,0,1,0,3,3
823218,20260608,SFN,681916,Dylan Smith,0,1,0,0,0,0,0,0
823218,20260608,WAS,663992,Richard Lovelady,1,3,1,0,0,0,0,0
823218,20260608,WAS,571945,Miles Mikolas,0,14,2,0,0,0,0,0
823218,20260608,WAS,680730,Mitchell Parker,0,3,2,0,0,0,1,1
823218,20260608,WAS,690925,Clayton Beeter,0,4,0,0,1,0,2,2
823218,20260608,WAS,681402,Gus Varland,0,3,2,1,0,0,0,0
824998,20260608,ATH,605488,Jeffrey Springs,1,15,3,2,0,2,5,5
824998,20260608,ATH,665622,Luis Medina,0,5,2,0,0,1,2,2
824998,20260608,ATH,686993,Justin Sterner,0,1,1,0,0,0,0,0
824998,20260608,ATH,643410,Mark Leiter Jr.,0,1,1,2,0,0,1,1
824998,20260608,ATH,663687,Hogan Harris,0,5,3,1,0,0,2,2
824998,20260608,ATH,605130,Scott Barlow,0,3,1,1,0,1,4,3
824998,20260608,ATH,660761,José Suarez,0,6,4,0,0,0,1,0
824998,20260608,MIL,690986,Kyle Harrison,1,7,4,2,0,3,8,8
824998,20260608,MIL,681982,Grant Anderson,0,8,3,1,0,0,0,0
824998,20260608,MIL,669270,Joel Kuhnel,0,5,4,0,0,1,1,1
824998,20260608,MIL,680723,Drew Rom,0,4,2,0,0,1,1,1
824998,20260608,MIL,676879,Aaron Ashby,0,5,3,0,0,2,4,3
824998,20260608,MIL,682842,Abner Uribe,0,4,2,1,0,0,0,0
824998,20260608,MIL,694477,Chad Patrick,0,3,2,1,0,0,0,0
824830,20260609,BAL,669432,Trevor Rogers,1,17,3,1,0,1,3,3
824830,20260609,BAL,552640,Andrew Kittredge,0,3,1,0,0,0,1,1
824830,20260609,BAL,669211,Keegan Akin,0,4,0,0,0,0,0,0
824830,20260609,BAL,669330,Tyler Wells,0,3,1,0,0,0,0,0
824830,20260609,BAL,670329,Rico Garcia,0,3,0,0,0,1,2,1
824830,20260609,SEA,669302,Logan Gilbert,1,18,5,2,0,0,1,1
824830,20260609,SEA,695380,Alex Hoppe,0,3,1,0,0,0,1,0
824830,20260609,SEA,642100,Gabe Speier,0,3,0,0,1,0,0,0
824830,20260609,SEA,678606,José A. Ferrer,0,3,1,1,0,1,2,2
824830,20260609,SEA,689546,Nick Davila,0,3,1,0,1,0,1,0
823374,20260609,PIT,694973,Paul Skenes,1,18,7,2,0,0,2,2
823374,20260609,PIT,696062,Wilber Dotel,0,0,0,1,0,1,6,6
823374,20260609,PIT,684049,Brandan Bidois,0,2,1,3,0,0,4,1
823374,20260609,PIT,642701,Dennis Santana,0,4,1,2,0,0,0,0
823374,20260609,PIT,682997,Tyler Callihan,0,3,0,1,0,0,0,0
823374,20260609,LAN,641778,Eric Lauer,1,17,5,0,0,2,2,2
823374,20260609,LAN,694361,Will Klein,0,4,3,0,0,0,0,0
823374,20260609,LAN,595014,Blake Treinen,0,3,3,2,0,0,0,0
823374,20260609,LAN,656945,Tanner Scott,0,3,1,0,0,0,1,1
822969,20260609,TBA,607259,Nick Martinez,1,21,2,0,0,0,3,3
822969,20260609,TBA,687330,Kevin Kelly,0,3,0,0,0,0,0,0
822969,20260609,TBA,641329,Bryan Baker,0,3,0,0,0,0,0,0
822969,20260609,BOS,801139,Payton Tolle,1,18,3,1,1,0,4,4
822969,20260609,BOS,592454,Tommy Kahnle,0,3,1,0,0,0,0,0
822969,20260609,BOS,676477,Garrett Whitlock,0,3,1,0,0,0,0,0
824267,20260609,DET,675512,Troy Melton,1,15,5,0,1,4,4,4
824267,20260609,DET,669724,Brenan Hanifee,0,1,0,0,1,0,0,0
824267,20260609,DET,623454,Drew Anderson,0,2,2,1,0,0,0,0
824267,20260609,DET,663947,Tyler Holton,0,1,1,0,1,0,0,0
824267,20260609,DET,640448,Kyle Finnegan,0,5,3,1,0,0,0,0
824267,20260609,DET,646241,Enmanuel De Jesus,0,3,0,1,0,0,0,0
824267,20260609,MIN,671737,Taj Bradley,1,13,3,3,0,3,5,5
824267,20260609,MIN,679358,Eric Orze,0,3,1,0,1,0,2,2
824267,20260609,MIN,573124,Taylor Rogers,0,2,1,1,0,1,2,2
824267,20260609,MIN,664875,Justin Lawrence,0,3,2,2,0,0,1,1
824267,20260609,MIN,689520,Cody Laweryson,0,3,1,0,0,0,0,0
823858,20260609,MIA,676974,Max Meyer,1,16,5,2,1,2,2,2
823858,20260609,MIA,669622,Anthony Bender,0,2,2,0,0,0,0,0
823858,20260609,MIA,656848,Michael Petersen,0,3,1,2,0,0,1,0
823858,20260609,MIA,676604,Tyler Zuber,0,1,1,2,1,0,3,3
823858,20260609,MIA,676534,Calvin Faucher,0,2,0,1,0,0,0,0
823858,20260609,MIA,664126,Pete Fairbanks,0,3,2,1,0,0,0,0
823858,20260609,ARI,668678,Zac Gallen,1,16,3,1,0,0,4,4
823858,20260609,ARI,664199,Taylor Clarke,0,2,0,1,0,0,2,2
823858,20260609,ARI,657044,Ryan Thompson,0,3,0,0,0,0,0,0
823858,20260609,ARI,805299,Brandyn Garcia,0,2,0,1,1,0,4,4
823858,20260609,ARI,656464,Kevin Ginkel,0,1,1,0,0,0,0,0
824429,20260609,CLE,677944,Slade Cecconi,1,15,7,2,0,1,2,2
824429,20260609,CLE,670059,Colin Holderman,0,3,0,1,0,0,0,0
824429,20260609,CLE,682120,Tim Herrin,0,4,1,1,0,1,1,1
824429,20260609,CLE,670036,Matt Festa,0,2,0,0,0,0,0,0
824429,20260609,CLE,542888,Shawn Armstrong,0,3,0,0,0,0,0,0
824429,20260609,NYA,543037,Gerrit Cole,1,12,4,2,1,0,2,2
824429,20260609,NYA,621112,Paul Blackburn,0,5,1,0,0,0,0,0
824429,20260609,NYA,657612,Tim Hill,0,1,0,0,0,0,0,0
824429,20260609,NYA,666808,Camilo Doval,0,3,0,0,0,0,0,0
824429,20260609,NYA,656234,Jake Bird,0,1,0,1,0,0,0,0
824429,20260609,NYA,518585,Fernando Cruz,0,5,4,1,0,0,0,0
822805,20260609,TOR,656302,Dylan Cease,1,18,11,1,0,0,1,1
822805,20260609,TOR,656546,Jeff Hoffman,0,3,2,0,0,0,0,0
822805,20260609,TOR,689254,Mason Fluharty,0,3,1,0,0,0,0,0
822805,20260609,TOR,686973,Louis Varland,0,3,1,1,0,0,1,1
822805,20260609,PHI,554430,Zack Wheeler,1,18,5,0,1,1,1,1
822805,20260609,PHI,689147,Orion Kerkering,0,4,2,0,0,0,0,0
822805,20260609,PHI,621237,José Alvarado,0,2,1,0,0,0,0,0
822805,20260609,PHI,661395,Jhoan Duran,0,0,0,0,0,0,2,2
823620,20260609,NYN,642547,Freddy Peralta,1,18,5,2,2,1,6,6
823620,20260609,NYN,680702,Joey Gerber,0,6,1,0,0,0,1,1
823620,20260609,NYN,672335,Cionel Pérez,0,3,0,0,0,0,0,0
823620,20260609,SLN,669160,Dustin May,1,18,6,1,0,0,0,0
823620,20260609,SLN,677865,Justin Bruihl,0,6,2,0,0,0,0,0
823620,20260609,SLN,694335,Matt Svanson,0,3,1,0,0,0,0,0
824105,20260609,KCA,663568,Stephen Kolek,1,15,3,1,0,0,2,1
824105,20260609,KCA,674444,Steven Cruz,0,4,2,0,0,0,0,0
824105,20260609,KCA,663738,Daniel Lynch IV,0,3,0,0,0,0,1,1
824105,20260609,KCA,670167,John Schreiber,0,2,1,0,0,0,0,0
824105,20260609,KCA,656638,Alex Lange,0,3,2,1,0,0,0,0
824105,20260609,TEX,543135,Nathan Eovaldi,1,17,3,3,0,1,4,4
824105,20260609,TEX,656222,Jalen Beeks,0,2,0,0,0,1,1,1
824105,20260609,TEX,668390,Cole Winn,0,2,0,0,0,0,0,0
824105,20260609,TEX,695239,Robby Ahlstrom,0,3,0,0,0,0,0,0
824591,20260609,CHA,685126,Brandon Eisert,1,2,1,1,0,1,2,2
824591,20260609,CHA,607200,Erick Fedde,0,15,4,0,1,1,2,1
824591,20260609,CHA,656457,Tyler Gilbert,0,1,0,1,0,0,0,0
824591,20260609,CHA,699823,Tyler Davis,0,3,0,0,0,0,0,0
824591,20260609,CHA,622554,Seranthony Domínguez,0,3,0,1,0,0,0,0
824591,20260609,CHA,691799,Grant Taylor,0,6,1,0,0,0,1,0
824591,20260609,ATL,656550,Grant Holmes,1,11,2,2,1,1,3,3
824591,20260609,ATL,689266,Dylan Dodd,0,5,1,2,0,0,0,0
824591,20260609,ATL,471911,Carlos Carrasco,0,5,0,1,0,0,1,1
824591,20260609,ATL,663158,Robert Suarez,0,3,0,0,0,0,0,0
824591,20260609,ATL,628452,Raisel Iglesias,0,5,2,0,0,1,2,1
824347,20260609,COL,608372,Tomoyuki Sugano,1,15,3,2,0,1,3,3
824347,20260609,COL,678020,Seth Halvorsen,0,3,0,1,0,0,0,0
824347,20260609,COL,657514,Brennan Bernardino,0,3,1,0,0,0,0,0
824347,20260609,COL,622608,Antonio Senzatela,0,3,1,1,0,0,0,0
824347,20260609,COL,677955,Jaden Hill,0,3,1,0,0,0,0,0
824347,20260609,CHN,607067,Colin Rea,1,14,2,3,1,2,7,7
824347,20260609,CHN,669020,Ryan Rolison,0,4,1,1,0,0,0,0
824347,20260609,CHN,681799,Ethan Roberts,0,3,0,1,0,0,0,0
824347,20260609,CHN,571948,Hoby Milner,0,3,1,1,0,0,0,0
824023,20260609,ANA,700712,Walbert Ureña,1,15,7,5,1,0,0,0
824023,20260609,ANA,608718,Brent Suter,0,6,3,1,0,0,1,1
824023,20260609,ANA,519141,Drew Pomeranz,0,3,0,0,0,0,0,0
824023,20260609,ANA,489446,Kirby Yates,0,3,2,0,0,0,0,0
824023,20260609,HOU,678906,Kai-Wei Teng,1,12,5,3,2,0,7,5
824023,20260609,HOU,805123,AJ Blubaugh,0,6,2,2,0,0,0,0
824023,20260609,HOU,695001,Alimber Santa,0,6,0,1,0,0,3,0
823290,20260609,SDN,608337,Lucas Giolito,1,12,3,5,0,0,2,1
823290,20260609,SDN,688158,David Morgan,0,5,4,1,0,0,0,0
823290,20260609,SDN,670970,Adrian Morejon,0,4,3,0,0,0,0,0
823290,20260609,SDN,592094,Jason Adam,0,3,1,2,0,0,0,0
823290,20260609,SDN,695243,Mason Miller,0,3,2,0,0,0,0,0
823290,20260609,SDN,699134,Bradgley Rodriguez,0,3,2,0,0,0,1,0
823290,20260609,SDN,673513,Yuki Matsui,0,3,1,0,0,1,2,1
823290,20260609,CIN,695505,Chase Burns,1,16,7,2,0,0,2,2
823290,20260609,CIN,656271,Brock Burke,0,5,1,1,0,0,0,0
823290,20260609,CIN,657571,Caleb Ferguson,0,1,0,1,0,0,0,0
823290,20260609,CIN,663574,Tony Santillan,0,3,1,0,0,0,0,0
823290,20260609,CIN,594580,Sam Moll,0,2,2,0,0,0,0,0
823290,20260609,CIN,622088,Tejay Antone,0,3,2,0,0,0,1,0
823290,20260609,CIN,687209,Zach Maxwell,0,3,0,0,0,0,0,0
823214,20260609,SFN,605288,Adrian Houser,1,13,6,0,1,1,3,3
823214,20260609,SFN,656529,Sam Hentges,0,2,1,2,0,0,0,0
823214,20260609,SFN,664141,JT Brubaker,0,3,2,0,0,0,1,1
823214,20260609,SFN,669062,Erik Miller,0,0,0,2,0,0,1,1
823214,20260609,SFN,681916,Dylan Smith,0,3,1,1,0,0,0,0
823214,20260609,SFN,663941,Tristan Beck,0,6,1,0,0,0,1,1
823214,20260609,WAS,674841,Andrew Alvarez,1,12,4,5,0,0,2,2
823214,20260609,WAS,695418,Brad Lord,0,8,1,2,0,0,0,0
823214,20260609,WAS,663992,Richard Lovelady,0,1,0,0,0,0,0,0
823214,20260609,WAS,690925,Clayton Beeter,0,3,1,0,0,0,0,0
823214,20260609,WAS,687377,Orlando Ribalta,0,3,0,0,0,1,1,1
824999,20260609,ATH,669372,J.T. Ginn,1,17,5,3,0,1,5,5
824999,20260609,ATH,665660,Elvis Alvarado,0,4,4,0,0,0,0,0
824999,20260609,ATH,686930,Mason Barnett,0,6,4,0,0,0,0,0
824999,20260609,MIL,688107,Robert Gasser,1,15,7,2,0,4,6,6
824999,20260609,MIL,669270,Joel Kuhnel,0,3,1,1,0,1,1,1
824999,20260609,MIL,689441,Coleman Crow,0,6,0,1,0,0,0,0
822970,20260610,TBA,656876,Drew Rasmussen,1,21,13,1,1,0,0,0
822970,20260610,TBA,642121,Cole Sulser,0,1,1,1,0,1,2,2
822970,20260610,TBA,571927,Steven Matz,0,1,0,0,0,1,2,2
822970,20260610,TBA,668984,Casey Legumina,0,1,0,0,0,0,0,0
822970,20260610,TBA,664076,Garrett Cleavinger,0,3,1,1,0,1,1,1
822970,20260610,BOS,687562,Jake Bennett,1,15,4,1,0,0,4,4
822970,20260610,BOS,670245,Ryan Watson,0,6,0,0,0,0,1,1
822970,20260610,BOS,686580,Justin Slaten,0,2,0,0,0,1,2,2
822970,20260610,BOS,669711,Greg Weissert,0,1,1,0,0,0,0,0
824428,20260610,CLE,800048,Parker Messick,1,17,4,3,0,0,5,4
824428,20260610,CLE,670036,Matt Festa,0,1,0,1,0,0,1,1
824428,20260610,CLE,676051,Codi Heuer,0,2,1,2,0,0,2,2
824428,20260610,CLE,702021,Will Dion,0,7,3,0,0,0,0,0
824428,20260610,NYA,607074,Carlos Rodón,1,18,7,3,0,1,3,3
824428,20260610,NYA,687396,Brent Headrick,0,3,0,0,0,0,0,0
824428,20260610,NYA,642232,Ryan Yarbrough,0,6,2,1,0,0,1,1
823215,20260610,SFN,592662,Robbie Ray,1,17,3,0,0,1,5,5
823215,20260610,SFN,693313,Carson Seymour,0,4,1,1,0,0,4,4
823215,20260610,SFN,665665,Reiver Sanmartin,0,6,2,0,0,1,1,1
823215,20260610,WAS,656492,Foster Griffin,1,18,5,0,0,1,1,1
823215,20260610,WAS,687606,Paxton Schultz,0,3,1,3,0,2,5,5
823215,20260610,WAS,687377,Orlando Ribalta,0,3,1,0,0,0,0,0
823215,20260610,WAS,681402,Gus Varland,0,0,0,1,0,0,3,3
823215,20260610,WAS,680730,Mitchell Parker,0,0,0,0,0,1,2,2
823287,20260610,SDN,650633,Michael King,1,20,3,3,0,2,3,3
823287,20260610,SDN,676760,Ron Marinaccio,0,4,1,0,0,1,1,1
823287,20260610,SDN,593974,Wandy Peralta,0,3,0,1,0,0,0,0
823287,20260610,CIN,663903,Brady Singer,1,18,5,1,0,0,2,2
823287,20260610,CIN,687209,Zach Maxwell,0,3,1,0,0,0,0,0
823287,20260610,CIN,657571,Caleb Ferguson,0,1,0,0,0,0,2,2
823287,20260610,CIN,663574,Tony Santillan,0,2,1,0,0,0,0,0
823287,20260610,CIN,695534,Chase Petty,0,2,0,0,0,1,1,1
824831,20260610,BAL,687064,Brandon Young,1,21,5,2,0,0,0,0
824831,20260610,BAL,664991,Grant Wolfram,0,2,0,1,0,0,2,2
824831,20260610,BAL,666974,Yennier Cano,0,4,2,0,0,0,0,0
824831,20260610,SEA,669923,George Kirby,1,18,10,3,0,1,3,3
824831,20260610,SEA,682445,Domingo Gonzalez,0,6,0,2,0,1,4,4
823372,20260610,PIT,683003,Jared Jones,1,12,4,1,0,0,2,2
823372,20260610,PIT,669387,Carmen Mlodzinski,0,11,3,3,0,1,4,4
823372,20260610,PIT,681895,Evan Sisk,0,1,1,0,0,0,0,0
823372,20260610,PIT,642397,Gregory Soto,0,3,0,0,0,1,2,2
823372,20260610,LAN,660271,Shohei Ohtani,1,20,6,3,1,1,4,3
823372,20260610,LAN,681911,Alex Vesia,0,1,0,0,0,0,0,0
823372,20260610,LAN,669165,Kyle Hurt,0,1,0,2,0,1,4,4
823372,20260610,LAN,676263,Jack Dreyer,0,2,1,0,0,1,1,1
824266,20260610,DET,664285,Framber Valdez,1,15,2,2,2,2,4,4
824266,20260610,DET,669724,Brenan Hanifee,0,3,0,0,0,0,0,0
824266,20260610,DET,680744,Ty Madden,0,2,1,1,0,0,2,2
824266,20260610,DET,805427,Drew Sommers,0,2,0,1,0,0,0,0
824266,20260610,DET,689225,Beau Brieske,0,5,0,1,0,0,0,0
824266,20260610,MIN,702474,Mike Paredes,1,9,4,2,1,0,1,1
824266,20260610,MIN,573124,Taylor Rogers,0,3,2,0,0,0,0,0
824266,20260610,MIN,702193,Andrew Morris,0,3,3,1,0,0,2,1
824266,20260610,MIN,701519,Travis Adams,0,4,3,1,0,0,0,0
824266,20260610,MIN,607455,Anthony Banda,0,5,1,1,0,0,0,0
824266,20260610,MIN,672782,Yoendrys Gómez,0,3,1,1,0,0,1,1
823856,20260610,MIA,687473,Ryan Gusto,1,12,4,1,0,0,0,0
823856,20260610,MIA,669199,Lake Bachar,0,6,3,1,0,0,0,0
823856,20260610,MIA,687531,William Kempner,0,6,3,2,0,0,0,0
823856,20260610,MIA,806188,Cade Gibson,0,3,0,0,0,0,0,0
823856,20260610,ARI,669194,Ryne Nelson,1,12,2,1,2,2,7,7
823856,20260610,ARI,642528,Jonathan Loáisiga,0,3,0,0,0,0,1,1
823856,20260610,ARI,686753,Drey Jameson,0,8,1,1,1,0,0,0
823856,20260610,ARI,666661,Juan Morillo,0,1,1,0,0,0,0,0
822804,20260610,TOR,453286,Max Scherzer,1,10,4,3,0,2,5,5
822804,20260610,TOR,689254,Mason Fluharty,0,2,1,0,0,1,1,1
822804,20260610,TOR,667297,Tommy Nance,0,3,0,0,0,0,0,0
822804,20260610,TOR,656546,Jeff Hoffman,0,3,1,1,0,0,0,0
822804,20260610,TOR,680755,Braydon Fisher,0,1,1,1,0,0,1,1
822804,20260610,TOR,693686,Spencer Miles,0,5,2,0,0,0,0,0
822804,20260610,TOR,643511,Tyler Rogers,0,3,0,0,0,0,0,0
822804,20260610,PHI,666200,Jesús Luzardo,1,17,8,4,0,0,1,1
822804,20260610,PHI,680742,Jonathan Bowlan,0,1,0,0,0,0,0,0
822804,20260610,PHI,663767,Chase Shugart,0,1,0,3,0,0,3,3
822804,20260610,PHI,641745,Brad Keller,0,2,0,0,0,0,0,0
822804,20260610,PHI,621237,José Alvarado,0,3,2,0,0,0,0,0
822804,20260610,PHI,661395,Jhoan Duran,0,3,1,0,0,0,0,0
823618,20260610,NYN,681810,Austin Warren,1,3,1,2,0,0,2,2
823618,20260610,NYN,656849,David Peterson,0,11,1,2,0,2,6,6
823618,20260610,NYN,672335,Cionel Pérez,0,4,3,0,0,0,0,0
823618,20260610,NYN,702752,Jonathan Pintaro,0,9,2,0,0,1,1,1
823618,20260610,SLN,669467,Andre Pallante,1,18,5,2,1,1,2,2
823618,20260610,SLN,694335,Matt Svanson,0,6,1,0,0,0,0,0
823618,20260610,SLN,668941,JoJo Romero,0,3,1,0,1,0,0,0
824103,20260610,KCA,607625,Seth Lugo,1,10,2,1,0,0,1,1
824103,20260610,KCA,696131,Mason Black,0,5,2,2,1,0,1,1
824103,20260610,KCA,674444,Steven Cruz,0,3,1,1,0,0,0,0
824103,20260610,KCA,621381,Matt Strahm,0,3,1,0,0,1,1,1
824103,20260610,KCA,668674,Lucas Erceg,0,1,1,2,1,0,1,1
824103,20260610,KCA,663738,Daniel Lynch IV,0,2,0,1,0,0,0,0
824103,20260610,KCA,670167,John Schreiber,0,3,1,0,0,0,0,0
824103,20260610,KCA,656638,Alex Lange,0,3,1,2,0,0,2,1
824103,20260610,TEX,669022,MacKenzie Gore,1,15,6,3,0,0,2,2
824103,20260610,TEX,682608,Peyton Gray,0,3,0,0,0,0,1,1
824103,20260610,TEX,641302,Tyler Alexander,0,3,1,0,0,0,1,1
824103,20260610,TEX,596001,Jakob Junis,0,6,3,0,1,0,0,0
824103,20260610,TEX,656641,Jacob Latz,0,3,1,1,0,0,0,0
824590,20260610,CHA,663436,Davis Martin,1,18,6,0,1,0,0,0
824590,20260610,CHA,656794,Sean Newcomb,0,3,1,1,0,0,1,0
824590,20260610,CHA,622554,Seranthony Domínguez,0,3,0,0,0,0,0,0
824590,20260610,CHA,663542,Bryan Hudson,0,3,0,1,0,0,0,0
824590,20260610,ATL,519242,Chris Sale,1,17,6,1,1,0,2,2
824590,20260610,ATL,800311,Didier Fuentes,0,3,0,0,0,0,0,0
824590,20260610,ATL,669276,Dylan Lee,0,1,1,0,0,0,0,0
824590,20260610,ATL,675916,James Karinchak,0,3,1,0,0,0,0,0
824348,20260610,COL,547179,Michael Lorenzen,1,15,7,2,0,0,1,1
824348,20260610,COL,657514,Brennan Bernardino,0,3,0,1,0,0,0,0
824348,20260610,COL,675848,Juan Mejia,0,3,2,0,0,0,0,0
824348,20260610,COL,676105,Jeff Criswell,0,3,1,1,0,0,0,0
824348,20260610,COL,622608,Antonio Senzatela,0,3,1,0,0,1,1,1
824348,20260610,CHN,684007,Shota Imanaga,1,15,7,2,0,0,0,0
824348,20260610,CHN,664208,Phil Maton,0,2,1,0,0,0,0,0
824348,20260610,CHN,573204,Caleb Thielbar,0,4,2,0,0,0,0,0
824348,20260610,CHN,657097,Jacob Webb,0,3,1,0,0,1,2,2
824348,20260610,CHN,694037,Daniel Palencia,0,0,0,1,0,0,1,1
824996,20260610,ATH,678022,Jack Perkins,1,12,4,3,0,2,3,3
824996,20260610,ATH,665622,Luis Medina,0,6,2,0,0,0,0,0
824996,20260610,ATH,660761,José Suarez,0,2,0,0,0,0,0,0
824996,20260610,ATH,605130,Scott Barlow,0,2,1,0,0,0,0,0
824996,20260610,ATH,663687,Hogan Harris,0,2,0,0,0,0,0,0
824996,20260610,ATH,665660,Elvis Alvarado,0,3,2,0,0,0,0,0
824996,20260610,MIL,687075,Brandon Sproat,1,18,3,1,0,1,1,1
824996,20260610,MIL,694477,Chad Patrick,0,0,0,0,0,2,3,3
824996,20260610,MIL,676879,Aaron Ashby,0,3,0,1,0,0,0,0
824996,20260610,MIL,656730,Trevor Megill,0,3,2,0,0,0,0,0
824022,20260610,ANA,672282,Reid Detmers,1,21,9,0,0,1,1,1
824022,20260610,ANA,681217,Chase Silseth,0,3,1,0,0,1,1,1
824022,20260610,ANA,696147,Sam Bachman,0,3,1,0,0,0,0,0
824022,20260610,ANA,666171,Ryan Zeferjahn,0,3,2,1,0,0,0,0
824022,20260610,HOU,663567,Peter Lambert,1,19,6,0,0,2,2,2
824022,20260610,HOU,660853,Enyel De Los Santos,0,4,0,2,0,0,0,0
824022,20260610,HOU,687911,Bryan King,0,1,1,0,0,0,0,0
824022,20260610,HOU,623352,Josh Hader,0,3,0,0,0,0,0,0
824022,20260610,HOU,650556,Bryan Abreu,0,0,0,0,0,0,1,0
823619,20260611,NYN,681035,Christian Scott,1,14,6,1,0,3,4,4
823619,20260611,NYN,621345,A.J. Minter,0,4,0,0,0,0,0,0
823619,20260611,NYN,548384,Brooks Raley,0,3,1,1,0,0,0,0
823619,20260611,NYN,596133,Luke Weaver,0,3,0,0,0,0,0,0
823619,20260611,NYN,642207,Devin Williams,0,3,2,0,0,0,0,0
823619,20260611,SLN,690928,Hunter Dobbins,1,13,5,0,0,2,3,3
823619,20260611,SLN,677865,Justin Bruihl,0,1,1,0,0,0,1,1
823619,20260611,SLN,666277,George Soriano,0,4,1,0,0,0,0,0
823619,20260611,SLN,668941,JoJo Romero,0,4,1,0,0,1,1,1
823619,20260611,SLN,700669,Gordon Graceffo,0,2,1,0,0,0,0,0
824265,20260611,DET,672456,Keider Montero,1,19,4,1,0,0,0,0
824265,20260611,DET,663947,Tyler Holton,0,5,2,0,0,0,0,0
824265,20260611,DET,689225,Beau Brieske,0,3,1,0,0,0,0,0
824265,20260611,MIN,805673,Zebby Matthews,1,18,4,1,0,3,7,7
824265,20260611,MIN,689520,Cody Laweryson,0,3,1,1,0,1,1,1
824265,20260611,MIN,656577,Alex Jackson,0,3,0,1,0,2,3,3
823855,20260611,MIA,663969,Tyler Phillips,1,15,5,2,0,0,0,0
823855,20260611,MIA,656848,Michael Petersen,0,3,1,0,1,0,0,0
823855,20260611,MIA,669622,Anthony Bender,0,3,3,1,0,0,0,0
823855,20260611,MIA,676534,Calvin Faucher,0,3,2,0,0,0,0,0
823855,20260611,MIA,664126,Pete Fairbanks,0,3,2,0,0,0,0,0
823855,20260611,ARI,518876,Merrill Kelly,1,18,1,2,0,0,2,2
823855,20260611,ARI,805299,Brandyn Garcia,0,3,2,1,0,0,0,0
823855,20260611,ARI,623149,Paul Sewald,0,3,1,0,0,0,0,0
824101,20260611,KCA,608379,Michael Wacha,1,21,2,1,0,1,4,4
824101,20260611,KCA,694360,Beck Way,0,6,4,0,0,0,0,0
824101,20260611,TEX,677958,Kumar Rocker,1,14,3,2,0,0,2,2
824101,20260611,TEX,695239,Robby Ahlstrom,0,4,1,0,0,0,0,0
824101,20260611,TEX,668390,Cole Winn,0,3,0,1,0,0,0,0
824101,20260611,TEX,656641,Jacob Latz,0,6,3,0,0,0,0,0
824346,20260611,COL,663372,Ryan Feltner,1,13,3,3,0,1,6,6
824346,20260611,COL,680604,Blas Castaño,0,8,2,0,0,1,2,2
824346,20260611,COL,671111,Sammy Peralta,0,6,3,0,1,1,1,1
824346,20260611,CHN,665795,Edward Cabrera,1,16,5,2,0,2,2,2
824346,20260611,CHN,571948,Hoby Milner,0,1,0,0,0,0,0,0
824346,20260611,CHN,664208,Phil Maton,0,3,1,0,0,0,0,0
824346,20260611,CHN,669020,Ryan Rolison,0,3,2,0,0,0,0,0
824346,20260611,CHN,621053,Tyler Ferguson,0,4,3,0,0,1,1,1
823371,20260611,PIT,656605,Mitch Keller,1,12,3,4,2,1,5,5
823371,20260611,PIT,670990,Yohan Ramírez,0,6,1,2,0,0,0,0
823371,20260611,PIT,681895,Evan Sisk,0,2,1,1,1,0,2,2
823371,20260611,PIT,684049,Brandan Bidois,0,4,2,1,0,0,1,0
823371,20260611,PIT,642701,Dennis Santana,0,3,0,0,0,0,0,0
823371,20260611,LAN,680736,Justin Wrobleski,1,14,1,2,0,2,4,4
823371,20260611,LAN,694361,Will Klein,0,3,2,1,0,0,0,0
823371,20260611,LAN,681911,Alex Vesia,0,1,1,0,0,0,0,0
823371,20260611,LAN,676263,Jack Dreyer,0,3,2,0,0,0,0,0
823371,20260611,LAN,683618,Edgardo Henriquez,0,2,1,0,0,0,2,2
823371,20260611,LAN,656945,Tanner Scott,0,4,3,0,0,0,0,0
824827,20260611,BAL,680694,Kyle Bradish,1,12,5,3,0,3,5,5
824827,20260611,BAL,669330,Tyler Wells,0,9,4,1,0,0,0,0
824827,20260611,BAL,670329,Rico Garcia,0,2,0,0,0,0,0,0
824827,20260611,BAL,664991,Grant Wolfram,0,1,0,0,0,0,0,0
824827,20260611,BAL,552640,Andrew Kittredge,0,3,0,0,0,0,0,0
824827,20260611,SEA,693433,Bryan Woo,1,15,4,1,1,2,7,7
824827,20260611,SEA,695380,Alex Hoppe,0,5,2,2,0,0,0,0
824827,20260611,SEA,689546,Nick Davila,0,4,1,0,0,0,0,0
823370,20260612,PIT,677952,Braxton Ashcraft,1,15,4,2,0,0,2,2
823370,20260612,PIT,696062,Wilber Dotel,0,5,2,3,0,0,4,4
823370,20260612,PIT,699008,Antwone Kelly,0,7,1,1,0,1,2,2
823370,20260612,MIA,645261,Sandy Alcantara,1,24,7,1,0,2,3,3
823370,20260612,MIA,667463,John King,0,3,2,0,0,0,0,0
822726,20260612,WAS,641793,Zack Littell,1,5,0,1,0,1,5,5
822726,20260612,WAS,683000,Riley Cornelio,0,13,2,2,0,0,3,3
822726,20260612,WAS,687606,Paxton Schultz,0,6,1,0,0,1,1,1
822726,20260612,WAS,681402,Gus Varland,0,3,1,0,0,1,1,1
822726,20260612,SEA,682243,Bryce Miller,1,24,7,0,0,2,2,2
822726,20260612,SEA,621074,Michael Rucker,0,3,1,0,0,0,0,0
824826,20260612,BAL,669358,Shane Baz,1,15,1,2,1,0,3,2
824826,20260612,BAL,689296,Anthony Nunez,0,3,2,1,0,0,0,0
824826,20260612,BAL,669211,Keegan Akin,0,3,0,0,0,0,0,0
824826,20260612,BAL,666974,Yennier Cano,0,3,3,0,0,0,0,0
824826,20260612,BAL,552640,Andrew Kittredge,0,3,0,0,0,0,0,0
824826,20260612,SDN,656288,Griffin Canning,1,15,6,5,0,2,7,7
824826,20260612,SDN,593974,Wandy Peralta,0,5,3,2,0,0,0,0
824826,20260612,SDN,688158,David Morgan,0,4,2,0,1,0,0,0
824425,20260612,CLE,676440,Tanner Bibee,1,21,8,2,0,2,2,2
824425,20260612,CLE,683769,Hunter Gaddis,0,3,0,0,0,0,0,0
824425,20260612,CLE,671922,Cade Smith,0,3,1,0,0,0,0,0
824425,20260612,DET,656427,Jack Flaherty,1,9,1,1,0,0,2,2
824425,20260612,DET,621097,Jacob Waguespack,0,3,1,1,0,0,0,0
824425,20260612,DET,805427,Drew Sommers,0,3,2,0,0,0,0,0
824425,20260612,DET,623454,Drew Anderson,0,3,1,0,0,0,1,1
824425,20260612,DET,680744,Ty Madden,0,6,3,0,0,0,0,0
824752,20260612,BOS,543243,Sonny Gray,1,18,7,0,0,0,1,1
824752,20260612,BOS,594027,Tyron Guerrero,0,3,0,0,0,0,0,0
824752,20260612,BOS,543056,Danny Coulombe,0,3,0,0,0,0,0,0
824752,20260612,BOS,592454,Tommy Kahnle,0,3,1,0,0,0,0,0
824752,20260612,TEX,683004,Jack Leiter,1,15,3,2,0,1,6,4
824752,20260612,TEX,615698,Cal Quantrill,0,6,1,0,2,1,1,1
824752,20260612,TEX,681168,Luis Curvelo,0,3,0,1,0,1,3,3
824507,20260612,CIN,666157,Nick Lodolo,1,16,5,1,3,0,2,2
824507,20260612,CIN,622088,Tejay Antone,0,5,0,0,0,0,0,0
824507,20260612,CIN,687209,Zach Maxwell,0,3,1,2,0,0,0,0
824507,20260612,CIN,656271,Brock Burke,0,3,0,2,0,0,3,0
824507,20260612,ARI,593958,Eduardo Rodriguez,1,8,3,5,0,1,2,1
824507,20260612,ARI,657044,Ryan Thompson,0,4,1,1,0,0,0,0
824507,20260612,ARI,642528,Jonathan Loáisiga,0,3,1,0,0,0,0,0
824507,20260612,ARI,664199,Taylor Clarke,0,6,2,2,0,0,0,0
824507,20260612,ARI,656464,Kevin Ginkel,0,3,0,1,0,0,0,0
824507,20260612,ARI,623149,Paul Sewald,0,3,1,0,0,0,0,0
823617,20260612,NYN,690997,Nolan McLean,1,12,6,4,0,0,2,2
823617,20260612,NYN,672335,Cionel Pérez,0,4,0,0,0,1,1,1
823617,20260612,NYN,623211,Huascar Brazobán,0,5,4,0,0,0,0,0
823617,20260612,NYN,548384,Brooks Raley,0,2,1,0,0,0,2,2
823617,20260612,NYN,642207,Devin Williams,0,4,2,0,0,0,0,0
823617,20260612,ATL,675911,Spencer Strider,1,9,3,1,1,3,7,7
823617,20260612,ATL,702275,JR Ritchie,0,15,5,2,0,0,0,0
822803,20260612,TOR,702056,Trey Yesavage,1,15,3,6,0,1,5,5
822803,20260612,TOR,689254,Mason Fluharty,0,3,1,0,0,0,0,0
822803,20260612,TOR,680755,Braydon Fisher,0,3,1,1,0,0,0,0
822803,20260612,TOR,643511,Tyler Rogers,0,3,1,0,0,0,0,0
822803,20260612,TOR,686973,Louis Varland,0,3,2,0,0,0,0,0
822803,20260612,NYA,677960,Ryan Weathers,1,13,2,1,1,2,6,6
822803,20260612,NYA,656234,Jake Bird,0,3,1,0,0,0,1,1
822803,20260612,NYA,687396,Brent Headrick,0,2,1,1,0,0,0,0
822803,20260612,NYA,666808,Camilo Doval,0,3,2,1,0,0,0,0
822803,20260612,NYA,518585,Fernando Cruz,0,3,2,1,0,0,1,1
824588,20260612,CHA,641743,Anthony Kay,1,15,7,1,2,0,2,2
824588,20260612,CHA,663542,Bryan Hudson,0,3,0,0,0,0,0,0
824588,20260612,CHA,670950,Trevor Richards,0,6,2,0,0,0,0,0
824588,20260612,CHA,669684,Chris Murphy,0,3,0,0,0,0,0,0
824588,20260612,LAN,808963,Roki Sasaki,1,13,4,3,0,1,7,7
824588,20260612,LAN,595014,Blake Treinen,0,2,0,0,0,0,1,1
824588,20260612,LAN,683618,Edgardo Henriquez,0,3,2,0,0,0,0,0
824588,20260612,LAN,642546,Jonathan Hernández,0,6,1,4,0,0,0,0
823778,20260612,MIL,694819,Jacob Misiorowski,1,27,15,0,0,0,0,0
823778,20260612,PHI,621383,Tanner Banks,1,3,2,2,0,0,1,1
823778,20260612,PHI,691725,Andrew Painter,0,15,3,3,0,1,5,5
823778,20260612,PHI,663767,Chase Shugart,0,3,1,0,0,0,0,0
823778,20260612,PHI,641835,Tim Mayza,0,3,2,0,0,0,0,0
824102,20260612,KCA,679883,Luinder Avila,1,2,0,3,0,2,8,8
824102,20260612,KCA,696131,Mason Black,0,7,3,3,1,1,1,1
824102,20260612,KCA,674444,Steven Cruz,0,6,1,0,0,0,0,0
824102,20260612,KCA,668674,Lucas Erceg,0,6,0,1,0,0,0,0
824102,20260612,KCA,669212,Eli Morgan,0,3,0,0,0,0,0,0
824102,20260612,KCA,621381,Matt Strahm,0,3,0,0,0,1,1,1
824102,20260612,HOU,837227,Tatsuya Imai,1,2,1,1,0,0,5,5
824102,20260612,HOU,595345,Steven Okert,0,7,0,0,0,0,0,0
824102,20260612,HOU,805123,AJ Blubaugh,0,6,2,1,0,0,0,0
824102,20260612,HOU,663878,Nate Pearson,0,6,1,0,0,0,0,0
824102,20260612,HOU,660853,Enyel De Los Santos,0,1,1,0,0,0,3,3
824102,20260612,HOU,687911,Bryan King,0,2,1,1,1,0,0,0
824102,20260612,HOU,623352,Josh Hader,0,3,0,0,0,0,0,0
823695,20260612,MIN,657746,Joe Ryan,1,18,8,0,0,1,3,3
823695,20260612,MIN,573124,Taylor Rogers,0,2,2,2,0,0,2,2
823695,20260612,MIN,679358,Eric Orze,0,1,1,1,0,0,2,2
823695,20260612,MIN,672782,Yoendrys Gómez,0,1,0,0,0,0,1,1
823695,20260612,MIN,607455,Anthony Banda,0,2,0,0,0,0,0,0
823695,20260612,MIN,702193,Andrew Morris,0,3,0,0,0,0,0,0
823695,20260612,SLN,681517,Kyle Leahy,1,15,5,1,0,1,4,4
823695,20260612,SLN,666277,George Soriano,0,3,0,0,0,0,0,0
823695,20260612,SLN,700669,Gordon Graceffo,0,2,0,2,0,0,2,2
823695,20260612,SLN,592773,Ryne Stanek,0,4,1,0,0,3,3,3
824020,20260612,ANA,691951,Sam Aldegheri,1,15,4,3,0,0,2,1
824020,20260612,ANA,681217,Chase Silseth,0,3,2,0,0,0,0,0
824020,20260612,ANA,815083,Mitch Farris,0,8,2,2,0,0,1,1
824020,20260612,ANA,666171,Ryan Zeferjahn,0,1,1,1,0,0,0,0
824020,20260612,TBA,663556,Shane McClanahan,1,12,7,1,0,0,4,4
824020,20260612,TBA,669438,Mason Englert,0,12,3,2,0,0,0,0
824997,20260612,ATH,695611,Gage Jump,1,15,6,1,0,0,3,3
824997,20260612,ATH,686993,Justin Sterner,0,3,1,0,0,1,1,1
824997,20260612,ATH,686930,Mason Barnett,0,5,1,0,0,0,0,0
824997,20260612,ATH,663687,Hogan Harris,0,4,2,0,0,0,0,0
824997,20260612,COL,807743,Sean Sullivan,1,9,2,0,1,0,0,0
824997,20260612,COL,676105,Jeff Criswell,0,3,1,1,0,0,0,0
824997,20260612,COL,678020,Seth Halvorsen,0,2,1,1,0,2,2,2
824997,20260612,COL,688642,Zach Agnos,0,8,2,2,1,0,4,3
824997,20260612,COL,657514,Brennan Bernardino,0,2,2,0,0,0,0,0
823211,20260612,SFN,694738,Landen Roupp,1,14,5,2,0,0,4,4
823211,20260612,SFN,669062,Erik Miller,0,1,0,0,0,1,1,1
823211,20260612,SFN,664141,JT Brubaker,0,6,1,0,0,0,0,0
823211,20260612,SFN,656529,Sam Hentges,0,3,0,0,0,0,0,0
823211,20260612,SFN,676254,Ryan Walker,0,3,1,0,0,0,0,0
823211,20260612,CHN,665871,Javier Assad,1,18,5,1,0,0,0,0
823211,20260612,CHN,571948,Hoby Milner,0,3,0,0,0,0,0,0
823211,20260612,CHN,663423,Trent Thornton,0,6,2,0,0,1,1,1
823694,20260613,MIN,687570,Connor Prielipp,1,18,2,2,1,1,4,4
823694,20260613,MIN,664875,Justin Lawrence,0,2,2,0,0,2,4,4
823694,20260613,MIN,701519,Travis Adams,0,7,1,1,0,1,1,1
823694,20260613,SLN,669461,Matthew Liberatore,1,13,4,1,0,3,4,4
823694,20260613,SLN,694335,Matt Svanson,0,5,2,0,0,0,0,0
823694,20260613,SLN,592773,Ryne Stanek,0,3,1,0,0,0,0,0
823694,20260613,SLN,688297,Chris Roycroft,0,1,0,1,0,0,1,1
823694,20260613,SLN,668941,JoJo Romero,0,2,0,0,0,0,0,0
823694,20260613,SLN,676617,Riley O'Brien,0,3,1,3,0,0,1,1
822802,20260613,TOR,592332,Kevin Gausman,1,21,7,2,0,1,1,1
822802,20260613,TOR,643511,Tyler Rogers,0,3,1,0,0,0,0,0
822802,20260613,TOR,686973,Louis Varland,0,3,1,0,0,1,2,2
822802,20260613,NYA,693645,Cam Schlittler,1,21,7,4,0,1,1,1
822802,20260613,NYA,518585,Fernando Cruz,0,3,1,3,0,0,0,0
822802,20260613,NYA,670280,David Bednar,0,3,3,0,0,0,0,0
824828,20260613,BAL,694346,Trey Gibson,1,13,7,5,1,2,6,6
824828,20260613,BAL,669211,Keegan Akin,0,2,0,1,0,0,0,0
824828,20260613,BAL,544150,Albert Suárez,0,12,1,0,0,3,3,3
824828,20260613,SDN,681190,Randy Vásquez,1,15,5,2,0,1,2,2
824828,20260613,SDN,673513,Yuki Matsui,0,3,2,0,0,0,0,0
824828,20260613,SDN,699134,Bradgley Rodriguez,0,3,0,1,0,0,1,1
824828,20260613,SDN,592094,Jason Adam,0,3,0,0,0,0,0,0
824828,20260613,SDN,676760,Ron Marinaccio,0,2,0,0,1,0,0,0
824828,20260613,SDN,670970,Adrian Morejon,0,1,0,0,0,0,0,0
822725,20260613,WAS,676917,Cade Cavalli,1,15,5,0,1,1,3,3
822725,20260613,WAS,676571,PJ Poulin,0,2,1,1,0,0,0,0
822725,20260613,WAS,687377,Orlando Ribalta,0,2,0,0,0,0,0,0
822725,20260613,WAS,663992,Richard Lovelady,0,2,0,1,0,0,0,0
822725,20260613,WAS,695418,Brad Lord,0,6,2,1,0,0,0,0
822725,20260613,SEA,622491,Luis Castillo,1,17,4,2,0,1,5,2
822725,20260613,SEA,642100,Gabe Speier,0,1,0,0,0,0,0,0
822725,20260613,SEA,678606,José A. Ferrer,0,1,0,1,0,0,3,3
822725,20260613,SEA,660825,Eduard Bazardo,0,2,1,0,0,0,0,0
822725,20260613,SEA,695380,Alex Hoppe,0,3,2,0,0,0,0,0
823369,20260613,PIT,696149,Bubba Chandler,1,17,6,1,1,0,2,2
823369,20260613,PIT,682254,Mason Montgomery,0,4,0,0,0,0,0,0
823369,20260613,PIT,670990,Yohan Ramírez,0,3,3,1,0,0,0,0
823369,20260613,PIT,642397,Gregory Soto,0,3,1,0,0,0,0,0
823369,20260613,MIA,669199,Lake Bachar,1,6,4,1,1,0,1,1
823369,20260613,MIA,667463,John King,0,2,0,0,0,0,1,1
823369,20260613,MIA,676534,Calvin Faucher,0,3,1,1,0,0,0,0
823369,20260613,MIA,806188,Cade Gibson,0,4,1,1,0,0,0,0
823369,20260613,MIA,656848,Michael Petersen,0,6,3,0,0,0,0,0
823369,20260613,MIA,669622,Anthony Bender,0,3,2,1,1,0,1,1
824508,20260613,CIN,695076,Rhett Lowder,1,17,6,2,1,1,1,1
824508,20260613,CIN,657571,Caleb Ferguson,0,2,1,1,0,0,0,0
824508,20260613,CIN,695534,Chase Petty,0,5,1,0,1,0,0,0
824508,20260613,CIN,663574,Tony Santillan,0,3,0,0,0,0,0,0
824508,20260613,ARI,647336,Michael Soroka,1,21,7,0,1,0,1,1
824508,20260613,ARI,666661,Juan Morillo,0,3,3,0,0,1,1,1
824426,20260613,CLE,676282,Joey Cantillo,1,15,4,0,0,0,1,1
824426,20260613,CLE,670059,Colin Holderman,0,3,2,0,1,0,0,0
824426,20260613,CLE,683769,Hunter Gaddis,0,3,0,1,0,0,0,0
824426,20260613,CLE,682120,Tim Herrin,0,2,2,0,0,0,0,0
824426,20260613,CLE,671922,Cade Smith,0,4,2,1,0,0,0,0
824426,20260613,DET,669373,Tarik Skubal,1,14,4,1,1,1,3,2
824426,20260613,DET,640448,Kyle Finnegan,0,4,0,0,0,0,0,0
824426,20260613,DET,663947,Tyler Holton,0,3,0,0,0,0,0,0
824426,20260613,DET,445276,Kenley Jansen,0,3,2,0,0,0,0,0
824749,20260613,BOS,624133,Ranger Suarez,1,15,7,2,0,0,2,2
824749,20260613,BOS,686580,Justin Slaten,0,3,1,0,0,0,0,0
824749,20260613,BOS,676477,Garrett Whitlock,0,3,1,0,0,0,0,0
824749,20260613,BOS,594027,Tyron Guerrero,0,1,1,0,1,1,1,1
824749,20260613,BOS,543056,Danny Coulombe,0,2,0,0,0,0,0,0
824749,20260613,BOS,547973,Aroldis Chapman,0,3,2,0,0,0,0,0
824749,20260613,TEX,594798,Jacob deGrom,1,18,5,0,0,0,2,2
824749,20260613,TEX,668390,Cole Winn,0,2,2,0,0,0,2,2
824749,20260613,TEX,695239,Robby Ahlstrom,0,1,1,1,0,0,0,0
824749,20260613,TEX,682608,Peyton Gray,0,3,0,0,0,1,2,2
823616,20260613,NYN,640455,Sean Manaea,1,18,6,0,0,1,2,2
823616,20260613,NYN,681810,Austin Warren,0,6,3,0,0,1,1,1
823616,20260613,NYN,650960,Daniel Duarte,0,3,1,0,0,0,0,0
823616,20260613,ATL,527048,Martín Pérez,1,16,4,1,0,0,1,1
823616,20260613,ATL,669276,Dylan Lee,0,2,1,0,0,0,0,0
823616,20260613,ATL,800311,Didier Fuentes,0,3,3,0,0,0,0,0
823616,20260613,ATL,663158,Robert Suarez,0,3,1,0,0,0,0,0
823616,20260613,ATL,628452,Raisel Iglesias,0,3,1,1,0,0,0,0
824587,20260613,CHA,680732,Sean Burke,1,12,6,5,0,2,4,4
824587,20260613,CHA,697812,Joe Rock,0,9,3,5,2,0,1,1
824587,20260613,CHA,685126,Brandon Eisert,0,3,1,0,0,1,2,2
824587,20260613,CHA,699823,Tyler Davis,0,3,1,0,0,0,0,0
824587,20260613,LAN,808967,Yoshinobu Yamamoto,1,25,7,0,0,1,1,1
824587,20260613,LAN,681911,Alex Vesia,0,2,0,0,0,0,0,0
824100,20260613,KCA,702070,Noah Cameron,1,13,1,0,0,2,4,4
824100,20260613,KCA,670167,John Schreiber,0,5,3,0,0,1,1,1
824100,20260613,KCA,663738,Daniel Lynch IV,0,3,0,0,0,0,0,0
824100,20260613,KCA,621381,Matt Strahm,0,1,0,0,1,1,2,2
824100,20260613,KCA,656638,Alex Lange,0,5,1,1,0,0,1,1
824100,20260613,HOU,681347,Mike Burrows,1,15,5,2,0,1,5,4
824100,20260613,HOU,660853,Enyel De Los Santos,0,1,0,1,0,0,2,2
824100,20260613,HOU,695001,Alimber Santa,0,5,0,0,0,0,0,0
824100,20260613,HOU,687911,Bryan King,0,3,1,0,0,0,0,0
824100,20260613,HOU,650556,Bryan Abreu,0,3,0,0,0,0,0,0
823776,20260613,MIL,675660,Shane Drohan,1,15,7,0,0,1,4,4
823776,20260613,MIL,694477,Chad Patrick,0,3,1,0,0,1,4,4
823776,20260613,MIL,680723,Drew Rom,0,5,3,2,0,0,1,1
823776,20260613,MIL,669270,Joel Kuhnel,0,1,1,0,0,0,0,0
823776,20260613,MIL,656730,Trevor Megill,0,3,3,1,0,0,0,0
823776,20260613,PHI,605400,Aaron Nola,1,14,3,2,0,2,3,3
823776,20260613,PHI,641835,Tim Mayza,0,1,0,0,0,0,0,0
823776,20260613,PHI,689147,Orion Kerkering,0,3,0,0,0,0,0,0
823776,20260613,PHI,621237,José Alvarado,0,3,1,0,0,1,2,2
823776,20260613,PHI,641745,Brad Keller,0,3,1,2,0,0,3,3
823776,20260613,PHI,661395,Jhoan Duran,0,3,1,0,0,0,0,0
824995,20260613,ATH,683155,Joey Estes,1,13,4,1,0,1,4,4
824995,20260613,ATH,660761,José Suarez,0,5,0,2,1,0,1,1
824995,20260613,ATH,605130,Scott Barlow,0,3,0,1,0,0,0,0
824995,20260613,ATH,643410,Mark Leiter Jr.,0,3,1,0,0,0,0,0
824995,20260613,ATH,665660,Elvis Alvarado,0,3,2,0,0,0,0,0
824995,20260613,COL,607536,Kyle Freeland,1,17,4,0,0,1,6,6
824995,20260613,COL,677955,Jaden Hill,0,1,0,2,1,0,1,1
824995,20260613,COL,678020,Seth Halvorsen,0,2,1,1,0,0,0,0
824995,20260613,COL,675848,Juan Mejia,0,4,1,0,0,0,0,0
823213,20260613,SFN,686790,Trevor McDonald,1,11,4,3,1,1,4,4
823213,20260613,SFN,665665,Reiver Sanmartin,0,4,2,1,0,2,2,2
823213,20260613,SFN,656529,Sam Hentges,0,3,2,0,1,0,0,0
823213,20260613,SFN,676254,Ryan Walker,0,3,0,0,1,0,0,0
823213,20260613,SFN,681916,Dylan Smith,0,3,2,0,0,0,0,0
823213,20260613,SFN,668873,Caleb Kilian,0,3,2,0,0,0,0,0
823213,20260613,CHN,676962,Ben Brown,1,15,3,3,0,0,1,1
823213,20260613,CHN,681799,Ethan Roberts,0,3,2,0,1,0,0,0
823213,20260613,CHN,573204,Caleb Thielbar,0,5,1,0,0,0,0,0
823213,20260613,CHN,664208,Phil Maton,0,4,1,1,0,0,0,0
824019,20260613,ANA,667755,José Soriano,1,15,5,2,0,0,0,0
824019,20260613,ANA,696519,Samy Natera Jr.,0,6,2,2,0,0,0,0
824019,20260613,ANA,608718,Brent Suter,0,3,0,0,0,0,0,0
824019,20260613,ANA,489446,Kirby Yates,0,3,1,0,0,0,0,0
824019,20260613,TBA,643377,Griffin Jax,1,15,5,0,0,0,1,0
824019,20260613,TBA,664076,Garrett Cleavinger,0,1,1,0,0,0,2,2
824019,20260613,TBA,518886,Craig Kimbrel,0,2,1,0,0,0,1,1
824019,20260613,TBA,642121,Cole Sulser,0,2,2,1,0,1,4,4
824019,20260613,TBA,592155,Cam Booser,0,4,2,1,0,0,0,0
823368,20260614,PIT,694973,Paul Skenes,1,18,10,1,0,2,2,2
823368,20260614,PIT,681895,Evan Sisk,0,3,0,0,0,0,0,0
823368,20260614,PIT,684049,Brandan Bidois,0,2,1,0,1,0,2,2
823368,20260614,PIT,676755,Isaac Mattson,0,4,1,2,0,0,0,0
823368,20260614,MIA,676974,Max Meyer,1,18,9,3,1,0,1,1
823368,20260614,MIA,676534,Calvin Faucher,0,3,1,0,1,0,0,0
823368,20260614,MIA,676604,Tyler Zuber,0,3,0,0,0,0,0,0
823368,20260614,MIA,664126,Pete Fairbanks,0,3,2,0,0,1,1,1
824823,20260614,BAL,669432,Trevor Rogers,1,18,4,2,0,0,2,2
824823,20260614,BAL,670329,Rico Garcia,0,3,1,1,0,1,2,2
824823,20260614,BAL,689296,Anthony Nunez,0,3,0,1,0,0,0,0
824823,20260614,BAL,666974,Yennier Cano,0,3,2,0,0,0,1,0
824823,20260614,SDN,621111,Walker Buehler,1,15,5,0,0,1,1,1
824823,20260614,SDN,699134,Bradgley Rodriguez,0,3,2,1,0,0,0,0
824823,20260614,SDN,592094,Jason Adam,0,1,0,0,0,0,1,1
824823,20260614,SDN,670970,Adrian Morejon,0,4,0,0,0,0,0,0
824823,20260614,SDN,695243,Mason Miller,0,4,3,0,0,0,0,0
822722,20260614,WAS,676571,PJ Poulin,1,3,0,0,0,0,1,1
822722,20260614,WAS,571945,Miles Mikolas,0,21,3,0,0,0,0,0
822722,20260614,WAS,690925,Clayton Beeter,0,3,2,0,0,0,0,0
822722,20260614,SEA,676106,Emerson Hancock,1,12,2,0,0,1,6,6
822722,20260614,SEA,678606,José A. Ferrer,0,3,1,0,0,0,0,0
822722,20260614,SEA,689546,Nick Davila,0,3,2,1,0,0,0,0
822722,20260614,SEA,621074,Michael Rucker,0,3,2,0,0,1,1,1
822722,20260614,SEA,662253,Andrés Muñoz,0,0,0,1,0,0,2,2
822722,20260614,SEA,695380,Alex Hoppe,0,3,1,0,0,0,1,1
822801,20260614,TOR,571578,Patrick Corbin,1,11,3,0,0,0,2,2
822801,20260614,TOR,693686,Spencer Miles,0,8,2,1,0,0,1,1
822801,20260614,TOR,689254,Mason Fluharty,0,2,0,1,0,0,0,0
822801,20260614,TOR,656546,Jeff Hoffman,0,3,2,0,0,0,0,0
822801,20260614,TOR,680755,Braydon Fisher,0,2,1,1,0,1,3,3
822801,20260614,TOR,667297,Tommy Nance,0,1,0,1,0,1,2,2
822801,20260614,NYA,701542,Will Warren,1,12,1,3,0,0,2,2
822801,20260614,NYA,657612,Tim Hill,0,3,1,0,0,0,0,0
822801,20260614,NYA,656234,Jake Bird,0,3,1,0,0,1,1,1
822801,20260614,NYA,687396,Brent Headrick,0,3,1,0,0,0,0,0
822801,20260614,NYA,666808,Camilo Doval,0,3,2,0,0,0,0,0
822801,20260614,NYA,670280,David Bednar,0,3,0,0,0,0,0,0
824506,20260614,CIN,671096,Andrew Abbott,1,15,5,3,0,1,1,1
824506,20260614,CIN,622088,Tejay Antone,0,3,0,0,0,1,2,1
824506,20260614,CIN,594580,Sam Moll,0,3,0,0,0,0,0,0
824506,20260614,CIN,687209,Zach Maxwell,0,3,2,1,0,1,1,1
824506,20260614,CIN,663978,Chris Paddack,0,3,0,1,0,0,1,1
824506,20260614,ARI,668678,Zac Gallen,1,18,4,2,1,2,3,3
824506,20260614,ARI,666661,Juan Morillo,0,3,0,0,0,0,0,0
824506,20260614,ARI,656464,Kevin Ginkel,0,3,2,0,0,0,0,0
824506,20260614,ARI,623149,Paul Sewald,0,3,1,1,0,0,0,0
823615,20260614,NYN,642547,Freddy Peralta,1,15,2,1,0,0,1,1
823615,20260614,NYN,672335,Cionel Pérez,0,2,0,1,0,0,0,0
823615,20260614,NYN,650960,Daniel Duarte,0,5,1,1,0,0,0,0
823615,20260614,NYN,621345,A.J. Minter,0,2,1,0,0,0,0,0
823615,20260614,NYN,623211,Huascar Brazobán,0,3,0,0,0,0,0,0
823615,20260614,ATL,693821,Bryce Elder,1,12,2,2,0,2,6,6
823615,20260614,ATL,689266,Dylan Dodd,0,3,1,2,0,0,0,0
823615,20260614,ATL,675916,James Karinchak,0,3,2,1,0,0,0,0
823615,20260614,ATL,625643,Reynaldo López,0,3,1,2,0,0,0,0
823615,20260614,ATL,683627,Anthony Molina,0,3,2,0,0,0,2,1
824099,20260614,KCA,663568,Stephen Kolek,1,22,4,1,0,0,0,0
824099,20260614,KCA,674444,Steven Cruz,0,2,1,0,0,0,0,0
824099,20260614,KCA,663738,Daniel Lynch IV,0,3,0,0,0,0,0,0
824099,20260614,HOU,681293,Spencer Arrighetti,1,18,7,1,0,0,4,4
824099,20260614,HOU,695001,Alimber Santa,0,3,0,0,0,0,0,0
824099,20260614,HOU,663878,Nate Pearson,0,3,2,0,0,0,0,0
823693,20260614,MIN,671737,Taj Bradley,1,20,7,1,0,2,4,4
823693,20260614,MIN,607455,Anthony Banda,0,1,0,1,0,0,0,0
823693,20260614,MIN,702193,Andrew Morris,0,3,3,0,0,0,0,0
823693,20260614,MIN,672782,Yoendrys Gómez,0,3,1,0,0,0,0,0
823693,20260614,SLN,700241,Michael McGreevy,1,18,2,2,0,1,2,2
823693,20260614,SLN,668941,JoJo Romero,0,1,1,1,0,0,2,2
823693,20260614,SLN,666277,George Soriano,0,5,3,0,0,0,1,1
824586,20260614,CHA,663542,Bryan Hudson,1,3,0,0,0,1,1,1
824586,20260614,CHA,656794,Sean Newcomb,0,7,4,1,0,0,0,0
824586,20260614,CHA,607200,Erick Fedde,0,8,4,2,0,0,0,0
824586,20260614,CHA,691799,Grant Taylor,0,6,1,0,0,1,2,2
824586,20260614,CHA,622554,Seranthony Domínguez,0,3,2,2,0,0,1,1
824586,20260614,LAN,686218,Emmet Sheehan,1,15,8,1,1,1,3,3
824586,20260614,LAN,676263,Jack Dreyer,0,3,1,0,0,2,3,3
824586,20260614,LAN,595014,Blake Treinen,0,3,1,0,0,0,0,0
824586,20260614,LAN,642546,Jonathan Hernández,0,3,0,0,0,0,0,0
823777,20260614,MIL,690986,Kyle Harrison,1,18,3,0,1,0,0,0
823777,20260614,MIL,682842,Abner Uribe,0,3,0,0,0,0,0,0
823777,20260614,MIL,676879,Aaron Ashby,0,6,3,0,0,0,0,0
823777,20260614,PHI,650911,Cristopher Sánchez,1,17,3,1,0,2,4,4
823777,20260614,PHI,663767,Chase Shugart,0,4,1,0,0,0,0,0
823777,20260614,PHI,621383,Tanner Banks,0,3,1,0,0,0,0,0
824994,20260614,ATH,605488,Jeffrey Springs,1,12,5,0,0,3,8,6
824994,20260614,ATH,665622,Luis Medina,0,3,0,1,0,1,6,6
824994,20260614,ATH,669620,Brady Basso,0,5,1,0,0,0,4,4
824994,20260614,ATH,605130,Scott Barlow,0,2,1,2,0,1,4,4
824994,20260614,ATH,666126,Carlos Cortes,0,5,0,2,0,1,1,1
824994,20260614,COL,608372,Tomoyuki Sugano,1,15,2,2,0,1,8,6
824994,20260614,COL,680604,Blas Castaño,0,3,0,0,0,1,1,1
824994,20260614,COL,682769,Eiberson Castellano,0,9,2,0,1,0,0,0
823212,20260614,SFN,657277,Logan Webb,1,24,7,0,0,0,1,0
823212,20260614,SFN,668873,Caleb Kilian,0,3,2,0,0,0,0,0
823212,20260614,CHN,669020,Ryan Rolison,1,4,0,0,0,0,0,0
823212,20260614,CHN,607067,Colin Rea,0,14,2,3,1,1,4,4
823212,20260614,CHN,571948,Hoby Milner,0,3,0,0,0,0,0,0
823212,20260614,CHN,681799,Ethan Roberts,0,2,0,2,0,0,1,1
823212,20260614,CHN,657097,Jacob Webb,0,1,0,0,0,0,0,0
824021,20260614,ANA,680570,Grayson Rodriguez,1,7,1,2,1,0,2,2
824021,20260614,ANA,681217,Chase Silseth,0,2,1,0,0,0,0,0
824021,20260614,ANA,519141,Drew Pomeranz,0,6,0,0,0,1,1,1
824021,20260614,ANA,608718,Brent Suter,0,6,0,0,0,0,0,0
824021,20260614,ANA,696147,Sam Bachman,0,3,1,2,0,2,5,5
824021,20260614,ANA,666171,Ryan Zeferjahn,0,3,1,0,0,0,0,0
824021,20260614,TBA,668984,Casey Legumina,1,5,1,0,1,0,1,1
824021,20260614,TBA,693855,Ian Seymour,0,10,3,3,1,1,2,2
824021,20260614,TBA,687330,Kevin Kelly,0,6,3,0,0,0,0,0
824021,20260614,TBA,518886,Craig Kimbrel,0,1,0,2,1,0,0,0
824021,20260614,TBA,664076,Garrett Cleavinger,0,2,2,0,0,0,0,0
824021,20260614,TBA,641329,Bryan Baker,0,3,2,0,1,0,0,0
824751,20260614,BOS,813349,Connelly Early,1,14,3,2,0,2,6,6
824751,20260614,BOS,669711,Greg Weissert,0,4,1,0,0,0,0,0
824751,20260614,BOS,670245,Ryan Watson,0,6,1,0,1,0,0,0
824751,20260614,BOS,592454,Tommy Kahnle,0,3,1,1,0,0,0,0
824751,20260614,TEX,543135,Nathan Eovaldi,1,21,6,1,0,2,3,3
824751,20260614,TEX,596001,Jakob Junis,0,2,1,0,0,0,1,1
824751,20260614,TEX,656641,Jacob Latz,0,4,2,0,0,0,0,0
823452,20260615,PHI,554430,Zack Wheeler,1,18,9,3,0,0,0,0
823452,20260615,PHI,641835,Tim Mayza,0,3,1,0,0,0,0,0
823452,20260615,PHI,680742,Jonathan Bowlan,0,3,2,0,0,0,0,0
823452,20260615,PHI,663767,Chase Shugart,0,3,1,0,0,0,0,0
823452,20260615,MIA,687473,Ryan Gusto,1,14,1,3,0,2,5,5
823452,20260615,MIA,687531,William Kempner,0,7,2,0,1,0,0,0
823452,20260615,MIA,806188,Cade Gibson,0,3,1,1,0,0,2,2
822724,20260615,WAS,674841,Andrew Alvarez,1,12,5,1,0,0,1,1
822724,20260615,WAS,695418,Brad Lord,0,9,2,1,0,0,2,2
822724,20260615,WAS,690925,Clayton Beeter,0,3,2,1,0,0,0,0
822724,20260615,WAS,681402,Gus Varland,0,3,1,0,0,0,0,0
822724,20260615,KCA,687765,Mitch Spence,1,12,1,1,0,0,6,6
822724,20260615,KCA,696131,Mason Black,0,6,0,1,0,1,1,1
822724,20260615,KCA,694360,Beck Way,0,6,2,2,0,0,0,0
824505,20260615,CIN,695505,Chase Burns,1,15,7,3,0,0,0,0
824505,20260615,CIN,656271,Brock Burke,0,3,1,1,0,0,0,0
824505,20260615,CIN,657571,Caleb Ferguson,0,2,2,2,0,0,0,0
824505,20260615,CIN,695534,Chase Petty,0,7,1,0,0,0,0,0
824505,20260615,NYN,668964,Tobias Myers,1,4,1,3,0,1,7,7
824505,20260615,NYN,702752,Jonathan Pintaro,0,11,4,0,1,1,2,2
824505,20260615,NYN,656849,David Peterson,0,9,1,2,0,1,3,3
823046,20260615,SLN,669160,Dustin May,1,27,9,1,0,0,0,0
823046,20260615,SDN,593974,Wandy Peralta,1,3,1,0,0,0,0,0
823046,20260615,SDN,608337,Lucas Giolito,0,15,2,3,0,0,3,3
823046,20260615,SDN,606996,Kyle Hart,0,6,1,0,0,0,0,0
824666,20260615,CHN,684007,Shota Imanaga,1,17,3,1,0,0,1,1
824666,20260615,CHN,664208,Phil Maton,0,1,0,1,1,0,0,0
824666,20260615,CHN,657097,Jacob Webb,0,3,1,0,0,0,1,1
824666,20260615,CHN,573204,Caleb Thielbar,0,3,2,1,0,1,2,2
824666,20260615,CHN,694037,Daniel Palencia,0,3,3,1,0,0,0,0
824666,20260615,COL,547179,Michael Lorenzen,1,15,5,1,1,1,1,1
824666,20260615,COL,622608,Antonio Senzatela,0,3,0,1,0,0,1,1
824666,20260615,COL,657514,Brennan Bernardino,0,1,0,1,0,0,0,0
824666,20260615,COL,677955,Jaden Hill,0,2,2,1,0,0,0,0
824666,20260615,COL,680767,Victor Vodnik,0,2,0,2,0,0,1,1
824666,20260615,COL,675848,Juan Mejia,0,1,1,2,0,0,2,1
824666,20260615,COL,678020,Seth Halvorsen,0,0,0,1,0,0,0,0
822887,20260615,TEX,669022,MacKenzie Gore,1,21,10,2,0,2,4,4
822887,20260615,TEX,682608,Peyton Gray,0,3,1,0,0,0,0,0
822887,20260615,TEX,605452,Joe Ross,0,3,0,0,0,0,0,0
822887,20260615,MIN,702474,Mike Paredes,1,14,2,0,1,1,2,2
822887,20260615,MIN,573124,Taylor Rogers,0,1,1,0,0,0,0,0
822887,20260615,MIN,702193,Andrew Morris,0,3,2,0,0,0,0,0
822887,20260615,MIN,679358,Eric Orze,0,5,1,0,0,0,0,0
822887,20260615,MIN,672782,Yoendrys Gómez,0,4,1,0,0,0,0,0
824181,20260615,HOU,678906,Kai-Wei Teng,1,10,9,2,2,3,5,5
824181,20260615,HOU,595345,Steven Okert,0,2,2,0,0,0,0,0
824181,20260615,HOU,805123,AJ Blubaugh,0,6,2,2,0,0,1,0
824181,20260615,HOU,681151,Jayden Murray,0,6,3,0,0,1,2,2
824181,20260615,HOU,650556,Bryan Abreu,0,3,2,0,0,1,1,1
824181,20260615,DET,623454,Drew Anderson,1,8,5,2,0,0,1,1
824181,20260615,DET,621097,Jacob Waguespack,0,4,1,0,0,2,2,2
824181,20260615,DET,640448,Kyle Finnegan,0,3,1,1,0,0,0,0
824181,20260615,DET,663947,Tyler Holton,0,5,2,0,0,0,0,0
824181,20260615,DET,676684,Will Vest,0,4,0,0,1,0,0,0
824181,20260615,DET,646241,Enmanuel De Jesus,0,3,1,0,0,0,0,0
825071,20260615,ARI,669194,Ryne Nelson,1,21,5,0,1,1,2,2
825071,20260615,ARI,642528,Jonathan Loáisiga,0,3,0,0,0,0,0,0
825071,20260615,ARI,623149,Paul Sewald,0,3,2,0,0,1,1,1
825071,20260615,ANA,700712,Walbert Ureña,1,21,3,2,1,1,4,3
825071,20260615,ANA,820862,José Fermin,0,3,0,1,0,0,0,0
824993,20260615,ATH,669372,J.T. Ginn,1,18,3,2,0,0,1,0
824993,20260615,ATH,686993,Justin Sterner,0,3,2,1,0,0,0,0
824993,20260615,ATH,686930,Mason Barnett,0,6,1,0,0,1,1,1
824993,20260615,PIT,683003,Jared Jones,1,12,4,1,0,2,5,5
824993,20260615,PIT,669387,Carmen Mlodzinski,0,9,2,1,0,1,6,0
824993,20260615,PIT,642701,Dennis Santana,0,3,2,0,0,0,0,0
823938,20260615,LAN,641778,Eric Lauer,1,18,4,3,1,1,3,3
823938,20260615,LAN,669165,Kyle Hurt,0,3,2,0,0,0,0,0
823938,20260615,LAN,694361,Will Klein,0,2,0,0,0,0,0,0
823938,20260615,LAN,681911,Alex Vesia,0,1,0,0,0,0,0,0
823938,20260615,LAN,656945,Tanner Scott,0,3,1,0,0,0,0,0
823938,20260615,TBA,607259,Nick Martinez,1,16,6,1,0,1,3,3
823938,20260615,TBA,592155,Cam Booser,0,2,2,1,0,0,0,0
823938,20260615,TBA,571927,Steven Matz,0,6,1,0,0,1,1,1
823451,20260616,PHI,666200,Jesús Luzardo,1,21,9,2,0,1,2,2
823451,20260616,PHI,621383,Tanner Banks,0,3,1,0,0,0,0,0
823451,20260616,PHI,676661,Max Lazar,0,3,2,0,0,0,0,0
823451,20260616,MIA,663969,Tyler Phillips,1,12,4,3,0,3,8,8
823451,20260616,MIA,669199,Lake Bachar,0,3,0,0,0,0,0,0
823451,20260616,MIA,690978,Dax Fulton,0,6,2,1,0,0,0,0
823451,20260616,MIA,667463,John King,0,3,1,0,0,0,0,0
822723,20260616,WAS,656492,Foster Griffin,1,18,6,2,1,0,1,1
822723,20260616,WAS,687377,Orlando Ribalta,0,1,0,1,0,0,2,2
822723,20260616,WAS,663992,Richard Lovelady,0,2,0,0,0,0,0,0
822723,20260616,WAS,687606,Paxton Schultz,0,3,1,0,0,0,0,0
822723,20260616,WAS,681402,Gus Varland,0,3,1,1,0,1,1,1
822723,20260616,KCA,608379,Michael Wacha,1,18,3,1,1,0,3,3
822723,20260616,KCA,663738,Daniel Lynch IV,0,3,1,2,0,1,3,3
822723,20260616,KCA,657756,Connor Seabold,0,3,0,1,0,0,0,0
824750,20260616,BOS,801139,Payton Tolle,1,15,6,2,0,2,3,3
824750,20260616,BOS,592454,Tommy Kahnle,0,3,0,1,0,0,1,1
824750,20260616,BOS,669711,Greg Weissert,0,3,0,0,0,0,0,0
824750,20260616,BOS,670245,Ryan Watson,0,6,1,1,0,1,2,2
824750,20260616,TOR,656302,Dylan Cease,1,15,7,4,0,0,0,0
824750,20260616,TOR,656546,Jeff Hoffman,0,3,1,0,0,0,0,0
824750,20260616,TOR,643511,Tyler Rogers,0,3,0,0,0,0,0,0
824750,20260616,TOR,667297,Tommy Nance,0,2,1,1,0,1,1,1
824750,20260616,TOR,686973,Louis Varland,0,4,3,1,0,0,0,0
823535,20260616,NYA,543037,Gerrit Cole,1,18,6,2,0,1,2,2
823535,20260616,NYA,642232,Ryan Yarbrough,0,9,3,0,0,0,0,0
823535,20260616,CHA,663436,Davis Martin,1,10,4,3,0,3,9,9
823535,20260616,CHA,669684,Chris Murphy,0,2,2,1,0,0,2,1
823535,20260616,CHA,697812,Joe Rock,0,9,4,1,0,0,0,0
823535,20260616,CHA,682668,Luisangel Acuña,0,3,0,1,0,1,1,1
824504,20260616,CIN,663903,Brady Singer,1,15,5,3,2,0,1,1
824504,20260616,CIN,594580,Sam Moll,0,3,2,1,0,1,2,2
824504,20260616,CIN,656271,Brock Burke,0,3,0,0,0,0,0,0
824504,20260616,CIN,622088,Tejay Antone,0,3,2,2,0,0,0,0
824504,20260616,CIN,663574,Tony Santillan,0,3,2,0,0,0,0,0
824504,20260616,NYN,673540,Kodai Senga,1,12,5,4,0,2,4,4
824504,20260616,NYN,672335,Cionel Pérez,0,3,2,0,0,0,1,1
824504,20260616,NYN,681810,Austin Warren,0,3,1,0,0,0,0,0
824504,20260616,NYN,623211,Huascar Brazobán,0,3,2,1,0,0,0,0
824504,20260616,NYN,596133,Luke Weaver,0,3,3,0,0,0,0,0
824912,20260616,ATL,656550,Grant Holmes,1,6,2,3,0,0,3,3
824912,20260616,ATL,675916,James Karinchak,0,3,0,0,0,0,0,0
824912,20260616,ATL,689266,Dylan Dodd,0,6,1,0,0,2,2,2
824912,20260616,ATL,625643,Reynaldo López,0,6,1,0,0,0,0,0
824912,20260616,ATL,683627,Anthony Molina,0,6,0,0,0,1,2,2
824912,20260616,SFN,605288,Adrian Houser,1,3,2,1,0,1,2,2
824912,20260616,SFN,592662,Robbie Ray,0,19,8,2,0,0,0,0
824912,20260616,SFN,681916,Dylan Smith,0,3,1,1,0,0,0,0
824912,20260616,SFN,668873,Caleb Kilian,0,2,2,0,0,0,0,0
823775,20260616,MIL,688107,Robert Gasser,1,17,5,2,0,0,0,0
823775,20260616,MIL,669270,Joel Kuhnel,0,1,0,0,0,0,0,0
823775,20260616,MIL,676879,Aaron Ashby,0,3,2,2,0,0,1,1
823775,20260616,MIL,682842,Abner Uribe,0,3,2,1,0,0,0,0
823775,20260616,MIL,656730,Trevor Megill,0,3,2,0,0,0,0,0
823775,20260616,CLE,677944,Slade Cecconi,1,17,4,2,0,1,1,1
823775,20260616,CLE,670059,Colin Holderman,0,1,0,0,1,0,0,0
823775,20260616,CLE,683769,Hunter Gaddis,0,3,0,0,0,1,1,1
823775,20260616,CLE,670036,Matt Festa,0,3,1,0,0,0,0,0
823045,20260616,SLN,669467,Andre Pallante,1,21,6,0,0,0,2,2
823045,20260616,SLN,592773,Ryne Stanek,0,3,2,0,0,0,0,0
823045,20260616,SLN,676617,Riley O'Brien,0,3,0,1,0,0,0,0
823045,20260616,SDN,650633,Michael King,1,13,1,3,1,0,3,3
823045,20260616,SDN,673513,Yuki Matsui,0,4,1,1,0,0,0,0
823045,20260616,SDN,676760,Ron Marinaccio,0,4,1,1,1,0,0,0
823045,20260616,SDN,593974,Wandy Peralta,0,3,0,0,0,0,0,0
824667,20260616,CHN,665795,Edward Cabrera,1,13,3,2,0,1,5,5
824667,20260616,CHN,669020,Ryan Rolison,0,5,3,0,0,0,0,0
824667,20260616,CHN,664208,Phil Maton,0,2,1,1,0,0,0,0
824667,20260616,CHN,663423,Trent Thornton,0,4,0,2,0,0,0,0
824667,20260616,CHN,668970,Gavin Hollowell,0,3,1,1,0,0,0,0
824667,20260616,COL,663372,Ryan Feltner,1,14,7,3,0,1,2,2
824667,20260616,COL,680604,Blas Castaño,0,4,1,0,0,0,0,0
824667,20260616,COL,657514,Brennan Bernardino,0,3,0,1,0,0,0,0
824667,20260616,COL,680767,Victor Vodnik,0,3,0,0,0,0,0,0
824667,20260616,COL,677955,Jaden Hill,0,3,0,0,0,0,0,0
822888,20260616,TEX,677958,Kumar Rocker,1,10,4,2,0,2,7,6
822888,20260616,TEX,615698,Cal Quantrill,0,2,0,1,0,0,3,3
822888,20260616,TEX,641302,Tyler Alexander,0,6,1,1,0,0,0,0
822888,20260616,TEX,605452,Joe Ross,0,6,1,0,0,0,0,0
822888,20260616,TEX,543309,Kyle Higashioka,0,3,0,0,0,0,2,2
822888,20260616,MIN,805673,Zebby Matthews,1,21,4,0,0,0,2,2
822888,20260616,MIN,701519,Travis Adams,0,3,3,0,0,0,0,0
822888,20260616,MIN,689520,Cody Laweryson,0,3,1,1,0,0,0,0
824182,20260616,HOU,686613,Hunter Brown,1,17,7,3,0,0,1,1
824182,20260616,HOU,595345,Steven Okert,0,1,0,0,0,0,0,0
824182,20260616,HOU,660853,Enyel De Los Santos,0,3,1,0,0,0,0,0
824182,20260616,HOU,687911,Bryan King,0,3,0,1,0,0,1,1
824182,20260616,HOU,623352,Josh Hader,0,3,1,0,0,0,0,0
824182,20260616,DET,664285,Framber Valdez,1,18,6,3,0,0,1,0
824182,20260616,DET,672456,Keider Montero,0,4,2,0,0,0,2,1
824182,20260616,DET,676684,Will Vest,0,1,0,1,0,0,1,1
824182,20260616,DET,805427,Drew Sommers,0,1,0,0,0,0,0,0
825070,20260616,ARI,518876,Merrill Kelly,1,16,4,1,0,2,6,6
825070,20260616,ARI,657044,Ryan Thompson,0,2,1,0,0,0,0,0
825070,20260616,ARI,805299,Brandyn Garcia,0,3,2,0,0,0,0,0
825070,20260616,ARI,686753,Drey Jameson,0,6,3,0,0,0,1,1
825070,20260616,ANA,672282,Reid Detmers,1,21,3,0,0,0,0,0
825070,20260616,ANA,489446,Kirby Yates,0,3,1,1,0,0,0,0
825070,20260616,ANA,681217,Chase Silseth,0,3,2,0,0,0,0,0
824991,20260616,ATH,678022,Jack Perkins,1,15,6,2,0,1,3,3
824991,20260616,ATH,686993,Justin Sterner,0,3,2,0,0,0,0,0
824991,20260616,ATH,663687,Hogan Harris,0,3,1,1,0,1,2,2
824991,20260616,ATH,643410,Mark Leiter Jr.,0,3,0,0,0,0,0,0
824991,20260616,ATH,665660,Elvis Alvarado,0,3,0,0,0,1,1,1
824991,20260616,PIT,656605,Mitch Keller,1,16,7,4,0,1,5,1
824991,20260616,PIT,681895,Evan Sisk,0,3,2,0,0,0,0,0
824991,20260616,PIT,670990,Yohan Ramírez,0,2,0,1,0,0,0,0
824991,20260616,PIT,682254,Mason Montgomery,0,3,2,1,0,0,0,0
824991,20260616,PIT,642397,Gregory Soto,0,3,2,0,0,0,0,0
823128,20260616,SEA,669302,Logan Gilbert,1,21,10,1,1,0,1,1
823128,20260616,SEA,660825,Eduard Bazardo,0,3,1,0,0,0,0,0
823128,20260616,SEA,662253,Andrés Muñoz,0,3,1,0,0,0,0,0
823128,20260616,BAL,687064,Brandon Young,1,18,2,4,0,0,3,3
823128,20260616,BAL,664991,Grant Wolfram,0,1,0,1,0,0,0,0
823128,20260616,BAL,552640,Andrew Kittredge,0,2,0,0,0,0,0,0
823128,20260616,BAL,669211,Keegan Akin,0,3,0,1,0,0,0,0
823939,20260616,LAN,680736,Justin Wrobleski,1,18,5,0,0,0,0,0
823939,20260616,LAN,694361,Will Klein,0,3,0,1,0,0,0,0
823939,20260616,LAN,669165,Kyle Hurt,0,3,1,0,0,0,0,0
823939,20260616,LAN,656945,Tanner Scott,0,3,2,0,0,0,0,0
823939,20260616,TBA,656876,Drew Rasmussen,1,21,7,0,0,1,1,1
823939,20260616,TBA,592155,Cam Booser,0,3,1,0,0,0,0,0
824503,20260617,CIN,666157,Nick Lodolo,1,14,2,2,0,0,7,7
824503,20260617,CIN,663978,Chris Paddack,0,13,2,1,0,0,2,2
824503,20260617,NYN,690997,Nolan McLean,1,21,9,1,1,0,1,0
824503,20260617,NYN,548384,Brooks Raley,0,3,0,0,0,0,0,0
824503,20260617,NYN,681810,Austin Warren,0,3,0,1,0,0,0,0
822721,20260617,WAS,641793,Zack Littell,1,15,2,2,0,4,4,4
822721,20260617,WAS,680730,Mitchell Parker,0,6,0,1,0,0,2,2
822721,20260617,WAS,676571,PJ Poulin,0,3,0,1,0,0,0,0
822721,20260617,WAS,687606,Paxton Schultz,0,3,1,0,0,0,0,0
822721,20260617,KCA,679883,Luinder Avila,1,17,5,1,0,0,1,1
822721,20260617,KCA,621381,Matt Strahm,0,1,0,0,0,0,1,1
822721,20260617,KCA,668674,Lucas Erceg,0,3,1,0,0,0,0,0
822721,20260617,KCA,670167,John Schreiber,0,3,0,0,0,0,0,0
822721,20260617,KCA,656638,Alex Lange,0,3,0,0,1,0,0,0
823450,20260617,PHI,691725,Andrew Painter,1,6,3,2,0,2,6,6
823450,20260617,PHI,641835,Tim Mayza,0,6,3,0,0,0,0,0
823450,20260617,PHI,680742,Jonathan Bowlan,0,3,0,0,0,0,0,0
823450,20260617,PHI,621383,Tanner Banks,0,3,0,0,0,2,4,1
823450,20260617,PHI,676661,Max Lazar,0,3,1,0,0,0,0,0
823450,20260617,PHI,689147,Orion Kerkering,0,3,2,2,1,0,1,1
823450,20260617,PHI,663767,Chase Shugart,0,2,0,0,0,1,1,1
823450,20260617,PHI,596117,Garrett Stubbs,0,1,0,0,0,0,0,0
823450,20260617,MIA,645261,Sandy Alcantara,1,18,6,1,0,0,4,2
823450,20260617,MIA,656848,Michael Petersen,0,3,3,0,0,0,0,0
823450,20260617,MIA,676604,Tyler Zuber,0,3,1,0,0,0,0,0
823450,20260617,MIA,667463,John King,0,3,2,0,0,0,0,0
824912,20260616,ATL,656550,Grant Holmes,1,6,2,3,0,0,3,3
824912,20260616,ATL,675916,James Karinchak,0,3,0,0,0,0,0,0
824912,20260616,ATL,689266,Dylan Dodd,0,6,1,0,0,2,2,2
824912,20260616,ATL,625643,Reynaldo López,0,6,1,0,0,0,0,0
824912,20260616,ATL,683627,Anthony Molina,0,6,0,0,0,1,2,2
824912,20260616,SFN,605288,Adrian Houser,1,3,2,1,0,1,2,2
824912,20260616,SFN,592662,Robbie Ray,0,19,8,2,0,0,0,0
824912,20260616,SFN,681916,Dylan Smith,0,3,1,1,0,0,0,0
824912,20260616,SFN,668873,Caleb Kilian,0,2,2,0,0,0,0,0
824178,20260617,HOU,663567,Peter Lambert,1,21,5,0,1,1,1,1
824178,20260617,HOU,660853,Enyel De Los Santos,0,3,1,0,0,0,0,0
824178,20260617,HOU,623352,Josh Hader,0,3,3,0,0,1,1,1
824178,20260617,DET,663554,Casey Mize,1,14,3,1,0,1,3,3
824178,20260617,DET,640448,Kyle Finnegan,0,3,0,2,0,0,1,1
824178,20260617,DET,805427,Drew Sommers,0,1,0,0,0,0,0,0
824178,20260617,DET,621097,Jacob Waguespack,0,6,1,0,0,0,0,0
823044,20260617,SLN,681517,Kyle Leahy,1,18,7,1,0,0,3,3
823044,20260617,SLN,694335,Matt Svanson,0,4,1,0,0,0,0,0
823044,20260617,SLN,677865,Justin Bruihl,0,1,0,0,0,0,0,0
823044,20260617,SLN,688297,Chris Roycroft,0,4,1,2,1,1,3,3
823044,20260617,SDN,699134,Bradgley Rodriguez,1,3,1,0,0,0,0,0
823044,20260617,SDN,656288,Griffin Canning,0,13,2,3,0,0,1,1
823044,20260617,SDN,606996,Kyle Hart,0,5,1,0,0,0,0,0
823044,20260617,SDN,592094,Jason Adam,0,3,0,0,1,0,0,0
823044,20260617,SDN,670970,Adrian Morejon,0,3,0,0,0,0,0,0
823940,20260617,LAN,660271,Shohei Ohtani,1,18,5,1,1,0,4,4
823940,20260617,LAN,683618,Edgardo Henriquez,0,4,0,0,0,0,0,0
823940,20260617,LAN,676263,Jack Dreyer,0,2,1,0,0,0,0,0
823940,20260617,LAN,681911,Alex Vesia,0,3,1,3,0,0,0,0
823940,20260617,TBA,663556,Shane McClanahan,1,11,3,5,0,0,2,2
823940,20260617,TBA,668984,Casey Legumina,0,1,0,1,0,0,1,1
823940,20260617,TBA,664076,Garrett Cleavinger,0,3,1,1,0,0,0,0
823940,20260617,TBA,687330,Kevin Kelly,0,5,1,1,0,1,2,2
823940,20260617,TBA,642121,Cole Sulser,0,4,0,0,0,0,0,0
825072,20260617,ARI,593958,Eduardo Rodriguez,1,21,5,3,0,1,1,1
825072,20260617,ARI,664199,Taylor Clarke,0,3,2,0,0,0,0,0
825072,20260617,ARI,666661,Juan Morillo,0,3,0,0,0,0,0,0
825072,20260617,ANA,691951,Sam Aldegheri,1,9,1,3,1,1,6,6
825072,20260617,ANA,820862,José Fermin,0,3,0,0,0,0,0,0
825072,20260617,ANA,695049,Brett Kerry,0,12,2,1,0,0,2,2
824746,20260617,BOS,687562,Jake Bennett,1,16,5,0,1,0,2,2
824746,20260617,BOS,594027,Tyron Guerrero,0,5,3,0,0,0,0,0
824746,20260617,BOS,669711,Greg Weissert,0,3,1,0,0,0,1,1
824746,20260617,BOS,543056,Danny Coulombe,0,3,1,0,0,0,0,0
824746,20260617,TOR,680755,Braydon Fisher,1,4,0,2,0,0,0,0
824746,20260617,TOR,680573,Simeon Woods Richardson,0,9,1,3,0,0,0,0
824746,20260617,TOR,689254,Mason Fluharty,0,1,1,1,0,0,0,0
824746,20260617,TOR,693686,Spencer Miles,0,4,1,1,0,0,0,0
824746,20260617,TOR,656546,Jeff Hoffman,0,3,0,0,0,0,0,0
824746,20260617,TOR,643511,Tyler Rogers,0,3,0,0,0,0,0,0
824746,20260617,TOR,686973,Louis Varland,0,3,3,0,0,0,0,0
823536,20260617,NYA,607074,Carlos Rodón,1,15,7,1,0,1,3,3
823536,20260617,NYA,621112,Paul Blackburn,0,7,2,1,0,1,1,1
823536,20260617,NYA,687396,Brent Headrick,0,2,1,0,0,0,0,0
823536,20260617,NYA,656234,Jake Bird,0,3,1,0,0,1,1,1
823536,20260617,CHA,641743,Anthony Kay,1,12,2,1,1,1,4,4
823536,20260617,CHA,656794,Sean Newcomb,0,2,0,0,0,0,3,3
823536,20260617,CHA,699823,Tyler Davis,0,1,1,0,0,1,2,2
823536,20260617,CHA,685126,Brandon Eisert,0,3,2,0,0,0,0,0
823536,20260617,CHA,670950,Trevor Richards,0,6,1,2,0,1,1,1
824913,20260617,ATL,702275,JR Ritchie,1,15,4,3,0,3,5,5
824913,20260617,ATL,471911,Carlos Carrasco,0,12,2,0,1,0,2,2
824913,20260617,SFN,687931,Carson Whisenhunt,1,15,2,2,0,0,2,2
824913,20260617,SFN,664141,JT Brubaker,0,3,0,0,0,0,0,0
824913,20260617,SFN,656529,Sam Hentges,0,3,1,0,0,0,0,0
824913,20260617,SFN,676254,Ryan Walker,0,3,2,0,0,0,0,0
824913,20260617,SFN,657424,Matt Gage,0,1,1,0,0,1,3,3
824913,20260617,SFN,663941,Tristan Beck,0,2,1,0,0,0,0,0
823774,20260617,MIL,687075,Brandon Sproat,1,11,6,2,0,1,4,4
823774,20260617,MIL,694477,Chad Patrick,0,10,7,1,0,0,0,0
823774,20260617,MIL,676879,Aaron Ashby,0,3,0,0,0,0,0,0
823774,20260617,MIL,681982,Grant Anderson,0,3,0,0,0,0,0,0
823774,20260617,CLE,668909,Gavin Williams,1,15,4,2,0,2,7,7
823774,20260617,CLE,682982,Daniel Espino,0,3,2,0,0,0,0,0
823774,20260617,CLE,542888,Shawn Armstrong,0,3,2,0,0,0,0,0
823774,20260617,CLE,702021,Will Dion,0,3,1,0,0,0,2,2
824668,20260617,CHN,665871,Javier Assad,1,17,1,0,0,2,2,2
824668,20260617,CHN,571948,Hoby Milner,0,4,0,0,0,0,0,0
824668,20260617,CHN,681799,Ethan Roberts,0,1,0,1,0,1,3,3
824668,20260617,CHN,573204,Caleb Thielbar,0,2,1,1,0,0,0,0
824668,20260617,CHN,657097,Jacob Webb,0,3,1,0,0,1,1,1
824668,20260617,COL,807743,Sean Sullivan,1,12,2,2,0,2,8,8
824668,20260617,COL,688642,Zach Agnos,0,9,2,2,0,0,0,0
824668,20260617,COL,623474,Jimmy Herget,0,3,2,0,0,0,0,0
824992,20260617,ATH,650644,Aaron Civale,1,9,2,2,0,0,6,6
824992,20260617,ATH,660761,José Suarez,0,8,2,0,0,1,1,1
824992,20260617,ATH,605130,Scott Barlow,0,1,0,0,2,1,4,4
824992,20260617,ATH,665622,Luis Medina,0,9,6,2,0,0,1,1
824992,20260617,PIT,677952,Braxton Ashcraft,1,18,7,3,0,0,2,1
824992,20260617,PIT,681895,Evan Sisk,0,3,1,0,0,1,1,1
824992,20260617,PIT,642701,Dennis Santana,0,3,2,0,0,0,0,0
824992,20260617,PIT,676755,Isaac Mattson,0,3,2,0,0,1,1,1
823127,20260617,SEA,669923,George Kirby,1,18,5,0,0,1,3,3
823127,20260617,SEA,695380,Alex Hoppe,0,3,1,1,0,0,1,1
823127,20260617,SEA,689546,Nick Davila,0,3,0,0,0,0,0,0
823127,20260617,SEA,621074,Michael Rucker,0,3,3,1,0,1,1,1
823127,20260617,BAL,680694,Kyle Bradish,1,23,12,2,0,0,1,1
823127,20260617,BAL,666974,Yennier Cano,0,1,0,1,0,0,0,0
823127,20260617,BAL,664854,Ryan Helsley,0,3,2,0,0,2,2,2
824748,20260618,BOS,543243,Sonny Gray,1,21,4,1,0,2,3,3
824748,20260618,BOS,686580,Justin Slaten,0,3,1,0,0,0,0,0
824748,20260618,BOS,547973,Aroldis Chapman,0,3,1,0,0,0,1,1
824748,20260618,TOR,702056,Trey Yesavage,1,22,6,0,0,2,3,3
824748,20260618,TOR,667297,Tommy Nance,0,2,0,0,0,0,0,0
824748,20260618,TOR,689254,Mason Fluharty,0,3,0,0,0,0,0,0
823772,20260618,MIL,675660,Shane Drohan,1,15,3,3,1,1,1,1
823772,20260618,MIL,669270,Joel Kuhnel,0,3,0,1,0,1,1,1
823772,20260618,MIL,681982,Grant Anderson,0,2,1,2,0,1,2,2
823772,20260618,MIL,680723,Drew Rom,0,4,3,2,0,0,0,0
823772,20260618,MIL,684974,Craig Yoho,0,3,2,0,0,0,0,0
823772,20260618,CLE,800048,Parker Messick,1,18,9,3,0,0,2,2
823772,20260618,CLE,682120,Tim Herrin,0,2,0,2,0,0,0,0
823772,20260618,CLE,670059,Colin Holderman,0,1,0,1,1,0,0,0
823772,20260618,CLE,683769,Hunter Gaddis,0,2,2,1,0,0,0,0
823772,20260618,CLE,671922,Cade Smith,0,4,2,2,0,0,0,0
822889,20260618,TEX,683004,Jack Leiter,1,12,4,2,0,2,6,6
822889,20260618,TEX,682608,Peyton Gray,0,3,2,0,0,0,0,0
822889,20260618,TEX,695239,Robby Ahlstrom,0,3,0,1,0,0,1,1
822889,20260618,TEX,615698,Cal Quantrill,0,6,1,0,0,1,2,2
822889,20260618,TEX,668390,Cole Winn,0,3,1,0,0,0,0,0
822889,20260618,MIN,657746,Joe Ryan,1,15,7,2,0,0,0,0
822889,20260618,MIN,664875,Justin Lawrence,0,3,2,0,0,2,2,2
822889,20260618,MIN,573124,Taylor Rogers,0,1,0,1,0,0,0,0
822889,20260618,MIN,702193,Andrew Morris,0,2,0,0,0,0,0,0
822889,20260618,MIN,679358,Eric Orze,0,3,1,0,0,0,0,0
822889,20260618,MIN,689520,Cody Laweryson,0,3,0,0,0,1,1,1
823125,20260618,SEA,693433,Bryan Woo,1,21,9,1,0,0,0,0
823125,20260618,SEA,660825,Eduard Bazardo,0,3,1,0,0,0,0,0
823125,20260618,SEA,662253,Andrés Muñoz,0,3,1,2,0,0,0,0
823125,20260618,BAL,669358,Shane Baz,1,21,9,2,0,0,3,3
823125,20260618,BAL,670329,Rico Garcia,0,3,1,0,0,0,0,0
823448,20260618,PHI,605400,Aaron Nola,1,15,6,1,0,2,3,2
823448,20260618,PHI,686751,Seth Johnson,0,3,2,0,0,0,0,0
823448,20260618,PHI,621237,José Alvarado,0,3,1,1,0,0,3,3
823448,20260618,PHI,669060,Bryse Wilson,0,6,0,1,0,0,0,0
823448,20260618,NYN,640455,Sean Manaea,1,16,5,1,1,0,3,2
823448,20260618,NYN,623211,Huascar Brazobán,0,3,1,1,0,0,0,0
823448,20260618,NYN,621345,A.J. Minter,0,2,0,0,0,0,0,0
823448,20260618,NYN,596133,Luke Weaver,0,3,3,0,0,0,0,0
823448,20260618,NYN,642207,Devin Williams,0,3,1,1,0,0,1,0
823533,20260618,NYA,677960,Ryan Weathers,1,19,8,1,0,1,1,1
823533,20260618,NYA,518585,Fernando Cruz,0,2,1,0,0,0,1,1
823533,20260618,NYA,657612,Tim Hill,0,1,1,0,2,0,2,2
823533,20260618,NYA,666808,Camilo Doval,0,5,1,0,0,1,1,1
823533,20260618,CHA,663542,Bryan Hudson,1,5,2,0,0,0,0,0
823533,20260618,CHA,680732,Sean Burke,0,22,8,1,0,1,1,1
824098,20260618,KCA,702070,Noah Cameron,1,15,6,2,1,0,4,3
824098,20260618,KCA,696131,Mason Black,0,6,0,2,0,0,2,2
824098,20260618,KCA,694360,Beck Way,0,6,2,2,0,0,0,0
824098,20260618,SLN,669461,Matthew Liberatore,1,5,2,0,0,1,7,5
824098,20260618,SLN,700669,Gordon Graceffo,0,5,0,2,0,1,4,4
824098,20260618,SLN,691008,Max Rajcic,0,6,1,0,0,1,1,1
824098,20260618,SLN,677865,Justin Bruihl,0,8,2,0,0,0,2,1
824989,20260618,ATH,695611,Gage Jump,1,21,7,3,0,0,0,0
824989,20260618,ATH,686930,Mason Barnett,0,3,1,1,0,0,0,0
824989,20260618,ATH,663687,Hogan Harris,0,3,3,0,0,0,0,0
824989,20260618,ANA,696270,Ryan Johnson,1,15,2,1,0,2,5,5
824989,20260618,ANA,608718,Brent Suter,0,6,2,0,0,0,0,0
824989,20260618,ANA,666171,Ryan Zeferjahn,0,3,1,2,0,0,0,0
824663,20260619,CHN,676962,Ben Brown,1,18,4,0,0,1,2,2
824663,20260619,CHN,681799,Ethan Roberts,0,3,1,0,0,0,0,0
824663,20260619,CHN,668970,Gavin Hollowell,0,3,0,0,0,0,0,0
824663,20260619,CHN,571948,Hoby Milner,0,3,2,0,0,0,0,0
824663,20260619,TOR,592332,Kevin Gausman,1,6,3,4,0,1,7,7
824663,20260619,TOR,680755,Braydon Fisher,0,3,0,1,0,0,0,0
824663,20260619,TOR,667297,Tommy Nance,0,4,0,0,0,0,0,0
824663,20260619,TOR,663893,Brendon Little,0,3,1,3,0,0,4,4
824663,20260619,TOR,693686,Spencer Miles,0,2,0,1,0,0,0,0
824663,20260619,TOR,643511,Tyler Rogers,0,2,0,1,0,0,5,0
824663,20260619,TOR,664702,Myles Straw,0,4,0,1,0,0,0,0
824264,20260619,DET,669373,Tarik Skubal,1,17,8,1,0,2,3,3
824264,20260619,DET,623454,Drew Anderson,0,4,3,0,0,0,0,0
824264,20260619,DET,676684,Will Vest,0,3,0,1,0,0,0,0
824264,20260619,DET,445276,Kenley Jansen,0,3,1,0,0,0,0,0
824264,20260619,CHA,685126,Brandon Eisert,1,4,2,0,0,1,2,2
824264,20260619,CHA,607200,Erick Fedde,0,14,4,1,0,0,2,2
824264,20260619,CHA,669684,Chris Murphy,0,3,1,0,0,0,0,0
824264,20260619,CHA,622554,Seranthony Domínguez,0,3,0,0,0,0,0,0
823534,20260619,NYA,693645,Cam Schlittler,1,18,13,0,1,0,0,0
823534,20260619,NYA,656234,Jake Bird,0,3,2,0,0,0,0,0
823534,20260619,NYA,687396,Brent Headrick,0,3,0,1,0,0,0,0
823534,20260619,NYA,670280,David Bednar,0,3,2,0,0,0,0,0
823534,20260619,CIN,695076,Rhett Lowder,1,16,5,3,0,2,4,4
823534,20260619,CIN,657571,Caleb Ferguson,0,5,0,0,0,0,0,0
823534,20260619,CIN,687209,Zach Maxwell,0,3,1,2,0,0,1,1
822966,20260619,TBA,643377,Griffin Jax,1,15,5,0,0,2,2,2
822966,20260619,TBA,571927,Steven Matz,0,5,1,0,0,0,0,0
822966,20260619,TBA,687330,Kevin Kelly,0,1,0,0,0,0,0,0
822966,20260619,TBA,664076,Garrett Cleavinger,0,3,0,0,0,0,0,0
822966,20260619,TBA,641329,Bryan Baker,0,3,1,0,0,0,0,0
822966,20260619,WAS,676571,PJ Poulin,1,6,1,0,0,0,0,0
822966,20260619,WAS,571945,Miles Mikolas,0,18,2,1,0,2,5,5
823853,20260619,MIA,669199,Lake Bachar,1,4,1,2,0,0,1,1
823853,20260619,MIA,667463,John King,0,4,1,0,0,0,0,0
823853,20260619,MIA,669622,Anthony Bender,0,4,0,0,0,0,0,0
823853,20260619,MIA,656848,Michael Petersen,0,3,1,0,0,1,2,2
823853,20260619,MIA,676604,Tyler Zuber,0,2,1,0,0,0,0,0
823853,20260619,MIA,806188,Cade Gibson,0,5,1,0,0,0,0,0
823853,20260619,MIA,676534,Calvin Faucher,0,2,0,0,0,0,0,0
823853,20260619,MIA,664126,Pete Fairbanks,0,3,0,0,0,0,0,0
823853,20260619,SFN,694738,Landen Roupp,1,18,7,1,0,1,2,2
823853,20260619,SFN,656529,Sam Hentges,0,1,0,0,1,0,2,2
823853,20260619,SFN,676254,Ryan Walker,0,2,0,1,0,0,0,0
823853,20260619,SFN,681916,Dylan Smith,0,2,0,1,0,0,0,0
823853,20260619,SFN,669062,Erik Miller,0,1,1,0,0,0,0,0
824910,20260619,ATL,527048,Martín Pérez,1,18,5,2,0,0,1,1
824910,20260619,ATL,669276,Dylan Lee,0,2,1,0,0,0,0,0
824910,20260619,ATL,663158,Robert Suarez,0,4,0,1,0,0,0,0
824910,20260619,ATL,628452,Raisel Iglesias,0,3,1,1,0,0,1,1
824910,20260619,MIL,694819,Jacob Misiorowski,1,18,7,1,0,0,2,2
824910,20260619,MIL,682842,Abner Uribe,0,3,2,0,0,1,1,1
824910,20260619,MIL,684974,Craig Yoho,0,3,1,0,0,0,0,0
822886,20260619,TEX,594798,Jacob deGrom,1,18,9,3,0,2,6,6
822886,20260619,TEX,596001,Jakob Junis,0,5,1,0,0,1,1,1
822886,20260619,TEX,656641,Jacob Latz,0,4,0,0,0,0,0,0
822886,20260619,SDN,681190,Randy Vásquez,1,10,1,3,0,0,7,6
822886,20260619,SDN,673513,Yuki Matsui,0,5,3,1,0,0,0,0
822886,20260619,SDN,688158,David Morgan,0,1,0,0,0,0,1,1
822886,20260619,SDN,593974,Wandy Peralta,0,5,0,1,0,0,0,0
822886,20260619,SDN,592094,Jason Adam,0,3,1,0,0,1,1,1
824179,20260619,HOU,837227,Tatsuya Imai,1,18,11,0,0,1,3,3
824179,20260619,HOU,595345,Steven Okert,0,6,3,0,0,0,0,0
824179,20260619,HOU,681347,Mike Burrows,0,3,1,0,0,0,0,0
824179,20260619,CLE,676440,Tanner Bibee,1,16,7,2,0,1,4,3
824179,20260619,CLE,670036,Matt Festa,0,2,0,0,0,1,1,1
824179,20260619,CLE,682982,Daniel Espino,0,3,2,0,0,1,2,2
824179,20260619,CLE,681870,Erik Sabrowski,0,1,1,1,0,0,2,2
824179,20260619,CLE,542888,Shawn Armstrong,0,2,1,0,0,0,0,0
824097,20260619,KCA,607625,Seth Lugo,1,18,0,3,0,0,2,1
824097,20260619,KCA,670167,John Schreiber,0,3,1,0,0,0,0,0
824097,20260619,KCA,663738,Daniel Lynch IV,0,3,0,0,0,0,0,0
824097,20260619,KCA,621381,Matt Strahm,0,2,0,1,0,0,3,3
824097,20260619,KCA,656638,Alex Lange,0,1,0,0,0,0,0,0
824097,20260619,SLN,700241,Michael McGreevy,1,15,2,1,0,1,5,5
824097,20260619,SLN,666277,George Soriano,0,3,0,1,0,0,1,1
824097,20260619,SLN,694335,Matt Svanson,0,6,1,1,0,0,0,0
824345,20260619,COL,607536,Kyle Freeland,1,22,8,0,0,0,2,2
824345,20260619,COL,677955,Jaden Hill,0,2,0,0,1,0,1,1
824345,20260619,COL,622608,Antonio Senzatela,0,3,1,1,0,0,0,0
824345,20260619,PIT,696149,Bubba Chandler,1,18,1,2,2,1,2,2
824345,20260619,PIT,670990,Yohan Ramírez,0,4,0,0,0,0,0,0
824345,20260619,PIT,682254,Mason Montgomery,0,2,1,0,0,0,2,2
824990,20260619,ATH,605488,Jeffrey Springs,1,11,4,4,0,2,6,6
824990,20260619,ATH,686993,Justin Sterner,0,4,1,1,0,2,4,4
824990,20260619,ATH,660761,José Suarez,0,6,3,0,0,1,1,1
824990,20260619,ATH,605130,Scott Barlow,0,3,2,0,0,0,0,0
824990,20260619,ATH,665660,Elvis Alvarado,0,6,2,0,0,0,0,0
824990,20260619,ANA,667755,José Soriano,1,15,6,4,0,1,4,3
824990,20260619,ANA,815083,Mitch Farris,0,6,3,2,0,1,3,3
824990,20260619,ANA,681217,Chase Silseth,0,3,1,1,0,1,2,2
824990,20260619,ANA,696147,Sam Bachman,0,3,0,0,0,1,2,2
824990,20260619,ANA,489446,Kirby Yates,0,1,0,1,1,0,1,0
824990,20260619,ANA,696519,Samy Natera Jr.,0,0,0,1,0,0,0,0
825069,20260619,ARI,647336,Michael Soroka,1,3,0,0,0,0,0,0
825069,20260619,ARI,664199,Taylor Clarke,0,3,0,0,0,1,1,1
825069,20260619,ARI,657044,Ryan Thompson,0,3,1,0,0,0,1,1
825069,20260619,ARI,686753,Drey Jameson,0,5,1,2,0,0,1,1
825069,20260619,ARI,642528,Jonathan Loáisiga,0,4,0,0,0,0,0,0
825069,20260619,ARI,805299,Brandyn Garcia,0,3,2,1,0,0,0,0
825069,20260619,ARI,656464,Kevin Ginkel,0,3,1,1,0,2,2,2
825069,20260619,ARI,623149,Paul Sewald,0,3,1,1,0,0,0,0
825069,20260619,MIN,687570,Connor Prielipp,1,18,4,3,0,1,6,3
825069,20260619,MIN,701519,Travis Adams,0,4,4,1,0,0,3,3
825069,20260619,MIN,689520,Cody Laweryson,0,2,0,0,0,0,0,0
823936,20260619,LAN,808963,Roki Sasaki,1,17,6,1,0,2,3,3
823936,20260619,LAN,676263,Jack Dreyer,0,2,1,0,0,0,1,1
823936,20260619,LAN,694361,Will Klein,0,2,0,1,0,0,1,1
823936,20260619,LAN,669165,Kyle Hurt,0,3,1,0,0,0,0,0
823936,20260619,LAN,595014,Blake Treinen,0,3,2,0,0,0,0,0
823936,20260619,BAL,694346,Trey Gibson,1,15,8,4,0,0,3,3
823936,20260619,BAL,552640,Andrew Kittredge,0,3,1,0,0,0,0,0
823936,20260619,BAL,669330,Tyler Wells,0,5,3,0,0,0,0,0
823936,20260619,BAL,666974,Yennier Cano,0,1,1,0,0,0,0,0
823936,20260619,BAL,664854,Ryan Helsley,0,2,0,2,0,1,3,2
823124,20260619,SEA,682243,Bryce Miller,1,15,7,0,0,1,1,1
823124,20260619,SEA,622491,Luis Castillo,0,12,4,0,0,0,5,4
823124,20260619,BOS,624133,Ranger Suarez,1,20,5,3,0,0,0,0
823124,20260619,BOS,686580,Justin Slaten,0,1,1,0,0,0,0,0
823124,20260619,BOS,669711,Greg Weissert,0,3,1,0,0,0,0,0
823124,20260619,BOS,592454,Tommy Kahnle,0,3,1,1,0,1,2,2
824263,20260620,DET,675512,Troy Melton,1,18,5,3,1,1,1,1
824263,20260620,DET,663947,Tyler Holton,0,6,2,0,0,0,0,0
824263,20260620,DET,445276,Kenley Jansen,0,3,0,1,0,0,0,0
824263,20260620,CHA,656794,Sean Newcomb,1,9,4,0,0,0,0,0
824263,20260620,CHA,699823,Tyler Davis,0,2,0,3,0,0,0,0
824263,20260620,CHA,697812,Joe Rock,0,7,1,2,0,0,3,2
824263,20260620,CHA,670950,Trevor Richards,0,3,1,0,0,1,1,1
824263,20260620,CHA,669684,Chris Murphy,0,3,1,0,0,0,0,0
823532,20260620,NYA,701542,Will Warren,1,17,8,2,0,1,6,2
823532,20260620,NYA,657612,Tim Hill,0,1,0,0,0,0,0,0
823532,20260620,NYA,656234,Jake Bird,0,3,0,0,0,0,0,0
823532,20260620,NYA,642232,Ryan Yarbrough,0,3,2,0,0,0,4,4
823532,20260620,NYA,680474,Max Schuemann,0,3,0,1,0,0,0,0
823532,20260620,CIN,671096,Andrew Abbott,1,15,6,3,0,1,1,1
823532,20260620,CIN,622088,Tejay Antone,0,6,1,0,0,0,0,0
823532,20260620,CIN,656271,Brock Burke,0,3,0,0,0,0,1,1
823532,20260620,CIN,695534,Chase Petty,0,3,1,0,0,0,0,0
824665,20260620,CHN,607067,Colin Rea,1,16,3,0,0,0,0,0
824665,20260620,CHN,669020,Ryan Rolison,0,2,0,0,0,0,0,0
824665,20260620,CHN,663423,Trent Thornton,0,2,1,0,1,1,3,3
824665,20260620,CHN,573204,Caleb Thielbar,0,1,0,1,0,0,2,2
824665,20260620,CHN,657097,Jacob Webb,0,2,2,0,0,1,3,3
824665,20260620,CHN,681799,Ethan Roberts,0,4,0,0,0,0,0,0
824665,20260620,TOR,571578,Patrick Corbin,1,11,4,3,0,1,3,3
824665,20260620,TOR,681751,Lazaro Estrada,0,7,0,2,0,1,2,2
824665,20260620,TOR,656546,Jeff Hoffman,0,3,1,1,1,0,0,0
824665,20260620,TOR,689254,Mason Fluharty,0,0,0,1,0,0,1,1
824665,20260620,TOR,686973,Louis Varland,0,6,2,0,0,0,0,0
822885,20260620,TEX,669022,MacKenzie Gore,1,18,6,2,0,0,1,1
822885,20260620,TEX,682608,Peyton Gray,0,3,2,0,1,0,0,0
822885,20260620,TEX,668390,Cole Winn,0,2,0,0,0,0,2,1
822885,20260620,TEX,641302,Tyler Alexander,0,1,0,1,0,0,0,0
822885,20260620,TEX,656641,Jacob Latz,0,3,1,0,0,0,0,0
822885,20260620,TEX,605452,Joe Ross,0,3,0,1,0,1,3,2
822885,20260620,SDN,621111,Walker Buehler,1,16,7,1,0,0,1,1
822885,20260620,SDN,606996,Kyle Hart,0,2,1,0,0,0,0,0
822885,20260620,SDN,592094,Jason Adam,0,3,2,0,0,1,2,2
822885,20260620,SDN,670970,Adrian Morejon,0,6,5,0,1,0,0,0
822885,20260620,SDN,695243,Mason Miller,0,3,2,0,0,0,1,0
822967,20260620,TBA,693855,Ian Seymour,1,15,4,0,1,1,3,3
822967,20260620,TBA,518886,Craig Kimbrel,0,3,0,0,0,0,0,0
822967,20260620,TBA,642121,Cole Sulser,0,6,4,0,0,0,0,0
822967,20260620,TBA,592155,Cam Booser,0,3,0,0,0,1,1,1
822967,20260620,WAS,676917,Cade Cavalli,1,8,1,3,0,0,2,2
822967,20260620,WAS,680730,Mitchell Parker,0,7,2,1,0,0,0,0
822967,20260620,WAS,695418,Brad Lord,0,9,5,0,1,0,0,0
822967,20260620,WAS,690925,Clayton Beeter,0,3,2,2,0,0,1,1
823854,20260620,MIA,676974,Max Meyer,1,15,7,2,0,1,2,2
823854,20260620,MIA,676604,Tyler Zuber,0,4,2,0,0,0,0,0
823854,20260620,MIA,806188,Cade Gibson,0,3,1,1,0,0,1,1
823854,20260620,MIA,669622,Anthony Bender,0,2,0,0,0,0,0,0
823854,20260620,MIA,664126,Pete Fairbanks,0,3,2,0,0,0,0,0
823854,20260620,SFN,686790,Trevor McDonald,1,9,1,3,3,0,5,3
823854,20260620,SFN,657424,Matt Gage,0,2,0,1,1,1,1,1
823854,20260620,SFN,664141,JT Brubaker,0,7,2,1,0,0,0,0
823854,20260620,SFN,663941,Tristan Beck,0,6,1,0,0,0,0,0
824909,20260620,ATL,519242,Chris Sale,1,17,7,1,0,0,2,0
824909,20260620,ATL,800311,Didier Fuentes,0,4,1,0,0,0,1,1
824909,20260620,ATL,675916,James Karinchak,0,3,1,0,0,0,0,0
824909,20260620,ATL,669276,Dylan Lee,0,3,1,0,0,0,0,0
824909,20260620,MIL,690986,Kyle Harrison,1,19,7,0,0,1,2,2
824909,20260620,MIL,682842,Abner Uribe,0,2,0,0,0,0,0,0
824909,20260620,MIL,656730,Trevor Megill,0,3,1,0,0,0,0,0
824909,20260620,MIL,676879,Aaron Ashby,0,1,1,0,0,1,2,2
824180,20260620,HOU,681293,Spencer Arrighetti,1,18,8,0,1,3,6,6
824180,20260620,HOU,663878,Nate Pearson,0,3,0,0,0,0,2,2
824180,20260620,HOU,805123,AJ Blubaugh,0,3,3,0,0,0,0,0
824180,20260620,HOU,650556,Bryan Abreu,0,3,0,0,0,0,0,0
824180,20260620,CLE,676282,Joey Cantillo,1,24,9,1,0,0,1,1
824180,20260620,CLE,670036,Matt Festa,0,3,2,0,0,0,0,0
823447,20260620,PHI,650911,Cristopher Sánchez,1,18,5,1,0,1,1,1
823447,20260620,PHI,676661,Max Lazar,0,6,1,0,0,1,2,2
823447,20260620,PHI,661395,Jhoan Duran,0,3,2,0,0,0,0,0
823447,20260620,NYN,642547,Freddy Peralta,1,8,2,1,0,2,10,10
823447,20260620,NYN,672335,Cionel Pérez,0,6,3,0,0,1,3,3
823447,20260620,NYN,668964,Tobias Myers,0,7,1,0,0,1,2,2
823447,20260620,NYN,670097,Zack Short,0,3,0,0,0,0,0,0
824342,20260620,COL,608372,Tomoyuki Sugano,1,18,5,0,0,1,1,1
824342,20260620,COL,623474,Jimmy Herget,0,4,2,1,0,0,0,0
824342,20260620,COL,657514,Brennan Bernardino,0,3,2,0,0,0,0,0
824342,20260620,COL,677955,Jaden Hill,0,2,1,0,1,0,0,0
824342,20260620,PIT,694973,Paul Skenes,1,18,8,2,2,1,2,2
824342,20260620,PIT,669387,Carmen Mlodzinski,0,6,2,1,0,0,0,0
824988,20260620,ATH,669372,J.T. Ginn,1,16,5,3,0,0,4,3
824988,20260620,ATH,605130,Scott Barlow,0,2,1,0,0,0,2,2
824988,20260620,ATH,664129,Geoff Hartlieb,0,9,1,1,0,1,1,1
824988,20260620,ANA,700712,Walbert Ureña,1,15,6,0,1,0,0,0
824988,20260620,ANA,696519,Samy Natera Jr.,0,4,2,1,0,0,0,0
824988,20260620,ANA,666171,Ryan Zeferjahn,0,5,3,1,0,0,0,0
824988,20260620,ANA,489446,Kirby Yates,0,3,2,0,0,0,0,0
823937,20260620,LAN,808967,Yoshinobu Yamamoto,1,18,6,2,0,0,3,3
823937,20260620,LAN,683618,Edgardo Henriquez,0,3,2,1,0,0,0,0
823937,20260620,LAN,681911,Alex Vesia,0,3,2,1,0,0,0,0
823937,20260620,LAN,642546,Jonathan Hernández,0,3,1,0,0,0,0,0
823937,20260620,BAL,669432,Trevor Rogers,1,21,6,2,0,0,0,0
823937,20260620,BAL,670329,Rico Garcia,0,2,2,0,0,0,0,0
823937,20260620,BAL,664991,Grant Wolfram,0,1,0,0,0,0,0,0
823937,20260620,BAL,552640,Andrew Kittredge,0,1,0,1,0,1,2,1
823937,20260620,BAL,666974,Yennier Cano,0,2,1,0,0,0,0,0
823126,20260620,SEA,676106,Emerson Hancock,1,16,6,2,0,1,5,5
823126,20260620,SEA,678606,José A. Ferrer,0,2,0,0,0,0,0,0
823126,20260620,SEA,689546,Nick Davila,0,3,1,2,0,0,0,0
823126,20260620,SEA,621074,Michael Rucker,0,3,2,0,1,0,0,0
823126,20260620,SEA,695380,Alex Hoppe,0,3,2,0,0,0,0,0
823126,20260620,BOS,813349,Connelly Early,1,18,7,2,3,0,1,1
823126,20260620,BOS,594027,Tyron Guerrero,0,3,2,0,0,0,0,0
823126,20260620,BOS,676477,Garrett Whitlock,0,3,1,0,0,0,0,0
823126,20260620,BOS,543056,Danny Coulombe,0,3,0,0,0,0,0,0
825068,20260620,ARI,668678,Zac Gallen,1,12,2,2,0,0,9,9
825068,20260620,ARI,700270,Yilber Díaz,0,2,0,1,0,1,7,7
825068,20260620,ARI,691769,Philip Abner,0,8,1,2,0,0,0,0
825068,20260620,ARI,545121,Ildemaro Vargas,0,5,0,2,0,0,0,0
825068,20260620,MIN,671737,Taj Bradley,1,15,4,2,0,1,2,2
825068,20260620,MIN,607455,Anthony Banda,0,3,1,0,0,0,0,0
825068,20260620,MIN,664875,Justin Lawrence,0,2,2,4,0,0,5,5
825068,20260620,MIN,679358,Eric Orze,0,4,0,1,0,0,1,1
825068,20260620,MIN,672782,Yoendrys Gómez,0,3,1,0,0,0,0,0
823531,20260621,NYA,695684,Elmer Rodríguez,1,12,4,2,0,1,3,3
823531,20260621,NYA,657612,Tim Hill,0,3,0,0,0,0,0,0
823531,20260621,NYA,621112,Paul Blackburn,0,4,0,0,0,0,0,0
823531,20260621,NYA,687396,Brent Headrick,0,3,0,0,0,0,0,0
823531,20260621,NYA,518585,Fernando Cruz,0,2,0,0,0,0,0,0
823531,20260621,NYA,666808,Camilo Doval,0,3,2,1,0,0,1,0
823531,20260621,CIN,695505,Chase Burns,1,15,7,3,0,1,1,1
823531,20260621,CIN,594580,Sam Moll,0,3,1,1,0,0,0,0
823531,20260621,CIN,657571,Caleb Ferguson,0,3,1,0,0,0,0,0
823531,20260621,CIN,663574,Tony Santillan,0,6,1,0,0,0,0,0
824908,20260621,ATL,693821,Bryce Elder,1,18,6,2,0,1,8,8
824908,20260621,ATL,625643,Reynaldo López,0,9,3,1,0,0,1,0
824908,20260621,MIL,688107,Robert Gasser,1,18,7,1,0,0,2,2
824908,20260621,MIL,694477,Chad Patrick,0,9,2,0,0,1,2,2
822968,20260621,TBA,607259,Nick Martinez,1,18,5,3,0,1,3,3
822968,20260621,TBA,664076,Garrett Cleavinger,0,3,2,0,0,0,0,0
822968,20260621,TBA,641329,Bryan Baker,0,3,0,0,0,0,0,0
822968,20260621,TBA,687330,Kevin Kelly,0,3,2,0,0,0,0,0
822968,20260621,WAS,674841,Andrew Alvarez,1,12,6,0,0,0,1,1
822968,20260621,WAS,681402,Gus Varland,0,6,2,1,0,1,1,1
822968,20260621,WAS,687377,Orlando Ribalta,0,3,2,1,0,1,2,2
822968,20260621,WAS,687606,Paxton Schultz,0,3,0,0,0,0,0,0
824260,20260621,DET,672456,Keider Montero,1,21,3,0,0,1,3,3
824260,20260621,DET,805427,Drew Sommers,0,3,3,0,0,0,0,0
824260,20260621,DET,640448,Kyle Finnegan,0,3,1,0,0,0,0,0
824260,20260621,DET,676684,Will Vest,0,3,0,0,0,0,1,0
824260,20260621,CHA,663436,Davis Martin,1,18,4,3,0,0,1,1
824260,20260621,CHA,663542,Bryan Hudson,0,3,1,0,0,0,0,0
824260,20260621,CHA,691799,Grant Taylor,0,3,1,1,0,1,1,1
824260,20260621,CHA,622554,Seranthony Domínguez,0,3,1,0,0,0,1,1
824260,20260621,CHA,685126,Brandon Eisert,0,0,0,0,0,0,2,1
824260,20260621,CHA,663855,Jordan Hicks,0,0,0,0,0,0,0,0
823852,20260621,MIA,687473,Ryan Gusto,1,13,6,2,0,0,1,1
823852,20260621,MIA,667463,John King,0,4,0,0,0,0,0,0
823852,20260621,MIA,676534,Calvin Faucher,0,4,0,0,1,0,0,0
823852,20260621,MIA,656848,Michael Petersen,0,3,0,0,0,0,0,0
823852,20260621,MIA,669199,Lake Bachar,0,3,0,1,0,0,0,0
823852,20260621,SFN,657277,Logan Webb,1,24,5,1,0,1,2,2
824177,20260621,HOU,678906,Kai-Wei Teng,1,18,4,1,0,0,1,1
824177,20260621,HOU,595345,Steven Okert,0,3,3,1,0,0,0,0
824177,20260621,HOU,687911,Bryan King,0,3,1,0,0,0,0,0
824177,20260621,HOU,623352,Josh Hader,0,3,2,0,0,0,0,0
824177,20260621,CLE,677944,Slade Cecconi,1,18,1,2,0,1,2,2
824177,20260621,CLE,670059,Colin Holderman,0,3,1,0,0,0,0,0
824177,20260621,CLE,683769,Hunter Gaddis,0,3,1,0,0,0,0,0
824095,20260621,KCA,663568,Stephen Kolek,1,5,0,1,1,3,9,9
824095,20260621,KCA,657756,Connor Seabold,0,4,2,0,1,0,0,0
824095,20260621,KCA,674444,Steven Cruz,0,5,3,1,0,1,3,3
824095,20260621,KCA,668674,Lucas Erceg,0,4,1,0,1,0,0,0
824095,20260621,KCA,621381,Matt Strahm,0,3,0,1,0,0,0,0
824095,20260621,KCA,694360,Beck Way,0,6,1,0,0,0,0,0
824095,20260621,SLN,669160,Dustin May,1,6,2,1,0,2,6,6
824095,20260621,SLN,691008,Max Rajcic,0,4,2,1,0,0,1,1
824095,20260621,SLN,694335,Matt Svanson,0,2,1,1,0,0,0,0
824095,20260621,SLN,700669,Gordon Graceffo,0,3,0,0,0,0,0,0
824095,20260621,SLN,668941,JoJo Romero,0,3,2,0,0,1,1,1
824095,20260621,SLN,592773,Ryne Stanek,0,3,1,0,0,0,0,0
824095,20260621,SLN,666277,George Soriano,0,3,0,1,0,0,0,0
824095,20260621,SLN,676617,Riley O'Brien,0,3,1,0,1,1,2,2
822883,20260621,TEX,543135,Nathan Eovaldi,1,18,9,1,0,0,3,3
822883,20260621,TEX,682608,Peyton Gray,0,3,2,0,0,0,0,0
822883,20260621,TEX,695239,Robby Ahlstrom,0,3,0,1,0,0,0,0
822883,20260621,TEX,596001,Jakob Junis,0,3,1,0,0,0,0,0
822883,20260621,SDN,593974,Wandy Peralta,1,3,0,0,0,0,0,0
822883,20260621,SDN,608337,Lucas Giolito,0,12,2,2,0,1,4,4
822883,20260621,SDN,606996,Kyle Hart,0,3,2,0,1,0,0,0
822883,20260621,SDN,676760,Ron Marinaccio,0,3,0,1,0,0,0,0
822883,20260621,SDN,673513,Yuki Matsui,0,3,1,1,0,0,0,0
824343,20260621,COL,547179,Michael Lorenzen,1,16,5,1,0,1,4,4
824343,20260621,COL,675848,Juan Mejia,0,5,0,0,0,1,4,4
824343,20260621,COL,605154,John Brebbia,0,6,1,0,0,0,0,0
824343,20260621,PIT,683003,Jared Jones,1,9,3,2,0,0,1,1
824343,20260621,PIT,670990,Yohan Ramírez,0,6,3,1,1,0,0,0
824343,20260621,PIT,681895,Evan Sisk,0,6,3,0,0,0,0,0
824343,20260621,PIT,642701,Dennis Santana,0,3,0,0,0,1,3,3
824343,20260621,PIT,642397,Gregory Soto,0,3,1,1,0,0,2,1
825067,20260621,ARI,703615,Jose Cabrera,1,15,3,0,1,0,0,0
825067,20260621,ARI,805299,Brandyn Garcia,0,3,1,0,0,0,0,0
825067,20260621,ARI,666661,Juan Morillo,0,3,1,0,0,0,3,2
825067,20260621,ARI,656464,Kevin Ginkel,0,3,0,1,0,0,0,0
825067,20260621,ARI,657044,Ryan Thompson,0,3,0,0,0,0,1,1
825067,20260621,MIN,702474,Mike Paredes,1,15,1,3,0,0,2,2
825067,20260621,MIN,689520,Cody Laweryson,0,3,1,0,0,0,0,0
825067,20260621,MIN,702193,Andrew Morris,0,3,1,1,0,0,0,0
825067,20260621,MIN,672782,Yoendrys Gómez,0,3,0,1,0,0,0,0
825067,20260621,MIN,607455,Anthony Banda,0,3,1,0,0,0,0,0
824987,20260621,ATH,678022,Jack Perkins,1,15,8,2,0,1,4,4
824987,20260621,ATH,640454,Matt Krook,0,3,0,1,0,0,0,0
824987,20260621,ATH,665622,Luis Medina,0,3,1,0,0,0,0,0
824987,20260621,ATH,663687,Hogan Harris,0,1,0,0,1,1,3,3
824987,20260621,ATH,665660,Elvis Alvarado,0,5,3,0,0,1,2,2
824987,20260621,ANA,672282,Reid Detmers,1,18,4,4,0,0,5,5
824987,20260621,ANA,608718,Brent Suter,0,3,0,0,0,1,2,1
824987,20260621,ANA,681217,Chase Silseth,0,3,2,1,0,0,0,0
824987,20260621,ANA,696147,Sam Bachman,0,3,0,0,0,0,0,0
823934,20260621,LAN,686218,Emmet Sheehan,1,10,4,3,0,2,6,6
823934,20260621,LAN,676263,Jack Dreyer,0,2,2,1,0,0,0,0
823934,20260621,LAN,683618,Edgardo Henriquez,0,3,1,0,0,0,0,0
823934,20260621,LAN,642546,Jonathan Hernández,0,5,2,2,0,1,4,4
823934,20260621,LAN,694646,Chayce McDermott,0,4,0,0,0,1,2,2
823934,20260621,LAN,500743,Miguel Rojas,0,3,0,0,0,0,0,0
823934,20260621,BAL,687064,Brandon Young,1,15,5,2,0,0,1,1
823934,20260621,BAL,664991,Grant Wolfram,0,6,0,0,0,0,0,0
823934,20260621,BAL,669211,Keegan Akin,0,6,1,1,0,0,0,0
823123,20260621,SEA,669302,Logan Gilbert,1,19,8,2,0,1,1,1
823123,20260621,SEA,642100,Gabe Speier,0,2,2,0,0,0,0,0
823123,20260621,SEA,660825,Eduard Bazardo,0,3,1,0,0,0,0,0
823123,20260621,SEA,662253,Andrés Muñoz,0,3,2,0,0,0,0,0
823123,20260621,BOS,801139,Payton Tolle,1,18,2,2,0,1,3,3
823123,20260621,BOS,543056,Danny Coulombe,0,3,0,1,0,0,0,0
823123,20260621,BOS,670245,Ryan Watson,0,3,2,0,0,0,0,0
823449,20260621,PHI,554430,Zack Wheeler,1,17,7,3,0,1,2,2
823449,20260621,PHI,680742,Jonathan Bowlan,0,1,1,0,0,0,0,0
823449,20260621,PHI,621237,José Alvarado,0,3,2,0,0,0,0,0
823449,20260621,PHI,689147,Orion Kerkering,0,3,1,0,0,0,0,0
823449,20260621,PHI,661395,Jhoan Duran,0,3,3,0,0,0,0,0
823449,20260621,NYN,656849,David Peterson,1,12,5,2,0,1,5,4
823449,20260621,NYN,681810,Austin Warren,0,6,2,1,0,1,1,1
823449,20260621,NYN,548384,Brooks Raley,0,3,0,0,1,0,0,0
823449,20260621,NYN,621345,A.J. Minter,0,3,0,0,0,0,0,0
824261,20260622,DET,664285,Framber Valdez,1,18,8,2,0,0,1,1
824261,20260622,DET,623454,Drew Anderson,0,4,2,0,1,1,2,2
824261,20260622,DET,805427,Drew Sommers,0,1,0,0,0,0,0,0
824261,20260622,DET,676684,Will Vest,0,4,2,0,0,0,0,0
824261,20260622,NYA,543037,Gerrit Cole,1,13,5,1,0,1,5,5
824261,20260622,NYA,621112,Paul Blackburn,0,5,2,0,0,0,0,0
824261,20260622,NYA,642232,Ryan Yarbrough,0,6,0,2,0,0,0,0
822964,20260622,TBA,656876,Drew Rasmussen,1,18,5,2,0,0,2,2
822964,20260622,TBA,592155,Cam Booser,0,3,0,0,0,0,0,0
822964,20260622,TBA,642121,Cole Sulser,0,3,2,0,0,0,0,0
822964,20260622,TBA,518886,Craig Kimbrel,0,3,0,0,0,0,0,0
822964,20260622,KCA,608379,Michael Wacha,1,21,5,1,0,0,1,1
822964,20260622,KCA,670167,John Schreiber,0,3,2,1,0,0,0,0
822964,20260622,KCA,656638,Alex Lange,0,3,1,0,0,0,0,0
823851,20260622,MIA,663969,Tyler Phillips,1,18,4,3,0,1,2,2
823851,20260622,MIA,656848,Michael Petersen,0,2,1,0,0,0,0,0
823851,20260622,MIA,669622,Anthony Bender,0,1,1,1,0,0,0,0
823851,20260622,MIA,676534,Calvin Faucher,0,3,0,1,0,0,2,2
823851,20260622,MIA,690978,Dax Fulton,0,3,1,0,0,0,0,0
823851,20260622,TEX,641302,Tyler Alexander,1,3,1,0,0,0,0,0
823851,20260622,TEX,677958,Kumar Rocker,0,15,9,0,0,0,2,2
823851,20260622,TEX,695239,Robby Ahlstrom,0,3,1,0,0,0,0,0
823851,20260622,TEX,596001,Jakob Junis,0,2,0,1,0,0,1,1
823851,20260622,TEX,656641,Jacob Latz,0,4,2,1,0,0,0,0
822720,20260622,WAS,656492,Foster Griffin,1,22,9,0,0,1,1,1
822720,20260622,WAS,663992,Richard Lovelady,0,2,2,0,0,0,0,0
822720,20260622,WAS,690925,Clayton Beeter,0,3,1,0,0,0,0,0
822720,20260622,PHI,641835,Tim Mayza,1,3,2,0,0,0,1,1
822720,20260622,PHI,660604,Alan Rangel,0,15,4,0,1,1,1,1
822720,20260622,PHI,686751,Seth Johnson,0,3,0,0,0,1,2,2
822720,20260622,PHI,663767,Chase Shugart,0,3,2,1,0,0,0,0
822800,20260622,TOR,656302,Dylan Cease,1,17,8,4,0,0,2,2
822800,20260622,TOR,680755,Braydon Fisher,0,4,0,0,0,0,0,0
822800,20260622,TOR,643511,Tyler Rogers,0,3,0,1,0,0,0,0
822800,20260622,TOR,686973,Louis Varland,0,3,1,1,0,0,0,0
822800,20260622,HOU,686613,Hunter Brown,1,9,4,2,2,1,1,1
822800,20260622,HOU,805123,AJ Blubaugh,0,6,1,2,0,0,1,1
822800,20260622,HOU,660853,Enyel De Los Santos,0,4,2,0,0,0,1,1
822800,20260622,HOU,687911,Bryan King,0,2,1,1,0,0,0,0
822800,20260622,HOU,701121,Logan VanWey,0,3,0,0,0,0,1,1
824502,20260622,CIN,663903,Brady Singer,1,21,7,2,0,0,0,0
824502,20260622,CIN,594580,Sam Moll,0,3,2,0,0,0,0,0
824502,20260622,CIN,622088,Tejay Antone,0,2,1,0,0,0,0,0
824502,20260622,CIN,656271,Brock Burke,0,1,1,0,0,0,0,0
824502,20260622,CIN,663574,Tony Santillan,0,3,0,1,0,0,2,1
824502,20260622,MIL,605540,Brandon Woodruff,1,18,10,0,0,0,0,0
824502,20260622,MIL,676879,Aaron Ashby,0,3,2,0,0,0,0,0
824502,20260622,MIL,682842,Abner Uribe,0,3,1,0,0,0,0,0
824502,20260622,MIL,656730,Trevor Megill,0,3,1,0,0,0,0,0
824502,20260622,MIL,669270,Joel Kuhnel,0,3,0,0,0,0,1,0
823692,20260622,MIN,805673,Zebby Matthews,1,18,5,2,0,2,2,2
823692,20260622,MIN,573124,Taylor Rogers,0,4,1,0,0,0,0,0
823692,20260622,MIN,679358,Eric Orze,0,2,1,0,0,0,0,0
823692,20260622,MIN,702193,Andrew Morris,0,3,1,1,0,0,0,0
823692,20260622,LAN,694361,Will Klein,1,3,2,1,0,1,1,1
823692,20260622,LAN,641778,Eric Lauer,0,18,2,3,0,0,0,0
823692,20260622,LAN,669165,Kyle Hurt,0,3,1,0,0,0,0,0
823692,20260622,LAN,656945,Tanner Scott,0,3,0,0,0,0,0,0
824585,20260622,CHA,641743,Anthony Kay,1,18,8,2,1,0,0,0
824585,20260622,CHA,691799,Grant Taylor,0,2,2,2,0,0,3,3
824585,20260622,CHA,663542,Bryan Hudson,0,4,3,1,0,0,0,0
824585,20260622,CHA,622554,Seranthony Domínguez,0,1,1,1,0,0,2,2
824585,20260622,CHA,669684,Chris Murphy,0,2,1,0,0,0,0,0
824585,20260622,CLE,668909,Gavin Williams,1,15,8,1,0,0,2,2
824585,20260622,CLE,682120,Tim Herrin,0,3,1,0,0,1,1,1
824585,20260622,CLE,542888,Shawn Armstrong,0,3,1,0,0,0,1,1
824585,20260622,CLE,671922,Cade Smith,0,5,3,1,0,0,2,2
823040,20260622,SLN,669467,Andre Pallante,1,18,2,0,1,0,1,1
823040,20260622,SLN,592773,Ryne Stanek,0,2,0,0,0,1,1,1
823040,20260622,SLN,668941,JoJo Romero,0,3,0,0,0,0,0,0
823040,20260622,SLN,666277,George Soriano,0,1,0,0,0,0,0,0
823040,20260622,SLN,676617,Riley O'Brien,0,3,0,0,0,0,0,0
823040,20260622,ARI,518876,Merrill Kelly,1,18,2,3,0,0,3,3
823040,20260622,ARI,664199,Taylor Clarke,0,5,2,1,1,0,0,0
823040,20260622,ARI,642528,Jonathan Loáisiga,0,1,0,0,0,0,0,0
824344,20260622,COL,663372,Ryan Feltner,1,18,2,4,0,0,2,2
824344,20260622,COL,657514,Brennan Bernardino,0,3,0,0,0,0,0,0
824344,20260622,COL,680767,Victor Vodnik,0,6,0,2,0,0,0,0
824344,20260622,BOS,687562,Jake Bennett,1,18,9,0,0,0,0,0
824344,20260622,BOS,594027,Tyron Guerrero,0,3,0,0,0,0,0,0
824344,20260622,BOS,676477,Garrett Whitlock,0,3,0,0,0,0,0,0
824344,20260622,BOS,547973,Aroldis Chapman,0,0,0,0,0,0,3,3
824016,20260622,ANA,691951,Sam Aldegheri,1,14,3,1,0,2,5,5
824016,20260622,ANA,820862,José Fermin,0,4,3,0,0,0,0,0
824016,20260622,ANA,608718,Brent Suter,0,6,3,0,0,0,1,1
824016,20260622,ANA,489446,Kirby Yates,0,3,3,0,0,0,0,0
824016,20260622,BAL,680694,Kyle Bradish,1,24,9,1,0,0,0,0
824016,20260622,BAL,670329,Rico Garcia,0,3,1,0,0,1,1,1
823288,20260622,SDN,650633,Michael King,1,21,5,0,0,0,0,0
823288,20260622,SDN,670970,Adrian Morejon,0,3,2,0,0,0,0,0
823288,20260622,SDN,695243,Mason Miller,0,3,2,1,0,0,0,0
823288,20260622,ATL,656550,Grant Holmes,1,14,4,5,0,1,1,1
823288,20260622,ATL,800311,Didier Fuentes,0,1,1,0,0,0,0,0
823288,20260622,ATL,675916,James Karinchak,0,5,1,1,0,0,0,0
823288,20260622,ATL,689266,Dylan Dodd,0,4,3,1,0,0,0,0
823613,20260624,NYN,690997,Nolan McLean,1,18,9,2,2,2,6,6
823613,20260624,NYN,702752,Jonathan Pintaro,0,6,3,2,1,1,4,4
823613,20260624,NYN,681810,Austin Warren,0,3,2,0,0,0,0,0
823613,20260624,CHN,665871,Javier Assad,1,15,5,2,0,2,3,3
823613,20260624,CHN,669020,Ryan Rolison,0,3,0,1,0,0,0,0
823613,20260624,CHN,573204,Caleb Thielbar,0,3,2,0,0,0,0,0
823613,20260624,CHN,621053,Tyler Ferguson,0,6,2,0,0,0,0,0
822799,20260623,TOR,669456,Shane Bieber,1,11,2,0,0,3,4,4
822799,20260623,TOR,667297,Tommy Nance,0,4,1,1,0,0,0,0
822799,20260623,TOR,689254,Mason Fluharty,0,3,1,0,0,0,0,0
822799,20260623,TOR,693686,Spencer Miles,0,4,3,0,0,0,0,0
822799,20260623,TOR,656546,Jeff Hoffman,0,2,1,1,0,0,0,0
822799,20260623,TOR,643511,Tyler Rogers,0,3,0,0,0,0,2,1
822799,20260623,TOR,680755,Braydon Fisher,0,6,2,1,0,1,3,2
822799,20260623,HOU,663567,Peter Lambert,1,14,6,3,0,1,2,2
822799,20260623,HOU,595345,Steven Okert,0,3,1,0,0,0,0,0
822799,20260623,HOU,660853,Enyel De Los Santos,0,4,0,0,0,1,2,2
822799,20260623,HOU,663878,Nate Pearson,0,3,2,1,0,0,2,0
822799,20260623,HOU,623352,Josh Hader,0,3,1,0,0,0,0,0
822799,20260623,HOU,701121,Logan VanWey,0,6,0,0,0,0,1,0
823365,20260623,PIT,656605,Mitch Keller,1,18,4,1,0,2,3,3
823365,20260623,PIT,682254,Mason Montgomery,0,3,3,0,0,0,0,0
823365,20260623,PIT,676755,Isaac Mattson,0,3,1,0,0,0,0,0
823365,20260623,PIT,642701,Dennis Santana,0,3,1,1,0,0,0,0
823365,20260623,SEA,669923,George Kirby,1,18,5,2,0,0,2,1
823365,20260623,SEA,678606,José A. Ferrer,0,3,0,0,0,0,0,0
823365,20260623,SEA,660825,Eduard Bazardo,0,3,2,1,0,0,0,0
823365,20260623,SEA,662253,Andrés Muñoz,0,3,3,0,0,0,0,0
822963,20260623,TBA,663556,Shane McClanahan,1,18,4,1,0,3,6,2
822963,20260623,TBA,571927,Steven Matz,0,6,2,0,0,0,5,5
822963,20260623,TBA,810938,Ben Williamson,0,3,0,0,0,0,1,1
822963,20260623,KCA,679883,Luinder Avila,1,15,6,4,1,0,1,1
822963,20260623,KCA,674444,Steven Cruz,0,3,0,0,0,0,0,0
822963,20260623,KCA,621381,Matt Strahm,0,3,1,1,0,0,0,0
822963,20260623,KCA,694360,Beck Way,0,3,0,0,0,1,1,1
822963,20260623,KCA,657756,Connor Seabold,0,3,2,1,0,0,3,3
823849,20260623,MIA,645261,Sandy Alcantara,1,20,4,3,0,0,1,1
823849,20260623,MIA,676604,Tyler Zuber,0,2,1,0,0,1,1,1
823849,20260623,MIA,669199,Lake Bachar,0,2,1,0,0,0,0,0
823849,20260623,MIA,664126,Pete Fairbanks,0,3,1,0,1,1,2,2
823849,20260623,TEX,615698,Cal Quantrill,1,6,1,0,0,1,1,1
823849,20260623,TEX,692030,Jose Corniell,0,10,3,2,0,2,5,5
823849,20260623,TEX,605452,Joe Ross,0,8,2,1,0,0,0,0
824262,20260623,DET,663554,Casey Mize,1,17,6,1,0,1,4,4
824262,20260623,DET,663947,Tyler Holton,0,3,2,1,0,0,0,0
824262,20260623,DET,640448,Kyle Finnegan,0,4,4,0,0,0,0,0
824262,20260623,DET,646241,Enmanuel De Jesus,0,3,1,0,0,0,0,0
824262,20260623,NYA,607074,Carlos Rodón,1,16,5,2,0,0,3,3
824262,20260623,NYA,518585,Fernando Cruz,0,2,1,1,0,0,0,0
824262,20260623,NYA,687396,Brent Headrick,0,5,1,0,0,0,0,0
824262,20260623,NYA,670280,David Bednar,0,4,0,0,0,0,0,0
822718,20260623,WAS,676571,PJ Poulin,1,3,1,0,0,0,0,0
822718,20260623,WAS,641793,Zack Littell,0,12,5,0,0,1,2,2
822718,20260623,WAS,680730,Mitchell Parker,0,4,1,0,0,0,1,1
822718,20260623,WAS,687377,Orlando Ribalta,0,3,1,0,0,0,0,0
822718,20260623,WAS,663992,Richard Lovelady,0,1,1,1,1,0,3,3
822718,20260623,WAS,690925,Clayton Beeter,0,1,0,0,0,0,0,0
822718,20260623,WAS,695418,Brad Lord,0,2,2,1,0,2,6,6
822718,20260623,WAS,687606,Paxton Schultz,0,1,1,1,0,0,2,2
822718,20260623,PHI,666200,Jesús Luzardo,1,20,13,3,0,0,5,1
822718,20260623,PHI,680742,Jonathan Bowlan,0,1,1,0,0,0,0,0
822718,20260623,PHI,689147,Orion Kerkering,0,3,2,1,1,1,3,3
822718,20260623,PHI,663767,Chase Shugart,0,3,1,0,0,1,1,1
823614,20260623,NYN,673540,Kodai Senga,1,11,6,5,1,2,7,7
823614,20260623,NYN,672335,Cionel Pérez,0,7,1,0,0,0,0,0
823614,20260623,NYN,668964,Tobias Myers,0,6,1,2,0,0,2,2
823614,20260623,NYN,621345,A.J. Minter,0,3,1,0,0,0,0,0
823614,20260623,CHN,665795,Edward Cabrera,1,15,4,4,0,0,2,2
823614,20260623,CHN,571948,Hoby Milner,0,3,0,1,0,0,0,0
823614,20260623,CHN,664208,Phil Maton,0,3,2,1,0,1,1,1
823614,20260623,CHN,669020,Ryan Rolison,0,3,2,0,0,0,0,0
823614,20260623,CHN,681151,Jayden Murray,0,3,2,1,0,1,3,3
824501,20260623,CIN,666157,Nick Lodolo,1,12,6,1,0,0,0,0
824501,20260623,CIN,670062,Julian Garcia,0,5,3,2,0,0,1,1
824501,20260623,CIN,657571,Caleb Ferguson,0,2,0,0,0,0,0,0
824501,20260623,CIN,572955,Pierce Johnson,0,2,2,0,0,0,0,0
824501,20260623,CIN,695534,Chase Petty,0,6,3,1,0,0,1,0
824501,20260623,MIL,687075,Brandon Sproat,1,18,10,0,1,0,0,0
824501,20260623,MIL,676879,Aaron Ashby,0,3,2,0,0,0,0,0
824501,20260623,MIL,682842,Abner Uribe,0,3,1,0,0,0,0,0
824501,20260623,MIL,656730,Trevor Megill,0,3,0,0,0,0,0,0
823690,20260623,MIN,696070,Kendry Rojas,1,6,4,3,0,0,1,1
823690,20260623,MIN,608723,Austin Voth,0,12,2,1,0,0,6,5
823690,20260623,MIN,701519,Travis Adams,0,6,4,1,0,0,0,0
823690,20260623,MIN,573124,Taylor Rogers,0,3,0,2,0,1,5,5
823690,20260623,LAN,680736,Justin Wrobleski,1,21,3,2,0,1,2,2
823690,20260623,LAN,683618,Edgardo Henriquez,0,3,1,0,0,0,0,0
823690,20260623,LAN,592779,Brock Stewart,0,3,1,0,0,1,1,1
824584,20260623,CHA,680732,Sean Burke,1,19,6,1,1,1,1,1
824584,20260623,CHA,656794,Sean Newcomb,0,8,2,1,0,0,0,0
824584,20260623,CLE,800048,Parker Messick,1,23,10,1,0,1,2,2
824584,20260623,CLE,670059,Colin Holderman,0,1,1,0,0,0,0,0
823043,20260623,SLN,681517,Kyle Leahy,1,19,3,2,0,0,0,0
823043,20260623,SLN,691008,Max Rajcic,0,5,1,1,0,0,0,0
823043,20260623,SLN,694335,Matt Svanson,0,1,1,1,0,0,4,3
823043,20260623,SLN,700669,Gordon Graceffo,0,2,0,2,0,0,0,0
823043,20260623,ARI,593958,Eduardo Rodriguez,1,20,5,3,0,0,0,0
823043,20260623,ARI,666661,Juan Morillo,0,1,1,1,0,0,0,0
823043,20260623,ARI,656464,Kevin Ginkel,0,3,1,0,0,0,0,0
823043,20260623,ARI,623149,Paul Sewald,0,2,1,0,0,0,3,3
823043,20260623,ARI,805299,Brandyn Garcia,0,1,1,0,0,0,0,0
824340,20260623,COL,807743,Sean Sullivan,1,15,3,5,0,1,3,3
824340,20260623,COL,688642,Zach Agnos,0,9,1,1,0,0,2,2
824340,20260623,COL,675848,Juan Mejia,0,3,0,0,0,0,0,0
824340,20260623,BOS,543243,Sonny Gray,1,21,11,3,0,1,1,1
824340,20260623,BOS,686580,Justin Slaten,0,3,0,0,0,0,0,0
824340,20260623,BOS,676477,Garrett Whitlock,0,3,1,0,0,1,1,1
824017,20260623,ANA,696270,Ryan Johnson,1,18,8,1,0,0,0,0
824017,20260623,ANA,696519,Samy Natera Jr.,0,1,0,1,0,0,1,1
824017,20260623,ANA,681217,Chase Silseth,0,2,1,0,0,0,0,0
824017,20260623,ANA,666171,Ryan Zeferjahn,0,3,3,0,0,0,0,0
824017,20260623,ANA,696147,Sam Bachman,0,3,1,0,0,0,0,0
824017,20260623,BAL,669358,Shane Baz,1,15,5,1,0,1,5,5
824017,20260623,BAL,544150,Albert Suárez,0,9,3,1,0,0,0,0
823286,20260623,SDN,593974,Wandy Peralta,1,3,2,0,0,0,0,0
823286,20260623,SDN,656288,Griffin Canning,0,2,2,1,1,0,4,4
823286,20260623,SDN,606996,Kyle Hart,0,6,3,1,0,0,1,1
823286,20260623,SDN,673513,Yuki Matsui,0,7,3,1,0,1,1,1
823286,20260623,SDN,688158,David Morgan,0,3,0,1,0,0,0,0
823286,20260623,SDN,670970,Adrian Morejon,0,3,1,0,0,0,0,0
823286,20260623,SDN,695243,Mason Miller,0,6,3,0,0,0,0,0
823286,20260623,ATL,702275,JR Ritchie,1,15,7,4,0,0,5,4
823286,20260623,ATL,471911,Carlos Carrasco,0,5,0,0,0,1,1,1
823286,20260623,ATL,669276,Dylan Lee,0,4,0,0,0,0,0,0
823286,20260623,ATL,628452,Raisel Iglesias,0,3,1,0,0,0,1,0
823210,20260623,SFN,592662,Robbie Ray,1,24,6,4,0,0,1,0
823210,20260623,SFN,668873,Caleb Kilian,0,3,1,1,0,0,0,0
823210,20260623,ATH,650644,Aaron Civale,1,12,5,0,1,1,2,2
823210,20260623,ATH,640454,Matt Krook,0,4,2,1,0,0,0,0
823210,20260623,ATH,686930,Mason Barnett,0,3,3,2,0,0,1,1
823210,20260623,ATH,660761,José Suarez,0,5,1,1,0,0,0,0
823850,20260624,MIA,691587,Eury Pérez,1,14,1,0,0,1,1,1
823850,20260624,MIA,667463,John King,0,3,1,0,0,0,0,0
823850,20260624,MIA,669622,Anthony Bender,0,4,2,0,0,0,0,0
823850,20260624,MIA,656848,Michael Petersen,0,3,3,0,0,0,0,0
823850,20260624,MIA,664126,Pete Fairbanks,0,3,0,0,0,1,1,1
823850,20260624,TEX,594798,Jacob deGrom,1,18,8,2,0,0,2,2
823850,20260624,TEX,641302,Tyler Alexander,0,3,2,0,0,0,0,0
823850,20260624,TEX,668390,Cole Winn,0,2,0,1,0,1,2,2
823850,20260624,TEX,695239,Robby Ahlstrom,0,1,1,0,0,0,0,0
823613,20260624,NYN,690997,Nolan McLean,1,18,9,2,2,2,6,6
823613,20260624,NYN,702752,Jonathan Pintaro,0,6,3,2,1,1,4,4
823613,20260624,NYN,681810,Austin Warren,0,3,2,0,0,0,0,0
823613,20260624,CHN,665871,Javier Assad,1,15,5,2,0,2,3,3
823613,20260624,CHN,669020,Ryan Rolison,0,3,0,1,0,0,0,0
823613,20260624,CHN,573204,Caleb Thielbar,0,3,2,0,0,0,0,0
823613,20260624,CHN,621053,Tyler Ferguson,0,6,2,0,0,0,0,0
823611,20260624,NYN,640455,Sean Manaea,1,9,4,2,0,0,4,3
823611,20260624,NYN,623211,Huascar Brazobán,0,6,4,0,0,0,0,0
823611,20260624,NYN,548384,Brooks Raley,0,3,0,1,0,0,2,2
823611,20260624,NYN,596133,Luke Weaver,0,3,1,1,0,0,0,0
823611,20260624,NYN,621345,A.J. Minter,0,3,1,0,0,0,1,0
823611,20260624,NYN,642207,Devin Williams,0,3,1,0,0,0,3,0
823611,20260624,CHN,684007,Shota Imanaga,1,16,4,1,0,3,4,4
823611,20260624,CHN,668970,Gavin Hollowell,0,2,1,0,0,1,1,1
823611,20260624,CHN,571948,Hoby Milner,0,3,1,1,0,0,0,0
823611,20260624,CHN,663423,Trent Thornton,0,3,1,0,0,0,0,0
823611,20260624,CHN,657097,Jacob Webb,0,3,1,2,0,0,0,0
824583,20260624,CHA,669684,Chris Murphy,1,4,2,0,0,0,0,0
824583,20260624,CHA,607200,Erick Fedde,0,12,2,3,0,0,2,1
824583,20260624,CHA,685126,Brandon Eisert,0,5,3,0,0,0,0,0
824583,20260624,CHA,697812,Joe Rock,0,6,4,3,0,0,1,1
824583,20260624,CHA,691799,Grant Taylor,0,3,1,0,0,0,1,0
824583,20260624,CLE,676440,Tanner Bibee,1,18,3,1,1,0,0,0
824583,20260624,CLE,681870,Erik Sabrowski,0,2,1,0,0,0,1,1
824583,20260624,CLE,670059,Colin Holderman,0,1,0,0,0,0,0,0
824583,20260624,CLE,683769,Hunter Gaddis,0,2,0,0,0,0,0,0
824583,20260624,CLE,682120,Tim Herrin,0,1,0,0,0,0,0,0
824583,20260624,CLE,671922,Cade Smith,0,2,1,1,0,2,2,2
824583,20260624,CLE,542888,Shawn Armstrong,0,4,0,2,0,0,0,0
824341,20260624,COL,607536,Kyle Freeland,1,18,4,1,0,2,6,6
824341,20260624,COL,622608,Antonio Senzatela,0,6,2,0,0,0,0,0
824341,20260624,COL,623474,Jimmy Herget,0,3,2,0,0,0,0,0
824341,20260624,BOS,624133,Ranger Suarez,1,18,9,1,0,0,3,1
824341,20260624,BOS,594027,Tyron Guerrero,0,2,1,0,1,0,3,0
824341,20260624,BOS,543056,Danny Coulombe,0,1,0,0,0,0,0,0
824341,20260624,BOS,686580,Justin Slaten,0,3,1,0,0,0,2,2
824018,20260624,ANA,667755,José Soriano,1,9,4,2,0,2,5,5
824018,20260624,ANA,815083,Mitch Farris,0,6,1,1,1,0,0,0
824018,20260624,ANA,820862,José Fermin,0,4,1,0,0,0,0,0
824018,20260624,ANA,696519,Samy Natera Jr.,0,5,2,0,0,0,0,0
824018,20260624,ANA,696147,Sam Bachman,0,3,1,0,0,0,0,0
824018,20260624,ANA,681217,Chase Silseth,0,3,1,0,0,0,1,1
824018,20260624,BAL,694346,Trey Gibson,1,12,5,2,0,1,2,2
824018,20260624,BAL,664991,Grant Wolfram,0,2,1,0,0,0,0,0
824018,20260624,BAL,669330,Tyler Wells,0,4,4,1,0,0,0,0
824018,20260624,BAL,666974,Yennier Cano,0,2,2,2,0,0,0,0
824018,20260624,BAL,670329,Rico Garcia,0,3,1,1,0,0,3,3
824018,20260624,BAL,552640,Andrew Kittredge,0,1,1,1,0,0,0,0
824018,20260624,BAL,664854,Ryan Helsley,0,3,2,0,0,0,0,0
824018,20260624,BAL,669211,Keegan Akin,0,2,1,0,0,0,2,0
823367,20260624,PIT,677952,Braxton Ashcraft,1,18,10,0,0,0,1,1
823367,20260624,PIT,669387,Carmen Mlodzinski,0,9,3,0,0,0,0,0
823367,20260624,SEA,693433,Bryan Woo,1,12,4,2,0,0,5,5
823367,20260624,SEA,621074,Michael Rucker,0,6,3,0,0,0,0,0
823367,20260624,SEA,689546,Nick Davila,0,3,0,1,0,0,4,4
823367,20260624,SEA,695380,Alex Hoppe,0,3,0,0,0,0,2,2
822965,20260624,TBA,643377,Griffin Jax,1,15,7,2,1,0,2,0
822965,20260624,TBA,642121,Cole Sulser,0,3,2,0,0,0,0,0
822965,20260624,TBA,687330,Kevin Kelly,0,3,0,0,0,0,0,0
822965,20260624,TBA,664076,Garrett Cleavinger,0,3,1,0,0,0,0,0
822965,20260624,TBA,641329,Bryan Baker,0,3,2,0,0,1,1,1
822965,20260624,KCA,702070,Noah Cameron,1,15,5,3,1,0,5,5
822965,20260624,KCA,668674,Lucas Erceg,0,3,1,0,0,0,0,0
822965,20260624,KCA,663738,Daniel Lynch IV,0,3,0,0,0,0,0,0
822965,20260624,KCA,694360,Beck Way,0,3,0,1,0,0,0,0
824259,20260624,DET,669373,Tarik Skubal,1,18,9,0,0,3,4,4
824259,20260624,DET,621097,Jacob Waguespack,0,5,2,0,1,0,0,0
824259,20260624,DET,646241,Enmanuel De Jesus,0,4,2,0,0,0,0,0
824259,20260624,NYA,677960,Ryan Weathers,1,18,6,2,0,0,2,1
824259,20260624,NYA,666808,Camilo Doval,0,2,0,1,0,0,0,0
824259,20260624,NYA,518585,Fernando Cruz,0,4,4,0,0,0,0,0
824259,20260624,NYA,670280,David Bednar,0,3,1,0,0,0,0,0
822719,20260624,WAS,687223,Carson Palmquist,1,10,3,1,0,0,1,1
822719,20260624,WAS,571945,Miles Mikolas,0,10,1,0,0,0,2,0
822719,20260624,WAS,676571,PJ Poulin,0,4,1,0,0,0,0,0
822719,20260624,WAS,687377,Orlando Ribalta,0,2,1,1,0,0,1,1
822719,20260624,WAS,663992,Richard Lovelady,0,1,0,0,0,1,1,1
822719,20260624,PHI,605400,Aaron Nola,1,15,5,2,1,2,2,2
822719,20260624,PHI,679775,Kyle Backhus,0,2,0,0,0,0,1,1
822719,20260624,PHI,680742,Jonathan Bowlan,0,1,1,0,1,1,1,1
822719,20260624,PHI,621237,José Alvarado,0,3,1,1,0,0,0,0
822719,20260624,PHI,686751,Seth Johnson,0,3,0,0,0,0,0,0
822719,20260624,PHI,661395,Jhoan Duran,0,3,3,0,0,0,0,0
822798,20260624,TOR,702056,Trey Yesavage,1,17,5,5,0,0,1,1
822798,20260624,TOR,667297,Tommy Nance,0,3,1,0,0,0,0,0
822798,20260624,TOR,656546,Jeff Hoffman,0,4,2,1,0,0,1,0
822798,20260624,TOR,689254,Mason Fluharty,0,3,0,2,0,0,1,1
822798,20260624,HOU,681347,Mike Burrows,1,18,3,1,0,1,1,1
822798,20260624,HOU,595345,Steven Okert,0,3,1,0,0,0,0,0
822798,20260624,HOU,687911,Bryan King,0,3,0,0,0,0,0,0
822798,20260624,HOU,623352,Josh Hader,0,3,2,1,0,0,0,0
824500,20260624,CIN,695076,Rhett Lowder,1,17,6,1,1,2,3,3
824500,20260624,CIN,594580,Sam Moll,0,3,0,2,0,0,3,3
824500,20260624,CIN,622088,Tejay Antone,0,4,2,0,0,0,0,0
824500,20260624,CIN,656271,Brock Burke,0,3,0,1,0,0,0,0
824500,20260624,MIL,675660,Shane Drohan,1,13,5,3,0,0,0,0
824500,20260624,MIL,694477,Chad Patrick,0,5,1,3,0,0,1,1
824500,20260624,MIL,681982,Grant Anderson,0,2,0,2,0,0,1,1
824500,20260624,MIL,684974,Craig Yoho,0,3,0,1,0,1,3,3
824500,20260624,MIL,669270,Joel Kuhnel,0,4,0,2,1,0,0,0
823691,20260624,MIN,657746,Joe Ryan,1,18,9,1,0,1,4,4
823691,20260624,MIN,607455,Anthony Banda,0,3,2,0,1,0,0,0
823691,20260624,MIN,672782,Yoendrys Gómez,0,3,0,0,0,0,0,0
823691,20260624,MIN,702193,Andrew Morris,0,3,0,0,0,0,0,0
823691,20260624,LAN,660271,Shohei Ohtani,1,18,8,2,0,0,3,2
823691,20260624,LAN,669165,Kyle Hurt,0,3,1,2,0,0,0,0
823691,20260624,LAN,681911,Alex Vesia,0,3,3,0,0,0,0,0
823691,20260624,LAN,656945,Tanner Scott,0,3,2,0,0,0,0,0
823041,20260624,SLN,669461,Matthew Liberatore,1,16,3,2,0,2,6,6
823041,20260624,SLN,700669,Gordon Graceffo,0,5,0,2,0,0,2,2
823041,20260624,SLN,677865,Justin Bruihl,0,6,2,1,0,0,1,0
823041,20260624,ARI,683352,Mitch Bratt,1,9,3,2,0,0,1,1
823041,20260624,ARI,657044,Ryan Thompson,0,6,2,0,0,0,1,1
823041,20260624,ARI,642528,Jonathan Loáisiga,0,3,1,0,0,0,0,0
823041,20260624,ARI,664199,Taylor Clarke,0,3,0,0,0,0,0,0
823041,20260624,ARI,686753,Drey Jameson,0,6,1,0,0,1,2,2
823284,20260624,SDN,676664,JP Sears,1,17,5,2,0,1,2,2
823284,20260624,SDN,688158,David Morgan,0,4,1,0,0,0,0,0
823284,20260624,SDN,593974,Wandy Peralta,0,3,0,0,0,0,0,0
823284,20260624,SDN,592094,Jason Adam,0,3,0,0,0,0,0,0
823284,20260624,ATL,527048,Martín Pérez,1,12,4,4,0,1,3,3
823284,20260624,ATL,675916,James Karinchak,0,3,1,0,0,0,0,0
823284,20260624,ATL,689266,Dylan Dodd,0,1,0,1,0,0,2,2
823284,20260624,ATL,641755,Tyler Kinley,0,2,1,0,0,0,0,0
823284,20260624,ATL,800311,Didier Fuentes,0,3,0,1,0,0,0,0
823284,20260624,ATL,641656,Ian Hamilton,0,3,2,0,0,0,0,0
823208,20260624,SFN,641816,Tyler Mahle,1,17,4,2,0,0,0,0
823208,20260624,SFN,656529,Sam Hentges,0,1,0,0,0,0,0,0
823208,20260624,SFN,676254,Ryan Walker,0,3,1,0,0,0,0,0
823208,20260624,SFN,681916,Dylan Smith,0,3,1,0,1,1,1,1
823208,20260624,SFN,669062,Erik Miller,0,3,1,1,0,0,0,0
823208,20260624,ATH,695611,Gage Jump,1,15,9,1,0,0,0,0
823208,20260624,ATH,686993,Justin Sterner,0,3,0,0,0,0,0,0
823208,20260624,ATH,663687,Hogan Harris,0,3,2,0,0,0,0,0
823208,20260624,ATH,665622,Luis Medina,0,3,2,2,0,0,0,0
823208,20260624,ATH,665660,Elvis Alvarado,0,2,0,0,0,2,2,2
822961,20260625,TBA,668984,Casey Legumina,1,4,0,0,0,0,0,0
822961,20260625,TBA,693855,Ian Seymour,0,20,7,1,0,0,0,0
822961,20260625,TBA,518886,Craig Kimbrel,0,3,2,1,0,1,2,2
822961,20260625,KCA,607625,Seth Lugo,1,15,3,2,0,3,7,7
822961,20260625,KCA,621381,Matt Strahm,0,3,1,0,0,0,0,0
822961,20260625,KCA,657756,Connor Seabold,0,3,1,0,0,0,1,1
822961,20260625,KCA,686475,Tyler Tolbert,0,3,0,0,0,1,5,5
823366,20260625,PIT,696149,Bubba Chandler,1,16,4,3,0,0,1,1
823366,20260625,PIT,681895,Evan Sisk,0,3,0,1,1,0,0,0
823366,20260625,PIT,670990,Yohan Ramírez,0,1,0,2,0,0,0,0
823366,20260625,PIT,682254,Mason Montgomery,0,4,2,0,0,0,0,0
823366,20260625,PIT,642397,Gregory Soto,0,3,1,0,0,0,0,0
823366,20260625,SEA,682243,Bryce Miller,1,17,11,0,0,2,3,3
823366,20260625,SEA,642100,Gabe Speier,0,1,0,0,0,0,0,0
823366,20260625,SEA,660825,Eduard Bazardo,0,3,1,0,0,0,0,0
823366,20260625,SEA,695380,Alex Hoppe,0,3,1,1,0,0,2,2
823209,20260625,SFN,694738,Landen Roupp,1,18,6,1,1,0,2,2
823209,20260625,SFN,676254,Ryan Walker,0,2,0,0,0,0,2,2
823209,20260625,SFN,669062,Erik Miller,0,1,0,1,0,0,0,0
823209,20260625,SFN,681916,Dylan Smith,0,3,2,0,0,0,1,1
823209,20260625,SFN,668873,Caleb Kilian,0,2,1,1,0,0,4,4
823209,20260625,SFN,657424,Matt Gage,0,1,0,0,0,0,0,0
823209,20260625,ATH,605488,Jeffrey Springs,1,16,6,2,0,1,3,3
823209,20260625,ATH,640454,Matt Krook,0,1,1,1,0,0,2,2
823209,20260625,ATH,686993,Justin Sterner,0,1,1,0,0,1,1,1
823209,20260625,ATH,664129,Geoff Hartlieb,0,6,1,1,0,0,0,0
823209,20260625,ATH,686930,Mason Barnett,0,3,1,0,0,0,0,0
824258,20260625,DET,675512,Troy Melton,1,18,6,0,0,1,1,1
824258,20260625,DET,640448,Kyle Finnegan,0,3,1,0,0,0,0,0
824258,20260625,DET,663947,Tyler Holton,0,3,0,0,0,0,0,0
824258,20260625,DET,445276,Kenley Jansen,0,3,0,0,0,0,1,1
824258,20260625,HOU,837227,Tatsuya Imai,1,18,10,1,0,0,0,0
824258,20260625,HOU,805123,AJ Blubaugh,0,6,3,0,0,0,0,0
824258,20260625,HOU,660853,Enyel De Los Santos,0,3,0,0,0,1,1,1
822717,20260625,WAS,676917,Cade Cavalli,1,18,7,1,1,1,2,2
822717,20260625,WAS,680730,Mitchell Parker,0,1,1,2,0,0,3,3
822717,20260625,WAS,690925,Clayton Beeter,0,2,0,2,0,0,0,0
822717,20260625,WAS,681402,Gus Varland,0,6,2,0,0,2,5,5
822717,20260625,PHI,650911,Cristopher Sánchez,1,15,6,1,1,1,5,5
822717,20260625,PHI,663767,Chase Shugart,0,3,2,0,0,0,0,0
822717,20260625,PHI,621237,José Alvarado,0,3,2,0,0,0,0,0
822717,20260625,PHI,689147,Orion Kerkering,0,3,2,0,0,0,0,0
822717,20260625,PHI,641835,Tim Mayza,0,3,0,0,0,0,0,0
822797,20260625,TOR,592332,Kevin Gausman,1,18,4,2,0,3,6,6
822797,20260625,TOR,680573,Simeon Woods Richardson,0,9,1,4,0,0,0,0
822797,20260625,TEX,669022,MacKenzie Gore,1,21,5,1,0,0,3,3
822797,20260625,TEX,596001,Jakob Junis,0,3,1,0,0,0,0,0
822797,20260625,TEX,656641,Jacob Latz,0,3,2,0,0,1,2,2
823612,20260625,NYN,642547,Freddy Peralta,1,17,5,1,0,0,3,0
823612,20260625,NYN,681810,Austin Warren,0,4,2,1,0,0,0,0
823612,20260625,NYN,596133,Luke Weaver,0,3,3,0,0,0,0,0
823612,20260625,NYN,642207,Devin Williams,0,3,1,0,0,0,0,0
823612,20260625,NYN,548384,Brooks Raley,0,3,1,0,0,0,1,0
823612,20260625,CHN,571510,Matthew Boyd,1,14,4,4,0,0,0,0
823612,20260625,CHN,681799,Ethan Roberts,0,3,0,1,0,0,1,1
823612,20260625,CHN,571948,Hoby Milner,0,0,0,0,0,1,1,1
823612,20260625,CHN,664208,Phil Maton,0,4,2,0,1,1,1,1
823612,20260625,CHN,573204,Caleb Thielbar,0,3,2,0,0,0,0,0
823612,20260625,CHN,657097,Jacob Webb,0,3,0,1,0,0,0,0
823612,20260625,CHN,663423,Trent Thornton,0,3,0,0,0,0,0,0
824747,20260625,BOS,813349,Connelly Early,1,18,9,1,0,1,2,2
824747,20260625,BOS,669711,Greg Weissert,0,2,0,1,0,0,1,1
824747,20260625,BOS,543056,Danny Coulombe,0,1,0,0,0,0,0,0
824747,20260625,BOS,676477,Garrett Whitlock,0,3,1,0,0,0,0,0
824747,20260625,BOS,547973,Aroldis Chapman,0,3,0,1,0,0,0,0
824747,20260625,NYA,693645,Cam Schlittler,1,15,9,2,1,1,4,0
824747,20260625,NYA,621112,Paul Blackburn,0,3,1,0,0,0,0,0
824747,20260625,NYA,657612,Tim Hill,0,3,0,0,0,0,0,0
824747,20260625,NYA,660787,Yerry De los Santos,0,1,0,1,0,0,2,0
824747,20260625,NYA,642232,Ryan Yarbrough,0,2,0,0,1,0,0,0
823042,20260723,SLN,700241,Michael McGreevy,1,19,3,3,0,1,4,4
823042,20260723,SLN,677865,Justin Bruihl,0,3,1,0,0,0,2,2
823042,20260723,SLN,694335,Matt Svanson,0,2,0,2,0,0,3,3
823042,20260723,SLN,700669,Gordon Graceffo,0,3,2,0,0,0,1,1
823042,20260723,ARI,694297,Brandon Pfaadt,1,18,1,2,0,0,2,2
823042,20260723,ARI,805299,Brandyn Garcia,0,3,1,0,0,0,0,0
823042,20260723,ARI,664199,Taylor Clarke,0,3,0,0,0,0,0,0
823042,20260723,ARI,657044,Ryan Thompson,0,3,0,0,0,0,4,4
824255,20260626,DET,672456,Keider Montero,1,21,3,1,0,0,0,0
824255,20260626,DET,646241,Enmanuel De Jesus,0,6,2,1,0,0,0,0
824255,20260626,HOU,681293,Spencer Arrighetti,1,9,7,5,0,3,8,8
824255,20260626,HOU,663878,Nate Pearson,0,9,1,2,0,0,0,0
824255,20260626,HOU,650556,Bryan Abreu,0,3,1,0,0,0,0,0
824255,20260626,HOU,676694,Jake Meyers,0,3,0,0,0,0,0,0
823363,20260626,PIT,694973,Paul Skenes,1,15,7,2,0,0,4,4
823363,20260626,PIT,684049,Brandan Bidois,0,3,1,0,0,0,0,0
823363,20260626,PIT,676755,Isaac Mattson,0,3,1,0,0,0,0,0
823363,20260626,PIT,682254,Mason Montgomery,0,2,2,0,0,1,2,2
823363,20260626,PIT,642701,Dennis Santana,0,4,2,0,0,0,0,0
823363,20260626,CIN,671096,Andrew Abbott,1,16,6,1,0,3,4,3
823363,20260626,CIN,622088,Tejay Antone,0,3,0,0,1,0,0,0
823363,20260626,CIN,656271,Brock Burke,0,3,2,1,0,0,0,0
823363,20260626,CIN,572955,Pierce Johnson,0,2,1,0,0,0,0,0
823363,20260626,CIN,657571,Caleb Ferguson,0,3,1,0,0,0,0,0
824824,20260626,BAL,669432,Trevor Rogers,1,19,7,0,0,0,1,1
824824,20260626,BAL,669330,Tyler Wells,0,2,0,0,0,0,0,0
824824,20260626,BAL,664991,Grant Wolfram,0,3,2,0,0,0,0,0
824824,20260626,BAL,664854,Ryan Helsley,0,3,1,0,0,0,0,0
824824,20260626,WAS,674841,Andrew Alvarez,1,13,5,3,0,0,2,2
824824,20260626,WAS,695418,Brad Lord,0,8,5,3,0,0,1,1
824824,20260626,WAS,687849,Zak Kent,0,3,2,1,0,0,0,0
822796,20260626,TOR,571578,Patrick Corbin,1,13,5,1,1,1,5,5
822796,20260626,TOR,693686,Spencer Miles,0,8,3,0,0,0,0,0
822796,20260626,TOR,671936,Adam Macko,0,3,1,2,0,0,0,0
822796,20260626,TOR,686973,Louis Varland,0,3,1,0,0,0,0,0
822796,20260626,TEX,543135,Nathan Eovaldi,1,21,9,1,0,0,0,0
822796,20260626,TEX,695239,Robby Ahlstrom,0,1,0,1,0,0,2,2
822796,20260626,TEX,596001,Jakob Junis,0,2,2,0,0,1,2,2
822796,20260626,TEX,656641,Jacob Latz,0,3,0,1,0,0,0,0
824423,20260626,CLE,676282,Joey Cantillo,1,18,9,2,0,1,1,1
824423,20260626,CLE,682120,Tim Herrin,0,3,0,2,0,0,1,1
824423,20260626,CLE,682982,Daniel Espino,0,1,1,2,0,0,1,1
824423,20260626,CLE,683769,Hunter Gaddis,0,2,2,0,0,0,0,0
824423,20260626,CLE,670036,Matt Festa,0,3,1,0,0,0,0,0
824423,20260626,SEA,622491,Luis Castillo,1,18,4,1,0,0,1,1
824423,20260626,SEA,678606,José A. Ferrer,0,3,1,0,0,0,0,0
824423,20260626,SEA,642100,Gabe Speier,0,3,0,0,0,0,0,0
824423,20260626,SEA,662253,Andrés Muñoz,0,3,2,0,0,0,0,0
822962,20260626,TBA,607259,Nick Martinez,1,17,3,0,0,1,1,1
822962,20260626,TBA,592155,Cam Booser,0,1,0,0,0,0,0,0
822962,20260626,TBA,687330,Kevin Kelly,0,3,0,0,0,0,0,0
822962,20260626,TBA,664076,Garrett Cleavinger,0,3,0,0,0,0,0,0
822962,20260626,TBA,518886,Craig Kimbrel,0,3,1,1,0,0,0,0
822962,20260626,ARI,668678,Zac Gallen,1,20,0,2,1,2,5,5
822962,20260626,ARI,686228,Juan Burgos,0,4,0,0,0,0,1,1
823610,20260626,NYN,804267,Zac Thornton,1,18,7,1,0,0,1,1
823610,20260626,NYN,623211,Huascar Brazobán,0,3,1,1,0,0,1,1
823610,20260626,NYN,672335,Cionel Pérez,0,6,1,0,0,0,0,0
823610,20260626,PHI,554430,Zack Wheeler,1,21,5,1,0,0,1,1
823610,20260626,PHI,689147,Orion Kerkering,0,3,1,0,0,0,0,0
823610,20260626,PHI,661395,Jhoan Duran,0,3,1,0,0,0,0,0
824743,20260626,BOS,801139,Payton Tolle,1,21,7,2,0,0,0,0
824743,20260626,BOS,592454,Tommy Kahnle,0,3,0,0,0,0,1,1
824743,20260626,BOS,670245,Ryan Watson,0,3,0,0,0,0,0,0
824743,20260626,NYA,701542,Will Warren,1,17,0,3,0,1,5,5
824743,20260626,NYA,642232,Ryan Yarbrough,0,4,1,1,0,0,1,1
824743,20260626,NYA,660787,Yerry De los Santos,0,3,1,0,0,0,0,0
824582,20260626,CHA,689818,David Sandlin,1,18,6,3,0,0,1,1
824582,20260626,CHA,663855,Jordan Hicks,0,3,1,0,0,0,0,0
824582,20260626,CHA,685126,Brandon Eisert,0,3,1,0,0,0,0,0
824582,20260626,CHA,670950,Trevor Richards,0,3,2,0,0,0,0,0
824582,20260626,KCA,674444,Steven Cruz,1,4,3,1,0,0,0,0
824582,20260626,KCA,687765,Mitch Spence,0,4,2,3,0,2,10,10
824582,20260626,KCA,694360,Beck Way,0,4,2,0,0,1,1,1
824582,20260626,KCA,668674,Lucas Erceg,0,3,0,0,0,1,2,2
824582,20260626,KCA,670167,John Schreiber,0,3,1,0,0,1,4,3
824582,20260626,KCA,656638,Alex Lange,0,1,1,2,0,0,5,5
824582,20260626,KCA,663738,Daniel Lynch IV,0,2,0,0,0,0,0,0
824582,20260626,KCA,686475,Tyler Tolbert,0,3,0,1,0,0,0,0
823773,20260626,MIL,694819,Jacob Misiorowski,1,18,8,4,0,1,1,1
823773,20260626,MIL,682842,Abner Uribe,0,3,0,0,0,0,0,0
823773,20260626,MIL,676879,Aaron Ashby,0,3,0,2,0,0,1,1
823773,20260626,MIL,656730,Trevor Megill,0,3,0,1,0,0,0,0
823773,20260626,CHN,607067,Colin Rea,1,15,4,3,0,0,1,1
823773,20260626,CHN,681799,Ethan Roberts,0,3,0,1,0,1,2,2
823773,20260626,CHN,681151,Jayden Murray,0,6,4,1,0,1,3,3
823688,20260626,MIN,671737,Taj Bradley,1,21,7,3,0,0,2,2
823688,20260626,MIN,681892,Kody Funderburk,0,3,1,0,0,0,1,1
823688,20260626,MIN,679358,Eric Orze,0,1,0,1,0,1,3,3
823688,20260626,MIN,607455,Anthony Banda,0,2,0,0,0,1,2,2
823688,20260626,MIN,702193,Andrew Morris,0,3,0,0,0,0,0,0
823688,20260626,COL,608372,Tomoyuki Sugano,1,15,2,1,0,2,7,7
823688,20260626,COL,678020,Seth Halvorsen,0,3,1,0,0,0,0,0
823688,20260626,COL,675848,Juan Mejia,0,3,0,0,0,0,0,0
823688,20260626,COL,605154,John Brebbia,0,3,0,0,0,0,0,0
823688,20260626,COL,622608,Antonio Senzatela,0,3,1,0,0,0,1,1
823688,20260626,COL,623474,Jimmy Herget,0,0,0,1,0,0,1,0
823039,20260626,SLN,700241,Michael McGreevy,1,18,4,1,0,0,0,0
823039,20260626,SLN,668941,JoJo Romero,0,3,0,0,0,0,0,0
823039,20260626,SLN,666277,George Soriano,0,3,0,2,0,0,2,2
823039,20260626,SLN,691008,Max Rajcic,0,2,0,2,0,0,2,2
823039,20260626,SLN,677865,Justin Bruihl,0,1,0,0,0,0,0,0
823039,20260626,MIA,676974,Max Meyer,1,21,5,2,1,0,0,0
823039,20260626,MIA,656848,Michael Petersen,0,3,1,0,0,0,0,0
823039,20260626,MIA,676534,Calvin Faucher,0,3,1,0,0,0,0,0
824014,20260626,ANA,700712,Walbert Ureña,1,13,5,2,0,0,7,7
824014,20260626,ANA,608718,Brent Suter,0,7,2,0,0,0,2,1
824014,20260626,ANA,820862,José Fermin,0,4,1,0,0,0,0,0
824014,20260626,ANA,489446,Kirby Yates,0,3,2,0,0,0,0,0
824014,20260626,ATH,669372,J.T. Ginn,1,18,5,1,0,1,3,3
824014,20260626,ATH,665622,Luis Medina,0,4,3,2,0,0,0,0
824014,20260626,ATH,663687,Hogan Harris,0,2,2,1,0,0,0,0
824014,20260626,ATH,665660,Elvis Alvarado,0,3,1,0,0,0,0,0
823285,20260626,SDN,621111,Walker Buehler,1,16,5,3,0,1,1,1
823285,20260626,SDN,673513,Yuki Matsui,0,2,0,1,0,0,0,0
823285,20260626,SDN,592094,Jason Adam,0,3,1,0,0,0,0,0
823285,20260626,SDN,670970,Adrian Morejon,0,3,0,0,0,0,0,0
823285,20260626,SDN,593974,Wandy Peralta,0,3,0,0,0,0,0,0
823285,20260626,LAN,808963,Roki Sasaki,1,12,2,5,1,1,3,3
823285,20260626,LAN,676263,Jack Dreyer,0,3,0,1,0,0,0,0
823285,20260626,LAN,592779,Brock Stewart,0,3,0,1,0,0,0,0
823285,20260626,LAN,683618,Edgardo Henriquez,0,3,1,0,0,0,0,0
823285,20260626,LAN,642546,Jonathan Hernández,0,3,1,2,0,0,4,4
823206,20260626,SFN,686790,Trevor McDonald,1,16,3,1,0,0,3,3
823206,20260626,SFN,657424,Matt Gage,0,2,1,1,0,0,0,0
823206,20260626,SFN,656529,Sam Hentges,0,2,1,0,0,0,0,0
823206,20260626,SFN,605288,Adrian Houser,0,7,1,0,0,0,0,0
823206,20260626,ATL,625643,Reynaldo López,1,9,1,0,0,0,1,1
823206,20260626,ATL,689266,Dylan Dodd,0,3,0,0,0,0,0,0
823206,20260626,ATL,694462,Hurston Waldrep,0,6,3,4,0,0,0,0
823206,20260626,ATL,669276,Dylan Lee,0,5,0,0,0,0,0,0
823206,20260626,ATL,800311,Didier Fuentes,0,1,1,0,0,0,0,0
823206,20260626,ATL,628452,Raisel Iglesias,0,3,0,0,0,0,0,0
824257,20260627,DET,664285,Framber Valdez,1,18,2,0,0,1,4,4
824257,20260627,DET,623454,Drew Anderson,0,2,1,1,0,0,1,1
824257,20260627,DET,805427,Drew Sommers,0,1,0,0,0,0,0,0
824257,20260627,DET,676684,Will Vest,0,3,2,0,0,0,3,2
824257,20260627,DET,621097,Jacob Waguespack,0,3,0,1,0,0,0,0
824257,20260627,HOU,678906,Kai-Wei Teng,1,11,1,1,1,1,5,4
824257,20260627,HOU,595345,Steven Okert,0,4,0,1,0,1,1,1
824257,20260627,HOU,805123,AJ Blubaugh,0,6,2,0,0,0,0,0
824257,20260627,HOU,687911,Bryan King,0,3,1,0,0,0,0,0
824257,20260627,HOU,623352,Josh Hader,0,3,1,0,0,0,0,0
824745,20260627,BOS,687562,Jake Bennett,1,19,3,2,0,1,1,1
824745,20260627,BOS,686580,Justin Slaten,0,2,2,0,0,0,0,0
824745,20260627,BOS,676477,Garrett Whitlock,0,3,0,0,0,0,0,0
824745,20260627,BOS,547973,Aroldis Chapman,0,3,1,1,0,0,0,0
824745,20260627,NYA,543037,Gerrit Cole,1,16,5,1,0,2,4,4
824745,20260627,NYA,687396,Brent Headrick,0,3,3,1,0,0,0,0
824745,20260627,NYA,666808,Camilo Doval,0,2,1,0,0,0,0,0
824745,20260627,NYA,621112,Paul Blackburn,0,3,0,0,0,0,0,0
822794,20260627,TOR,656302,Dylan Cease,1,14,10,5,0,0,4,4
822794,20260627,TOR,689254,Mason Fluharty,0,1,0,1,0,0,2,2
822794,20260627,TOR,680755,Braydon Fisher,0,3,0,0,0,1,1,1
822794,20260627,TOR,667297,Tommy Nance,0,3,2,0,0,0,0,0
822794,20260627,TOR,656546,Jeff Hoffman,0,3,1,0,0,0,0,0
822794,20260627,TOR,643511,Tyler Rogers,0,3,0,0,0,0,0,0
822794,20260627,TEX,615698,Cal Quantrill,1,12,5,1,0,0,0,0
822794,20260627,TEX,695239,Robby Ahlstrom,0,1,0,0,0,1,2,2
822794,20260627,TEX,605452,Joe Ross,0,4,2,0,0,1,2,2
822794,20260627,TEX,682608,Peyton Gray,0,7,4,0,0,0,0,0
822794,20260627,TEX,641302,Tyler Alexander,0,3,0,0,0,0,0,0
823364,20260627,PIT,683003,Jared Jones,1,14,4,1,0,1,4,3
823364,20260627,PIT,681895,Evan Sisk,0,1,0,1,0,0,2,2
823364,20260627,PIT,670990,Yohan Ramírez,0,6,2,0,1,0,0,0
823364,20260627,PIT,676755,Isaac Mattson,0,3,2,0,0,0,0,0
823364,20260627,PIT,642397,Gregory Soto,0,3,1,2,0,1,3,3
823364,20260627,CIN,695505,Chase Burns,1,18,10,0,0,1,5,5
823364,20260627,CIN,594580,Sam Moll,0,2,0,2,0,0,1,1
823364,20260627,CIN,622088,Tejay Antone,0,1,1,0,0,0,0,0
823364,20260627,CIN,657571,Caleb Ferguson,0,3,1,0,0,1,1,1
823364,20260627,CIN,695534,Chase Petty,0,3,0,1,0,0,0,0
823609,20260627,NYN,681035,Christian Scott,1,13,6,2,0,1,2,2
823609,20260627,NYN,621345,A.J. Minter,0,5,1,0,0,0,0,0
823609,20260627,NYN,623211,Huascar Brazobán,0,3,0,0,0,0,0,0
823609,20260627,NYN,596133,Luke Weaver,0,3,2,0,0,0,0,0
823609,20260627,NYN,642207,Devin Williams,0,3,1,1,0,0,0,0
823609,20260627,PHI,641835,Tim Mayza,1,4,1,0,0,0,0,0
823609,20260627,PHI,660604,Alan Rangel,0,12,4,2,0,0,4,4
823609,20260627,PHI,680742,Jonathan Bowlan,0,2,1,1,0,0,0,0
823609,20260627,PHI,679775,Kyle Backhus,0,3,1,1,0,0,2,2
823609,20260627,PHI,686751,Seth Johnson,0,3,2,1,0,0,0,0
824581,20260627,CHA,663436,Davis Martin,1,16,3,1,0,0,0,0
824581,20260627,CHA,656794,Sean Newcomb,0,5,2,2,0,0,1,1
824581,20260627,CHA,691799,Grant Taylor,0,6,4,0,0,0,0,0
824581,20260627,KCA,608379,Michael Wacha,1,23,7,1,0,0,1,1
824581,20260627,KCA,663738,Daniel Lynch IV,0,1,0,0,0,0,1,1
824581,20260627,KCA,670167,John Schreiber,0,1,1,0,0,0,0,0
822960,20260627,TBA,642121,Cole Sulser,1,6,1,0,0,0,1,1
822960,20260627,TBA,675627,Michael Grove,0,9,4,0,0,0,0,0
822960,20260627,TBA,668984,Casey Legumina,0,5,1,0,0,0,0,0
822960,20260627,TBA,687330,Kevin Kelly,0,4,2,0,0,1,1,1
822960,20260627,TBA,641329,Bryan Baker,0,3,0,0,0,0,0,0
822960,20260627,ARI,703615,Jose Cabrera,1,15,4,2,0,2,4,4
822960,20260627,ARI,666661,Juan Morillo,0,3,2,1,0,0,0,0
822960,20260627,ARI,656464,Kevin Ginkel,0,3,1,1,0,0,0,0
822960,20260627,ARI,664199,Taylor Clarke,0,3,0,0,0,0,0,0
824825,20260627,BAL,687064,Brandon Young,1,15,8,2,0,1,2,2
824825,20260627,BAL,670329,Rico Garcia,0,3,1,0,0,0,1,0
824825,20260627,BAL,669211,Keegan Akin,0,6,2,1,0,0,0,0
824825,20260627,BAL,552640,Andrew Kittredge,0,3,2,0,0,0,0,0
824825,20260627,BAL,664854,Ryan Helsley,0,3,1,0,0,0,1,0
824825,20260627,WAS,656492,Foster Griffin,1,21,9,2,0,0,1,0
824825,20260627,WAS,676571,PJ Poulin,0,2,1,0,0,0,1,1
824825,20260627,WAS,687377,Orlando Ribalta,0,1,0,0,0,0,1,1
824825,20260627,WAS,690925,Clayton Beeter,0,3,2,0,0,0,0,0
824825,20260627,WAS,664875,Justin Lawrence,0,3,0,1,0,0,0,0
824421,20260627,CLE,677944,Slade Cecconi,1,18,4,2,0,0,0,0
824421,20260627,CLE,670059,Colin Holderman,0,2,1,1,0,0,0,0
824421,20260627,CLE,681870,Erik Sabrowski,0,1,1,0,0,0,0,0
824421,20260627,CLE,542888,Shawn Armstrong,0,0,0,0,1,1,3,3
824421,20260627,CLE,683769,Hunter Gaddis,0,3,1,0,0,0,0,0
824421,20260627,CLE,671922,Cade Smith,0,3,1,0,1,0,0,0
824421,20260627,SEA,669302,Logan Gilbert,1,21,7,0,0,0,4,4
824421,20260627,SEA,678606,José A. Ferrer,0,3,1,0,0,0,0,0
823689,20260627,MIN,702474,Mike Paredes,1,16,2,0,0,2,3,3
823689,20260627,MIN,573124,Taylor Rogers,0,2,1,1,0,0,0,0
823689,20260627,MIN,681892,Kody Funderburk,0,3,0,1,0,1,3,3
823689,20260627,MIN,694397,Marco Raya,0,6,1,2,0,1,2,2
823689,20260627,COL,547179,Michael Lorenzen,1,17,1,0,1,0,2,2
823689,20260627,COL,680767,Victor Vodnik,0,4,1,0,0,0,0,0
823689,20260627,COL,657514,Brennan Bernardino,0,3,1,0,0,0,0,0
823689,20260627,COL,688642,Zach Agnos,0,1,1,1,0,0,3,3
823689,20260627,COL,623474,Jimmy Herget,0,2,0,0,0,0,0,0
823770,20260627,MIL,690986,Kyle Harrison,1,15,9,1,0,1,2,2
823770,20260627,MIL,694477,Chad Patrick,0,2,0,2,0,1,4,4
823770,20260627,MIL,681982,Grant Anderson,0,4,0,2,0,0,1,1
823770,20260627,MIL,657649,Jared Koenig,0,3,1,0,0,0,0,0
823770,20260627,MIL,669270,Joel Kuhnel,0,3,1,0,0,1,1,1
823770,20260627,CHN,656849,David Peterson,1,17,2,0,0,1,2,2
823770,20260627,CHN,621053,Tyler Ferguson,0,1,1,0,0,0,0,0
823770,20260627,CHN,657097,Jacob Webb,0,3,2,0,0,0,0,0
823770,20260627,CHN,663423,Trent Thornton,0,3,0,1,0,0,0,0
823770,20260627,CHN,592826,Vince Velasquez,0,3,0,0,0,0,0,0
823038,20260627,SLN,669467,Andre Pallante,1,20,4,1,0,0,5,5
823038,20260627,SLN,694335,Matt Svanson,0,1,0,1,0,0,0,0
823038,20260627,SLN,677865,Justin Bruihl,0,6,2,0,0,0,0,0
823038,20260627,MIA,687473,Ryan Gusto,1,10,4,1,1,0,0,0
823038,20260627,MIA,667463,John King,0,4,1,0,0,0,0,0
823038,20260627,MIA,669199,Lake Bachar,0,6,1,1,0,0,1,1
823038,20260627,MIA,669622,Anthony Bender,0,4,2,0,0,0,0,0
823038,20260627,MIA,676604,Tyler Zuber,0,3,1,0,0,0,0,0
823283,20260627,SDN,606996,Kyle Hart,1,6,2,1,0,0,1,1
823283,20260627,SDN,681190,Randy Vásquez,0,10,1,1,0,2,7,4
823283,20260627,SDN,676760,Ron Marinaccio,0,5,1,3,0,1,5,5
823283,20260627,SDN,688158,David Morgan,0,3,2,0,0,0,1,1
823283,20260627,SDN,660710,Rodolfo Durán,0,3,0,0,0,0,1,1
823283,20260627,LAN,808967,Yoshinobu Yamamoto,1,18,4,2,0,1,2,2
823283,20260627,LAN,669165,Kyle Hurt,0,1,0,2,0,0,1,1
823283,20260627,LAN,681911,Alex Vesia,0,2,1,0,0,0,0,0
823283,20260627,LAN,676263,Jack Dreyer,0,3,1,0,0,0,0,0
823283,20260627,LAN,500743,Miguel Rojas,0,3,0,0,0,0,0,0
823207,20260627,SFN,657277,Logan Webb,1,21,6,2,0,0,0,0
823207,20260627,SFN,676254,Ryan Walker,0,3,0,1,0,0,0,0
823207,20260627,SFN,656529,Sam Hentges,0,3,1,0,0,0,0,0
823207,20260627,ATL,693821,Bryce Elder,1,12,4,1,0,2,5,5
823207,20260627,ATL,656550,Grant Holmes,0,12,4,0,0,0,0,0
824015,20260627,ANA,672282,Reid Detmers,1,17,8,3,0,1,2,2
824015,20260627,ANA,681217,Chase Silseth,0,1,1,0,0,0,0,0
824015,20260627,ANA,666171,Ryan Zeferjahn,0,3,2,0,0,0,0,0
824015,20260627,ANA,696147,Sam Bachman,0,3,1,2,0,0,0,0
824015,20260627,ANA,489446,Kirby Yates,0,3,1,0,0,0,0,0
824015,20260627,ATH,678022,Jack Perkins,1,15,5,1,1,0,2,2
824015,20260627,ATH,686993,Justin Sterner,0,3,2,0,0,0,0,0
824015,20260627,ATH,664129,Geoff Hartlieb,0,2,0,0,0,0,1,1
824015,20260627,ATH,640454,Matt Krook,0,2,1,0,1,0,2,1
824015,20260627,ATH,686930,Mason Barnett,0,2,0,0,0,0,0,0
824821,20260628,BAL,680694,Kyle Bradish,1,12,2,5,0,0,4,3
824821,20260628,BAL,669330,Tyler Wells,0,3,1,0,0,1,1,1
824821,20260628,BAL,544150,Albert Suárez,0,9,2,0,0,1,1,1
824821,20260628,BAL,664991,Grant Wolfram,0,3,1,0,0,0,0,0
824821,20260628,WAS,641793,Zack Littell,1,15,3,2,0,1,2,2
824821,20260628,WAS,680730,Mitchell Parker,0,5,2,1,0,1,2,2
824821,20260628,WAS,663992,Richard Lovelady,0,1,0,0,0,0,0,0
824821,20260628,WAS,676571,PJ Poulin,0,6,0,1,0,0,0,0
823362,20260628,PIT,656605,Mitch Keller,1,18,4,1,1,0,4,3
823362,20260628,PIT,669387,Carmen Mlodzinski,0,6,1,1,0,0,0,0
823362,20260628,PIT,642701,Dennis Santana,0,3,1,2,0,0,0,0
823362,20260628,CIN,663903,Brady Singer,1,13,6,0,1,2,5,5
823362,20260628,CIN,670062,Julian Garcia,0,4,2,3,0,0,0,0
823362,20260628,CIN,685112,Zach McCambley,0,1,0,3,0,0,0,0
823362,20260628,CIN,656271,Brock Burke,0,4,1,0,0,0,0,0
823362,20260628,CIN,572955,Pierce Johnson,0,2,2,2,0,2,4,4
822795,20260628,TOR,669456,Shane Bieber,1,16,4,4,0,1,2,2
822795,20260628,TOR,671936,Adam Macko,0,4,1,2,0,0,0,0
822795,20260628,TOR,656546,Jeff Hoffman,0,4,2,0,0,0,0,0
822795,20260628,TOR,686973,Louis Varland,0,3,3,0,0,0,1,1
822795,20260628,TEX,677958,Kumar Rocker,1,18,5,1,0,0,0,0
822795,20260628,TEX,668390,Cole Winn,0,6,2,0,0,1,2,2
822795,20260628,TEX,641302,Tyler Alexander,0,3,1,0,0,0,0,0
824256,20260628,DET,656427,Jack Flaherty,1,15,9,3,0,0,0,0
824256,20260628,DET,663947,Tyler Holton,0,5,0,0,0,1,2,0
824256,20260628,DET,640448,Kyle Finnegan,0,4,3,1,0,1,1,1
824256,20260628,DET,445276,Kenley Jansen,0,4,1,1,0,1,4,3
824256,20260628,DET,621097,Jacob Waguespack,0,2,0,0,0,0,0,0
824256,20260628,HOU,686613,Hunter Brown,1,18,4,2,0,1,3,2
824256,20260628,HOU,650556,Bryan Abreu,0,2,0,1,0,0,0,0
824256,20260628,HOU,595345,Steven Okert,0,1,0,0,0,0,0,0
824256,20260628,HOU,687911,Bryan King,0,3,0,0,0,0,0,0
824256,20260628,HOU,623352,Josh Hader,0,3,2,3,0,0,0,0
824256,20260628,HOU,660853,Enyel De Los Santos,0,3,1,1,0,1,2,1
824422,20260628,CLE,668909,Gavin Williams,1,15,6,3,0,0,3,2
824422,20260628,CLE,542888,Shawn Armstrong,0,2,2,0,0,0,1,1
824422,20260628,CLE,682120,Tim Herrin,0,3,0,0,1,0,0,0
824422,20260628,CLE,670036,Matt Festa,0,4,0,1,0,0,0,0
824422,20260628,CLE,671922,Cade Smith,0,3,1,0,0,0,1,0
824422,20260628,SEA,676106,Emerson Hancock,1,17,6,3,0,0,1,1
824422,20260628,SEA,660825,Eduard Bazardo,0,1,1,0,0,0,0,0
824422,20260628,SEA,642100,Gabe Speier,0,3,0,0,0,0,0,0
824422,20260628,SEA,621074,Michael Rucker,0,1,0,2,0,0,4,4
824422,20260628,SEA,681006,Josh Simpson,0,2,0,1,0,0,1,1
822959,20260628,TBA,656876,Drew Rasmussen,1,18,5,1,2,0,0,0
822959,20260628,TBA,518886,Craig Kimbrel,0,3,1,0,0,0,0,0
822959,20260628,TBA,664076,Garrett Cleavinger,0,3,2,0,0,1,1,1
822959,20260628,TBA,694680,Trevor Martin,0,3,1,0,0,0,0,0
822959,20260628,ARI,518876,Merrill Kelly,1,18,3,2,0,3,5,5
822959,20260628,ARI,642528,Jonathan Loáisiga,0,3,1,0,0,0,0,0
822959,20260628,ARI,686753,Drey Jameson,0,3,1,0,0,0,0,0
823608,20260628,NYN,672335,Cionel Pérez,1,3,2,0,0,0,0,0
823608,20260628,NYN,668964,Tobias Myers,0,9,3,0,0,0,3,3
823608,20260628,NYN,673540,Kodai Senga,0,15,4,1,0,1,2,2
823608,20260628,PHI,666200,Jesús Luzardo,1,15,6,3,0,0,1,1
823608,20260628,PHI,663767,Chase Shugart,0,1,1,1,0,1,3,3
823608,20260628,PHI,679775,Kyle Backhus,0,2,0,0,0,0,0,0
823608,20260628,PHI,621237,José Alvarado,0,3,2,0,1,0,0,0
823608,20260628,PHI,689147,Orion Kerkering,0,3,1,3,0,0,0,0
823608,20260628,PHI,661395,Jhoan Duran,0,3,0,1,0,0,0,0
823686,20260628,MIN,687570,Connor Prielipp,1,18,10,0,2,0,2,2
823686,20260628,MIN,702193,Andrew Morris,0,4,2,0,0,0,0,0
823686,20260628,MIN,607455,Anthony Banda,0,2,2,1,1,0,0,0
823686,20260628,MIN,672782,Yoendrys Gómez,0,3,0,0,0,0,0,0
823686,20260628,COL,663372,Ryan Feltner,1,18,0,0,0,1,2,1
823686,20260628,COL,678020,Seth Halvorsen,0,2,0,0,0,1,1,1
823686,20260628,COL,657514,Brennan Bernardino,0,1,0,0,0,0,0,0
823686,20260628,COL,675848,Juan Mejia,0,3,1,0,0,0,0,0
824580,20260628,CHA,641743,Anthony Kay,1,11,2,1,1,0,5,3
824580,20260628,CHA,670950,Trevor Richards,0,4,1,0,0,0,0,0
824580,20260628,CHA,622554,Seranthony Domínguez,0,3,2,0,0,0,0,0
824580,20260628,CHA,663542,Bryan Hudson,0,3,1,1,0,0,0,0
824580,20260628,CHA,663855,Jordan Hicks,0,4,2,0,0,0,0,0
824580,20260628,CHA,669684,Chris Murphy,0,2,0,0,0,0,0,0
824580,20260628,KCA,679883,Luinder Avila,1,12,4,3,0,1,4,4
824580,20260628,KCA,674444,Steven Cruz,0,3,1,0,0,0,0,0
824580,20260628,KCA,694360,Beck Way,0,3,1,1,0,0,0,0
824580,20260628,KCA,668674,Lucas Erceg,0,3,0,1,0,0,0,0
824580,20260628,KCA,621381,Matt Strahm,0,3,0,0,0,0,0,0
824580,20260628,KCA,656638,Alex Lange,0,3,0,0,0,0,0,0
823769,20260628,MIL,605540,Brandon Woodruff,1,17,6,2,0,0,0,0
823769,20260628,MIL,676879,Aaron Ashby,0,2,1,2,0,0,1,1
823769,20260628,MIL,682842,Abner Uribe,0,5,1,0,0,0,0,0
823769,20260628,MIL,656730,Trevor Megill,0,3,3,0,0,0,0,0
823769,20260628,MIL,669270,Joel Kuhnel,0,3,1,2,1,0,3,2
823769,20260628,CHN,669020,Ryan Rolison,1,6,2,0,0,1,1,1
823769,20260628,CHN,669060,Bryse Wilson,0,13,4,0,0,0,0,0
823769,20260628,CHN,573204,Caleb Thielbar,0,3,2,1,0,0,0,0
823769,20260628,CHN,621053,Tyler Ferguson,0,2,1,0,0,0,0,0
823769,20260628,CHN,657097,Jacob Webb,0,3,3,1,0,0,0,0
823769,20260628,CHN,681799,Ethan Roberts,0,0,0,1,0,0,2,1
823769,20260628,CHN,696136,Jordan Wicks,0,3,0,1,0,0,0,0
823037,20260628,SLN,681517,Kyle Leahy,1,15,5,3,0,0,1,1
823037,20260628,SLN,668941,JoJo Romero,0,4,1,0,0,0,0,0
823037,20260628,SLN,592773,Ryne Stanek,0,2,0,0,0,0,0,0
823037,20260628,SLN,666277,George Soriano,0,3,2,0,0,0,0,0
823037,20260628,SLN,676617,Riley O'Brien,0,3,1,0,0,0,0,0
823037,20260628,MIA,663969,Tyler Phillips,1,22,1,0,0,1,2,2
823037,20260628,MIA,806188,Cade Gibson,0,2,1,0,0,0,0,0
824011,20260628,ANA,691951,Sam Aldegheri,1,15,4,1,0,0,1,1
824011,20260628,ANA,820862,José Fermin,0,6,1,0,0,0,0,0
824011,20260628,ANA,666171,Ryan Zeferjahn,0,2,2,2,0,0,0,0
824011,20260628,ANA,696519,Samy Natera Jr.,0,4,2,0,0,0,0,0
824011,20260628,ATH,650644,Aaron Civale,1,15,2,1,0,1,4,3
824011,20260628,ATH,665660,Elvis Alvarado,0,3,1,0,0,0,0,0
824011,20260628,ATH,660761,José Suarez,0,6,2,0,0,0,0,0
823204,20260628,SFN,592662,Robbie Ray,1,24,2,1,0,0,1,0
823204,20260628,SFN,668873,Caleb Kilian,0,3,1,0,0,0,1,1
823204,20260628,ATL,519242,Chris Sale,1,18,10,1,0,0,2,1
823204,20260628,ATL,800311,Didier Fuentes,0,1,0,1,0,0,1,1
823204,20260628,ATL,669276,Dylan Lee,0,2,2,0,0,0,0,0
823204,20260628,ATL,641755,Tyler Kinley,0,3,0,0,0,0,0,0
823281,20260628,SDN,650633,Michael King,1,13,5,4,2,0,4,4
823281,20260628,SDN,673513,Yuki Matsui,0,5,2,0,0,0,0,0
823281,20260628,SDN,592094,Jason Adam,0,3,0,0,0,0,0,0
823281,20260628,SDN,593974,Wandy Peralta,0,6,2,0,0,0,0,0
823281,20260628,LAN,686218,Emmet Sheehan,1,15,5,2,1,1,1,1
823281,20260628,LAN,681911,Alex Vesia,0,2,1,0,0,0,1,1
823281,20260628,LAN,694361,Will Klein,0,3,2,0,1,0,0,0
823281,20260628,LAN,656945,Tanner Scott,0,4,2,0,1,0,0,0
823281,20260628,LAN,683618,Edgardo Henriquez,0,3,0,1,0,0,0,0
824744,20260628,BOS,543243,Sonny Gray,1,22,9,1,0,0,0,0
824744,20260628,BOS,594027,Tyron Guerrero,0,2,0,0,0,0,0,0
824744,20260628,BOS,547973,Aroldis Chapman,0,3,2,1,0,0,2,1
824744,20260628,BOS,686580,Justin Slaten,0,3,1,0,0,0,2,0
824744,20260628,NYA,607074,Carlos Rodón,1,15,6,4,0,0,2,0
824744,20260628,NYA,621112,Paul Blackburn,0,6,1,0,0,0,0,0
824744,20260628,NYA,670280,David Bednar,0,6,1,0,0,0,0,0
824744,20260628,NYA,518585,Fernando Cruz,0,1,0,0,0,0,3,2
824822,20260629,BAL,669358,Shane Baz,1,21,6,4,0,0,2,2
824822,20260629,BAL,664991,Grant Wolfram,0,2,1,0,1,0,2,2
824822,20260629,BAL,670329,Rico Garcia,0,1,0,0,0,0,0,0
824822,20260629,BAL,666974,Yennier Cano,0,1,0,0,0,0,4,2
824822,20260629,BAL,677020,Josh Walker,0,2,1,0,0,0,0,0
824822,20260629,CHA,680732,Sean Burke,1,16,8,3,0,0,2,2
824822,20260629,CHA,669684,Chris Murphy,0,2,0,1,0,0,0,0
824822,20260629,CHA,691799,Grant Taylor,0,6,2,0,0,0,0,0
824822,20260629,CHA,685126,Brandon Eisert,0,3,3,0,0,0,0,0
823444,20260629,PHI,605400,Aaron Nola,1,13,5,2,0,2,8,7
823444,20260629,PHI,686751,Seth Johnson,0,5,4,1,0,0,0,0
823444,20260629,PHI,641835,Tim Mayza,0,6,2,1,0,0,0,0
823444,20260629,PHI,663767,Chase Shugart,0,3,2,1,0,1,3,3
823444,20260629,PIT,677952,Braxton Ashcraft,1,18,8,1,0,3,5,5
823444,20260629,PIT,681895,Evan Sisk,0,3,1,0,1,0,0,0
823444,20260629,PIT,642397,Gregory Soto,0,2,1,0,0,1,2,2
823444,20260629,PIT,670990,Yohan Ramírez,0,1,1,1,0,0,0,0
823444,20260629,PIT,682254,Mason Montgomery,0,3,2,1,0,0,0,0
823529,20260629,NYA,677960,Ryan Weathers,1,5,3,1,0,0,5,2
823529,20260629,NYA,660787,Yerry De los Santos,0,6,0,0,0,0,2,0
823529,20260629,NYA,657612,Tim Hill,0,4,0,0,0,0,0,0
823529,20260629,NYA,656234,Jake Bird,0,4,2,0,1,0,0,0
823529,20260629,NYA,642232,Ryan Yarbrough,0,2,1,1,0,0,0,0
823529,20260629,NYA,666808,Camilo Doval,0,3,3,0,0,0,0,0
823529,20260629,NYA,687396,Brent Headrick,0,3,0,0,0,0,0,0
823529,20260629,DET,663554,Casey Mize,1,21,10,0,0,0,0,0
823529,20260629,DET,805427,Drew Sommers,0,3,2,1,0,1,3,3
823529,20260629,DET,623454,Drew Anderson,0,3,1,0,0,0,0,0
822792,20260629,TOR,702056,Trey Yesavage,1,20,3,0,1,1,1,1
822792,20260629,TOR,689254,Mason Fluharty,0,1,0,0,0,0,0,0
822792,20260629,TOR,643511,Tyler Rogers,0,3,0,1,0,0,0,0
822792,20260629,TOR,686973,Louis Varland,0,3,2,1,0,0,0,0
822792,20260629,NYN,640455,Sean Manaea,1,17,4,2,1,0,2,2
822792,20260629,NYN,681810,Austin Warren,0,4,2,2,0,0,0,0
822792,20260629,NYN,680702,Joey Gerber,0,3,2,0,0,0,0,0
824741,20260629,BOS,624133,Ranger Suarez,1,18,8,1,0,1,3,3
824741,20260629,BOS,543056,Danny Coulombe,0,3,0,1,0,0,0,0
824741,20260629,BOS,594027,Tyron Guerrero,0,3,2,0,0,0,0,0
824741,20260629,BOS,676477,Garrett Whitlock,0,3,2,0,0,0,0,0
824741,20260629,WAS,571945,Miles Mikolas,1,21,3,0,0,2,6,6
824741,20260629,WAS,687849,Zak Kent,0,3,1,1,0,0,0,0
824420,20260629,CLE,800048,Parker Messick,1,20,5,0,0,0,4,4
824420,20260629,CLE,670059,Colin Holderman,0,4,3,0,0,0,0,0
824420,20260629,CLE,681870,Erik Sabrowski,0,2,1,1,0,0,2,1
824420,20260629,CLE,670036,Matt Festa,0,1,1,0,0,0,0,0
824420,20260629,TEX,641302,Tyler Alexander,1,3,2,0,0,0,0,0
824420,20260629,TEX,663978,Chris Paddack,0,12,1,0,0,1,2,2
824420,20260629,TEX,695239,Robby Ahlstrom,0,3,0,1,0,0,0,0
824420,20260629,TEX,596001,Jakob Junis,0,3,1,0,0,0,1,1
824420,20260629,TEX,656641,Jacob Latz,0,6,1,0,0,0,0,0
823771,20260629,MIL,688107,Robert Gasser,1,17,5,1,0,1,3,3
823771,20260629,MIL,694477,Chad Patrick,0,4,2,0,0,0,0,0
823771,20260629,MIL,676879,Aaron Ashby,0,3,1,0,0,0,0,0
823771,20260629,MIL,656730,Trevor Megill,0,3,2,0,0,0,0,0
823771,20260629,CIN,666157,Nick Lodolo,1,15,4,4,1,0,0,0
823771,20260629,CIN,695534,Chase Petty,0,5,1,2,0,1,3,3
823771,20260629,CIN,594580,Sam Moll,0,3,1,0,0,0,1,1
823771,20260629,CIN,622088,Tejay Antone,0,1,0,0,0,1,1,1
824662,20260629,CHN,684007,Shota Imanaga,1,19,4,0,0,0,2,2
824662,20260629,CHN,668970,Gavin Hollowell,0,4,2,1,0,0,0,0
824662,20260629,CHN,573204,Caleb Thielbar,0,1,0,1,0,0,0,0
824662,20260629,CHN,663423,Trent Thornton,0,3,1,0,0,0,0,0
824662,20260629,SDN,656288,Griffin Canning,1,13,3,2,1,0,2,2
824662,20260629,SDN,606996,Kyle Hart,0,2,1,1,0,0,0,0
824662,20260629,SDN,699134,Bradgley Rodriguez,0,2,2,0,0,0,0,0
824662,20260629,SDN,670970,Adrian Morejon,0,4,2,1,0,0,0,0
824662,20260629,SDN,592094,Jason Adam,0,3,1,0,0,0,1,1
824662,20260629,SDN,695243,Mason Miller,0,2,0,0,0,0,0,0
824176,20260629,HOU,663567,Peter Lambert,1,17,4,3,0,3,4,4
824176,20260629,HOU,663878,Nate Pearson,0,4,0,1,0,0,1,1
824176,20260629,HOU,699044,Miguel Ullola,0,6,4,0,0,0,0,0
824176,20260629,MIN,805673,Zebby Matthews,1,21,7,1,0,1,1,1
824176,20260629,MIN,701519,Travis Adams,0,5,1,2,0,1,2,2
824176,20260629,MIN,672782,Yoendrys Gómez,0,1,0,0,0,1,1,1
824339,20260629,COL,807743,Sean Sullivan,1,14,5,2,1,1,5,5
824339,20260629,COL,680767,Victor Vodnik,0,4,0,0,0,1,1,1
824339,20260629,COL,622608,Antonio Senzatela,0,2,0,1,0,0,4,4
824339,20260629,COL,688642,Zach Agnos,0,7,1,1,0,0,0,0
824339,20260629,MIA,645261,Sandy Alcantara,1,17,3,5,0,0,5,5
824339,20260629,MIA,656848,Michael Petersen,0,4,1,0,0,1,1,1
824339,20260629,MIA,676534,Calvin Faucher,0,3,0,0,0,0,0,0
824339,20260629,MIA,664126,Pete Fairbanks,0,3,1,0,0,0,1,1
824986,20260629,ATH,695611,Gage Jump,1,14,5,0,0,2,5,5
824986,20260629,ATH,640454,Matt Krook,0,1,1,1,0,1,3,3
824986,20260629,ATH,686993,Justin Sterner,0,3,2,0,0,0,0,0
824986,20260629,ATH,695034,Kade Morris,0,9,2,1,0,0,1,1
824986,20260629,LAN,641778,Eric Lauer,1,18,2,1,0,1,3,3
824986,20260629,LAN,669165,Kyle Hurt,0,3,3,0,0,0,0,0
824986,20260629,LAN,642546,Jonathan Hernández,0,4,1,1,0,0,1,1
824986,20260629,LAN,676263,Jack Dreyer,0,2,1,1,0,0,0,0
823121,20260629,SEA,669923,George Kirby,1,24,7,1,0,1,2,2
823121,20260629,SEA,678606,José A. Ferrer,0,3,1,1,0,0,0,0
823121,20260629,ANA,696270,Ryan Johnson,1,15,3,0,1,1,3,1
823121,20260629,ANA,815083,Mitch Farris,0,9,3,2,0,2,3,3
825065,20260629,ARI,593958,Eduardo Rodriguez,1,21,1,0,0,0,1,1
825065,20260629,ARI,656464,Kevin Ginkel,0,2,1,1,0,0,1,1
825065,20260629,ARI,805299,Brandyn Garcia,0,1,1,0,0,0,0,0
825065,20260629,ARI,623149,Paul Sewald,0,3,0,0,0,1,2,2
825065,20260629,SFN,641816,Tyler Mahle,1,13,3,3,0,1,4,4
825065,20260629,SFN,656529,Sam Hentges,0,1,0,2,0,0,0,0
825065,20260629,SFN,664141,JT Brubaker,0,10,0,1,0,1,1,1
824819,20260630,BAL,694346,Trey Gibson,1,8,5,6,0,2,8,8
824819,20260630,BAL,677020,Josh Walker,0,4,1,0,0,0,1,1
824819,20260630,BAL,552640,Andrew Kittredge,0,3,2,0,0,0,0,0
824819,20260630,BAL,544150,Albert Suárez,0,9,4,0,0,0,0,0
824819,20260630,BAL,670329,Rico Garcia,0,3,1,0,0,0,0,0
824819,20260630,CHA,607200,Erick Fedde,1,15,3,3,0,0,3,3
824819,20260630,CHA,805326,Tyler Schweitzer,0,12,3,0,0,0,0,0
824418,20260630,CLE,676440,Tanner Bibee,1,21,2,0,0,1,3,2
824418,20260630,CLE,542888,Shawn Armstrong,0,3,1,0,0,1,1,1
824418,20260630,CLE,682982,Daniel Espino,0,3,2,0,0,0,0,0
824418,20260630,TEX,594798,Jacob deGrom,1,21,9,0,0,1,2,2
824418,20260630,TEX,682608,Peyton Gray,0,3,1,0,0,0,0,0
824418,20260630,TEX,656641,Jacob Latz,0,3,2,0,0,0,0,0
823445,20260630,PHI,650911,Cristopher Sánchez,1,21,9,2,0,0,0,0
823445,20260630,PHI,680742,Jonathan Bowlan,0,3,3,1,0,0,0,0
823445,20260630,PHI,642152,Lou Trivino III,0,3,1,0,0,0,0,0
823445,20260630,PIT,696149,Bubba Chandler,1,19,6,2,1,0,5,5
823445,20260630,PIT,676755,Isaac Mattson,0,2,0,0,0,0,0,0
823445,20260630,PIT,684049,Brandan Bidois,0,2,2,1,0,1,3,3
823445,20260630,PIT,682997,Tyler Callihan,0,1,0,0,0,0,0,0
823528,20260630,NYA,693645,Cam Schlittler,1,12,5,1,0,4,6,6
823528,20260630,NYA,642232,Ryan Yarbrough,0,6,0,0,0,1,3,2
823528,20260630,NYA,672442,Yovanny Cruz,0,6,3,0,0,0,0,0
823528,20260630,NYA,656234,Jake Bird,0,3,0,0,0,0,0,0
823528,20260630,DET,669373,Tarik Skubal,1,18,9,0,1,1,2,1
823528,20260630,DET,621097,Jacob Waguespack,0,6,2,0,0,0,0,0
823528,20260630,DET,663947,Tyler Holton,0,3,0,1,0,0,1,1
822793,20260630,TOR,592332,Kevin Gausman,1,18,7,2,0,1,1,1
822793,20260630,TOR,689254,Mason Fluharty,0,3,1,0,0,1,1,1
822793,20260630,TOR,667297,Tommy Nance,0,5,2,1,0,0,1,0
822793,20260630,TOR,671936,Adam Macko,0,1,1,0,0,0,0,0
822793,20260630,NYN,690997,Nolan McLean,1,18,7,2,0,0,0,0
822793,20260630,NYN,548384,Brooks Raley,0,3,2,0,0,0,0,0
822793,20260630,NYN,596133,Luke Weaver,0,3,0,0,0,0,0,0
822793,20260630,NYN,642207,Devin Williams,0,3,0,0,0,0,0,0
824742,20260630,BOS,813349,Connelly Early,1,12,5,2,0,0,0,0
824742,20260630,BOS,543056,Danny Coulombe,0,2,0,1,0,0,1,1
824742,20260630,BOS,669711,Greg Weissert,0,5,1,1,0,0,2,2
824742,20260630,BOS,686580,Justin Slaten,0,2,2,0,0,0,1,1
824742,20260630,BOS,592454,Tommy Kahnle,0,3,0,1,0,1,4,4
824742,20260630,BOS,670245,Ryan Watson,0,3,0,0,0,0,0,0
824742,20260630,WAS,676917,Cade Cavalli,1,21,13,0,0,0,1,0
824742,20260630,WAS,687377,Orlando Ribalta,0,3,0,0,0,0,0,0
824742,20260630,WAS,687849,Zak Kent,0,3,0,0,0,0,0,0
824907,20260630,ATL,527048,Martín Pérez,1,15,1,3,0,2,4,4
824907,20260630,ATL,675916,James Karinchak,0,3,1,1,0,0,1,1
824907,20260630,ATL,689266,Dylan Dodd,0,3,2,0,0,0,0,0
824907,20260630,ATL,641656,Ian Hamilton,0,3,1,1,0,0,0,0
824907,20260630,ATL,628452,Raisel Iglesias,0,3,1,0,0,0,0,0
824907,20260630,SLN,669461,Matthew Liberatore,1,15,9,4,1,0,1,1
824907,20260630,SLN,666277,George Soriano,0,5,1,1,0,0,1,1
824907,20260630,SLN,668941,JoJo Romero,0,2,1,0,0,0,1,1
824907,20260630,SLN,681676,Ryan Fernandez,0,2,1,2,0,0,0,0
824907,20260630,SLN,676617,Riley O'Brien,0,3,0,0,0,0,0,0
824096,20260630,KCA,702070,Noah Cameron,1,11,0,3,0,2,6,6
824096,20260630,KCA,657756,Connor Seabold,0,2,0,2,1,0,2,1
824096,20260630,KCA,672021,Eric Cerantola,0,4,0,6,0,0,2,2
824096,20260630,KCA,694360,Beck Way,0,4,1,0,0,0,0,0
824096,20260630,KCA,674444,Steven Cruz,0,3,1,0,0,0,0,0
824096,20260630,KCA,668674,Lucas Erceg,0,3,0,0,0,0,0,0
824096,20260630,TBA,643377,Griffin Jax,1,18,5,0,0,2,3,3
824096,20260630,TBA,592155,Cam Booser,0,3,1,1,0,0,0,0
824096,20260630,TBA,642121,Cole Sulser,0,3,1,0,0,1,1,1
824096,20260630,TBA,518886,Craig Kimbrel,0,3,0,0,0,0,0,0
823768,20260630,MIL,687075,Brandon Sproat,1,16,7,2,0,1,2,2
823768,20260630,MIL,694477,Chad Patrick,0,5,1,0,0,0,0,0
823768,20260630,MIL,657649,Jared Koenig,0,3,0,0,0,0,0,0
823768,20260630,MIL,681982,Grant Anderson,0,3,2,0,0,0,0,0
823768,20260630,CIN,695076,Rhett Lowder,1,14,8,1,0,1,6,6
823768,20260630,CIN,657571,Caleb Ferguson,0,2,1,1,0,0,0,0
823768,20260630,CIN,670062,Julian Garcia,0,8,3,0,0,1,1,1
824661,20260630,CHN,571510,Matthew Boyd,1,15,2,0,1,2,3,3
824661,20260630,CHN,665871,Javier Assad,0,8,1,2,0,2,4,4
824661,20260630,CHN,621053,Tyler Ferguson,0,3,1,0,0,0,0,0
824661,20260630,CHN,669020,Ryan Rolison,0,1,0,0,0,0,0,0
824661,20260630,SDN,676664,JP Sears,1,14,4,3,0,3,7,6
824661,20260630,SDN,676760,Ron Marinaccio,0,5,1,3,0,2,2,2
824661,20260630,SDN,593974,Wandy Peralta,0,5,0,0,0,0,0,0
824175,20260630,HOU,681347,Mike Burrows,1,15,3,2,1,0,4,4
824175,20260630,HOU,660853,Enyel De Los Santos,0,3,1,0,0,0,0,0
824175,20260630,HOU,595345,Steven Okert,0,3,2,0,0,0,0,0
824175,20260630,HOU,687911,Bryan King,0,3,1,0,0,0,0,0
824175,20260630,HOU,623352,Josh Hader,0,3,2,0,0,0,0,0
824175,20260630,MIN,657746,Joe Ryan,1,12,5,3,0,1,6,0
824175,20260630,MIN,679358,Eric Orze,0,6,3,0,1,0,0,0
824175,20260630,MIN,694397,Marco Raya,0,6,1,0,0,0,0,0
824338,20260630,COL,685299,Tanner Gordon,1,15,4,0,1,1,5,5
824338,20260630,COL,678020,Seth Halvorsen,0,3,0,1,0,0,3,3
824338,20260630,COL,605154,John Brebbia,0,4,1,0,0,2,5,5
824338,20260630,COL,664954,Brett Sullivan,0,5,0,1,0,0,1,1
824338,20260630,MIA,691587,Eury Pérez,1,16,8,4,1,1,1,1
824338,20260630,MIA,669199,Lake Bachar,0,2,0,0,0,0,0,0
824338,20260630,MIA,694350,Zach Brzykcy,0,6,2,2,0,0,1,1
824338,20260630,MIA,806188,Cade Gibson,0,3,2,0,0,0,1,1
824984,20260630,ATH,605488,Jeffrey Springs,1,16,2,4,0,2,6,6
824984,20260630,ATH,665660,Elvis Alvarado,0,2,0,0,0,0,0,0
824984,20260630,ATH,664129,Geoff Hartlieb,0,9,1,1,0,0,3,3
824984,20260630,LAN,680736,Justin Wrobleski,1,21,11,0,0,1,3,3
824984,20260630,LAN,592779,Brock Stewart,0,3,1,1,0,0,0,0
824984,20260630,LAN,670090,Wyatt Mills,0,3,3,0,0,0,0,0
823122,20260630,SEA,693433,Bryan Woo,1,19,5,1,0,0,2,2
823122,20260630,SEA,660825,Eduard Bazardo,0,2,0,1,0,0,1,1
823122,20260630,SEA,621074,Michael Rucker,0,3,0,1,0,0,0,0
823122,20260630,SEA,662253,Andrés Muñoz,0,3,1,0,0,0,0,0
823122,20260630,ANA,667755,José Soriano,1,15,9,1,0,0,3,3
823122,20260630,ANA,681217,Chase Silseth,0,3,3,1,0,0,2,2
823122,20260630,ANA,608718,Brent Suter,0,3,3,1,0,0,3,3
823122,20260630,ANA,666171,Ryan Zeferjahn,0,3,1,0,0,0,0,0
825066,20260630,ARI,694297,Brandon Pfaadt,1,16,2,1,0,1,1,1
825066,20260630,ARI,664199,Taylor Clarke,0,3,0,0,0,1,1,1
825066,20260630,ARI,657044,Ryan Thompson,0,2,0,0,0,0,0,0
825066,20260630,ARI,666661,Juan Morillo,0,3,0,0,0,0,0,0
825066,20260630,ARI,686753,Drey Jameson,0,3,1,1,0,0,0,0
825066,20260630,SFN,694738,Landen Roupp,1,8,4,6,0,1,6,6
825066,20260630,SFN,605288,Adrian Houser,0,16,1,1,0,1,2,2
824818,20260701,BAL,665152,Dean Kremer,1,18,4,1,0,1,1,1
824818,20260701,BAL,669330,Tyler Wells,0,6,2,0,0,0,0,0
824818,20260701,BAL,552640,Andrew Kittredge,0,3,0,0,0,0,0,0
824818,20260701,CHA,702273,Noah Schultz,1,13,7,4,0,1,3,3
824818,20260701,CHA,663542,Bryan Hudson,0,1,0,0,0,0,1,1
824818,20260701,CHA,670950,Trevor Richards,0,4,2,2,0,0,1,1
824818,20260701,CHA,663855,Jordan Hicks,0,3,2,1,0,0,0,0
824818,20260701,CHA,685126,Brandon Eisert,0,3,1,0,0,1,1,1
824419,20260701,CLE,676282,Joey Cantillo,1,15,4,5,1,0,2,2
824419,20260701,CLE,670059,Colin Holderman,0,3,1,0,0,0,1,1
824419,20260701,CLE,683769,Hunter Gaddis,0,1,1,1,0,0,0,0
824419,20260701,CLE,682120,Tim Herrin,0,2,0,0,0,0,0,0
824419,20260701,CLE,681870,Erik Sabrowski,0,3,2,0,0,1,1,1
824419,20260701,CLE,670036,Matt Festa,0,3,0,0,0,0,0,0
824419,20260701,TEX,669022,MacKenzie Gore,1,15,7,1,0,1,5,5
824419,20260701,TEX,668390,Cole Winn,0,3,0,0,0,0,2,2
824419,20260701,TEX,692437,Winston Santos,0,6,1,1,0,1,2,2
824740,20260701,BOS,801139,Payton Tolle,1,9,5,3,0,2,6,6
824740,20260701,BOS,670245,Ryan Watson,0,6,1,1,0,0,1,1
824740,20260701,BOS,663558,Jovani Morán,0,5,3,2,0,0,1,1
824740,20260701,BOS,687941,Alec Gamboa,0,7,1,4,0,1,2,2
824740,20260701,WAS,695418,Brad Lord,1,7,1,2,0,0,0,0
824740,20260701,WAS,674841,Andrew Alvarez,0,14,6,1,1,0,0,0
824740,20260701,WAS,683000,Riley Cornelio,0,3,2,1,0,0,2,2
824740,20260701,WAS,687223,Carson Palmquist,0,3,1,0,0,0,0,0
823530,20260701,NYA,701542,Will Warren,1,16,7,0,0,1,2,2
823530,20260701,NYA,621112,Paul Blackburn,0,5,1,1,0,0,0,0
823530,20260701,NYA,687396,Brent Headrick,0,4,1,0,0,0,0,0
823530,20260701,NYA,518585,Fernando Cruz,0,5,1,0,0,0,0,0
823530,20260701,NYA,666808,Camilo Doval,0,3,0,3,0,0,4,2
823530,20260701,DET,675512,Troy Melton,1,19,7,1,0,0,0,0
823530,20260701,DET,805427,Drew Sommers,0,2,1,0,0,0,0,0
823530,20260701,DET,623454,Drew Anderson,0,6,1,0,0,1,2,2
823530,20260701,DET,672456,Keider Montero,0,6,3,1,0,0,0,0
824660,20260701,CHN,607067,Colin Rea,1,15,5,3,2,1,2,2
824660,20260701,CHN,663423,Trent Thornton,0,3,0,0,0,0,0,0
824660,20260701,CHN,696136,Jordan Wicks,0,9,2,0,0,0,1,1
824660,20260701,SDN,621111,Walker Buehler,1,12,6,4,0,3,9,9
824660,20260701,SDN,606996,Kyle Hart,0,6,4,2,0,3,6,5
824660,20260701,SDN,660710,Rodolfo Durán,0,6,0,1,0,2,8,8
822791,20260701,TOR,680755,Braydon Fisher,1,3,1,1,0,0,0,0
822791,20260701,TOR,693686,Spencer Miles,0,9,5,1,0,0,0,0
822791,20260701,TOR,571578,Patrick Corbin,0,15,5,0,0,2,3,3
822791,20260701,NYN,642547,Freddy Peralta,1,12,4,3,0,1,5,5
822791,20260701,NYN,680702,Joey Gerber,0,4,0,1,0,0,0,0
822791,20260701,NYN,672335,Cionel Pérez,0,4,2,1,0,1,4,4
822791,20260701,NYN,621345,A.J. Minter,0,4,1,0,0,0,0,0
823446,20260701,PHI,554430,Zack Wheeler,1,14,10,1,0,1,4,4
823446,20260701,PHI,679775,Kyle Backhus,0,2,1,0,2,0,0,0
823446,20260701,PHI,686751,Seth Johnson,0,3,1,2,0,0,2,2
823446,20260701,PHI,689147,Orion Kerkering,0,5,0,0,0,0,0,0
823446,20260701,PHI,661395,Jhoan Duran,0,3,1,0,0,0,0,0
823446,20260701,PIT,694973,Paul Skenes,1,12,5,2,1,2,8,7
823446,20260701,PIT,676742,Cam Sanders,0,5,2,2,0,0,0,0
823446,20260701,PIT,670990,Yohan Ramírez,0,4,4,1,0,0,0,0
823446,20260701,PIT,642701,Dennis Santana,0,3,2,0,0,1,2,2
824905,20260701,ATL,625643,Reynaldo López,1,15,6,1,0,0,1,1
824905,20260701,ATL,689266,Dylan Dodd,0,3,1,0,0,0,0,0
824905,20260701,ATL,800311,Didier Fuentes,0,3,1,0,0,0,0,0
824905,20260701,ATL,669276,Dylan Lee,0,3,2,0,0,0,0,0
824905,20260701,ATL,628452,Raisel Iglesias,0,3,1,0,0,0,0,0
824905,20260701,SLN,700241,Michael McGreevy,1,18,3,1,0,1,2,2
824905,20260701,SLN,691008,Max Rajcic,0,3,1,2,0,0,0,0
824905,20260701,SLN,677865,Justin Bruihl,0,1,0,1,0,0,2,1
824905,20260701,SLN,700669,Gordon Graceffo,0,2,1,0,0,0,1,1
824094,20260701,KCA,607625,Seth Lugo,1,18,7,0,1,2,3,3
824094,20260701,KCA,621381,Matt Strahm,0,3,0,0,0,0,0,0
824094,20260701,KCA,621016,Jose Cuas,0,6,3,0,0,0,1,1
824094,20260701,TBA,663556,Shane McClanahan,1,18,4,0,0,0,0,0
824094,20260701,TBA,642121,Cole Sulser,0,3,2,0,0,0,0,0
824094,20260701,TBA,664076,Garrett Cleavinger,0,2,1,1,0,0,0,0
824094,20260701,TBA,687330,Kevin Kelly,0,4,0,0,0,0,0,0
824174,20260701,HOU,837227,Tatsuya Imai,1,4,2,5,0,2,5,5
824174,20260701,HOU,805123,AJ Blubaugh,0,8,3,0,0,0,0,0
824174,20260701,HOU,663878,Nate Pearson,0,3,1,1,1,0,2,2
824174,20260701,HOU,699044,Miguel Ullola,0,6,3,0,0,0,0,0
824174,20260701,HOU,650556,Bryan Abreu,0,6,3,0,0,1,1,1
824174,20260701,MIN,671737,Taj Bradley,1,15,11,3,0,0,1,1
824174,20260701,MIN,689520,Cody Laweryson,0,2,0,1,0,0,2,0
824174,20260701,MIN,702193,Andrew Morris,0,4,0,0,1,0,0,0
824174,20260701,MIN,573124,Taylor Rogers,0,3,1,0,0,0,0,0
824174,20260701,MIN,672782,Yoendrys Gómez,0,3,1,0,0,0,0,0
823767,20260701,MIL,675660,Shane Drohan,1,17,7,1,0,1,2,2
823767,20260701,MIL,676879,Aaron Ashby,0,4,2,0,0,0,0,0
823767,20260701,MIL,682842,Abner Uribe,0,3,0,0,0,0,0,0
823767,20260701,MIL,656730,Trevor Megill,0,3,1,0,0,0,0,0
823767,20260701,CIN,671096,Andrew Abbott,1,15,3,5,0,0,2,2
823767,20260701,CIN,622088,Tejay Antone,0,3,0,1,0,0,0,0
823767,20260701,CIN,656271,Brock Burke,0,2,0,1,0,0,2,2
823767,20260701,CIN,572955,Pierce Johnson,0,3,0,0,0,0,0,0
823767,20260701,CIN,641941,Emilio Pagán,0,1,1,0,1,0,0,0
824337,20260701,COL,607536,Kyle Freeland,1,15,7,1,0,0,2,2
824337,20260701,COL,675848,Juan Mejia,0,6,3,1,0,1,1,1
824337,20260701,COL,623474,Jimmy Herget,0,3,0,0,0,0,0,0
824337,20260701,COL,657514,Brennan Bernardino,0,3,1,0,0,0,0,0
824337,20260701,MIA,676974,Max Meyer,1,18,5,0,0,2,5,1
824337,20260701,MIA,676604,Tyler Zuber,0,3,0,0,0,1,1,1
824337,20260701,MIA,667463,John King,0,3,1,0,0,0,0,0
824985,20260701,ATH,669372,J.T. Ginn,1,18,4,5,0,1,1,1
824985,20260701,ATH,665622,Luis Medina,0,5,3,1,0,0,0,0
824985,20260701,ATH,663687,Hogan Harris,0,4,4,0,0,0,0,0
824985,20260701,LAN,676263,Jack Dreyer,1,3,3,0,0,0,0,0
824985,20260701,LAN,656212,Charlie Barnes,0,21,2,2,0,3,7,7
825064,20260701,ARI,668678,Zac Gallen,1,17,4,1,0,2,6,6
825064,20260701,ARI,657044,Ryan Thompson,0,1,0,0,0,0,0,0
825064,20260701,ARI,642528,Jonathan Loáisiga,0,3,1,0,0,0,0,0
825064,20260701,ARI,664199,Taylor Clarke,0,3,0,0,0,0,0,0
825064,20260701,ARI,805299,Brandyn Garcia,0,3,1,0,0,0,0,0
825064,20260701,SFN,686790,Trevor McDonald,1,18,5,0,0,0,0,0
825064,20260701,SFN,669062,Erik Miller,0,3,2,1,0,0,0,0
825064,20260701,SFN,676254,Ryan Walker,0,0,0,0,0,0,4,4
825064,20260701,SFN,681916,Dylan Smith,0,3,1,0,0,0,0,0
825064,20260701,SFN,668873,Caleb Kilian,0,3,2,0,0,0,0,0
823442,20260702,PHI,660604,Alan Rangel,1,12,4,4,0,0,0,0
823442,20260702,PHI,641835,Tim Mayza,0,3,1,0,0,0,1,1
823442,20260702,PHI,680742,Jonathan Bowlan,0,3,2,0,0,0,0,0
823442,20260702,PHI,621237,José Alvarado,0,3,2,0,0,0,2,2
823442,20260702,PHI,642152,Lou Trivino III,0,3,2,2,0,1,2,2
823442,20260702,PHI,679775,Kyle Backhus,0,3,1,0,0,1,1,1
823442,20260702,PIT,683003,Jared Jones,1,12,6,2,0,0,1,1
823442,20260702,PIT,669387,Carmen Mlodzinski,0,9,0,0,0,0,0,0
823442,20260702,PIT,642397,Gregory Soto,0,3,1,0,0,0,0,0
823442,20260702,PIT,682254,Mason Montgomery,0,3,3,0,0,0,0,0
823765,20260702,MIL,694819,Jacob Misiorowski,1,15,10,0,0,2,5,1
823765,20260702,MIL,681982,Grant Anderson,0,5,2,0,0,1,1,1
823765,20260702,MIL,657649,Jared Koenig,0,1,0,2,0,0,0,0
823765,20260702,MIL,669270,Joel Kuhnel,0,3,0,0,0,0,1,1
823765,20260702,MIL,668831,Garrett Stallings,0,3,1,1,0,0,0,0
823765,20260702,CIN,695505,Chase Burns,1,18,4,2,0,1,2,2
823765,20260702,CIN,594580,Sam Moll,0,4,1,0,1,0,0,0
823765,20260702,CIN,622088,Tejay Antone,0,2,1,0,0,0,0,0
823765,20260702,CIN,656271,Brock Burke,0,3,1,0,0,0,0,0
824335,20260702,COL,547179,Michael Lorenzen,1,13,1,6,0,0,4,2
824335,20260702,COL,657514,Brennan Bernardino,0,4,0,0,0,0,0,0
824335,20260702,COL,680767,Victor Vodnik,0,4,0,0,0,0,0,0
824335,20260702,COL,688642,Zach Agnos,0,6,2,0,0,0,0,0
824335,20260702,MIA,687473,Ryan Gusto,1,9,2,2,1,1,3,3
824335,20260702,MIA,667463,John King,0,6,1,1,0,1,2,2
824335,20260702,MIA,676534,Calvin Faucher,0,1,1,1,0,0,4,4
824335,20260702,MIA,806188,Cade Gibson,0,5,0,0,1,0,3,3
824335,20260702,MIA,691594,Javier Sanoja,0,3,0,1,1,0,2,2
824416,20260702,CLE,677944,Slade Cecconi,1,15,3,1,0,1,5,5
824416,20260702,CLE,682982,Daniel Espino,0,5,2,1,0,0,0,0
824416,20260702,CLE,542888,Shawn Armstrong,0,4,0,0,0,0,0,0
824416,20260702,CLE,682120,Tim Herrin,0,3,1,0,0,0,0,0
824416,20260702,CHA,663436,Davis Martin,1,10,0,5,0,0,2,2
824416,20260702,CHA,669684,Chris Murphy,0,5,0,0,0,0,0,0
824416,20260702,CHA,656794,Sean Newcomb,0,3,1,2,0,0,1,1
824416,20260702,CHA,685126,Brandon Eisert,0,3,1,0,0,1,1,1
824416,20260702,CHA,691799,Grant Taylor,0,4,2,2,0,1,2,2
824906,20260702,ATL,694462,Hurston Waldrep,1,16,4,1,1,1,3,3
824906,20260702,ATL,641755,Tyler Kinley,0,2,0,1,0,1,3,3
824906,20260702,ATL,669276,Dylan Lee,0,1,0,0,0,0,3,3
824906,20260702,ATL,641656,Ian Hamilton,0,5,0,0,0,0,1,1
824906,20260702,ATL,675916,James Karinchak,0,3,0,1,0,1,1,1
824906,20260702,SLN,669160,Dustin May,1,2,1,2,0,0,5,5
824906,20260702,SLN,677865,Justin Bruihl,0,8,2,0,1,0,0,0
824906,20260702,SLN,681676,Ryan Fernandez,0,5,0,0,0,0,0,0
824906,20260702,SLN,700669,Gordon Graceffo,0,3,0,0,0,0,0,0
824906,20260702,SLN,668941,JoJo Romero,0,3,1,0,0,0,0,0
824906,20260702,SLN,666277,George Soriano,0,3,0,1,0,0,0,0
824906,20260702,SLN,694335,Matt Svanson,0,3,2,0,0,0,0,0
824093,20260702,KCA,663568,Stephen Kolek,1,6,0,1,0,0,3,3
824093,20260702,KCA,677976,Randy Dobnak,0,12,2,1,0,1,2,2
824093,20260702,KCA,670167,John Schreiber,0,3,0,0,0,0,0,0
824093,20260702,KCA,663738,Daniel Lynch IV,0,3,1,0,0,0,0,0
824093,20260702,KCA,674444,Steven Cruz,0,3,0,1,0,0,0,0
824093,20260702,TBA,693855,Ian Seymour,1,18,8,1,0,1,1,1
824093,20260702,TBA,592155,Cam Booser,0,3,1,0,0,1,1,1
824093,20260702,TBA,664076,Garrett Cleavinger,0,3,0,0,0,0,0,0
824093,20260702,TBA,641329,Bryan Baker,0,3,1,0,0,0,0,0
822884,20260702,TEX,543135,Nathan Eovaldi,1,15,9,1,0,2,3,3
822884,20260702,TEX,641302,Tyler Alexander,0,2,1,1,0,0,0,0
822884,20260702,TEX,682608,Peyton Gray,0,2,1,1,0,0,0,0
822884,20260702,TEX,695239,Robby Ahlstrom,0,2,1,0,0,0,0,0
822884,20260702,TEX,668390,Cole Winn,0,3,1,0,0,0,1,1
822884,20260702,TEX,686560,Gavin Collyer,0,3,1,0,0,0,0,0
822884,20260702,DET,664285,Framber Valdez,1,15,1,2,0,1,5,5
822884,20260702,DET,689225,Beau Brieske,0,5,1,0,0,1,1,1
822884,20260702,DET,805427,Drew Sommers,0,0,0,1,0,0,3,3
822884,20260702,DET,445276,Kenley Jansen,0,1,0,1,0,0,0,0
822884,20260702,DET,640448,Kyle Finnegan,0,3,1,0,0,1,1,1
823119,20260702,SEA,682243,Bryce Miller,1,21,8,0,0,0,0,0
823119,20260702,SEA,660825,Eduard Bazardo,0,3,2,0,0,0,0,0
823119,20260702,SEA,662253,Andrés Muñoz,0,3,0,1,0,0,0,0
823119,20260702,ANA,700712,Walbert Ureña,1,17,6,4,2,0,1,1
823119,20260702,ANA,696519,Samy Natera Jr.,0,4,3,0,0,0,0,0
823119,20260702,ANA,696147,Sam Bachman,0,3,1,0,0,0,0,0
823935,20260702,LAN,808963,Roki Sasaki,1,9,3,2,0,3,6,6
823935,20260702,LAN,694361,Will Klein,0,6,3,0,0,0,0,0
823935,20260702,LAN,592779,Brock Stewart,0,3,0,0,0,0,0,0
823935,20260702,LAN,681911,Alex Vesia,0,3,1,1,0,0,0,0
823935,20260702,LAN,683618,Edgardo Henriquez,0,3,1,0,0,0,0,0
823935,20260702,LAN,801434,Paul Gervase,0,2,1,2,0,0,1,1
823935,20260702,LAN,656945,Tanner Scott,0,1,0,0,0,0,0,0
823935,20260702,SDN,681190,Randy Vásquez,1,9,0,1,0,1,4,4
823935,20260702,SDN,593974,Wandy Peralta,0,3,2,0,0,0,4,4
823935,20260702,SDN,673513,Yuki Matsui,0,3,1,2,0,0,2,2
823935,20260702,SDN,608566,Germán Márquez,0,9,1,3,0,0,2,2
824659,20260703,CHN,656849,David Peterson,1,11,3,3,0,1,10,10
824659,20260703,CHN,669060,Bryse Wilson,0,10,4,1,2,2,7,7
824659,20260703,CHN,668970,Gavin Hollowell,0,3,0,0,1,0,0,0
824659,20260703,CHN,519141,Drew Pomeranz,0,3,0,0,0,0,0,0
824659,20260703,SLN,669467,Andre Pallante,1,17,2,1,0,0,0,0
824659,20260703,SLN,691008,Max Rajcic,0,7,3,0,0,0,1,1
824659,20260703,SLN,592773,Ryne Stanek,0,3,1,0,0,0,0,0
822714,20260703,WAS,656492,Foster Griffin,1,15,2,1,0,1,1,1
822714,20260703,WAS,687377,Orlando Ribalta,0,3,2,0,0,0,0,0
822714,20260703,WAS,664875,Justin Lawrence,0,2,1,2,0,0,0,0
822714,20260703,WAS,690925,Clayton Beeter,0,1,1,0,0,0,0,0
822714,20260703,WAS,687849,Zak Kent,0,6,1,0,0,0,4,4
822714,20260703,PIT,656605,Mitch Keller,1,18,1,0,0,3,5,5
822714,20260703,PIT,676755,Isaac Mattson,0,4,1,1,0,2,4,4
822714,20260703,PIT,682997,Tyler Callihan,0,2,0,2,0,0,0,0
823527,20260703,NYA,543037,Gerrit Cole,1,15,7,0,0,1,2,2
823527,20260703,NYA,687396,Brent Headrick,0,3,2,0,0,0,0,0
823527,20260703,NYA,621112,Paul Blackburn,0,3,2,0,0,0,0,0
823527,20260703,NYA,518585,Fernando Cruz,0,3,0,2,0,0,0,0
823527,20260703,NYA,670280,David Bednar,0,3,3,0,0,0,0,0
823527,20260703,MIN,702474,Mike Paredes,1,12,2,2,0,2,3,3
823527,20260703,MIN,681892,Kody Funderburk,0,6,2,0,0,0,0,0
823527,20260703,MIN,679358,Eric Orze,0,6,0,1,0,0,2,2
824498,20260703,CIN,663903,Brady Singer,1,15,6,5,0,1,3,2
824498,20260703,CIN,657571,Caleb Ferguson,0,4,1,0,0,0,0,0
824498,20260703,CIN,695534,Chase Petty,0,5,0,0,0,0,0,0
824498,20260703,CIN,670062,Julian Garcia,0,3,0,0,0,0,0,0
824498,20260703,BAL,669432,Trevor Rogers,1,15,4,5,0,0,0,0
824498,20260703,BAL,670329,Rico Garcia,0,6,2,1,0,0,0,0
824498,20260703,BAL,666974,Yennier Cano,0,3,0,0,0,0,0,0
824498,20260703,BAL,669330,Tyler Wells,0,3,1,0,0,0,0,0
824417,20260703,CLE,668909,Gavin Williams,1,14,6,2,0,1,3,3
824417,20260703,CLE,680916,Franco Aleman,0,4,1,0,0,0,0,0
824417,20260703,CLE,683769,Hunter Gaddis,0,3,1,0,0,0,0,0
824417,20260703,CLE,670059,Colin Holderman,0,3,1,0,0,0,0,0
824417,20260703,CLE,671922,Cade Smith,0,3,0,0,0,0,0,0
824417,20260703,CLE,681870,Erik Sabrowski,0,3,2,0,0,0,0,0
824417,20260703,CHA,641743,Anthony Kay,1,12,2,2,0,0,1,1
824417,20260703,CHA,663855,Jordan Hicks,0,3,3,0,0,0,0,0
824417,20260703,CHA,669684,Chris Murphy,0,3,2,0,0,0,0,0
824417,20260703,CHA,622554,Seranthony Domínguez,0,1,1,2,0,0,2,2
824417,20260703,CHA,663542,Bryan Hudson,0,2,2,0,0,0,0,0
824417,20260703,CHA,670950,Trevor Richards,0,6,3,1,0,0,0,0
824417,20260703,CHA,656794,Sean Newcomb,0,0,0,0,0,0,1,0
824904,20260703,ATL,656550,Grant Holmes,1,15,2,1,0,1,2,1
824904,20260703,ATL,689266,Dylan Dodd,0,3,1,0,0,0,0,0
824904,20260703,ATL,664849,Danny Young,0,2,0,1,0,0,0,0
824904,20260703,ATL,800311,Didier Fuentes,0,4,1,0,0,0,0,0
824904,20260703,ATL,628452,Raisel Iglesias,0,3,1,0,0,0,1,1
824904,20260703,NYN,681035,Christian Scott,1,12,7,4,0,2,3,3
824904,20260703,NYN,621345,A.J. Minter,0,3,0,0,0,1,1,1
824904,20260703,NYN,673540,Kodai Senga,0,8,4,0,0,1,1,1
824904,20260703,NYN,680702,Joey Gerber,0,1,0,0,0,0,0,0
824336,20260703,COL,663372,Ryan Feltner,1,18,9,0,0,1,3,2
824336,20260703,COL,687312,Gabriel Hughes,0,9,1,1,0,0,0,0
824336,20260703,SFN,657277,Logan Webb,1,9,2,2,0,2,7,7
824336,20260703,SFN,657424,Matt Gage,0,4,1,2,0,1,6,6
824336,20260703,SFN,676254,Ryan Walker,0,8,1,2,0,0,1,1
824336,20260703,SFN,664141,JT Brubaker,0,3,2,1,0,0,1,1
824173,20260703,HOU,681293,Spencer Arrighetti,1,18,4,1,0,1,1,1
824173,20260703,HOU,595345,Steven Okert,0,3,2,0,0,1,1,1
824173,20260703,HOU,660853,Enyel De Los Santos,0,6,2,0,0,0,1,1
824173,20260703,TBA,607259,Nick Martinez,1,16,3,1,1,1,1,1
824173,20260703,TBA,687330,Kevin Kelly,0,5,0,0,0,0,0,0
824173,20260703,TBA,668984,Casey Legumina,0,3,0,0,0,0,0,0
824173,20260703,TBA,641329,Bryan Baker,0,3,1,0,0,0,0,0
824013,20260703,ANA,672282,Reid Detmers,1,15,5,3,0,1,5,5
824013,20260703,ANA,820862,José Fermin,0,3,2,0,0,0,0,0
824013,20260703,ANA,815083,Mitch Farris,0,6,1,0,0,0,0,0
824013,20260703,ANA,489446,Kirby Yates,0,3,2,0,0,0,0,0
824013,20260703,BOS,687562,Jake Bennett,1,23,6,0,0,1,2,2
824013,20260703,BOS,676477,Garrett Whitlock,0,1,0,0,0,0,0,0
824013,20260703,BOS,547973,Aroldis Chapman,0,3,1,0,0,0,0,0
824982,20260703,ATH,678022,Jack Perkins,1,11,8,4,0,2,7,7
824982,20260703,ATH,660761,José Suarez,0,4,0,1,0,0,0,0
824982,20260703,ATH,686993,Justin Sterner,0,3,0,0,0,1,1,1
824982,20260703,ATH,643410,Mark Leiter Jr.,0,3,2,0,1,0,0,0
824982,20260703,ATH,686930,Mason Barnett,0,6,2,2,0,2,4,4
824982,20260703,MIA,663969,Tyler Phillips,1,10,2,2,0,1,5,5
824982,20260703,MIA,656848,Michael Petersen,0,2,1,2,0,0,0,0
824982,20260703,MIA,676604,Tyler Zuber,0,3,1,0,0,0,0,0
824982,20260703,MIA,676534,Calvin Faucher,0,3,2,0,0,0,0,0
824982,20260703,MIA,669199,Lake Bachar,0,6,1,0,0,0,0,0
824982,20260703,MIA,687531,William Kempner,0,3,1,0,0,0,0,0
825062,20260703,ARI,703615,Jose Cabrera,1,10,3,3,0,1,3,3
825062,20260703,ARI,642528,Jonathan Loáisiga,0,5,1,0,0,0,0,0
825062,20260703,ARI,656464,Kevin Ginkel,0,3,1,0,0,0,0,0
825062,20260703,ARI,666661,Juan Morillo,0,3,1,0,0,0,0,0
825062,20260703,ARI,805299,Brandyn Garcia,0,3,1,1,0,0,0,0
825062,20260703,ARI,623149,Paul Sewald,0,3,0,0,0,0,0,0
825062,20260703,ARI,664199,Taylor Clarke,0,3,1,0,0,0,0,0
825062,20260703,ARI,657044,Ryan Thompson,0,3,2,1,1,0,4,2
825062,20260703,MIL,690986,Kyle Harrison,1,8,3,1,0,0,3,3
825062,20260703,MIL,694477,Chad Patrick,0,10,2,0,0,0,0,0
825062,20260703,MIL,676879,Aaron Ashby,0,3,0,1,0,0,0,0
825062,20260703,MIL,682842,Abner Uribe,0,3,1,0,0,0,0,0
825062,20260703,MIL,656730,Trevor Megill,0,3,0,0,0,0,0,0
825062,20260703,MIL,681982,Grant Anderson,0,6,1,1,0,0,1,0
823933,20260703,LAN,660271,Shohei Ohtani,1,18,9,2,0,1,3,3
823933,20260703,LAN,669165,Kyle Hurt,0,3,1,1,0,0,0,0
823933,20260703,LAN,683618,Edgardo Henriquez,0,3,1,0,0,0,0,0
823933,20260703,LAN,656945,Tanner Scott,0,3,3,0,0,0,0,0
823933,20260703,SDN,650633,Michael King,1,18,5,2,0,0,2,2
823933,20260703,SDN,670970,Adrian Morejon,0,3,0,2,0,1,2,1
823933,20260703,SDN,699134,Bradgley Rodriguez,0,3,0,1,0,0,0,0
823120,20260703,SEA,622491,Luis Castillo,1,18,4,1,0,0,2,2
823120,20260703,SEA,678606,José A. Ferrer,0,3,1,1,0,0,0,0
823120,20260703,SEA,621074,Michael Rucker,0,3,0,0,0,0,0,0
823120,20260703,SEA,689546,Nick Davila,0,3,0,0,0,0,0,0
823120,20260703,TOR,656302,Dylan Cease,1,21,9,1,0,0,0,0
823120,20260703,TOR,656546,Jeff Hoffman,0,3,2,1,0,0,0,0
823120,20260703,TOR,686973,Louis Varland,0,3,1,0,0,0,0,0
822716,20260704,WAS,687223,Carson Palmquist,1,3,3,0,1,0,4,4
822716,20260704,WAS,641793,Zack Littell,0,18,3,1,0,0,1,1
822716,20260704,WAS,683000,Riley Cornelio,0,6,3,2,0,0,2,2
822716,20260704,PIT,677952,Braxton Ashcraft,1,17,7,2,0,1,1,1
822716,20260704,PIT,670990,Yohan Ramírez,0,3,1,3,0,0,0,0
822716,20260704,PIT,682254,Mason Montgomery,0,1,1,0,0,0,0,0
822716,20260704,PIT,642701,Dennis Santana,0,3,1,0,0,0,0,0
822716,20260704,PIT,676742,Cam Sanders,0,3,1,0,0,0,0,0
823526,20260704,NYA,694341,Brendan Beck,1,11,3,2,0,3,5,5
823526,20260704,NYA,657612,Tim Hill,0,3,1,1,0,1,1,1
823526,20260704,NYA,656234,Jake Bird,0,2,0,1,1,0,0,0
823526,20260704,NYA,642232,Ryan Yarbrough,0,5,2,1,0,1,1,1
823526,20260704,NYA,666808,Camilo Doval,0,3,2,0,0,1,4,0
823526,20260704,NYA,687396,Brent Headrick,0,3,2,0,0,0,0,0
823526,20260704,MIN,805673,Zebby Matthews,1,14,5,4,0,2,4,4
823526,20260704,MIN,701519,Travis Adams,0,3,1,1,0,0,0,0
823526,20260704,MIN,573124,Taylor Rogers,0,2,0,0,1,0,0,0
823526,20260704,MIN,702193,Andrew Morris,0,2,1,0,0,0,0,0
823526,20260704,MIN,694397,Marco Raya,0,6,2,1,0,0,0,0
822882,20260704,TEX,615698,Cal Quantrill,1,15,2,1,1,1,3,2
822882,20260704,TEX,641302,Tyler Alexander,0,3,2,0,0,0,0,0
822882,20260704,TEX,687239,Ben Peoples,0,6,1,0,0,0,0,0
822882,20260704,TEX,455119,Chris Martin,0,3,1,0,0,0,0,0
822882,20260704,DET,656427,Jack Flaherty,1,17,5,0,1,0,0,0
822882,20260704,DET,663947,Tyler Holton,0,1,0,0,0,0,0,0
822882,20260704,DET,672456,Keider Montero,0,9,0,1,0,0,0,0
823118,20260704,SEA,669302,Logan Gilbert,1,22,7,0,0,0,0,0
823118,20260704,SEA,677961,Cole Wilcox,0,5,1,0,0,0,0,0
823118,20260704,TOR,669456,Shane Bieber,1,12,3,3,0,2,7,7
823118,20260704,TOR,671936,Adam Macko,0,5,2,0,1,0,3,3
823118,20260704,TOR,667297,Tommy Nance,0,1,1,0,0,1,1,1
823118,20260704,TOR,680755,Braydon Fisher,0,3,3,0,0,0,0,0
823118,20260704,TOR,664702,Myles Straw,0,3,0,0,0,0,0,0
824499,20260704,CIN,668881,Hunter Greene,1,10,7,4,0,1,8,8
824499,20260704,CIN,594580,Sam Moll,0,2,1,0,0,0,0,0
824499,20260704,CIN,670062,Julian Garcia,0,6,1,0,0,0,0,0
824499,20260704,CIN,695076,Rhett Lowder,0,9,0,3,0,0,0,0
824499,20260704,BAL,687064,Brandon Young,1,15,5,3,0,0,4,4
824499,20260704,BAL,664991,Grant Wolfram,0,3,0,1,0,0,1,1
824499,20260704,BAL,666974,Yennier Cano,0,3,0,1,0,0,0,0
824499,20260704,BAL,552640,Andrew Kittredge,0,3,1,0,0,0,0,0
824499,20260704,BAL,669330,Tyler Wells,0,3,0,1,0,0,0,0
824171,20260704,HOU,686613,Hunter Brown,1,12,3,4,0,2,7,6
824171,20260704,HOU,663878,Nate Pearson,0,3,0,2,0,0,0,0
824171,20260704,HOU,664299,Cristian Javier,0,6,4,1,0,1,1,1
824171,20260704,HOU,687911,Bryan King,0,3,2,0,0,0,0,0
824171,20260704,HOU,623352,Josh Hader,0,3,1,1,0,0,0,0
824171,20260704,TBA,656876,Drew Rasmussen,1,15,2,1,1,2,5,5
824171,20260704,TBA,642121,Cole Sulser,0,3,0,1,0,0,3,3
824171,20260704,TBA,664076,Garrett Cleavinger,0,2,1,0,0,0,0,0
824171,20260704,TBA,518886,Craig Kimbrel,0,4,1,0,0,0,0,0
824171,20260704,TBA,668984,Casey Legumina,0,0,0,1,0,1,2,2
824415,20260704,CLE,800048,Parker Messick,1,15,3,3,0,0,1,1
824415,20260704,CLE,542888,Shawn Armstrong,0,3,1,0,0,0,0,0
824415,20260704,CLE,683769,Hunter Gaddis,0,3,2,0,0,0,0,0
824415,20260704,CLE,682120,Tim Herrin,0,3,1,0,0,1,1,1
824415,20260704,CLE,670036,Matt Festa,0,3,0,1,0,0,1,1
824415,20260704,CHA,680732,Sean Burke,1,18,11,0,0,1,1,1
824415,20260704,CHA,685126,Brandon Eisert,0,6,2,0,0,0,0,0
824415,20260704,CHA,691799,Grant Taylor,0,3,1,1,0,0,0,0
824658,20260704,CHN,684007,Shota Imanaga,1,14,8,3,0,1,2,2
824658,20260704,CHN,621053,Tyler Ferguson,0,3,2,0,1,0,0,0
824658,20260704,CHN,669020,Ryan Rolison,0,2,1,1,0,0,0,0
824658,20260704,CHN,663423,Trent Thornton,0,4,1,0,0,0,1,1
824658,20260704,CHN,573204,Caleb Thielbar,0,4,1,0,0,0,0,0
824658,20260704,SLN,681517,Kyle Leahy,1,15,6,2,1,0,0,0
824658,20260704,SLN,666277,George Soriano,0,3,2,0,0,0,0,0
824658,20260704,SLN,592773,Ryne Stanek,0,3,1,0,0,0,0,0
824658,20260704,SLN,668941,JoJo Romero,0,3,2,1,0,0,0,0
824658,20260704,SLN,676617,Riley O'Brien,0,3,1,1,0,0,0,0
824903,20260704,ATL,519242,Chris Sale,1,15,3,2,1,2,3,3
824903,20260704,ATL,669276,Dylan Lee,0,3,3,0,0,0,0,0
824903,20260704,ATL,702275,JR Ritchie,0,9,4,1,1,0,0,0
824903,20260704,NYN,640455,Sean Manaea,1,15,4,1,2,2,6,3
824903,20260704,NYN,681810,Austin Warren,0,6,1,1,1,1,4,4
824903,20260704,NYN,680702,Joey Gerber,0,2,0,2,0,1,3,3
824903,20260704,NYN,620443,Luis Torrens,0,1,0,0,0,1,1,1
824334,20260704,COL,807743,Sean Sullivan,1,17,4,2,1,1,6,6
824334,20260704,COL,675848,Juan Mejia,0,4,2,1,0,0,0,0
824334,20260704,COL,622608,Antonio Senzatela,0,3,0,0,0,0,0,0
824334,20260704,COL,605447,Jordan Romano,0,3,2,0,0,0,0,0
824334,20260704,SFN,592662,Robbie Ray,1,18,4,3,0,1,3,3
824334,20260704,SFN,656529,Sam Hentges,0,3,1,0,0,0,0,0
824334,20260704,SFN,681916,Dylan Smith,0,3,0,1,0,0,0,0
824334,20260704,SFN,668873,Caleb Kilian,0,3,2,0,0,0,1,1
824092,20260704,KCA,608379,Michael Wacha,1,18,7,1,0,3,4,4
824092,20260704,KCA,668674,Lucas Erceg,0,3,0,1,0,0,1,1
824092,20260704,KCA,621016,Jose Cuas,0,3,0,0,0,0,1,1
824092,20260704,KCA,694360,Beck Way,0,3,1,1,0,0,0,0
824092,20260704,PHI,666200,Jesús Luzardo,1,18,9,0,1,0,1,1
824092,20260704,PHI,680742,Jonathan Bowlan,0,3,3,0,0,0,0,0
824092,20260704,PHI,689147,Orion Kerkering,0,3,2,0,0,0,0,0
824092,20260704,PHI,641835,Tim Mayza,0,3,1,0,0,0,0,0
824012,20260704,ANA,691951,Sam Aldegheri,1,12,2,4,0,1,3,3
824012,20260704,ANA,696519,Samy Natera Jr.,0,2,0,1,1,1,4,4
824012,20260704,ANA,666171,Ryan Zeferjahn,0,4,2,1,1,0,0,0
824012,20260704,ANA,681217,Chase Silseth,0,3,2,0,0,0,0,0
824012,20260704,ANA,608718,Brent Suter,0,6,0,0,0,0,1,1
824012,20260704,BOS,543243,Sonny Gray,1,18,7,2,0,1,1,1
824012,20260704,BOS,663558,Jovani Morán,0,3,2,0,0,0,0,0
824012,20260704,BOS,669711,Greg Weissert,0,3,0,1,0,0,0,0
824012,20260704,BOS,687941,Alec Gamboa,0,3,0,0,0,0,0,0
824983,20260704,ATH,650644,Aaron Civale,1,14,6,2,0,2,4,4
824983,20260704,ATH,665660,Elvis Alvarado,0,1,1,1,0,0,0,0
824983,20260704,ATH,660761,José Suarez,0,3,0,1,0,0,0,0
824983,20260704,ATH,695034,Kade Morris,0,9,0,2,0,1,3,3
824983,20260704,MIA,645261,Sandy Alcantara,1,24,8,1,1,0,1,1
824983,20260704,MIA,676604,Tyler Zuber,0,3,1,0,1,0,1,0
825063,20260704,ARI,518876,Merrill Kelly,1,15,6,2,0,1,2,2
825063,20260704,ARI,642528,Jonathan Loáisiga,0,3,1,0,0,0,0,0
825063,20260704,ARI,805299,Brandyn Garcia,0,3,0,0,0,0,0,0
825063,20260704,ARI,666661,Juan Morillo,0,3,1,0,0,0,0,0
825063,20260704,ARI,623149,Paul Sewald,0,3,2,0,0,1,1,1
825063,20260704,MIL,605540,Brandon Woodruff,1,11,6,1,0,1,3,3
825063,20260704,MIL,684974,Craig Yoho,0,8,1,0,0,0,0,0
825063,20260704,MIL,657649,Jared Koenig,0,5,2,1,0,0,1,1
823932,20260704,LAN,808967,Yoshinobu Yamamoto,1,21,10,2,0,0,0,0
823932,20260704,LAN,592779,Brock Stewart,0,2,0,0,0,0,0,0
823932,20260704,LAN,681911,Alex Vesia,0,1,1,0,0,0,0,0
823932,20260704,LAN,694361,Will Klein,0,3,2,0,0,0,0,0
823932,20260704,SDN,593974,Wandy Peralta,1,3,0,1,0,0,0,0
823932,20260704,SDN,656288,Griffin Canning,0,12,4,2,0,0,1,1
823932,20260704,SDN,606996,Kyle Hart,0,6,3,0,0,1,1,1
823932,20260704,SDN,695243,Mason Miller,0,3,0,0,1,0,1,1
824902,20260705,ATL,527048,Martín Pérez,1,13,1,2,0,1,5,4
824902,20260705,ATL,641755,Tyler Kinley,0,2,0,0,0,0,0,0
824902,20260705,ATL,664849,Danny Young,0,3,2,0,0,0,0,0
824902,20260705,ATL,689266,Dylan Dodd,0,3,1,0,0,0,0,0
824902,20260705,ATL,471911,Carlos Carrasco,0,6,1,2,0,1,5,5
824902,20260705,NYN,690997,Nolan McLean,1,18,5,1,1,0,3,2
824902,20260705,NYN,548384,Brooks Raley,0,3,1,0,0,0,0,0
824902,20260705,NYN,596133,Luke Weaver,0,3,2,0,0,0,0,0
824902,20260705,NYN,623211,Huascar Brazobán,0,1,1,1,0,1,5,5
824902,20260705,NYN,642207,Devin Williams,0,2,2,0,0,0,1,1
822715,20260705,WAS,676917,Cade Cavalli,1,7,3,2,0,1,4,3
822715,20260705,WAS,678868,Eddy Yean,0,6,3,1,0,0,0,0
822715,20260705,WAS,676571,PJ Poulin,0,2,0,1,0,0,0,0
822715,20260705,WAS,687377,Orlando Ribalta,0,3,2,0,0,0,0,0
822715,20260705,WAS,695418,Brad Lord,0,4,0,1,0,1,5,5
822715,20260705,WAS,664875,Justin Lawrence,0,5,2,1,0,0,2,2
822715,20260705,PIT,696149,Bubba Chandler,1,12,0,4,0,1,4,4
822715,20260705,PIT,682254,Mason Montgomery,0,3,1,0,0,0,0,0
822715,20260705,PIT,676755,Isaac Mattson,0,3,1,0,0,0,0,0
822715,20260705,PIT,642397,Gregory Soto,0,6,2,1,0,1,1,1
822715,20260705,PIT,642701,Dennis Santana,0,3,0,0,0,0,0,0
824497,20260705,CIN,666157,Nick Lodolo,1,18,4,2,0,0,1,1
824497,20260705,CIN,656271,Brock Burke,0,3,0,0,0,0,0,0
824497,20260705,CIN,622088,Tejay Antone,0,3,2,0,0,0,0,0
824497,20260705,CIN,641941,Emilio Pagán,0,3,1,2,0,0,1,1
824497,20260705,BAL,680694,Kyle Bradish,1,23,5,1,0,1,3,3
824497,20260705,BAL,670329,Rico Garcia,0,1,0,0,0,0,0,0
823525,20260705,NYA,677960,Ryan Weathers,1,12,6,2,1,0,4,4
823525,20260705,NYA,621112,Paul Blackburn,0,3,1,1,0,0,0,0
823525,20260705,NYA,666808,Camilo Doval,0,3,1,1,0,0,2,2
823525,20260705,NYA,656234,Jake Bird,0,5,1,0,0,0,0,0
823525,20260705,NYA,683409,Angel Chivilli,0,4,1,0,0,0,0,0
823525,20260705,MIN,657746,Joe Ryan,1,21,9,1,0,0,0,0
823525,20260705,MIN,702193,Andrew Morris,0,3,2,0,0,0,0,0
823525,20260705,MIN,672782,Yoendrys Gómez,0,3,0,0,0,0,1,1
824413,20260705,CLE,676440,Tanner Bibee,1,12,1,1,0,3,6,6
824413,20260705,CLE,680916,Franco Aleman,0,3,1,1,0,0,0,0
824413,20260705,CLE,670059,Colin Holderman,0,0,0,1,0,0,1,1
824413,20260705,CLE,681870,Erik Sabrowski,0,3,0,1,0,0,0,0
824413,20260705,CLE,683769,Hunter Gaddis,0,3,1,0,0,0,0,0
824413,20260705,CLE,542888,Shawn Armstrong,0,2,0,2,0,0,0,0
824413,20260705,CLE,682120,Tim Herrin,0,1,1,0,0,0,0,0
824413,20260705,CLE,671922,Cade Smith,0,3,0,0,0,0,0,0
824413,20260705,CHA,669684,Chris Murphy,1,2,1,1,0,1,3,3
824413,20260705,CHA,607200,Erick Fedde,0,16,4,1,0,1,3,2
824413,20260705,CHA,670950,Trevor Richards,0,4,2,0,0,0,0,0
824413,20260705,CHA,656794,Sean Newcomb,0,5,2,1,0,0,0,0
824656,20260705,CHN,665871,Javier Assad,1,14,2,2,0,0,0,0
824656,20260705,CHN,669020,Ryan Rolison,0,2,1,0,0,0,2,2
824656,20260705,CHN,621053,Tyler Ferguson,0,2,0,0,0,1,1,1
824656,20260705,CHN,519141,Drew Pomeranz,0,3,1,0,0,0,1,1
824656,20260705,CHN,657097,Jacob Webb,0,6,1,1,0,0,0,0
824656,20260705,SLN,669461,Matthew Liberatore,1,15,3,2,3,0,4,3
824656,20260705,SLN,694335,Matt Svanson,0,5,2,0,1,0,2,0
824656,20260705,SLN,681676,Ryan Fernandez,0,4,2,0,0,0,0,0
824091,20260705,KCA,679883,Luinder Avila,1,15,4,1,0,0,1,1
824091,20260705,KCA,621381,Matt Strahm,0,3,1,1,0,0,0,0
824091,20260705,KCA,670167,John Schreiber,0,3,1,0,0,0,1,0
824091,20260705,KCA,663738,Daniel Lynch IV,0,3,1,0,0,0,0,0
824091,20260705,KCA,656638,Alex Lange,0,3,0,0,0,0,0,0
824091,20260705,PHI,605400,Aaron Nola,1,21,7,0,0,0,3,3
824091,20260705,PHI,686751,Seth Johnson,0,1,0,2,0,0,2,2
824091,20260705,PHI,679775,Kyle Backhus,0,2,1,0,0,0,0,0
824172,20260705,HOU,663567,Peter Lambert,1,17,6,1,0,0,0,0
824172,20260705,HOU,595345,Steven Okert,0,4,1,0,0,0,0,0
824172,20260705,HOU,687911,Bryan King,0,3,0,0,0,0,0,0
824172,20260705,HOU,623352,Josh Hader,0,3,2,1,0,0,0,0
824172,20260705,TBA,669438,Mason Englert,1,17,9,1,0,2,2,2
824172,20260705,TBA,592155,Cam Booser,0,4,3,0,0,0,0,0
824172,20260705,TBA,518886,Craig Kimbrel,0,3,0,0,0,0,0,0
822879,20260705,TEX,677958,Kumar Rocker,1,13,4,1,0,1,3,3
822879,20260705,TEX,695239,Robby Ahlstrom,0,0,0,1,0,0,3,2
822879,20260705,TEX,686560,Gavin Collyer,0,5,3,1,0,0,0,0
822879,20260705,TEX,668390,Cole Winn,0,6,3,0,0,0,0,0
822879,20260705,TEX,682608,Peyton Gray,0,3,0,1,0,0,0,0
822879,20260705,DET,663554,Casey Mize,1,20,4,2,0,1,2,2
822879,20260705,DET,805427,Drew Sommers,0,1,1,0,0,0,0,0
822879,20260705,DET,623454,Drew Anderson,0,3,0,0,0,1,1,1
822879,20260705,DET,445276,Kenley Jansen,0,3,0,0,0,0,0,0
824333,20260705,COL,685299,Tanner Gordon,1,15,7,2,0,4,5,5
824333,20260705,COL,657514,Brennan Bernardino,0,3,0,1,0,0,1,0
824333,20260705,COL,623474,Jimmy Herget,0,3,1,0,1,0,0,0
824333,20260705,COL,680767,Victor Vodnik,0,3,2,1,0,0,0,0
824333,20260705,COL,605447,Jordan Romano,0,3,2,0,0,0,0,0
824333,20260705,SFN,641816,Tyler Mahle,1,13,5,0,0,0,4,3
824333,20260705,SFN,669062,Erik Miller,0,5,2,0,0,0,0,0
824333,20260705,SFN,605288,Adrian Houser,0,2,0,0,0,0,0,0
824333,20260705,SFN,656529,Sam Hentges,0,1,1,0,0,0,0,0
824333,20260705,SFN,681916,Dylan Smith,0,3,1,0,1,1,3,3
825061,20260705,ARI,593958,Eduardo Rodriguez,1,18,3,0,0,1,2,2
825061,20260705,ARI,656464,Kevin Ginkel,0,3,1,0,0,0,1,1
825061,20260705,ARI,664199,Taylor Clarke,0,3,0,0,0,0,0,0
825061,20260705,ARI,686753,Drey Jameson,0,3,1,0,0,0,0,0
825061,20260705,MIL,687075,Brandon Sproat,1,12,4,3,0,0,1,1
825061,20260705,MIL,681982,Grant Anderson,0,5,0,0,0,0,0,0
825061,20260705,MIL,680723,Drew Rom,0,1,1,0,0,0,0,0
825061,20260705,MIL,676879,Aaron Ashby,0,1,0,1,0,0,1,1
825061,20260705,MIL,682842,Abner Uribe,0,5,1,1,0,0,0,0
825061,20260705,MIL,656730,Trevor Megill,0,3,0,1,0,0,0,0
824980,20260705,ATH,695611,Gage Jump,1,9,1,3,1,2,6,5
824980,20260705,ATH,686930,Mason Barnett,0,6,0,0,0,2,2,2
824980,20260705,ATH,686993,Justin Sterner,0,3,0,0,0,0,0,0
824980,20260705,ATH,663687,Hogan Harris,0,3,1,1,1,0,0,0
824980,20260705,ATH,665622,Luis Medina,0,3,1,2,1,0,0,0
824980,20260705,ATH,665660,Elvis Alvarado,0,3,1,1,0,0,1,1
824980,20260705,MIA,691587,Eury Pérez,1,21,8,0,0,0,0,0
824980,20260705,MIA,669199,Lake Bachar,0,0,0,2,0,1,5,5
824980,20260705,MIA,656848,Michael Petersen,0,3,1,0,0,0,0,0
824980,20260705,MIA,664126,Pete Fairbanks,0,3,1,1,0,0,3,2
823117,20260705,SEA,676106,Emerson Hancock,1,21,5,2,0,0,0,0
823117,20260705,SEA,642100,Gabe Speier,0,3,0,0,0,0,0,0
823117,20260705,SEA,662253,Andrés Muñoz,0,3,1,0,0,0,0,0
823117,20260705,TOR,702056,Trey Yesavage,1,18,7,2,0,1,3,2
823117,20260705,TOR,643511,Tyler Rogers,0,3,1,0,0,0,0,0
823117,20260705,TOR,689254,Mason Fluharty,0,3,2,0,0,0,1,1
823931,20260705,LAN,686218,Emmet Sheehan,1,13,5,3,0,0,1,1
823931,20260705,LAN,676263,Jack Dreyer,0,5,2,1,0,0,0,0
823931,20260705,LAN,669165,Kyle Hurt,0,3,0,1,0,1,4,4
823931,20260705,LAN,801434,Paul Gervase,0,6,2,1,0,0,0,0
823931,20260705,SDN,676664,JP Sears,1,15,5,2,0,0,0,0
823931,20260705,SDN,673513,Yuki Matsui,0,2,0,2,0,0,0,0
823931,20260705,SDN,699134,Bradgley Rodriguez,0,2,1,1,0,0,1,1
823931,20260705,SDN,670970,Adrian Morejon,0,5,3,1,0,0,1,1
823931,20260705,SDN,695243,Mason Miller,0,3,1,0,0,0,0,0
824010,20260705,ANA,696270,Ryan Johnson,1,12,6,1,0,2,5,2
824010,20260705,ANA,820862,José Fermin,0,6,1,1,0,0,0,0
824010,20260705,ANA,681217,Chase Silseth,0,2,1,1,0,0,2,2
824010,20260705,ANA,642048,Tayler Saucedo,0,1,1,0,0,0,0,0
824010,20260705,ANA,815083,Mitch Farris,0,3,1,0,0,0,0,0
824010,20260705,ANA,489446,Kirby Yates,0,3,1,0,0,0,0,0
824010,20260705,BOS,624133,Ranger Suarez,1,8,5,0,0,0,3,3
824010,20260705,BOS,669711,Greg Weissert,0,4,2,0,0,0,0,0
824010,20260705,BOS,594027,Tyron Guerrero,0,6,1,1,0,0,0,0
824010,20260705,BOS,676477,Garrett Whitlock,0,3,2,0,0,0,0,0
824010,20260705,BOS,686580,Justin Slaten,0,3,1,0,0,0,1,1
824010,20260705,BOS,547973,Aroldis Chapman,0,3,2,0,0,1,1,1
824089,20260706,KCA,702070,Noah Cameron,1,15,7,5,0,0,1,1
824089,20260706,KCA,674444,Steven Cruz,0,3,2,1,0,0,0,0
824089,20260706,KCA,694360,Beck Way,0,3,1,1,0,0,0,0
824089,20260706,KCA,621016,Jose Cuas,0,6,3,0,0,0,0,0
824089,20260706,PHI,650911,Cristopher Sánchez,1,10,1,1,0,3,9,9
824089,20260706,PHI,686751,Seth Johnson,0,2,1,1,0,0,0,0
824089,20260706,PHI,621383,Tanner Banks,0,3,1,0,0,1,1,1
824089,20260706,PHI,679775,Kyle Backhus,0,3,1,0,0,0,1,1
824089,20260706,PHI,642152,Lou Trivino III,0,3,1,2,1,0,2,2
824089,20260706,PHI,596117,Garrett Stubbs,0,3,0,1,0,0,2,2
822958,20260706,TBA,643377,Griffin Jax,1,15,10,2,0,1,3,3
822958,20260706,TBA,642121,Cole Sulser,0,3,1,0,0,0,0,0
822958,20260706,TBA,668984,Casey Legumina,0,3,2,0,0,0,0,0
822958,20260706,TBA,688297,Chris Roycroft,0,6,4,0,0,2,2,2
822958,20260706,NYA,693645,Cam Schlittler,1,24,8,0,0,0,1,1
822958,20260706,NYA,670280,David Bednar,0,3,1,0,0,0,0,0
822712,20260706,WAS,571945,Miles Mikolas,1,18,3,2,0,2,7,7
822712,20260706,WAS,669371,Cole Henry,0,5,2,1,0,1,4,4
822712,20260706,WAS,690925,Clayton Beeter,0,4,1,0,0,0,0,0
822712,20260706,HOU,681347,Mike Burrows,1,13,3,2,0,2,10,7
822712,20260706,HOU,805123,AJ Blubaugh,0,5,3,0,0,1,2,2
822712,20260706,HOU,663878,Nate Pearson,0,3,1,0,0,0,0,0
822712,20260706,HOU,660853,Enyel De Los Santos,0,3,2,1,0,0,0,0
824900,20260706,ATL,625643,Reynaldo López,1,15,5,2,0,1,1,1
824900,20260706,ATL,800311,Didier Fuentes,0,3,1,0,0,0,1,1
824900,20260706,ATL,669276,Dylan Lee,0,3,0,2,0,0,0,0
824900,20260706,ATL,641755,Tyler Kinley,0,3,1,1,0,0,0,0
824900,20260706,ATL,628452,Raisel Iglesias,0,3,1,0,0,1,3,3
824900,20260706,ATL,702566,Owen Murphy,0,3,1,0,1,0,2,1
824900,20260706,NYN,642547,Freddy Peralta,1,14,6,1,1,1,3,1
824900,20260706,NYN,672335,Cionel Pérez,0,4,3,0,0,0,0,0
824900,20260706,NYN,621345,A.J. Minter,0,3,1,0,0,0,0,0
824900,20260706,NYN,670871,Guillo Zuñiga,0,3,1,1,0,0,0,0
824900,20260706,NYN,642207,Devin Williams,0,2,0,1,0,1,2,2
824900,20260706,NYN,548384,Brooks Raley,0,1,1,0,0,0,0,0
824900,20260706,NYN,596133,Luke Weaver,0,3,1,2,0,0,1,0
823036,20260706,SLN,669160,Dustin May,1,14,7,0,0,0,0,0
823036,20260706,SLN,677865,Justin Bruihl,0,4,0,1,0,0,1,1
823036,20260706,SLN,681676,Ryan Fernandez,0,0,0,0,0,0,3,2
823036,20260706,SLN,592773,Ryne Stanek,0,3,0,1,0,0,0,0
823036,20260706,SLN,700669,Gordon Graceffo,0,6,2,1,0,0,0,0
823036,20260706,MIL,675660,Shane Drohan,1,18,2,2,0,0,3,1
823036,20260706,MIL,694477,Chad Patrick,0,6,2,0,0,0,0,0
823036,20260706,MIL,656730,Trevor Megill,0,3,2,0,0,0,0,0
823282,20260706,SDN,621111,Walker Buehler,1,15,4,1,1,2,7,7
823282,20260706,SDN,689690,Alek Jacob,0,9,3,0,0,1,1,1
823282,20260706,SDN,676760,Ron Marinaccio,0,3,2,0,0,0,0,0
823282,20260706,ARI,694297,Brandon Pfaadt,1,15,6,0,0,0,0,0
823282,20260706,ARI,657044,Ryan Thompson,0,6,4,0,0,0,0,0
823282,20260706,ARI,686753,Drey Jameson,0,6,1,0,0,0,0,0
823205,20260706,SFN,694738,Landen Roupp,1,24,5,2,0,1,1,1
823205,20260706,SFN,702352,Spencer Bivens,0,3,2,0,0,0,0,0
823205,20260706,TOR,592332,Kevin Gausman,1,16,8,5,0,0,7,4
823205,20260706,TOR,667297,Tommy Nance,0,5,0,1,0,1,1,1
823205,20260706,TOR,671936,Adam Macko,0,3,0,0,0,1,2,2
823930,20260706,LAN,641778,Eric Lauer,1,18,3,2,1,1,3,3
823930,20260706,LAN,592779,Brock Stewart,0,3,2,0,0,0,0,0
823930,20260706,LAN,681911,Alex Vesia,0,3,0,2,0,0,0,0
823930,20260706,LAN,656945,Tanner Scott,0,3,2,2,0,0,3,3
823930,20260706,LAN,683618,Edgardo Henriquez,0,6,0,2,0,0,1,0
823930,20260706,COL,607536,Kyle Freeland,1,15,2,0,0,1,6,6
823930,20260706,COL,688642,Zach Agnos,0,9,1,0,0,0,0,0
823930,20260706,COL,622608,Antonio Senzatela,0,3,2,1,0,0,0,0
823930,20260706,COL,657514,Brennan Bernardino,0,1,0,0,0,0,1,0
823930,20260706,COL,623474,Jimmy Herget,0,3,0,1,0,0,1,0
823062,20260707,SLN,694335,Matt Svanson,1,3,1,0,0,0,0,0
823062,20260707,SLN,669145,Bruce Zimmermann,0,15,2,1,0,0,3,3
823062,20260707,SLN,592773,Ryne Stanek,0,0,0,1,0,0,1,1
823062,20260707,SLN,668941,JoJo Romero,0,3,1,1,0,0,0,0
823062,20260707,SLN,677865,Justin Bruihl,0,6,1,1,0,0,0,0
823062,20260707,MIL,694819,Jacob Misiorowski,1,21,11,0,1,2,3,3
823062,20260707,MIL,676879,Aaron Ashby,0,3,1,0,0,0,0,0
823062,20260707,MIL,682842,Abner Uribe,0,3,1,1,0,0,0,0
823035,20260707,SLN,690928,Hunter Dobbins,1,15,4,3,0,0,3,3
823035,20260707,SLN,694363,Jared Shuster,0,4,2,3,0,1,7,7
823035,20260707,SLN,700669,Gordon Graceffo,0,2,0,0,0,0,0,0
823035,20260707,SLN,663494,Bryan Torres,0,6,0,1,0,0,0,0
823035,20260707,MIL,688107,Robert Gasser,1,23,4,1,1,1,2,2
823035,20260707,MIL,684974,Craig Yoho,0,4,1,0,0,0,0,0
824820,20260707,BAL,669358,Shane Baz,1,18,3,3,0,0,3,3
824820,20260707,BAL,689296,Anthony Nunez,0,6,2,0,0,0,2,2
824820,20260707,BAL,675919,Nick Raquet,0,3,0,0,0,0,0,0
824820,20260707,CHN,571510,Matthew Boyd,1,18,7,2,1,0,0,0
824820,20260707,CHN,669020,Ryan Rolison,0,2,2,1,0,0,2,2
824820,20260707,CHN,657097,Jacob Webb,0,1,1,0,0,0,0,0
824820,20260707,CHN,621053,Tyler Ferguson,0,3,1,0,0,0,0,0
824820,20260707,CHN,663423,Trent Thornton,0,3,1,0,0,0,0,0
824254,20260707,DET,669373,Tarik Skubal,1,15,9,2,0,1,1,1
824254,20260707,DET,640448,Kyle Finnegan,0,3,0,0,0,0,0,0
824254,20260707,DET,623454,Drew Anderson,0,3,2,0,2,0,1,0
824254,20260707,DET,621097,Jacob Waguespack,0,6,1,0,0,0,0,0
824254,20260707,ATH,669372,J.T. Ginn,1,12,4,2,1,1,2,2
824254,20260707,ATH,682052,Jacob Lopez,0,9,4,1,0,0,4,4
824254,20260707,ATH,665660,Elvis Alvarado,0,3,3,1,0,0,0,0
823361,20260707,PIT,694973,Paul Skenes,1,18,4,1,0,0,2,2
823361,20260707,PIT,669387,Carmen Mlodzinski,0,6,2,0,0,0,0,0
823361,20260707,PIT,676702,Hunter Stratton,0,3,0,0,0,0,2,2
823361,20260707,ATL,694462,Hurston Waldrep,1,10,2,5,1,2,7,7
823361,20260707,ATL,671162,Connor Thomas,0,11,2,1,0,1,4,4
823361,20260707,ATL,622761,Jorge Mateo,0,3,0,1,0,0,1,1
823847,20260707,MIA,676974,Max Meyer,1,15,4,2,0,1,2,2
823847,20260707,MIA,656848,Michael Petersen,0,3,1,0,0,0,0,0
823847,20260707,MIA,667463,John King,0,3,0,1,0,0,1,1
823847,20260707,MIA,676534,Calvin Faucher,0,3,1,1,1,0,2,2
823847,20260707,MIA,664126,Pete Fairbanks,0,3,2,0,0,0,0,0
823847,20260707,MIA,806188,Cade Gibson,0,3,0,0,0,0,0,0
823847,20260707,SEA,693433,Bryan Woo,1,15,5,1,0,1,4,3
823847,20260707,SEA,678606,José A. Ferrer,0,3,1,0,0,0,0,0
823847,20260707,SEA,660825,Eduard Bazardo,0,3,1,0,0,0,0,0
823847,20260707,SEA,642100,Gabe Speier,0,3,0,2,0,1,1,1
823847,20260707,SEA,662253,Andrés Muñoz,0,3,1,0,0,0,0,0
823847,20260707,SEA,621074,Michael Rucker,0,1,0,1,0,0,1,0
822956,20260707,TBA,693855,Ian Seymour,1,16,12,0,0,1,3,3
822956,20260707,TBA,687330,Kevin Kelly,0,3,1,0,0,0,1,1
822956,20260707,TBA,592155,Cam Booser,0,2,1,0,0,0,0,0
822956,20260707,TBA,664076,Garrett Cleavinger,0,3,2,0,0,0,0,0
822956,20260707,TBA,641329,Bryan Baker,0,3,1,0,0,0,0,0
822956,20260707,NYA,701542,Will Warren,1,12,3,2,0,3,6,6
822956,20260707,NYA,657612,Tim Hill,0,5,0,0,0,0,0,0
822956,20260707,NYA,621112,Paul Blackburn,0,4,1,1,0,0,0,0
822956,20260707,NYA,687396,Brent Headrick,0,3,2,0,0,0,0,0
822713,20260707,WAS,674841,Andrew Alvarez,1,17,3,5,1,0,5,5
822713,20260707,WAS,664875,Justin Lawrence,0,1,1,0,0,0,0,0
822713,20260707,WAS,640454,Matt Krook,0,2,1,1,1,0,0,0
822713,20260707,WAS,683000,Riley Cornelio,0,4,3,0,0,1,1,1
822713,20260707,WAS,687223,Carson Palmquist,0,3,0,1,0,0,0,0
822713,20260707,HOU,837227,Tatsuya Imai,1,11,3,3,0,1,2,2
822713,20260707,HOU,595345,Steven Okert,0,4,3,0,0,0,0,0
822713,20260707,HOU,660853,Enyel De Los Santos,0,3,0,0,0,0,0,0
822713,20260707,HOU,687911,Bryan King,0,3,1,0,0,0,0,0
822713,20260707,HOU,650556,Bryan Abreu,0,3,1,0,0,0,0,0
822713,20260707,HOU,695001,Alimber Santa,0,2,1,0,0,1,1,1
822713,20260707,HOU,623352,Josh Hader,0,1,1,1,0,0,0,0
823607,20260707,NYN,672335,Cionel Pérez,1,3,1,0,0,0,0,0
823607,20260707,NYN,673540,Kodai Senga,0,9,4,4,0,1,4,4
823607,20260707,NYN,681810,Austin Warren,0,0,0,1,1,0,5,5
823607,20260707,NYN,623211,Huascar Brazobán,0,6,2,2,0,0,0,0
823607,20260707,NYN,676910,Matt Seelinger,0,6,2,4,0,1,7,7
823607,20260707,NYN,621345,A.J. Minter,0,3,2,0,0,0,0,0
823607,20260707,KCA,607625,Seth Lugo,1,13,4,2,0,2,9,6
823607,20260707,KCA,663738,Daniel Lynch IV,0,4,0,1,0,0,0,0
823607,20260707,KCA,670167,John Schreiber,0,2,0,1,0,0,2,2
823607,20260707,KCA,694360,Beck Way,0,2,0,0,0,0,0,0
823607,20260707,KCA,621381,Matt Strahm,0,3,0,1,0,0,1,1
823607,20260707,KCA,668674,Lucas Erceg,0,3,0,0,0,0,0,0
824495,20260707,CIN,671096,Andrew Abbott,1,18,8,0,0,1,3,3
824495,20260707,CIN,572955,Pierce Johnson,0,3,0,1,0,0,0,0
824495,20260707,CIN,657571,Caleb Ferguson,0,1,0,0,0,0,1,1
824495,20260707,CIN,670062,Julian Garcia,0,2,0,1,0,0,0,0
824495,20260707,CIN,594580,Sam Moll,0,3,1,0,0,0,0,0
824495,20260707,PHI,554430,Zack Wheeler,1,21,14,0,0,1,1,1
824495,20260707,PHI,689147,Orion Kerkering,0,2,0,3,0,0,0,0
824495,20260707,PHI,680742,Jonathan Bowlan,0,1,1,0,0,0,0,0
824495,20260707,PHI,661395,Jhoan Duran,0,3,3,0,0,0,0,0
823687,20260707,MIN,671737,Taj Bradley,1,21,10,0,0,1,1,1
823687,20260707,MIN,702193,Andrew Morris,0,3,1,0,0,0,0,0
823687,20260707,MIN,573124,Taylor Rogers,0,2,1,1,0,0,0,0
823687,20260707,MIN,672782,Yoendrys Gómez,0,1,1,0,0,0,0,0
823687,20260707,CLE,676282,Joey Cantillo,1,15,7,3,0,0,2,0
823687,20260707,CLE,680916,Franco Aleman,0,3,0,0,0,0,0,0
823687,20260707,CLE,681870,Erik Sabrowski,0,3,1,0,0,0,1,1
823687,20260707,CLE,670036,Matt Festa,0,3,0,0,0,0,0,0
824579,20260707,CHA,702273,Noah Schultz,1,15,3,3,1,2,4,4
824579,20260707,CHA,622554,Seranthony Domínguez,0,3,2,1,0,0,0,0
824579,20260707,CHA,663855,Jordan Hicks,0,3,2,0,0,0,0,0
824579,20260707,CHA,685126,Brandon Eisert,0,5,0,2,0,0,4,4
824579,20260707,CHA,670950,Trevor Richards,0,1,1,1,0,0,0,0
824579,20260707,BOS,801139,Payton Tolle,1,18,6,1,0,0,0,0
824579,20260707,BOS,543056,Danny Coulombe,0,1,0,1,0,0,1,1
824579,20260707,BOS,686580,Justin Slaten,0,2,2,0,0,0,0,0
824579,20260707,BOS,676477,Garrett Whitlock,0,3,0,0,0,0,0,0
824579,20260707,BOS,670245,Ryan Watson,0,3,2,0,0,0,0,0
822881,20260707,TEX,594798,Jacob deGrom,1,15,7,2,0,0,2,2
822881,20260707,TEX,668390,Cole Winn,0,3,0,0,0,0,0,0
822881,20260707,TEX,455119,Chris Martin,0,3,0,0,0,0,1,1
822881,20260707,TEX,682608,Peyton Gray,0,3,2,0,0,0,0,0
822881,20260707,TEX,641302,Tyler Alexander,0,3,2,0,0,0,0,0
822881,20260707,ANA,667755,José Soriano,1,18,4,2,1,0,2,2
822881,20260707,ANA,642048,Tayler Saucedo,0,3,2,0,0,1,1,1
822881,20260707,ANA,696147,Sam Bachman,0,2,0,0,0,1,5,5
822881,20260707,ANA,608718,Brent Suter,0,1,1,0,0,0,0,0
823280,20260707,SDN,608566,Germán Márquez,1,15,4,3,0,0,1,0
823280,20260707,SDN,673513,Yuki Matsui,0,1,1,0,0,0,0,0
823280,20260707,SDN,666745,Jhony Brito,0,5,1,0,0,0,0,0
823280,20260707,SDN,699134,Bradgley Rodriguez,0,3,0,0,0,0,0,0
823280,20260707,SDN,695243,Mason Miller,0,3,2,0,0,0,0,0
823280,20260707,ARI,668678,Zac Gallen,1,18,5,3,0,1,4,4
823280,20260707,ARI,656464,Kevin Ginkel,0,3,0,0,0,0,0,0
823280,20260707,ARI,642528,Jonathan Loáisiga,0,3,0,0,0,0,0,0
823203,20260707,SFN,686790,Trevor McDonald,1,7,0,1,0,1,8,8
823203,20260707,SFN,605288,Adrian Houser,0,17,5,1,0,0,0,0
823203,20260707,SFN,676254,Ryan Walker,0,3,0,0,0,0,1,1
823203,20260707,TOR,693686,Spencer Miles,1,12,1,0,0,0,2,2
823203,20260707,TOR,571578,Patrick Corbin,0,7,2,0,0,0,1,1
823203,20260707,TOR,656546,Jeff Hoffman,0,2,1,0,0,0,0,0
823203,20260707,TOR,689254,Mason Fluharty,0,3,1,0,0,0,0,0
823203,20260707,TOR,686973,Louis Varland,0,3,1,0,0,0,0,0
823929,20260707,LAN,680736,Justin Wrobleski,1,21,9,2,1,0,1,1
823929,20260707,LAN,694361,Will Klein,0,1,0,1,0,0,3,0
823929,20260707,LAN,676263,Jack Dreyer,0,2,0,0,0,0,0,0
823929,20260707,LAN,623465,Evan Phillips,0,3,2,0,0,0,0,0
823929,20260707,COL,547179,Michael Lorenzen,1,18,5,3,0,1,3,2
823929,20260707,COL,675848,Juan Mejia,0,6,1,0,0,0,0,0
823929,20260707,COL,605447,Jordan Romano,0,3,1,1,0,0,0,0
823202,20260708,SFN,657277,Logan Webb,1,21,2,2,0,1,5,5
823202,20260708,SFN,702352,Spencer Bivens,0,3,1,1,0,0,2,0
823202,20260708,SFN,676254,Ryan Walker,0,3,0,1,0,2,3,3
823202,20260708,TOR,656302,Dylan Cease,1,24,11,3,0,0,0,0
823202,20260708,TOR,643511,Tyler Rogers,0,3,0,0,0,0,0,0
824815,20260708,BAL,665152,Dean Kremer,1,15,4,1,0,4,4,4
824815,20260708,BAL,670329,Rico Garcia,0,4,1,1,0,0,2,2
824815,20260708,BAL,664991,Grant Wolfram,0,2,0,2,0,1,3,3
824815,20260708,BAL,544150,Albert Suárez,0,3,0,0,0,0,0,0
824815,20260708,BAL,669330,Tyler Wells,0,3,1,0,0,0,0,0
824815,20260708,CHN,607067,Colin Rea,1,16,2,2,0,1,3,3
824815,20260708,CHN,519141,Drew Pomeranz,0,4,0,0,0,1,2,2
824815,20260708,CHN,663423,Trent Thornton,0,1,0,0,0,0,0,0
824815,20260708,CHN,573204,Caleb Thielbar,0,3,2,0,0,2,2,2
824815,20260708,CHN,657097,Jacob Webb,0,3,0,0,0,0,0,0
824253,20260708,DET,675512,Troy Melton,1,16,9,1,0,0,1,0
824253,20260708,DET,672456,Keider Montero,0,5,1,1,0,0,0,0
824253,20260708,DET,663947,Tyler Holton,0,3,1,0,0,0,0,0
824253,20260708,DET,689225,Beau Brieske,0,3,1,0,0,0,0,0
824253,20260708,ATH,605488,Jeffrey Springs,1,13,4,4,0,2,6,6
824253,20260708,ATH,686993,Justin Sterner,0,2,0,0,0,0,0,0
824253,20260708,ATH,686930,Mason Barnett,0,3,0,2,0,0,0,0
824253,20260708,ATH,660761,José Suarez,0,6,4,0,0,0,0,0
823360,20260708,PIT,683003,Jared Jones,1,18,8,0,0,0,0,0
823360,20260708,PIT,682254,Mason Montgomery,0,3,2,0,0,0,0,0
823360,20260708,PIT,642701,Dennis Santana,0,3,2,0,0,1,2,2
823360,20260708,PIT,676755,Isaac Mattson,0,3,1,0,0,0,1,1
823360,20260708,ATL,656550,Grant Holmes,1,15,5,1,1,0,0,0
823360,20260708,ATL,800311,Didier Fuentes,0,3,2,0,0,0,0,0
823360,20260708,ATL,689266,Dylan Dodd,0,3,0,0,0,0,0,0
823360,20260708,ATL,669276,Dylan Lee,0,3,2,0,0,0,0,0
823360,20260708,ATL,628452,Raisel Iglesias,0,3,2,1,0,0,0,0
823848,20260708,MIA,663969,Tyler Phillips,1,15,3,2,1,0,0,0
823848,20260708,MIA,806188,Cade Gibson,0,6,3,0,0,0,0,0
823848,20260708,MIA,656848,Michael Petersen,0,3,1,0,0,0,0,0
823848,20260708,MIA,664126,Pete Fairbanks,0,3,2,0,0,0,0,0
823848,20260708,SEA,669923,George Kirby,1,18,7,0,0,1,2,2
823848,20260708,SEA,689546,Nick Davila,0,6,0,0,0,0,0,0
822957,20260708,TBA,663556,Shane McClanahan,1,19,5,0,0,0,0,0
822957,20260708,TBA,642121,Cole Sulser,0,5,3,0,0,0,0,0
822957,20260708,TBA,641329,Bryan Baker,0,3,3,0,0,0,0,0
822957,20260708,NYA,543037,Gerrit Cole,1,19,6,1,0,0,3,3
822957,20260708,NYA,518585,Fernando Cruz,0,2,1,0,0,0,0,0
822957,20260708,NYA,683409,Angel Chivilli,0,3,0,0,0,0,0,0
822710,20260708,WAS,656492,Foster Griffin,1,21,9,0,0,0,1,1
822710,20260708,WAS,687377,Orlando Ribalta,0,3,1,0,0,0,1,0
822710,20260708,WAS,664875,Justin Lawrence,0,3,0,0,0,0,0,0
822710,20260708,HOU,681293,Spencer Arrighetti,1,12,2,6,0,2,8,8
822710,20260708,HOU,695001,Alimber Santa,0,6,0,1,0,0,0,0
822710,20260708,HOU,663878,Nate Pearson,0,3,1,1,0,0,0,0
822710,20260708,HOU,664299,Cristian Javier,0,3,0,2,0,0,0,0
823605,20260708,NYN,681035,Christian Scott,1,15,5,1,0,0,0,0
823605,20260708,NYN,668964,Tobias Myers,0,6,1,1,0,0,1,1
823605,20260708,NYN,548384,Brooks Raley,0,3,0,0,0,0,0,0
823605,20260708,NYN,675540,Xzavion Curry,0,3,1,1,0,0,1,1
823605,20260708,KCA,674444,Steven Cruz,1,3,2,0,0,1,1,1
823605,20260708,KCA,677976,Randy Dobnak,0,17,2,3,0,0,0,0
823605,20260708,KCA,621381,Matt Strahm,0,1,1,0,0,0,0,0
823605,20260708,KCA,656638,Alex Lange,0,2,0,1,1,0,5,5
823605,20260708,KCA,621016,Jose Cuas,0,1,1,1,0,0,0,0
824496,20260708,CIN,695505,Chase Burns,1,15,2,6,0,0,3,3
824496,20260708,CIN,656271,Brock Burke,0,3,2,1,0,1,1,1
824496,20260708,CIN,657571,Caleb Ferguson,0,3,1,1,0,0,0,0
824496,20260708,CIN,695076,Rhett Lowder,0,6,2,0,0,1,1,1
824496,20260708,PHI,660604,Alan Rangel,1,10,5,3,0,2,3,3
824496,20260708,PHI,621383,Tanner Banks,0,1,0,0,0,3,4,4
824496,20260708,PHI,676661,Max Lazar,0,4,0,0,0,0,0,0
824496,20260708,PHI,621237,José Alvarado,0,3,2,3,0,0,4,4
824496,20260708,PHI,641745,Brad Keller,0,3,1,1,0,0,0,0
824496,20260708,PHI,641835,Tim Mayza,0,3,2,0,0,0,0,0
823684,20260708,MIN,687570,Connor Prielipp,1,15,6,2,0,2,3,3
823684,20260708,MIN,701519,Travis Adams,0,3,1,1,0,0,0,0
823684,20260708,MIN,679358,Eric Orze,0,1,1,2,0,0,2,2
823684,20260708,MIN,573124,Taylor Rogers,0,2,2,0,0,0,0,0
823684,20260708,MIN,681892,Kody Funderburk,0,3,3,0,0,0,0,0
823684,20260708,MIN,672782,Yoendrys Gómez,0,3,0,1,0,0,0,0
823684,20260708,CLE,677944,Slade Cecconi,1,11,4,1,0,0,3,3
823684,20260708,CLE,670059,Colin Holderman,0,4,0,0,0,0,0,0
823684,20260708,CLE,682120,Tim Herrin,0,2,0,0,0,0,0,0
823684,20260708,CLE,542888,Shawn Armstrong,0,2,0,2,0,0,2,2
823684,20260708,CLE,681870,Erik Sabrowski,0,0,0,3,0,0,0,0
823684,20260708,CLE,683769,Hunter Gaddis,0,2,0,0,0,0,0,0
823684,20260708,CLE,671922,Cade Smith,0,3,2,1,0,0,0,0
823684,20260708,CLE,670036,Matt Festa,0,2,1,1,0,0,1,1
824578,20260708,CHA,663436,Davis Martin,1,12,2,2,0,0,5,5
824578,20260708,CHA,669684,Chris Murphy,0,3,2,0,1,0,0,0
824578,20260708,CHA,622554,Seranthony Domínguez,0,3,1,1,0,0,0,0
824578,20260708,CHA,663542,Bryan Hudson,0,3,2,0,1,0,0,0
824578,20260708,CHA,670950,Trevor Richards,0,6,4,0,0,0,0,0
824578,20260708,BOS,687562,Jake Bennett,1,21,4,1,0,0,0,0
824578,20260708,BOS,669711,Greg Weissert,0,3,0,0,0,0,0,0
824578,20260708,BOS,663558,Jovani Morán,0,3,2,0,0,0,0,0
823032,20260708,SLN,700241,Michael McGreevy,1,19,6,1,0,0,1,1
823032,20260708,SLN,703725,Luis Gastelum,0,2,0,0,0,0,0,0
823032,20260708,SLN,668941,JoJo Romero,0,3,2,1,0,0,0,0
823032,20260708,SLN,676617,Riley O'Brien,0,3,1,0,0,0,0,0
823032,20260708,MIL,690986,Kyle Harrison,1,12,2,0,0,1,3,3
823032,20260708,MIL,681982,Grant Anderson,0,4,2,0,0,0,1,1
823032,20260708,MIL,657649,Jared Koenig,0,2,0,0,0,1,1,1
823032,20260708,MIL,668831,Garrett Stallings,0,6,3,0,0,0,0,0
822880,20260708,TEX,669022,MacKenzie Gore,1,15,7,1,0,2,7,7
822880,20260708,TEX,686560,Gavin Collyer,0,3,0,1,0,0,2,2
822880,20260708,TEX,687239,Ben Peoples,0,3,1,0,0,0,0,0
822880,20260708,TEX,695239,Robby Ahlstrom,0,3,1,0,0,1,2,2
822880,20260708,TEX,543309,Kyle Higashioka,0,3,0,0,1,0,2,2
822880,20260708,ANA,700712,Walbert Ureña,1,12,3,5,0,0,0,0
822880,20260708,ANA,696519,Samy Natera Jr.,0,6,5,0,0,0,0,0
822880,20260708,ANA,666171,Ryan Zeferjahn,0,3,2,0,0,0,0,0
822880,20260708,ANA,820862,José Fermin,0,3,2,0,0,1,1,1
822880,20260708,ANA,815083,Mitch Farris,0,3,2,0,0,0,0,0
823928,20260708,LAN,808963,Roki Sasaki,1,18,5,1,0,2,3,3
823928,20260708,LAN,676263,Jack Dreyer,0,3,1,0,0,0,0,0
823928,20260708,LAN,681911,Alex Vesia,0,2,2,1,0,0,0,0
823928,20260708,LAN,683618,Edgardo Henriquez,0,1,0,0,0,0,0,0
823928,20260708,LAN,656945,Tanner Scott,0,3,2,0,0,0,0,0
823928,20260708,COL,687312,Gabriel Hughes,1,18,7,2,0,0,3,3
823928,20260708,COL,657514,Brennan Bernardino,0,3,0,0,0,0,0,0
823928,20260708,COL,622608,Antonio Senzatela,0,3,2,0,0,0,1,1
823279,20260708,SDN,650633,Michael King,1,18,4,2,0,0,1,1
823279,20260708,SDN,676760,Ron Marinaccio,0,3,0,0,0,1,2,2
823279,20260708,SDN,606996,Kyle Hart,0,6,0,0,0,0,1,1
823279,20260708,ARI,703615,Jose Cabrera,1,13,2,2,1,0,4,4
823279,20260708,ARI,805299,Brandyn Garcia,0,2,2,0,0,0,0,0
823279,20260708,ARI,664199,Taylor Clarke,0,3,0,0,0,1,4,3
823279,20260708,ARI,666661,Juan Morillo,0,3,0,0,0,0,2,2
823279,20260708,ARI,657044,Ryan Thompson,0,3,0,0,1,0,0,0
823359,20260709,PIT,656605,Mitch Keller,1,9,3,2,0,1,3,3
823359,20260709,PIT,676742,Cam Sanders,0,2,2,3,0,1,3,3
823359,20260709,PIT,676702,Hunter Stratton,0,4,2,0,0,0,0,0
823359,20260709,PIT,670990,Yohan Ramírez,0,6,2,1,0,0,0,0
823359,20260709,PIT,642397,Gregory Soto,0,3,0,0,0,0,0,0
823359,20260709,PIT,642701,Dennis Santana,0,3,1,2,0,1,4,4
823359,20260709,ATL,693821,Bryce Elder,1,12,3,2,0,3,4,3
823359,20260709,ATL,689266,Dylan Dodd,0,3,0,0,0,0,0,0
823359,20260709,ATL,702275,JR Ritchie,0,4,1,2,0,0,1,1
823359,20260709,ATL,664849,Danny Young,0,2,0,0,0,0,0,0
823359,20260709,ATL,675916,James Karinchak,0,3,1,1,0,0,0,0
823359,20260709,ATL,682989,Victor Mederos,0,3,2,0,0,0,0,0
823606,20260709,NYN,640455,Sean Manaea,1,21,6,1,0,2,3,2
823606,20260709,NYN,623211,Huascar Brazobán,0,3,2,0,0,0,0,0
823606,20260709,NYN,642207,Devin Williams,0,3,1,0,0,0,0,0
823606,20260709,KCA,608379,Michael Wacha,1,14,5,3,1,1,6,6
823606,20260709,KCA,668674,Lucas Erceg,0,4,0,0,0,0,0,0
823606,20260709,KCA,694360,Beck Way,0,3,0,0,0,1,1,1
823606,20260709,KCA,621016,Jose Cuas,0,3,2,1,0,0,0,0
822954,20260709,TBA,656876,Drew Rasmussen,1,7,2,0,0,1,6,6
822954,20260709,TBA,592155,Cam Booser,0,5,2,0,0,1,1,1
822954,20260709,TBA,668984,Casey Legumina,0,6,2,3,1,1,3,3
822954,20260709,TBA,518886,Craig Kimbrel,0,3,1,0,0,0,1,1
822954,20260709,TBA,688297,Chris Roycroft,0,3,0,1,0,0,1,1
822954,20260709,TBA,810938,Ben Williamson,0,3,0,0,0,0,0,0
822954,20260709,NYA,621112,Paul Blackburn,1,6,3,0,0,1,1,1
822954,20260709,NYA,656234,Jake Bird,0,2,0,1,0,0,2,2
822954,20260709,NYA,642232,Ryan Yarbrough,0,3,0,0,0,0,0,0
822954,20260709,NYA,666808,Camilo Doval,0,2,0,1,1,0,0,0
822954,20260709,NYA,687396,Brent Headrick,0,5,3,0,0,0,1,1
822954,20260709,NYA,683409,Angel Chivilli,0,6,3,0,0,0,0,0
822954,20260709,NYA,657612,Tim Hill,0,3,0,0,0,0,0,0
824816,20260709,BAL,669432,Trevor Rogers,1,18,4,2,0,1,1,1
824816,20260709,BAL,666974,Yennier Cano,0,3,0,0,0,0,0,0
824816,20260709,BAL,669330,Tyler Wells,0,3,1,0,0,0,1,1
824816,20260709,BAL,552640,Andrew Kittredge,0,3,0,0,0,0,0,0
824816,20260709,CHN,656849,David Peterson,1,15,2,4,0,1,1,1
824816,20260709,CHN,668970,Gavin Hollowell,0,4,1,2,0,0,0,0
824816,20260709,CHN,573204,Caleb Thielbar,0,2,1,0,0,0,0,0
824816,20260709,CHN,621053,Tyler Ferguson,0,1,1,0,2,0,2,2
824816,20260709,CHN,669020,Ryan Rolison,0,2,0,1,0,0,0,0
823683,20260709,MIN,641927,Bailey Ober,1,15,5,1,0,1,1,1
823683,20260709,MIN,696070,Kendry Rojas,0,6,3,3,0,1,3,3
823683,20260709,MIN,681892,Kody Funderburk,0,3,0,0,0,0,0,0
823683,20260709,MIN,808970,Woo-Suk Go,0,3,1,0,0,1,1,1
823683,20260709,CLE,668909,Gavin Williams,1,21,11,1,1,1,2,2
823683,20260709,CLE,683769,Hunter Gaddis,0,3,1,0,0,0,0,0
823683,20260709,CLE,671922,Cade Smith,0,3,2,0,0,0,0,0
824577,20260709,CHA,641743,Anthony Kay,1,16,4,2,1,1,2,2
824577,20260709,CHA,663855,Jordan Hicks,0,5,2,0,0,0,0,0
824577,20260709,CHA,691799,Grant Taylor,0,3,0,1,0,0,0,0
824577,20260709,CHA,699823,Tyler Davis,0,3,0,1,0,0,0,0
824577,20260709,BOS,663776,Patrick Sandoval,1,13,5,1,0,0,1,1
824577,20260709,BOS,594027,Tyron Guerrero,0,5,1,0,0,0,0,0
824577,20260709,BOS,676477,Garrett Whitlock,0,3,2,0,0,0,0,0
824577,20260709,BOS,686580,Justin Slaten,0,3,1,0,0,0,0,0
824577,20260709,BOS,547973,Aroldis Chapman,0,3,0,0,0,0,0,0
824251,20260709,DET,664285,Framber Valdez,1,21,9,0,2,0,1,1
824251,20260709,DET,640448,Kyle Finnegan,0,3,1,0,0,0,0,0
824251,20260709,DET,445276,Kenley Jansen,0,3,1,1,0,0,0,0
824251,20260709,ATH,660761,José Suarez,1,4,2,0,0,0,0,0
824251,20260709,ATH,678022,Jack Perkins,0,9,2,2,0,2,3,3
824251,20260709,ATH,665622,Luis Medina,0,5,1,0,0,0,0,0
824251,20260709,ATH,663687,Hogan Harris,0,3,2,1,0,1,1,1
824251,20260709,ATH,643410,Mark Leiter Jr.,0,3,2,0,1,0,0,0
823846,20260709,MIA,676083,Janson Junk,1,15,5,4,0,1,2,1
823846,20260709,MIA,669199,Lake Bachar,0,6,3,0,0,0,0,0
823846,20260709,MIA,687531,William Kempner,0,1,0,2,0,1,2,2
823846,20260709,MIA,676534,Calvin Faucher,0,2,0,0,0,0,0,0
823846,20260709,MIA,676604,Tyler Zuber,0,3,1,0,0,0,0,0
823846,20260709,SEA,682243,Bryce Miller,1,15,3,4,0,1,6,4
823846,20260709,SEA,621074,Michael Rucker,0,6,1,0,0,0,2,2
823846,20260709,SEA,677961,Cole Wilcox,0,3,0,1,0,0,0,0
824494,20260709,CIN,663903,Brady Singer,1,22,5,1,2,0,1,1
824494,20260709,CIN,594580,Sam Moll,0,2,2,0,0,0,0,0
824494,20260709,CIN,622088,Tejay Antone,0,3,0,0,0,0,0,0
824494,20260709,PHI,666200,Jesús Luzardo,1,21,11,2,1,0,0,0
824494,20260709,PHI,680742,Jonathan Bowlan,0,3,1,0,0,0,0,0
824494,20260709,PHI,661395,Jhoan Duran,0,3,2,0,1,0,0,0
823034,20260709,SLN,669467,Andre Pallante,1,15,2,2,0,1,6,6
823034,20260709,SLN,703725,Luis Gastelum,0,3,1,0,0,1,1,1
823034,20260709,SLN,700669,Gordon Graceffo,0,6,4,1,0,0,0,0
823034,20260709,SLN,694335,Matt Svanson,0,3,1,0,0,0,1,1
823034,20260709,MIL,701656,Logan Henderson,1,16,4,1,1,0,3,3
823034,20260709,MIL,694477,Chad Patrick,0,5,2,0,0,1,1,1
823034,20260709,MIL,676879,Aaron Ashby,0,3,1,1,0,0,0,0
823034,20260709,MIL,682842,Abner Uribe,0,3,0,1,0,0,0,0
822877,20260709,TEX,543135,Nathan Eovaldi,1,18,10,2,0,0,4,3
822877,20260709,TEX,682608,Peyton Gray,0,2,1,1,0,0,2,2
822877,20260709,TEX,641302,Tyler Alexander,0,1,1,0,0,0,0,0
822877,20260709,TEX,656641,Jacob Latz,0,5,3,1,0,0,0,0
822877,20260709,TEX,668390,Cole Winn,0,1,0,0,0,0,0,0
822877,20260709,ANA,672282,Reid Detmers,1,12,6,1,0,3,5,5
822877,20260709,ANA,681217,Chase Silseth,0,3,0,0,0,0,0,0
822877,20260709,ANA,608718,Brent Suter,0,3,2,0,1,0,1,1
822877,20260709,ANA,666171,Ryan Zeferjahn,0,3,1,0,0,0,0,0
822877,20260709,ANA,696147,Sam Bachman,0,3,1,0,0,0,0,0
822877,20260709,ANA,489446,Kirby Yates,0,1,0,0,0,0,1,1
823277,20260709,SDN,656288,Griffin Canning,1,14,5,0,0,0,2,2
823277,20260709,SDN,673513,Yuki Matsui,0,3,0,2,0,1,1,1
823277,20260709,SDN,699134,Bradgley Rodriguez,0,4,2,0,0,0,0,0
823277,20260709,SDN,593974,Wandy Peralta,0,3,1,0,0,0,0,0
823277,20260709,SDN,670970,Adrian Morejon,0,3,2,0,0,0,0,0
823277,20260709,ARI,518876,Merrill Kelly,1,21,6,3,0,1,1,1
823277,20260709,ARI,656464,Kevin Ginkel,0,3,1,0,0,0,0,0
823277,20260709,ARI,623149,Paul Sewald,0,3,2,0,0,0,0,0
823201,20260709,SFN,687931,Carson Whisenhunt,1,17,4,4,0,1,2,2
823201,20260709,SFN,664141,JT Brubaker,0,4,1,0,0,0,0,0
823201,20260709,SFN,669062,Erik Miller,0,3,2,0,0,0,0,0
823201,20260709,SFN,668873,Caleb Kilian,0,3,2,0,0,0,0,0
823201,20260709,COL,663372,Ryan Feltner,1,13,3,4,0,2,4,4
823201,20260709,COL,680767,Victor Vodnik,0,5,3,1,0,0,0,0
823201,20260709,COL,669298,TJ Shook,0,6,3,1,0,1,4,4
824252,20260710,DET,656427,Jack Flaherty,1,18,6,3,1,1,2,2
824252,20260710,DET,621097,Jacob Waguespack,0,2,0,0,0,0,0,0
824252,20260710,DET,805427,Drew Sommers,0,1,0,0,0,0,0,0
824252,20260710,DET,689225,Beau Brieske,0,6,1,0,0,0,0,0
824252,20260710,PHI,605400,Aaron Nola,1,15,8,2,0,1,2,2
824252,20260710,PHI,641835,Tim Mayza,0,3,1,2,0,0,5,4
824252,20260710,PHI,676661,Max Lazar,0,3,0,1,0,2,3,3
824252,20260710,PHI,596117,Garrett Stubbs,0,3,0,0,0,0,0,0
822709,20260710,WAS,687223,Carson Palmquist,1,9,4,0,0,1,1,1
822709,20260710,WAS,641793,Zack Littell,0,12,5,0,0,1,1,1
822709,20260710,WAS,676680,Tom Cosgrove,0,2,0,1,0,0,0,0
822709,20260710,WAS,690925,Clayton Beeter,0,1,1,0,0,0,0,0
822709,20260710,WAS,640454,Matt Krook,0,1,0,0,0,1,2,2
822709,20260710,WAS,664875,Justin Lawrence,0,2,1,2,0,1,1,1
822709,20260710,NYA,677960,Ryan Weathers,1,16,6,0,0,0,1,1
822709,20260710,NYA,518585,Fernando Cruz,0,2,2,0,0,0,0,0
822709,20260710,NYA,657612,Tim Hill,0,1,0,0,0,2,2,2
822709,20260710,NYA,656234,Jake Bird,0,2,0,0,0,0,0,0
822709,20260710,NYA,670280,David Bednar,0,6,0,0,1,0,0,0
824817,20260710,BAL,687064,Brandon Young,1,21,5,1,0,2,3,3
824817,20260710,BAL,670329,Rico Garcia,0,3,1,0,0,0,0,0
824817,20260710,BAL,552640,Andrew Kittredge,0,3,1,0,0,0,0,0
824817,20260710,KCA,679883,Luinder Avila,1,15,3,3,0,1,3,3
824817,20260710,KCA,674444,Steven Cruz,0,3,1,0,0,0,0,0
824817,20260710,KCA,663738,Daniel Lynch IV,0,3,1,0,0,0,0,0
824817,20260710,KCA,621381,Matt Strahm,0,3,2,0,0,1,2,2
824493,20260710,CIN,668881,Hunter Greene,1,21,12,1,0,0,0,0
824493,20260710,CIN,656271,Brock Burke,0,3,1,0,0,0,0,0
824493,20260710,CIN,641941,Emilio Pagán,0,3,3,0,0,0,0,0
824493,20260710,CHN,684007,Shota Imanaga,1,15,5,1,0,1,1,1
824493,20260710,CHN,663423,Trent Thornton,0,3,0,0,0,0,0,0
824493,20260710,CHN,663765,Jake Woodford,0,6,3,0,0,1,3,3
822955,20260710,TBA,607259,Nick Martinez,1,16,1,1,0,1,2,2
822955,20260710,TBA,642121,Cole Sulser,0,2,1,0,0,0,0,0
822955,20260710,TBA,664076,Garrett Cleavinger,0,3,2,0,0,0,0,0
822955,20260710,TBA,687330,Kevin Kelly,0,6,1,0,0,0,0,0
822955,20260710,SEA,622491,Luis Castillo,1,15,4,1,0,3,4,4
822955,20260710,SEA,660825,Eduard Bazardo,0,3,2,0,0,0,0,0
822955,20260710,SEA,678606,José A. Ferrer,0,1,0,0,0,1,3,3
822955,20260710,SEA,689546,Nick Davila,0,2,0,0,0,0,0,0
822955,20260710,SEA,677961,Cole Wilcox,0,3,0,0,0,0,0,0
823845,20260710,MIA,645261,Sandy Alcantara,1,21,8,0,0,1,3,3
823845,20260710,MIA,687473,Ryan Gusto,0,6,1,0,0,0,0,0
823845,20260710,CLE,800048,Parker Messick,1,18,1,4,0,1,1,1
823845,20260710,CLE,681870,Erik Sabrowski,0,1,0,1,0,1,1,1
823845,20260710,CLE,670059,Colin Holderman,0,2,1,0,0,0,0,0
823845,20260710,CLE,683769,Hunter Gaddis,0,3,1,0,0,0,0,0
823845,20260710,CLE,671922,Cade Smith,0,3,0,0,0,0,0,0
823604,20260710,NYN,690997,Nolan McLean,1,18,7,2,1,0,2,0
823604,20260710,NYN,621345,A.J. Minter,0,3,1,0,0,1,2,2
823604,20260710,NYN,673540,Kodai Senga,0,3,1,0,0,0,0,0
823604,20260710,NYN,672335,Cionel Pérez,0,2,1,3,0,1,2,2
823604,20260710,NYN,675540,Xzavion Curry,0,1,0,0,0,0,0,0
823604,20260710,BOS,543243,Sonny Gray,1,18,3,1,0,0,1,1
823604,20260710,BOS,594027,Tyron Guerrero,0,3,0,0,0,0,0,0
823604,20260710,BOS,676477,Garrett Whitlock,0,3,0,0,0,0,0,0
823604,20260710,BOS,669711,Greg Weissert,0,3,0,0,0,1,1,1
824575,20260710,CHA,680732,Sean Burke,1,21,9,0,1,1,1,1
824575,20260710,CHA,699823,Tyler Davis,0,6,2,1,0,0,0,0
824575,20260710,ATH,682052,Jacob Lopez,1,5,1,0,0,0,0,0
824575,20260710,ATH,650644,Aaron Civale,0,7,4,1,0,0,4,4
824575,20260710,ATH,665660,Elvis Alvarado,0,6,3,0,0,0,0,0
824575,20260710,ATH,686993,Justin Sterner,0,0,0,2,0,1,5,5
824575,20260710,ATH,686930,Mason Barnett,0,3,0,1,0,0,3,3
824575,20260710,ATH,666126,Carlos Cortes,0,3,1,0,0,1,2,1
822878,20260710,TEX,615698,Cal Quantrill,1,18,1,1,0,1,1,1
822878,20260710,TEX,455119,Chris Martin,0,2,0,0,0,1,2,2
822878,20260710,TEX,668390,Cole Winn,0,4,0,0,0,0,0,0
822878,20260710,TEX,641302,Tyler Alexander,0,3,1,0,0,0,0,0
822878,20260710,HOU,686613,Hunter Brown,1,18,4,5,0,1,3,3
822878,20260710,HOU,595345,Steven Okert,0,3,2,0,0,0,0,0
822878,20260710,HOU,687911,Bryan King,0,3,1,1,0,2,4,4
823685,20260710,MIN,805673,Zebby Matthews,1,18,3,2,0,1,4,4
823685,20260710,MIN,702193,Andrew Morris,0,6,2,0,0,0,0,0
823685,20260710,MIN,701519,Travis Adams,0,3,1,0,0,0,0,0
823685,20260710,ANA,680570,Grayson Rodriguez,1,16,0,1,1,0,3,3
823685,20260710,ANA,696519,Samy Natera Jr.,0,5,2,1,0,0,0,0
823685,20260710,ANA,696147,Sam Bachman,0,3,2,1,0,0,0,0
823685,20260710,ANA,489446,Kirby Yates,0,3,0,0,0,0,0,0
823033,20260710,SLN,681517,Kyle Leahy,1,9,2,0,0,0,0,0
823033,20260710,SLN,666277,George Soriano,0,4,1,0,0,0,1,1
823033,20260710,SLN,677865,Justin Bruihl,0,5,1,0,1,0,0,0
823033,20260710,SLN,592773,Ryne Stanek,0,3,0,1,0,0,0,0
823033,20260710,SLN,668941,JoJo Romero,0,3,1,0,0,0,0,0
823033,20260710,SLN,676617,Riley O'Brien,0,3,2,0,0,0,0,0
823033,20260710,ATL,519242,Chris Sale,1,9,5,1,0,0,0,0
823033,20260710,ATL,682989,Victor Mederos,0,6,3,0,0,0,0,0
823033,20260710,ATL,800311,Didier Fuentes,0,3,1,1,0,0,1,1
823033,20260710,ATL,641755,Tyler Kinley,0,3,1,1,0,0,0,0
823033,20260710,ATL,664849,Danny Young,0,3,1,0,0,1,1,1
823278,20260710,SDN,676664,JP Sears,1,13,3,1,0,0,3,3
823278,20260710,SDN,666745,Jhony Brito,0,8,2,1,0,1,2,2
823278,20260710,SDN,593974,Wandy Peralta,0,3,0,0,0,0,0,0
823278,20260710,SDN,676760,Ron Marinaccio,0,3,0,0,0,0,0,0
823278,20260710,TOR,669456,Shane Bieber,1,14,4,3,0,1,2,2
823278,20260710,TOR,689254,Mason Fluharty,0,1,1,0,0,0,0,0
823278,20260710,TOR,689149,Chad Dallas,0,3,1,0,0,0,0,0
823278,20260710,TOR,656546,Jeff Hoffman,0,3,1,0,0,0,0,0
823278,20260710,TOR,643511,Tyler Rogers,0,3,0,0,0,0,0,0
823278,20260710,TOR,686973,Louis Varland,0,3,1,0,0,0,1,1
823927,20260710,LAN,669165,Kyle Hurt,1,5,1,1,0,0,2,2
823927,20260710,LAN,694361,Will Klein,0,5,2,2,0,0,1,1
823927,20260710,LAN,592779,Brock Stewart,0,3,2,1,0,1,3,2
823927,20260710,LAN,683618,Edgardo Henriquez,0,5,2,1,0,0,2,0
823927,20260710,LAN,676263,Jack Dreyer,0,3,1,0,0,0,0,0
823927,20260710,LAN,623465,Evan Phillips,0,3,2,0,0,0,1,1
823927,20260710,LAN,681911,Alex Vesia,0,3,2,0,0,0,0,0
823927,20260710,ARI,593958,Eduardo Rodriguez,1,18,5,1,0,2,2,2
823927,20260710,ARI,805299,Brandyn Garcia,0,3,2,0,0,0,0,0
823927,20260710,ARI,642528,Jonathan Loáisiga,0,3,2,0,0,0,0,0
823927,20260710,ARI,686753,Drey Jameson,0,3,0,0,0,0,1,1
823200,20260710,SFN,592662,Robbie Ray,1,15,4,6,0,0,1,1
823200,20260710,SFN,681916,Dylan Smith,0,3,1,0,0,0,0,0
823200,20260710,SFN,676775,Keaton Winn,0,2,0,0,0,0,0,0
823200,20260710,SFN,656529,Sam Hentges,0,4,3,0,0,0,0,0
823200,20260710,SFN,668873,Caleb Kilian,0,0,0,1,0,0,3,3
823200,20260710,SFN,669062,Erik Miller,0,3,1,0,0,0,0,0
823200,20260710,COL,685299,Tanner Gordon,1,15,1,1,0,1,1,1
823200,20260710,COL,657514,Brennan Bernardino,0,3,0,1,0,0,0,0
823200,20260710,COL,623474,Jimmy Herget,0,3,1,1,0,0,1,1
823200,20260710,COL,622608,Antonio Senzatela,0,3,1,0,0,0,0,0
823200,20260710,COL,605447,Jordan Romano,0,2,0,3,0,0,1,1
823200,20260710,COL,675848,Juan Mejia,0,1,0,0,0,0,0,0
823357,20260711,PIT,677952,Braxton Ashcraft,1,15,6,2,0,2,5,5
823357,20260711,PIT,669387,Carmen Mlodzinski,0,9,2,2,0,0,1,1
823357,20260711,PIT,642397,Gregory Soto,0,3,0,1,0,0,0,0
823357,20260711,MIL,687075,Brandon Sproat,1,9,3,2,3,1,3,2
823357,20260711,MIL,684974,Craig Yoho,0,6,3,1,0,0,0,0
823357,20260711,MIL,694477,Chad Patrick,0,3,0,0,0,0,1,1
823357,20260711,MIL,676879,Aaron Ashby,0,3,3,0,0,1,3,3
823357,20260711,MIL,669060,Bryse Wilson,0,3,0,0,0,0,0,0
823357,20260711,PIT,677952,Braxton Ashcraft,1,15,6,2,0,2,5,5
823357,20260711,PIT,669387,Carmen Mlodzinski,0,9,2,2,0,0,1,1
823357,20260711,PIT,642397,Gregory Soto,0,3,0,1,0,0,0,0
823357,20260711,MIL,687075,Brandon Sproat,1,9,3,2,3,1,3,2
823357,20260711,MIL,684974,Craig Yoho,0,6,3,1,0,0,0,0
823357,20260711,MIL,694477,Chad Patrick,0,3,0,0,0,0,1,1
823357,20260711,MIL,676879,Aaron Ashby,0,3,3,0,0,1,3,3
823357,20260711,MIL,669060,Bryse Wilson,0,3,0,0,0,0,0,0
823356,20260711,PIT,696149,Bubba Chandler,1,14,6,3,0,0,2,2
823356,20260711,PIT,685126,Brandon Eisert,0,1,0,2,0,0,0,0
823356,20260711,PIT,670990,Yohan Ramírez,0,3,0,0,1,0,0,0
823356,20260711,PIT,642701,Dennis Santana,0,3,1,0,0,0,0,0
823356,20260711,PIT,676755,Isaac Mattson,0,3,0,0,0,0,0,0
823356,20260711,PIT,682254,Mason Montgomery,0,3,2,1,0,0,0,0
823356,20260711,MIL,675660,Shane Drohan,1,19,6,0,1,1,3,3
823356,20260711,MIL,681982,Grant Anderson,0,2,0,0,0,0,0,0
823356,20260711,MIL,682842,Abner Uribe,0,3,0,1,0,0,0,0
823682,20260711,MIN,657746,Joe Ryan,1,18,6,2,0,0,2,2
823682,20260711,MIN,667297,Tommy Nance,0,3,2,0,0,0,1,1
823682,20260711,MIN,808970,Woo-Suk Go,0,3,0,1,0,0,0,0
823682,20260711,MIN,672782,Yoendrys Gómez,0,3,1,1,0,0,0,0
823682,20260711,ANA,696270,Ryan Johnson,1,15,1,3,0,1,3,3
823682,20260711,ANA,815083,Mitch Farris,0,6,2,0,0,0,2,2
823682,20260711,ANA,820862,José Fermin,0,3,1,1,0,0,0,0
824576,20260711,CHA,663542,Bryan Hudson,1,3,0,0,0,0,0,0
824576,20260711,CHA,669684,Chris Murphy,0,3,0,1,0,0,0,0
824576,20260711,CHA,607200,Erick Fedde,0,12,3,1,0,0,0,0
824576,20260711,CHA,656794,Sean Newcomb,0,4,1,1,0,0,0,0
824576,20260711,CHA,691799,Grant Taylor,0,5,2,1,0,0,0,0
824576,20260711,ATH,695611,Gage Jump,1,17,7,2,0,0,1,1
824576,20260711,ATH,665622,Luis Medina,0,4,2,0,1,0,0,0
824576,20260711,ATH,663687,Hogan Harris,0,3,2,0,0,0,0,0
823198,20260711,SFN,641816,Tyler Mahle,1,21,4,3,0,0,1,1
823198,20260711,SFN,664141,JT Brubaker,0,6,2,0,0,1,1,1
823198,20260711,COL,607536,Kyle Freeland,1,18,9,0,0,1,4,4
823198,20260711,COL,688642,Zach Agnos,0,6,0,1,0,0,0,0
822711,20260711,WAS,676571,PJ Poulin,1,5,3,1,0,0,0,0
822711,20260711,WAS,571945,Miles Mikolas,0,12,0,1,0,0,0,0
822711,20260711,WAS,676680,Tom Cosgrove,0,4,2,0,0,0,0,0
822711,20260711,WAS,687377,Orlando Ribalta,0,1,0,1,0,1,2,2
822711,20260711,WAS,690925,Clayton Beeter,0,0,0,0,0,2,2,2
822711,20260711,WAS,640454,Matt Krook,0,5,1,1,0,0,0,0
822711,20260711,NYA,693645,Cam Schlittler,1,20,6,4,0,2,2,2
822711,20260711,NYA,687396,Brent Headrick,0,1,1,1,0,0,0,0
822711,20260711,NYA,518585,Fernando Cruz,0,3,0,0,0,0,0,0
822711,20260711,NYA,670280,David Bednar,0,3,1,0,0,0,0,0
823603,20260711,NYN,642547,Freddy Peralta,1,13,6,5,0,1,2,2
823603,20260711,NYN,623211,Huascar Brazobán,0,2,1,0,0,0,0,0
823603,20260711,NYN,621345,A.J. Minter,0,3,2,0,0,0,0,0
823603,20260711,NYN,548384,Brooks Raley,0,3,0,0,0,0,0,0
823603,20260711,NYN,668964,Tobias Myers,0,6,0,0,0,1,2,2
823603,20260711,BOS,700842,Eduardo Rivera,1,11,3,2,0,0,0,0
823603,20260711,BOS,669711,Greg Weissert,0,3,2,0,0,0,0,0
823603,20260711,BOS,663558,Jovani Morán,0,5,1,1,0,0,0,0
823603,20260711,BOS,686580,Justin Slaten,0,2,2,1,0,0,0,0
823603,20260711,BOS,543056,Danny Coulombe,0,6,0,3,0,0,0,0
822953,20260711,TBA,643377,Griffin Jax,1,15,3,3,0,0,1,1
822953,20260711,TBA,592155,Cam Booser,0,6,5,0,0,0,0,0
822953,20260711,TBA,664076,Garrett Cleavinger,0,3,2,1,0,0,0,0
822953,20260711,TBA,668984,Casey Legumina,0,3,0,0,0,0,0,0
822953,20260711,SEA,669302,Logan Gilbert,1,20,5,2,0,0,4,4
822953,20260711,SEA,642100,Gabe Speier,0,1,0,0,0,1,1,1
822953,20260711,SEA,621074,Michael Rucker,0,3,0,0,0,0,1,0
823844,20260711,MIA,691587,Eury Pérez,1,18,6,2,0,0,2,2
823844,20260711,MIA,806188,Cade Gibson,0,3,2,0,0,0,0,0
823844,20260711,MIA,687531,William Kempner,0,6,3,0,1,0,2,2
823844,20260711,CLE,676440,Tanner Bibee,1,20,3,4,0,0,1,1
823844,20260711,CLE,542888,Shawn Armstrong,0,1,0,0,0,0,0,0
823844,20260711,CLE,680916,Franco Aleman,0,3,1,0,0,0,0,0
823844,20260711,CLE,670059,Colin Holderman,0,3,0,0,0,0,0,0
824249,20260711,DET,663554,Casey Mize,1,17,5,2,0,0,4,3
824249,20260711,DET,623454,Drew Anderson,0,4,2,0,0,0,0,0
824249,20260711,DET,663947,Tyler Holton,0,3,1,0,0,0,0,0
824249,20260711,DET,445276,Kenley Jansen,0,3,1,0,0,0,0,0
824249,20260711,PHI,650911,Cristopher Sánchez,1,21,7,1,0,1,2,2
824249,20260711,PHI,680742,Jonathan Bowlan,0,3,0,1,1,0,0,0
824249,20260711,PHI,661395,Jhoan Duran,0,3,0,0,0,0,0,0
824813,20260711,BAL,680694,Kyle Bradish,1,20,5,2,0,0,1,1
824813,20260711,BAL,664991,Grant Wolfram,0,3,2,0,0,0,0,0
824813,20260711,BAL,666974,Yennier Cano,0,1,1,0,0,0,0,0
824813,20260711,BAL,669330,Tyler Wells,0,3,1,0,0,0,0,0
824813,20260711,KCA,702070,Noah Cameron,1,21,9,2,0,3,5,5
824813,20260711,KCA,669212,Eli Morgan,0,3,1,0,0,1,1,1
822875,20260711,TEX,677958,Kumar Rocker,1,17,6,2,1,3,7,7
822875,20260711,TEX,686560,Gavin Collyer,0,4,2,1,0,0,0,0
822875,20260711,TEX,695239,Robby Ahlstrom,0,3,0,1,0,0,0,0
822875,20260711,TEX,455119,Chris Martin,0,3,1,0,0,0,2,2
822875,20260711,HOU,663567,Peter Lambert,1,18,7,1,1,1,1,1
822875,20260711,HOU,660853,Enyel De Los Santos,0,3,1,0,0,0,0,0
822875,20260711,HOU,805123,AJ Blubaugh,0,6,4,1,0,1,2,2
824492,20260711,CIN,666157,Nick Lodolo,1,15,4,3,0,1,2,2
824492,20260711,CIN,657571,Caleb Ferguson,0,2,0,0,0,0,1,1
824492,20260711,CIN,670062,Julian Garcia,0,3,2,1,0,1,2,2
824492,20260711,CIN,656271,Brock Burke,0,1,0,0,0,0,0,0
824492,20260711,CIN,572955,Pierce Johnson,0,3,0,1,0,0,0,0
824492,20260711,CIN,622088,Tejay Antone,0,3,1,0,0,0,0,0
824492,20260711,CHN,665871,Javier Assad,1,15,4,0,0,2,2,2
824492,20260711,CHN,519141,Drew Pomeranz,0,3,0,1,0,1,1,1
824492,20260711,CHN,573204,Caleb Thielbar,0,3,2,0,0,0,0,0
824492,20260711,CHN,657097,Jacob Webb,0,3,1,1,0,0,0,0
824492,20260711,CHN,669020,Ryan Rolison,0,2,1,1,0,0,0,0
824492,20260711,CHN,663423,Trent Thornton,0,1,0,0,0,0,0,0
823030,20260711,SLN,669461,Matthew Liberatore,1,18,6,1,0,0,0,0
823030,20260711,SLN,703725,Luis Gastelum,0,3,2,0,0,1,1,1
823030,20260711,SLN,666277,George Soriano,0,3,2,0,0,0,0,0
823030,20260711,SLN,676617,Riley O'Brien,0,3,1,1,1,0,0,0
823030,20260711,ATL,625643,Reynaldo López,1,15,3,1,0,1,4,4
823030,20260711,ATL,702566,Owen Murphy,0,9,3,0,0,0,0,0
823276,20260711,SDN,621111,Walker Buehler,1,6,1,4,0,1,4,4
823276,20260711,SDN,663362,Matt Waldron,0,9,3,1,0,0,0,0
823276,20260711,SDN,673513,Yuki Matsui,0,2,0,1,1,0,2,2
823276,20260711,SDN,699134,Bradgley Rodriguez,0,4,0,0,0,1,1,1
823276,20260711,SDN,670970,Adrian Morejon,0,3,1,0,0,0,0,0
823276,20260711,SDN,695243,Mason Miller,0,3,2,0,0,0,0,0
823276,20260711,TOR,702056,Trey Yesavage,1,5,1,7,0,0,4,4
823276,20260711,TOR,671936,Adam Macko,0,4,2,1,1,0,2,2
823276,20260711,TOR,680755,Braydon Fisher,0,3,2,1,0,0,1,1
823276,20260711,TOR,689254,Mason Fluharty,0,6,1,0,0,1,1,1
823276,20260711,TOR,693686,Spencer Miles,0,6,1,2,0,0,0,0
823926,20260711,LAN,808967,Yoshinobu Yamamoto,1,18,6,4,0,1,6,6
823926,20260711,LAN,689017,Landon Knack,0,9,2,2,1,2,3,3
823926,20260711,ARI,694297,Brandon Pfaadt,1,16,2,0,0,0,2,2
823926,20260711,ARI,805299,Brandyn Garcia,0,2,1,0,0,0,0,0
823926,20260711,ARI,656464,Kevin Ginkel,0,3,1,0,0,0,0,0
823926,20260711,ARI,666661,Juan Morillo,0,3,2,0,0,0,0,0
823926,20260711,ARI,691769,Philip Abner,0,3,0,0,0,0,0,0
823358,20260712,PIT,694973,Paul Skenes,1,16,7,1,0,0,2,2
823358,20260712,PIT,676755,Isaac Mattson,0,2,1,1,0,0,0,0
823358,20260712,PIT,699008,Antwone Kelly,0,6,0,1,0,1,3,3
823358,20260712,PIT,685126,Brandon Eisert,0,3,0,1,0,0,0,0
823358,20260712,MIL,688107,Robert Gasser,1,9,3,0,1,2,7,7
823358,20260712,MIL,657649,Jared Koenig,0,0,0,2,1,0,5,5
823358,20260712,MIL,681982,Grant Anderson,0,3,1,0,0,0,2,2
823358,20260712,MIL,684974,Craig Yoho,0,3,2,1,1,0,0,0
823358,20260712,MIL,669060,Bryse Wilson,0,9,4,0,0,0,0,0
824814,20260712,BAL,669358,Shane Baz,1,14,9,0,0,0,2,2
824814,20260712,BAL,689296,Anthony Nunez,0,3,1,0,0,0,0,0
824814,20260712,BAL,664991,Grant Wolfram,0,2,1,0,0,0,0,0
824814,20260712,BAL,666974,Yennier Cano,0,2,0,0,0,0,0,0
824814,20260712,BAL,670329,Rico Garcia,0,3,0,0,0,0,0,0
824814,20260712,BAL,552640,Andrew Kittredge,0,3,0,0,0,0,0,0
824814,20260712,KCA,607625,Seth Lugo,1,12,6,2,1,1,2,2
824814,20260712,KCA,674444,Steven Cruz,0,3,0,0,1,0,0,0
824814,20260712,KCA,621381,Matt Strahm,0,1,1,1,0,0,5,5
824814,20260712,KCA,670167,John Schreiber,0,2,1,1,0,0,0,0
824814,20260712,KCA,668674,Lucas Erceg,0,3,2,0,1,1,1,1
824814,20260712,KCA,694360,Beck Way,0,3,0,0,0,0,0,0
822708,20260712,WAS,676917,Cade Cavalli,1,18,5,1,0,0,2,2
822708,20260712,WAS,674841,Andrew Alvarez,0,6,2,1,0,0,3,3
822708,20260712,WAS,664875,Justin Lawrence,0,3,1,1,0,0,0,0
822708,20260712,NYA,701542,Will Warren,1,15,2,2,1,1,1,1
822708,20260712,NYA,657612,Tim Hill,0,2,1,0,0,1,1,1
822708,20260712,NYA,683409,Angel Chivilli,0,3,1,0,0,0,1,0
822708,20260712,NYA,642232,Ryan Yarbrough,0,1,0,1,0,0,0,0
822708,20260712,NYA,621112,Paul Blackburn,0,6,2,0,0,0,0,0
824491,20260712,CIN,671096,Andrew Abbott,1,12,3,3,0,0,4,4
824491,20260712,CIN,695534,Chase Petty,0,6,2,0,0,0,1,1
824491,20260712,CIN,594580,Sam Moll,0,1,1,0,0,0,2,2
824491,20260712,CIN,572955,Pierce Johnson,0,2,0,0,0,1,1,1
824491,20260712,CIN,695076,Rhett Lowder,0,6,1,2,0,0,0,0
824491,20260712,CHN,571510,Matthew Boyd,1,19,3,1,2,1,4,4
824491,20260712,CHN,668970,Gavin Hollowell,0,5,3,0,0,0,0,0
824491,20260712,CHN,573204,Caleb Thielbar,0,1,0,0,0,0,0,0
824491,20260712,CHN,657097,Jacob Webb,0,2,0,0,0,0,0,0
823602,20260712,NYN,804267,Zach Thornton,1,21,5,2,0,0,0,0
823602,20260712,NYN,596133,Luke Weaver,0,3,1,0,0,0,0,0
823602,20260712,NYN,642207,Devin Williams,0,3,0,2,0,0,2,1
823602,20260712,NYN,548384,Brooks Raley,0,3,0,0,0,0,1,0
823602,20260712,BOS,801139,Payton Tolle,1,11,7,1,0,0,1,1
823602,20260712,BOS,678394,Brayan Bello,0,13,5,0,0,1,1,1
823602,20260712,BOS,547973,Aroldis Chapman,0,3,1,0,0,0,0,0
823602,20260712,BOS,676477,Garrett Whitlock,0,3,1,0,0,0,0,0
822951,20260712,TBA,693855,Ian Seymour,1,10,3,3,1,1,6,5
822951,20260712,TBA,642121,Cole Sulser,0,2,1,0,0,1,1,1
822951,20260712,TBA,688297,Chris Roycroft,0,9,3,0,0,0,0,0
822951,20260712,TBA,518886,Craig Kimbrel,0,5,2,1,0,0,1,1
822951,20260712,TBA,687330,Kevin Kelly,0,1,0,1,0,0,0,0
822951,20260712,SEA,676106,Emerson Hancock,1,5,2,1,0,0,0,0
822951,20260712,SEA,678606,José A. Ferrer,0,4,2,0,1,0,0,0
822951,20260712,SEA,689546,Nick Davila,0,6,0,0,0,0,0,0
822951,20260712,SEA,642100,Gabe Speier,0,3,0,1,0,0,0,0
822951,20260712,SEA,621074,Michael Rucker,0,3,1,1,0,0,0,0
822951,20260712,SEA,660825,Eduard Bazardo,0,3,1,0,0,1,2,2
822951,20260712,SEA,662253,Andrés Muñoz,0,3,2,1,0,0,0,0
824250,20260712,DET,669373,Tarik Skubal,1,15,5,1,1,0,2,2
824250,20260712,DET,672456,Keider Montero,0,9,5,1,0,0,3,3
824250,20260712,DET,805427,Drew Sommers,0,2,1,1,0,0,0,0
824250,20260712,DET,689225,Beau Brieske,0,1,1,0,0,0,0,0
824250,20260712,PHI,554430,Zack Wheeler,1,18,10,2,0,0,0,0
824250,20260712,PHI,621237,José Alvarado,0,3,2,0,0,0,0,0
824250,20260712,PHI,689147,Orion Kerkering,0,3,1,0,0,0,0,0
824250,20260712,PHI,680742,Jonathan Bowlan,0,3,1,0,0,0,0,0
823842,20260712,MIA,663969,Tyler Phillips,1,3,1,1,0,0,2,2
823842,20260712,MIA,676534,Calvin Faucher,0,6,1,1,0,0,0,0
823842,20260712,MIA,676604,Tyler Zuber,0,2,0,0,0,0,0,0
823842,20260712,MIA,656848,Michael Petersen,0,3,0,0,0,1,1,1
823842,20260712,MIA,806188,Cade Gibson,0,6,1,1,1,0,1,0
823842,20260712,MIA,669199,Lake Bachar,0,4,3,0,0,0,0,0
823842,20260712,MIA,664126,Pete Fairbanks,0,3,0,0,0,1,1,1
823842,20260712,CLE,676282,Joey Cantillo,1,15,9,2,0,0,1,1
823842,20260712,CLE,680916,Franco Aleman,0,3,1,0,0,0,0,0
823842,20260712,CLE,683769,Hunter Gaddis,0,3,2,0,1,0,0,0
823842,20260712,CLE,542888,Shawn Armstrong,0,3,0,0,0,0,0,0
823842,20260712,CLE,671922,Cade Smith,0,3,2,0,0,1,1,1
823681,20260712,MIN,671737,Taj Bradley,1,21,6,2,0,2,2,2
823681,20260712,MIN,702193,Andrew Morris,0,6,2,1,0,0,0,0
823681,20260712,ANA,667755,José Soriano,1,15,0,2,0,0,3,3
823681,20260712,ANA,681217,Chase Silseth,0,5,4,1,0,0,0,0
823681,20260712,ANA,666171,Ryan Zeferjahn,0,4,2,0,0,1,1,1
824574,20260712,CHA,702273,Noah Schultz,1,15,4,0,1,1,1,1
824574,20260712,CHA,663855,Jordan Hicks,0,3,3,0,0,0,0,0
824574,20260712,CHA,622554,Seranthony Domínguez,0,3,1,0,0,0,0,0
824574,20260712,CHA,805326,Tyler Schweitzer,0,6,0,0,0,0,0,0
824574,20260712,ATH,669372,J.T. Ginn,1,13,7,3,1,2,8,8
824574,20260712,ATH,660761,José Suarez,0,5,1,0,0,0,1,0
824574,20260712,ATH,643410,Mark Leiter Jr.,0,3,1,0,0,0,0,0
824574,20260712,ATH,686993,Justin Sterner,0,3,0,0,0,0,0,0
823029,20260712,SLN,669160,Dustin May,1,12,4,4,1,0,2,2
823029,20260712,SLN,677865,Justin Bruihl,0,5,1,1,0,0,1,1
823029,20260712,SLN,700669,Gordon Graceffo,0,4,0,0,0,0,0,0
823029,20260712,SLN,592773,Ryne Stanek,0,3,1,0,0,0,0,0
823029,20260712,SLN,668941,JoJo Romero,0,3,0,1,1,0,1,0
823029,20260712,ATL,664849,Danny Young,1,2,1,2,0,0,1,1
823029,20260712,ATL,702275,JR Ritchie,0,13,2,2,0,0,1,1
823029,20260712,ATL,689266,Dylan Dodd,0,1,0,1,0,0,1,1
823029,20260712,ATL,800311,Didier Fuentes,0,2,2,0,0,0,0,0
823029,20260712,ATL,669276,Dylan Lee,0,5,2,0,0,0,0,0
823029,20260712,ATL,641755,Tyler Kinley,0,1,1,0,0,0,0,0
823029,20260712,ATL,628452,Raisel Iglesias,0,3,1,0,0,0,0,0
822876,20260712,TEX,669022,MacKenzie Gore,1,12,4,1,0,1,1,1
822876,20260712,TEX,641302,Tyler Alexander,0,4,2,0,0,0,0,0
822876,20260712,TEX,668390,Cole Winn,0,2,1,1,0,0,0,0
822876,20260712,TEX,695239,Robby Ahlstrom,0,1,0,0,0,0,2,2
822876,20260712,TEX,682608,Peyton Gray,0,2,0,2,0,0,1,1
822876,20260712,TEX,687239,Ben Peoples,0,3,1,0,0,1,1,1
822876,20260712,TEX,656641,Jacob Latz,0,3,0,1,0,0,0,0
822876,20260712,HOU,664299,Cristian Javier,1,9,4,3,0,0,3,3
822876,20260712,HOU,660853,Enyel De Los Santos,0,3,0,0,0,0,0,0
822876,20260712,HOU,650556,Bryan Abreu,0,3,2,1,0,0,1,1
822876,20260712,HOU,595345,Steven Okert,0,3,1,0,0,0,0,0
822876,20260712,HOU,687911,Bryan King,0,6,1,1,0,1,1,1
822876,20260712,HOU,623352,Josh Hader,0,0,0,0,0,0,1,1
823199,20260712,SFN,686790,Trevor McDonald,1,21,4,1,1,1,1,1
823199,20260712,SFN,676775,Keaton Winn,0,2,0,1,0,0,0,0
823199,20260712,SFN,669062,Erik Miller,0,4,2,0,0,0,0,0
823199,20260712,COL,547179,Michael Lorenzen,1,15,1,3,0,0,1,1
823199,20260712,COL,657514,Brennan Bernardino,0,3,1,0,0,0,0,0
823199,20260712,COL,623474,Jimmy Herget,0,3,1,1,0,0,0,0
823199,20260712,COL,622608,Antonio Senzatela,0,3,1,1,0,0,2,2
823925,20260712,LAN,686218,Emmet Sheehan,1,16,7,1,0,0,3,2
823925,20260712,LAN,683618,Edgardo Henriquez,0,2,0,1,0,0,1,0
823925,20260712,LAN,592779,Brock Stewart,0,3,1,1,0,0,0,0
823925,20260712,LAN,656945,Tanner Scott,0,3,1,0,0,0,0,0
823925,20260712,LAN,623465,Evan Phillips,0,3,0,0,0,1,1,1
823925,20260712,ARI,683352,Mitch Bratt,1,9,0,3,0,1,3,3
823925,20260712,ARI,664199,Taylor Clarke,0,4,2,0,0,0,0,0
823925,20260712,ARI,657044,Ryan Thompson,0,3,1,0,0,0,0,0
823925,20260712,ARI,656464,Kevin Ginkel,0,2,0,0,0,0,0,0
823925,20260712,ARI,642528,Jonathan Loáisiga,0,3,2,1,0,0,0,0
823925,20260712,ARI,666661,Juan Morillo,0,3,0,1,0,0,0,0
823925,20260712,ARI,623149,Paul Sewald,0,3,1,0,0,0,0,0
823274,20260712,SDN,608566,Germán Márquez,1,12,4,2,0,2,3,3
823274,20260712,SDN,676760,Ron Marinaccio,0,3,1,0,0,0,0,0
823274,20260712,SDN,606996,Kyle Hart,0,3,0,0,0,0,0,0
823274,20260712,SDN,670970,Adrian Morejon,0,6,1,1,0,0,1,1
823274,20260712,SDN,695243,Mason Miller,0,3,1,0,0,0,0,0
823274,20260712,TOR,592332,Kevin Gausman,1,18,8,3,0,0,3,3
823274,20260712,TOR,643511,Tyler Rogers,0,3,1,0,0,0,0,0
823274,20260712,TOR,656546,Jeff Hoffman,0,3,0,0,0,0,2,2
823440,20260716,PHI,605400,Aaron Nola,1,18,6,4,0,3,3,3
823440,20260716,PHI,680742,Jonathan Bowlan,0,3,0,1,0,0,0,0
823440,20260716,PHI,686751,Seth Johnson,0,6,2,1,0,0,1,1
823440,20260716,NYN,681035,Christian Scott,1,17,7,0,0,0,0,0
823440,20260716,NYN,548384,Brooks Raley,0,1,1,1,0,0,0,0
823440,20260716,NYN,623211,Huascar Brazobán,0,3,0,0,0,0,0,0
823440,20260716,NYN,596133,Luke Weaver,0,3,0,0,0,1,1,1
823440,20260716,NYN,642207,Devin Williams,0,3,1,0,0,0,0,0
824766,20260717,BOS,687562,Jake Bennett,1,18,3,1,1,0,0,0
824766,20260717,BOS,687941,Alec Gamboa,0,9,1,0,0,0,0,0
824766,20260717,TBA,643377,Griffin Jax,1,15,6,1,1,1,7,7
824766,20260717,TBA,688297,Chris Roycroft,0,6,2,1,0,1,3,3
824766,20260717,TBA,810938,Ben Williamson,0,3,0,0,0,0,0,0
824737,20260717,BOS,700842,Eduardo Rivera,1,7,3,2,0,1,3,3
824737,20260717,BOS,669711,Greg Weissert,0,2,0,0,0,0,0,0
824737,20260717,BOS,663558,Jovani Morán,0,6,0,0,0,0,0,0
824737,20260717,BOS,594027,Tyron Guerrero,0,3,1,0,0,0,0,0
824737,20260717,BOS,676477,Garrett Whitlock,0,3,1,0,0,0,0,0
824737,20260717,BOS,686580,Justin Slaten,0,3,1,0,0,0,0,0
824737,20260717,BOS,547973,Aroldis Chapman,0,3,2,0,0,0,0,0
824737,20260717,TBA,669438,Mason Englert,1,15,4,1,0,3,5,5
824737,20260717,TBA,518886,Craig Kimbrel,0,3,1,1,0,0,0,0
824737,20260717,TBA,642121,Cole Sulser,0,3,1,1,0,0,0,0
824737,20260717,TBA,592155,Cam Booser,0,3,0,0,0,0,0,0
823524,20260717,NYA,543037,Gerrit Cole,1,18,8,1,0,1,2,2
823524,20260717,NYA,687396,Brent Headrick,0,3,1,0,0,0,0,0
823524,20260717,NYA,518585,Fernando Cruz,0,3,1,0,0,0,0,0
823524,20260717,NYA,621112,Paul Blackburn,0,3,0,1,0,0,0,0
823524,20260717,LAN,808963,Roki Sasaki,1,17,5,1,0,0,1,0
823524,20260717,LAN,676263,Jack Dreyer,0,4,2,0,0,0,0,0
823524,20260717,LAN,681911,Alex Vesia,0,3,0,2,0,0,0,0
823524,20260717,LAN,656945,Tanner Scott,0,3,1,0,0,0,0,0
824901,20260717,ATL,519242,Chris Sale,1,21,6,0,0,0,0,0
824901,20260717,ATL,682989,Victor Mederos,0,6,1,0,0,0,1,1
824901,20260717,TEX,615698,Cal Quantrill,1,12,3,1,0,2,6,6
824901,20260717,TEX,693713,Emiliano Teodo,0,5,1,2,0,0,2,2
824901,20260717,TEX,686560,Gavin Collyer,0,3,1,2,1,0,4,4
824901,20260717,TEX,687239,Ben Peoples,0,1,0,0,0,0,0,0
824901,20260717,TEX,543309,Kyle Higashioka,0,3,0,1,0,1,3,3
822789,20260717,TOR,693686,Spencer Miles,1,12,4,0,0,1,6,6
822789,20260717,TOR,671936,Adam Macko,0,3,2,2,0,0,2,2
822789,20260717,TOR,571578,Patrick Corbin,0,4,1,1,0,0,3,2
822789,20260717,TOR,680755,Braydon Fisher,0,2,0,0,0,0,1,1
822789,20260717,TOR,669310,CJ Van Eyk,0,6,1,0,1,0,0,0
822789,20260717,CHA,641743,Anthony Kay,1,12,5,3,2,1,2,2
822789,20260717,CHA,670950,Trevor Richards,0,5,1,0,0,2,2,2
822789,20260717,CHA,622554,Seranthony Domínguez,0,1,0,0,0,0,0,0
822789,20260717,CHA,805326,Tyler Schweitzer,0,9,3,1,0,0,0,0
823766,20260717,MIL,701656,Logan Henderson,1,15,4,0,0,1,1,1
823766,20260717,MIL,694477,Chad Patrick,0,3,1,0,0,0,0,0
823766,20260717,MIL,676879,Aaron Ashby,0,3,2,0,0,0,0,0
823766,20260717,MIL,682842,Abner Uribe,0,3,1,0,0,0,0,0
823766,20260717,MIL,656730,Trevor Megill,0,3,1,0,0,0,0,0
823766,20260717,MIL,684974,Craig Yoho,0,3,0,0,0,0,0,0
823766,20260717,MIA,645261,Sandy Alcantara,1,18,7,4,0,1,1,1
823766,20260717,MIA,676534,Calvin Faucher,0,3,0,0,0,0,0,0
823766,20260717,MIA,656848,Michael Petersen,0,3,2,2,0,0,0,0
823766,20260717,MIA,664126,Pete Fairbanks,0,3,2,1,0,0,0,0
823766,20260717,MIA,669199,Lake Bachar,0,2,2,1,0,0,1,0
824655,20260717,CHN,607067,Colin Rea,1,18,6,1,0,1,4,3
824655,20260717,CHN,519141,Drew Pomeranz,0,1,0,2,0,0,1,1
824655,20260717,CHN,668970,Gavin Hollowell,0,2,2,0,0,0,0,0
824655,20260717,CHN,669020,Ryan Rolison,0,3,1,0,0,0,0,0
824655,20260717,CHN,621053,Tyler Ferguson,0,3,1,0,0,0,0,0
824655,20260717,MIN,641927,Bailey Ober,1,16,7,2,0,0,2,2
824655,20260717,MIN,667297,Tommy Nance,0,4,1,1,0,0,0,0
824655,20260717,MIN,573124,Taylor Rogers,0,1,0,0,0,0,0,0
824655,20260717,MIN,702193,Andrew Morris,0,3,0,0,0,0,0,0
824655,20260717,MIN,672782,Yoendrys Gómez,0,3,1,1,0,0,0,0
824170,20260717,HOU,663567,Peter Lambert,1,18,10,3,1,0,1,1
824170,20260717,HOU,595345,Steven Okert,0,3,2,0,0,0,0,0
824170,20260717,HOU,687911,Bryan King,0,3,1,0,0,1,2,2
824170,20260717,HOU,660853,Enyel De Los Santos,0,3,0,1,0,0,0,0
824170,20260717,BAL,665152,Dean Kremer,1,12,5,3,0,0,2,2
824170,20260717,BAL,689296,Anthony Nunez,0,6,0,2,1,0,0,0
824170,20260717,BAL,664991,Grant Wolfram,0,1,0,2,0,0,0,0
824170,20260717,BAL,676742,Cam Sanders,0,2,1,0,0,0,0,0
824170,20260717,BAL,552640,Andrew Kittredge,0,3,1,1,0,0,0,0
824170,20260717,BAL,669330,Tyler Wells,0,3,1,1,0,0,0,0
824090,20260717,KCA,607625,Seth Lugo,1,18,3,2,1,0,2,1
824090,20260717,KCA,674444,Steven Cruz,0,3,1,0,0,0,0,0
824090,20260717,KCA,670167,John Schreiber,0,3,0,0,0,0,0,0
824090,20260717,KCA,656638,Alex Lange,0,3,0,0,0,1,1,1
824090,20260717,KCA,668674,Lucas Erceg,0,3,0,0,0,0,3,1
824090,20260717,SDN,650633,Michael King,1,15,4,2,1,1,1,1
824090,20260717,SDN,699134,Bradgley Rodriguez,0,3,1,1,0,0,1,0
824090,20260717,SDN,670970,Adrian Morejon,0,6,1,1,0,0,1,1
824090,20260717,SDN,695243,Mason Miller,0,3,3,1,0,0,0,0
824090,20260717,SDN,606996,Kyle Hart,0,1,0,0,0,0,4,3
824332,20260717,COL,687312,Gabriel Hughes,1,16,6,2,0,0,2,2
824332,20260717,COL,623474,Jimmy Herget,0,2,1,0,0,2,2,2
824332,20260717,COL,680767,Victor Vodnik,0,3,1,0,0,0,1,0
824332,20260717,COL,676105,Jeff Criswell,0,6,1,1,0,2,2,2
824332,20260717,CIN,663903,Brady Singer,1,21,6,0,0,1,2,2
824332,20260717,CIN,656271,Brock Burke,0,3,1,0,1,0,0,0
824332,20260717,CIN,622088,Tejay Antone,0,3,1,0,0,0,0,0
824009,20260717,ANA,672282,Reid Detmers,1,18,7,0,0,0,0,0
824009,20260717,ANA,666171,Ryan Zeferjahn,0,3,2,0,0,0,0,0
824009,20260717,ANA,696147,Sam Bachman,0,3,3,0,0,0,0,0
824009,20260717,ANA,489446,Kirby Yates,0,2,0,1,1,0,2,2
824009,20260717,ANA,696519,Samy Natera Jr.,0,1,0,0,0,0,0,0
824009,20260717,DET,675512,Troy Melton,1,17,9,4,0,0,1,1
824009,20260717,DET,672456,Keider Montero,0,10,5,0,1,0,0,0
824981,20260717,ATH,695611,Gage Jump,1,11,8,2,0,0,4,3
824981,20260717,ATH,660761,José Suarez,0,3,1,0,0,1,2,2
824981,20260717,ATH,686993,Justin Sterner,0,1,0,2,0,1,6,6
824981,20260717,ATH,814305,Yunior Tur,0,6,2,1,0,1,6,6
824981,20260717,ATH,669620,Brady Basso,0,3,2,0,0,0,0,0
824981,20260717,ATH,666126,Carlos Cortes,0,3,0,1,0,1,5,5
824981,20260717,WAS,676917,Cade Cavalli,1,18,9,0,0,1,2,2
824981,20260717,WAS,683000,Riley Cornelio,0,6,5,1,0,0,0,0
824981,20260717,WAS,678391,Jorbit Vivas,0,3,0,0,0,1,2,1
825060,20260717,ARI,518876,Merrill Kelly,1,15,3,2,0,1,3,1
825060,20260717,ARI,664199,Taylor Clarke,0,3,0,1,0,0,0,0
825060,20260717,ARI,656464,Kevin Ginkel,0,3,0,0,0,0,0,0
825060,20260717,ARI,666661,Juan Morillo,0,3,1,1,0,0,1,1
825060,20260717,ARI,623149,Paul Sewald,0,1,0,1,0,0,1,0
825060,20260717,ARI,805299,Brandyn Garcia,0,2,1,0,0,0,0,0
825060,20260717,SLN,700241,Michael McGreevy,1,19,5,1,0,1,2,1
825060,20260717,SLN,666277,George Soriano,0,2,1,0,0,0,0,0
825060,20260717,SLN,703725,Luis Gastelum,0,3,1,1,0,1,2,2
825060,20260717,SLN,676617,Riley O'Brien,0,3,1,1,0,0,0,0
823115,20260717,SEA,682243,Bryce Miller,1,17,6,1,1,1,3,2
823115,20260717,SEA,678606,José A. Ferrer,0,1,0,1,0,0,0,0
823115,20260717,SEA,689546,Nick Davila,0,3,0,0,1,1,4,4
823115,20260717,SEA,677961,Cole Wilcox,0,3,2,0,0,0,0,0
823115,20260717,SEA,621074,Michael Rucker,0,3,1,0,0,0,0,0
823115,20260717,SFN,694738,Landen Roupp,1,21,2,3,0,0,0,0
823115,20260717,SFN,671345,Jason Foley,0,3,1,0,0,0,0,0
823115,20260717,SFN,668873,Caleb Kilian,0,3,1,0,0,0,0,0
824414,20260718,CLE,668909,Gavin Williams,1,18,11,0,0,3,5,5
824414,20260718,CLE,670036,Matt Festa,0,4,3,0,0,0,2,2
824414,20260718,CLE,676051,Codi Heuer,0,5,0,0,0,0,0,0
824414,20260718,PIT,683003,Jared Jones,1,15,9,1,0,0,1,1
824414,20260718,PIT,669387,Carmen Mlodzinski,0,9,2,0,0,0,0,0
824414,20260718,PIT,676755,Isaac Mattson,0,3,2,0,0,0,0,0
824414,20260718,CLE,668909,Gavin Williams,1,18,11,0,0,3,5,5
824414,20260718,CLE,670036,Matt Festa,0,4,3,0,0,0,2,2
824414,20260718,CLE,676051,Codi Heuer,0,5,0,0,0,0,0,0
824414,20260718,PIT,683003,Jared Jones,1,15,9,1,0,0,1,1
824414,20260718,PIT,669387,Carmen Mlodzinski,0,9,2,0,0,0,0,0
824414,20260718,PIT,676755,Isaac Mattson,0,3,2,0,0,0,0,0
824412,20260718,CLE,671106,Logan Allen,1,10,3,3,0,0,3,2
824412,20260718,CLE,542888,Shawn Armstrong,0,3,3,0,0,0,0,0
824412,20260718,CLE,681870,Erik Sabrowski,0,2,0,0,0,0,0,0
824412,20260718,CLE,680916,Franco Aleman,0,3,0,1,0,0,0,0
824412,20260718,CLE,670059,Colin Holderman,0,3,1,1,0,0,0,0
824412,20260718,CLE,702021,Will Dion,0,3,1,0,0,0,0,0
824412,20260718,CLE,671922,Cade Smith,0,3,2,0,0,0,0,0
824412,20260718,PIT,682254,Mason Montgomery,1,3,1,1,0,0,0,0
824412,20260718,PIT,694753,Khristian Curtis,0,15,4,2,0,0,0,0
824412,20260718,PIT,670990,Yohan Ramírez,0,2,1,0,0,0,0,0
824412,20260718,PIT,685126,Brandon Eisert,0,2,2,0,0,0,3,3
824412,20260718,PIT,642397,Gregory Soto,0,2,2,1,0,0,0,0
824412,20260718,PIT,642701,Dennis Santana,0,1,0,0,0,1,2,2
824657,20260718,CHN,571510,Matthew Boyd,1,18,4,1,0,1,1,1
824657,20260718,CHN,573204,Caleb Thielbar,0,3,2,0,0,1,1,1
824657,20260718,CHN,663423,Trent Thornton,0,3,0,0,0,0,0,0
824657,20260718,CHN,657097,Jacob Webb,0,3,1,0,0,0,0,0
824657,20260718,MIN,671737,Taj Bradley,1,15,6,3,0,1,5,5
824657,20260718,MIN,702474,Mike Paredes,0,6,4,1,0,0,1,1
824657,20260718,MIN,696070,Kendry Rojas,0,3,1,0,0,0,0,0
823441,20260718,PHI,666200,Jesús Luzardo,1,15,7,2,0,1,1,1
823441,20260718,PHI,689147,Orion Kerkering,0,3,1,0,0,0,0,0
823441,20260718,PHI,621237,José Alvarado,0,3,1,0,0,0,0,0
823441,20260718,PHI,663767,Chase Shugart,0,6,2,0,0,0,0,0
823441,20260718,NYN,640455,Sean Manaea,1,14,7,2,1,2,4,4
823441,20260718,NYN,673540,Kodai Senga,0,4,2,3,0,0,2,2
823441,20260718,NYN,675540,Xzavion Curry,0,6,1,0,0,0,0,0
822790,20260718,TOR,669456,Shane Bieber,1,18,6,2,0,0,0,0
822790,20260718,TOR,656546,Jeff Hoffman,0,3,2,1,0,0,0,0
822790,20260718,TOR,643511,Tyler Rogers,0,3,1,0,0,0,0,0
822790,20260718,TOR,686973,Louis Varland,0,3,1,0,0,0,0,0
822790,20260718,CHA,663436,Davis Martin,1,17,5,2,0,0,1,1
822790,20260718,CHA,656794,Sean Newcomb,0,4,1,1,0,0,0,0
822790,20260718,CHA,663855,Jordan Hicks,0,3,0,0,0,0,0,0
824331,20260718,COL,608372,Tomoyuki Sugano,1,19,3,0,0,2,3,3
824331,20260718,COL,675848,Juan Mejia,0,2,0,1,0,0,0,0
824331,20260718,COL,657514,Brennan Bernardino,0,3,3,0,0,0,0,0
824331,20260718,COL,688642,Zach Agnos,0,3,0,0,0,0,0,0
824331,20260718,CIN,695076,Rhett Lowder,1,7,2,0,0,0,8,8
824331,20260718,CIN,670062,Julian Garcia,0,8,2,0,0,0,0,0
824331,20260718,CIN,657571,Caleb Ferguson,0,3,2,1,0,1,2,2
824331,20260718,CIN,594580,Sam Moll,0,3,1,2,0,0,0,0
824331,20260718,CIN,572955,Pierce Johnson,0,3,1,0,0,0,0,0
824169,20260718,HOU,681293,Spencer Arrighetti,1,15,6,4,1,0,1,1
824169,20260718,HOU,805123,AJ Blubaugh,0,6,3,1,0,0,0,0
824169,20260718,HOU,650556,Bryan Abreu,0,3,0,0,0,0,0,0
824169,20260718,HOU,623352,Josh Hader,0,3,3,0,0,0,0,0
824169,20260718,HOU,595345,Steven Okert,0,3,1,0,0,0,1,0
824169,20260718,HOU,660853,Enyel De Los Santos,0,3,2,1,0,0,2,1
824169,20260718,BAL,669432,Trevor Rogers,1,19,8,1,0,0,1,1
824169,20260718,BAL,670329,Rico Garcia,0,2,0,1,0,0,0,0
824169,20260718,BAL,666974,Yennier Cano,0,3,0,0,0,0,0,0
824169,20260718,BAL,669330,Tyler Wells,0,3,1,0,0,0,0,0
824169,20260718,BAL,552640,Andrew Kittredge,0,3,0,0,0,0,1,0
824169,20260718,BAL,676742,Cam Sanders,0,3,1,0,0,0,0,0
824088,20260718,KCA,677976,Randy Dobnak,1,13,3,4,0,1,1,1
824088,20260718,KCA,674444,Steven Cruz,0,2,0,0,0,0,0,0
824088,20260718,KCA,663738,Daniel Lynch IV,0,6,0,0,0,0,0,0
824088,20260718,KCA,694360,Beck Way,0,3,2,0,0,0,0,0
824088,20260718,KCA,669212,Eli Morgan,0,3,0,1,0,0,0,0
824088,20260718,SDN,656288,Griffin Canning,1,11,4,2,0,1,4,4
824088,20260718,SDN,663362,Matt Waldron,0,7,2,0,0,1,2,2
824088,20260718,SDN,676760,Ron Marinaccio,0,3,1,0,0,0,0,0
824088,20260718,SDN,666745,Jhony Brito,0,3,1,0,0,0,0,0
825059,20260718,ARI,694297,Brandon Pfaadt,1,16,3,0,1,0,2,2
825059,20260718,ARI,657044,Ryan Thompson,0,2,0,0,0,0,0,0
825059,20260718,ARI,642528,Jonathan Loáisiga,0,2,1,1,0,0,0,0
825059,20260718,ARI,805299,Brandyn Garcia,0,1,0,0,0,0,0,0
825059,20260718,ARI,656464,Kevin Ginkel,0,3,1,1,0,0,0,0
825059,20260718,ARI,623149,Paul Sewald,0,3,2,0,0,1,1,1
825059,20260718,SLN,669160,Dustin May,1,15,6,4,0,0,5,5
825059,20260718,SLN,700669,Gordon Graceffo,0,3,2,0,0,0,0,0
825059,20260718,SLN,677865,Justin Bruihl,0,3,0,1,0,0,0,0
825059,20260718,SLN,694335,Matt Svanson,0,3,0,0,0,0,0,0
824738,20260718,BOS,663776,Patrick Sandoval,1,15,5,1,0,1,5,4
824738,20260718,BOS,670245,Ryan Watson,0,6,2,0,0,1,1,1
824738,20260718,BOS,676477,Garrett Whitlock,0,3,0,0,0,0,0,0
824738,20260718,BOS,547973,Aroldis Chapman,0,3,0,2,0,0,0,0
824738,20260718,TBA,693855,Ian Seymour,1,9,4,2,0,2,3,3
824738,20260718,TBA,687330,Kevin Kelly,0,6,2,0,1,0,0,0
824738,20260718,TBA,668984,Casey Legumina,0,3,0,0,1,0,1,1
824738,20260718,TBA,642121,Cole Sulser,0,2,1,0,0,0,2,0
824738,20260718,TBA,664076,Garrett Cleavinger,0,1,0,1,0,1,1,1
824738,20260718,TBA,592155,Cam Booser,0,3,1,0,0,0,0,0
824899,20260718,ATL,702566,Owen Murphy,1,8,2,2,0,1,3,2
824899,20260718,ATL,689266,Dylan Dodd,0,4,2,0,0,0,0,0
824899,20260718,ATL,702275,JR Ritchie,0,3,1,0,0,0,0,0
824899,20260718,ATL,641755,Tyler Kinley,0,1,0,1,0,1,3,3
824899,20260718,ATL,669276,Dylan Lee,0,2,1,0,0,0,1,1
824899,20260718,ATL,664849,Danny Young,0,3,0,1,1,0,0,0
824899,20260718,ATL,800311,Didier Fuentes,0,3,2,0,0,0,0,0
824899,20260718,ATL,628452,Raisel Iglesias,0,3,1,0,0,0,0,0
824899,20260718,TEX,669022,MacKenzie Gore,1,17,7,1,3,2,5,5
824899,20260718,TEX,695239,Robby Ahlstrom,0,1,0,0,0,0,0,0
824899,20260718,TEX,641302,Tyler Alexander,0,3,0,0,0,0,1,1
824899,20260718,TEX,596001,Jakob Junis,0,2,1,0,0,0,0,0
824899,20260718,TEX,656641,Jacob Latz,0,4,1,0,0,0,0,0
823763,20260718,MIL,675660,Shane Drohan,1,18,9,1,1,0,3,3
823763,20260718,MIL,682842,Abner Uribe,0,3,3,0,0,0,0,0
823763,20260718,MIL,684974,Craig Yoho,0,3,0,1,1,1,3,3
823763,20260718,MIL,656730,Trevor Megill,0,3,1,0,0,0,0,0
823763,20260718,MIA,676974,Max Meyer,1,9,5,3,0,0,2,2
823763,20260718,MIA,806188,Cade Gibson,0,3,0,2,0,0,0,0
823763,20260718,MIA,676604,Tyler Zuber,0,3,2,0,0,0,0,0
823763,20260718,MIA,676534,Calvin Faucher,0,2,1,2,0,0,4,4
823763,20260718,MIA,687473,Ryan Gusto,0,7,2,0,0,0,2,1
823116,20260718,SEA,693433,Bryan Woo,1,18,7,2,0,2,3,2
823116,20260718,SEA,642100,Gabe Speier,0,3,1,0,0,0,0,0
823116,20260718,SEA,660825,Eduard Bazardo,0,3,1,0,0,0,0,0
823116,20260718,SEA,662253,Andrés Muñoz,0,3,2,0,0,0,0,0
823116,20260718,SEA,678606,José A. Ferrer,0,3,1,1,0,0,0,0
823116,20260718,SFN,657277,Logan Webb,1,20,5,1,2,1,3,3
823116,20260718,SFN,656529,Sam Hentges,0,3,1,1,0,0,0,0
823116,20260718,SFN,676775,Keaton Winn,0,1,0,0,1,0,0,0
823116,20260718,SFN,669062,Erik Miller,0,3,2,0,0,0,0,0
823116,20260718,SFN,681916,Dylan Smith,0,2,0,1,0,0,1,0
824979,20260718,ATH,669372,J.T. Ginn,1,19,7,3,0,0,0,0
824979,20260718,ATH,663687,Hogan Harris,0,2,1,0,0,0,0,0
824979,20260718,ATH,643410,Mark Leiter Jr.,0,3,2,1,1,0,0,0
824979,20260718,ATH,665622,Luis Medina,0,3,1,0,0,0,1,1
824979,20260718,WAS,641793,Zack Littell,1,18,4,4,1,2,8,8
824979,20260718,WAS,668820,Max Kranick,0,2,1,2,0,1,5,5
824979,20260718,WAS,687223,Carson Palmquist,0,1,1,0,1,0,1,1
824979,20260718,WAS,678391,Jorbit Vivas,0,3,0,1,1,0,1,1
824008,20260718,ANA,680570,Grayson Rodriguez,1,12,3,1,2,1,6,6
824008,20260718,ANA,608718,Brent Suter,0,9,2,0,0,1,1,1
824008,20260718,ANA,820862,José Fermin,0,6,2,0,0,0,0,0
824008,20260718,DET,669373,Tarik Skubal,1,21,9,0,0,0,0,0
824008,20260718,DET,621097,Jacob Waguespack,0,2,1,2,0,0,0,0
824008,20260718,DET,640448,Kyle Finnegan,0,1,0,0,0,0,0,0
824008,20260718,DET,669724,Brenan Hanifee,0,3,0,0,0,0,0,0
823523,20260719,NYA,693645,Cam Schlittler,1,13,8,0,1,0,3,3
823523,20260719,NYA,657612,Tim Hill,0,4,1,2,0,0,0,0
823523,20260719,NYA,683409,Angel Chivilli,0,4,3,0,0,0,0,0
823523,20260719,NYA,656234,Jake Bird,0,1,1,2,0,0,5,5
823523,20260719,NYA,666808,Camilo Doval,0,5,0,3,1,0,0,0
823523,20260719,LAN,808967,Yoshinobu Yamamoto,1,27,7,0,0,1,2,2
822786,20260719,TOR,702056,Trey Yesavage,1,18,9,2,0,1,3,3
822786,20260719,TOR,680755,Braydon Fisher,0,2,1,0,0,0,0,0
822786,20260719,TOR,689254,Mason Fluharty,0,4,2,0,0,0,0,0
822786,20260719,TOR,681751,Lazaro Estrada,0,3,0,0,0,0,0,0
822786,20260719,CHA,680732,Sean Burke,1,20,5,1,0,0,0,0
822786,20260719,CHA,663542,Bryan Hudson,0,4,1,0,0,0,0,0
822786,20260719,CHA,691799,Grant Taylor,0,3,0,0,0,0,0,0
823523,20260719,NYA,693645,Cam Schlittler,1,13,8,0,1,0,3,3
823523,20260719,NYA,657612,Tim Hill,0,4,1,2,0,0,0,0
823523,20260719,NYA,683409,Angel Chivilli,0,4,3,0,0,0,0,0
823523,20260719,NYA,656234,Jake Bird,0,1,1,2,0,0,5,5
823523,20260719,NYA,666808,Camilo Doval,0,5,0,3,1,0,0,0
823523,20260719,LAN,808967,Yoshinobu Yamamoto,1,27,7,0,0,1,2,2
823521,20260719,NYA,642232,Ryan Yarbrough,1,8,1,0,0,0,0,0
823521,20260719,NYA,621112,Paul Blackburn,0,7,1,1,0,0,0,0
823521,20260719,NYA,687396,Brent Headrick,0,6,3,0,0,0,0,0
823521,20260719,NYA,518585,Fernando Cruz,0,1,1,2,0,1,1,1
823521,20260719,NYA,670280,David Bednar,0,5,2,1,0,0,0,0
823521,20260719,LAN,694361,Will Klein,1,3,1,0,0,0,1,1
823521,20260719,LAN,669165,Kyle Hurt,0,6,1,2,0,0,0,0
823521,20260719,LAN,683618,Edgardo Henriquez,0,2,1,2,0,0,0,0
823521,20260719,LAN,676263,Jack Dreyer,0,1,0,0,0,0,0,0
823521,20260719,LAN,592779,Brock Stewart,0,6,2,0,0,0,0,0
823521,20260719,LAN,681911,Alex Vesia,0,3,3,0,0,0,0,0
823521,20260719,LAN,623465,Evan Phillips,0,3,1,1,0,1,1,1
824739,20260719,BOS,543243,Sonny Gray,1,18,5,4,0,1,1,1
824739,20260719,BOS,669711,Greg Weissert,0,3,1,0,0,0,0,0
824739,20260719,BOS,663558,Jovani Morán,0,3,0,0,0,0,0,0
824739,20260719,BOS,670245,Ryan Watson,0,3,2,1,0,0,0,0
824739,20260719,TBA,663556,Shane McClanahan,1,15,3,3,1,1,6,5
824739,20260719,TBA,518886,Craig Kimbrel,0,3,2,0,0,0,0,0
824739,20260719,TBA,688297,Chris Roycroft,0,6,0,1,0,0,0,0
823439,20260719,PHI,660604,Alan Rangel,1,12,4,3,1,1,5,5
823439,20260719,PHI,641835,Tim Mayza,0,3,1,0,0,0,1,1
823439,20260719,PHI,676661,Max Lazar,0,5,1,2,0,0,0,0
823439,20260719,PHI,686751,Seth Johnson,0,4,2,2,0,0,0,0
823439,20260719,PHI,661395,Jhoan Duran,0,3,0,0,0,0,0,0
823439,20260719,NYN,690997,Nolan McLean,1,18,10,2,0,0,0,0
823439,20260719,NYN,621345,A.J. Minter,0,3,0,0,0,1,1,1
823439,20260719,NYN,623211,Huascar Brazobán,0,3,2,1,0,0,0,0
823439,20260719,NYN,672335,Cionel Pérez,0,3,2,0,0,0,0,0
824897,20260719,ATL,656550,Grant Holmes,1,15,2,2,0,0,3,3
824897,20260719,ATL,689266,Dylan Dodd,0,2,2,0,0,0,0,0
824897,20260719,ATL,800311,Didier Fuentes,0,4,0,0,0,0,0,0
824897,20260719,ATL,669276,Dylan Lee,0,3,2,1,0,0,1,1
824897,20260719,ATL,628452,Raisel Iglesias,0,3,1,0,0,1,1,1
824897,20260719,TEX,543135,Nathan Eovaldi,1,12,2,2,0,3,4,4
824897,20260719,TEX,695239,Robby Ahlstrom,0,3,3,0,0,0,0,0
824897,20260719,TEX,668390,Cole Winn,0,3,2,0,0,0,0,0
824897,20260719,TEX,641302,Tyler Alexander,0,1,0,0,0,0,2,2
824897,20260719,TEX,682608,Peyton Gray,0,2,1,0,0,0,1,1
824897,20260719,TEX,687239,Ben Peoples,0,3,1,0,0,1,1,1
824411,20260719,CLE,676282,Joey Cantillo,1,15,7,3,0,0,4,4
824411,20260719,CLE,680916,Franco Aleman,0,3,3,1,0,0,1,1
824411,20260719,CLE,683769,Hunter Gaddis,0,3,1,1,0,0,0,0
824411,20260719,CLE,702021,Will Dion,0,6,4,0,0,1,2,2
824411,20260719,PIT,694973,Paul Skenes,1,21,8,2,0,0,1,1
824411,20260719,PIT,682254,Mason Montgomery,0,3,2,0,0,0,0,0
824411,20260719,PIT,676755,Isaac Mattson,0,3,1,0,0,0,0,0
824168,20260719,HOU,686613,Hunter Brown,1,14,4,6,2,0,4,4
824168,20260719,HOU,687911,Bryan King,0,3,1,0,0,1,1,1
824168,20260719,HOU,678906,Kai-Wei Teng,0,7,3,1,2,0,0,0
824168,20260719,HOU,664299,Cristian Javier,0,3,2,0,0,0,0,0
824168,20260719,BAL,687064,Brandon Young,1,21,7,1,0,0,1,1
824168,20260719,BAL,670329,Rico Garcia,0,3,1,0,0,1,1,1
824168,20260719,BAL,664991,Grant Wolfram,0,3,0,0,0,0,0,0
824086,20260719,KCA,702070,Noah Cameron,1,15,1,2,0,1,7,7
824086,20260719,KCA,621381,Matt Strahm,0,3,1,0,0,1,1,1
824086,20260719,KCA,694360,Beck Way,0,5,2,1,0,0,4,1
824086,20260719,KCA,668674,Lucas Erceg,0,1,0,2,1,1,1,1
824086,20260719,KCA,686475,Tyler Tolbert,0,3,0,1,1,2,6,6
824086,20260719,SDN,608566,Germán Márquez,1,9,2,2,0,1,2,2
824086,20260719,SDN,673513,Yuki Matsui,0,6,3,0,0,0,0,0
824086,20260719,SDN,681190,Randy Vásquez,0,9,2,0,0,0,0,0
824086,20260719,SDN,593974,Wandy Peralta,0,3,0,0,0,0,0,0
823764,20260719,MIL,688107,Robert Gasser,1,15,5,0,0,1,1,1
823764,20260719,MIL,694477,Chad Patrick,0,6,3,1,0,0,0,0
823764,20260719,MIL,676879,Aaron Ashby,0,3,1,0,0,0,0,0
823764,20260719,MIL,681982,Grant Anderson,0,3,1,0,0,0,0,0
823764,20260719,MIA,691587,Eury Pérez,1,18,9,3,1,0,0,0
823764,20260719,MIA,806188,Cade Gibson,0,2,1,0,0,0,0,0
823764,20260719,MIA,656848,Michael Petersen,0,4,1,0,0,0,0,0
823764,20260719,MIA,664126,Pete Fairbanks,0,1,1,1,0,1,3,3
824653,20260719,CHN,684007,Shota Imanaga,1,21,4,1,0,0,0,0
824653,20260719,CHN,664208,Phil Maton,0,3,0,1,0,0,1,1
824653,20260719,CHN,519141,Drew Pomeranz,0,3,0,1,0,0,0,0
824653,20260719,MIN,805673,Zebby Matthews,1,9,4,3,0,1,10,8
824653,20260719,MIN,701519,Travis Adams,0,9,2,1,0,0,0,0
824653,20260719,MIN,681892,Kody Funderburk,0,3,1,1,0,0,0,0
824653,20260719,MIN,808970,Woo-Suk Go,0,3,2,1,0,0,0,0
824330,20260719,COL,663372,Ryan Feltner,1,7,3,4,0,3,8,8
824330,20260719,COL,685299,Tanner Gordon,0,17,2,1,0,1,1,1
824330,20260719,COL,605447,Jordan Romano,0,3,1,0,0,0,0,0
824330,20260719,CIN,668881,Hunter Greene,1,18,7,0,0,2,3,3
824330,20260719,CIN,656271,Brock Burke,0,3,0,0,0,0,0,0
824330,20260719,CIN,594580,Sam Moll,0,3,0,0,0,1,2,2
824330,20260719,CIN,641941,Emilio Pagán,0,3,2,0,0,1,1,1
824978,20260719,ATH,682052,Jacob Lopez,1,13,6,2,2,0,2,2
824978,20260719,ATH,665660,Elvis Alvarado,0,2,0,1,1,2,3,3
824978,20260719,ATH,669620,Brady Basso,0,6,3,1,0,0,0,0
824978,20260719,ATH,664129,Geoff Hartlieb,0,6,1,1,0,0,0,0
824978,20260719,WAS,656492,Foster Griffin,1,21,2,1,0,0,1,1
824978,20260719,WAS,676680,Tom Cosgrove,0,2,2,0,0,0,0,0
824978,20260719,WAS,690925,Clayton Beeter,0,4,2,1,0,0,1,1
824007,20260719,ANA,696270,Ryan Johnson,1,15,5,3,0,1,1,1
824007,20260719,ANA,696519,Samy Natera Jr.,0,3,2,0,0,0,0,0
824007,20260719,ANA,681217,Chase Silseth,0,3,0,0,0,0,0,0
824007,20260719,ANA,696147,Sam Bachman,0,3,0,0,0,0,0,0
824007,20260719,ANA,666171,Ryan Zeferjahn,0,3,0,0,0,1,1,1
824007,20260719,DET,663554,Casey Mize,1,10,5,1,0,0,1,1
824007,20260719,DET,623454,Drew Anderson,0,4,1,3,0,0,1,1
824007,20260719,DET,669724,Brenan Hanifee,0,3,0,0,0,0,1,1
824007,20260719,DET,663947,Tyler Holton,0,4,2,0,1,0,0,0
824007,20260719,DET,445276,Kenley Jansen,0,3,2,1,0,0,0,0
823113,20260719,SEA,669302,Logan Gilbert,1,18,10,1,0,1,3,3
823113,20260719,SEA,660825,Eduard Bazardo,0,3,3,0,0,0,0,0
823113,20260719,SEA,642100,Gabe Speier,0,3,1,1,0,0,0,0
823113,20260719,SEA,662253,Andrés Muñoz,0,3,2,0,0,0,0,0
823113,20260719,SFN,592662,Robbie Ray,1,12,6,2,0,0,3,1
823113,20260719,SFN,656529,Sam Hentges,0,3,0,0,0,0,0,0
823113,20260719,SFN,605288,Adrian Houser,0,9,1,1,0,2,3,3
825057,20260719,ARI,593958,Eduardo Rodriguez,1,8,3,2,0,0,5,5
825057,20260719,ARI,686753,Drey Jameson,0,6,2,3,0,0,2,2
825057,20260719,ARI,691769,Philip Abner,0,6,1,2,0,0,0,0
825057,20260719,ARI,664199,Taylor Clarke,0,4,1,0,0,0,0,0
825057,20260719,ARI,657044,Ryan Thompson,0,2,0,1,0,0,0,0
825057,20260719,ARI,666661,Juan Morillo,0,4,0,0,0,0,0,0
825057,20260719,SLN,669467,Andre Pallante,1,16,3,2,0,0,3,3
825057,20260719,SLN,592773,Ryne Stanek,0,2,0,1,0,0,1,1
825057,20260719,SLN,666277,George Soriano,0,3,2,0,0,1,1,1
825057,20260719,SLN,700669,Gordon Graceffo,0,3,0,1,0,1,2,2
825057,20260719,SLN,703725,Luis Gastelum,0,4,2,0,0,0,1,0
824410,20260720,CLE,676440,Tanner Bibee,1,18,5,1,0,0,2,2
824410,20260720,CLE,670059,Colin Holderman,0,3,0,1,0,0,1,1
824410,20260720,CLE,670036,Matt Festa,0,3,3,0,0,0,1,1
824410,20260720,CLE,542888,Shawn Armstrong,0,3,1,1,0,0,0,0
824410,20260720,MIN,657746,Joe Ryan,1,12,3,0,0,6,8,8
824410,20260720,MIN,681892,Kody Funderburk,0,3,0,0,0,0,1,1
824410,20260720,MIN,667297,Tommy Nance,0,3,2,2,0,0,1,1
824410,20260720,MIN,808970,Woo-Suk Go,0,3,2,0,0,1,3,3
824410,20260720,MIN,656577,Alex Jackson,0,3,0,0,0,0,0,0
823522,20260720,NYA,677960,Ryan Weathers,1,14,5,2,0,1,5,5
823522,20260720,NYA,683409,Angel Chivilli,0,4,0,1,0,0,0,0
823522,20260720,NYA,687396,Brent Headrick,0,3,2,0,0,0,0,0
823522,20260720,NYA,657612,Tim Hill,0,2,0,0,0,0,0,0
823522,20260720,NYA,518585,Fernando Cruz,0,4,3,0,0,0,0,0
823522,20260720,PIT,677952,Braxton Ashcraft,1,9,2,1,0,2,8,7
823522,20260720,PIT,696062,Wilber Dotel,0,9,5,0,0,0,0,0
823522,20260720,PIT,685126,Brandon Eisert,0,3,1,0,0,0,0,0
823522,20260720,PIT,642701,Dennis Santana,0,3,0,0,0,0,0,0
822788,20260720,TOR,656302,Dylan Cease,1,18,7,1,0,2,5,3
822788,20260720,TOR,680755,Braydon Fisher,0,3,1,0,0,0,1,1
822788,20260720,TOR,663893,Brendon Little,0,6,1,1,0,1,1,1
822788,20260720,TBA,607259,Nick Martinez,1,18,0,1,0,0,1,1
822788,20260720,TBA,592155,Cam Booser,0,3,1,0,0,0,0,0
822788,20260720,TBA,668984,Casey Legumina,0,3,1,0,0,0,0,0
822788,20260720,TBA,641329,Bryan Baker,0,3,0,1,0,0,0,0
824736,20260720,BOS,801139,Payton Tolle,1,17,9,1,1,1,4,4
824736,20260720,BOS,594027,Tyron Guerrero,0,4,3,0,0,0,1,1
824736,20260720,BOS,676477,Garrett Whitlock,0,3,1,0,0,0,0,0
824736,20260720,BOS,547973,Aroldis Chapman,0,3,2,1,0,0,0,0
824736,20260720,BAL,669358,Shane Baz,1,18,6,0,0,0,4,1
824736,20260720,BAL,666974,Yennier Cano,0,2,0,0,0,0,1,1
824736,20260720,BAL,669330,Tyler Wells,0,4,3,0,0,1,1,1
823436,20260720,PHI,650911,Cristopher Sánchez,1,16,7,0,2,0,3,2
823436,20260720,PHI,689147,Orion Kerkering,0,2,1,1,0,0,0,0
823436,20260720,PHI,680742,Jonathan Bowlan,0,3,0,0,0,1,1,1
823436,20260720,PHI,621237,José Alvarado,0,3,1,0,0,0,0,0
823436,20260720,PHI,663767,Chase Shugart,0,2,1,1,0,1,3,3
823436,20260720,PHI,661395,Jhoan Duran,0,1,0,0,0,0,0,0
823436,20260720,LAN,686218,Emmet Sheehan,1,16,6,1,1,2,6,6
823436,20260720,LAN,681911,Alex Vesia,0,2,1,1,0,1,2,2
823436,20260720,LAN,689017,Landon Knack,0,6,2,0,0,2,2,2
824898,20260720,ATL,693821,Bryce Elder,1,18,4,1,0,2,2,2
824898,20260720,ATL,664849,Danny Young,0,2,0,0,0,0,0,0
824898,20260720,ATL,682989,Victor Mederos,0,7,1,1,0,0,0,0
824898,20260720,SDN,676664,JP Sears,1,15,3,0,0,1,2,1
824898,20260720,SDN,593974,Wandy Peralta,0,3,1,1,0,1,1,1
824898,20260720,SDN,699134,Bradgley Rodriguez,0,3,2,0,0,0,0,0
824898,20260720,SDN,606996,Kyle Hart,0,3,2,1,0,0,0,0
824087,20260720,KCA,608379,Michael Wacha,1,18,5,2,0,1,1,1
824087,20260720,KCA,674444,Steven Cruz,0,3,0,0,0,0,0,0
824087,20260720,KCA,663738,Daniel Lynch IV,0,3,1,0,0,0,0,0
824087,20260720,KCA,656638,Alex Lange,0,3,2,0,0,1,2,2
824087,20260720,SFN,686790,Trevor McDonald,1,12,3,2,2,1,3,3
824087,20260720,SFN,664141,JT Brubaker,0,7,2,0,0,0,0,0
824087,20260720,SFN,681916,Dylan Smith,0,2,1,0,0,0,0,0
824087,20260720,SFN,671345,Jason Foley,0,3,0,0,0,0,0,0
824087,20260720,SFN,668873,Caleb Kilian,0,1,0,0,0,0,1,1
823762,20260720,MIL,694819,Jacob Misiorowski,1,12,6,1,0,0,1,0
823762,20260720,MIL,684974,Craig Yoho,0,3,2,1,0,0,0,0
823762,20260720,MIL,621121,Lance McCullers Jr.,0,9,4,1,0,0,2,2
823762,20260720,MIL,681982,Grant Anderson,0,3,3,1,0,0,0,0
823762,20260720,NYN,642547,Freddy Peralta,1,16,6,2,0,2,7,7
823762,20260720,NYN,675540,Xzavion Curry,0,8,2,1,0,1,1,1
824654,20260720,CHN,592791,Jameson Taillon,1,13,6,2,0,2,4,4
824654,20260720,CHN,669020,Ryan Rolison,0,5,0,0,0,0,0,0
824654,20260720,CHN,668970,Gavin Hollowell,0,2,1,0,0,0,0,0
824654,20260720,CHN,573204,Caleb Thielbar,0,1,0,0,0,0,0,0
824654,20260720,CHN,621053,Tyler Ferguson,0,3,1,0,0,1,1,1
824654,20260720,CHN,657097,Jacob Webb,0,3,1,1,0,0,0,0
824654,20260720,CHN,663423,Trent Thornton,0,0,0,0,0,0,2,1
824654,20260720,CHN,665871,Javier Assad,0,3,2,1,0,0,1,0
824654,20260720,DET,656427,Jack Flaherty,1,12,4,2,0,2,3,3
824654,20260720,DET,805427,Drew Sommers,0,4,1,1,0,0,0,0
824654,20260720,DET,621097,Jacob Waguespack,0,4,1,0,0,0,0,0
824654,20260720,DET,640448,Kyle Finnegan,0,4,2,0,0,1,2,2
824654,20260720,DET,445276,Kenley Jansen,0,3,2,2,0,0,0,0
824654,20260720,DET,663947,Tyler Holton,0,3,0,0,0,0,1,0
822874,20260720,TEX,594798,Jacob deGrom,1,14,6,2,0,0,5,5
822874,20260720,TEX,682608,Peyton Gray,0,4,0,0,0,0,0,0
822874,20260720,TEX,687239,Ben Peoples,0,3,0,0,0,0,0,0
822874,20260720,TEX,695239,Robby Ahlstrom,0,3,1,1,0,0,0,0
822874,20260720,TEX,692030,Jose Corniell,0,3,1,2,0,0,5,5
822874,20260720,CHA,607200,Erick Fedde,1,12,6,0,0,1,2,2
822874,20260720,CHA,669684,Chris Murphy,0,4,1,0,0,0,0,0
822874,20260720,CHA,663855,Jordan Hicks,0,2,2,1,0,0,0,0
822874,20260720,CHA,622554,Seranthony Domínguez,0,3,2,0,0,1,1,1
822874,20260720,CHA,656794,Sean Newcomb,0,3,2,1,0,0,0,0
822874,20260720,CHA,670950,Trevor Richards,0,3,1,0,0,0,0,0
824167,20260720,HOU,669854,Ronel Blanco,1,14,8,3,0,2,4,4
824167,20260720,HOU,660853,Enyel De Los Santos,0,4,2,0,0,0,0,0
824167,20260720,HOU,595345,Steven Okert,0,3,2,0,0,0,0,0
824167,20260720,HOU,650556,Bryan Abreu,0,3,2,1,0,0,0,0
824167,20260720,HOU,623352,Josh Hader,0,3,0,0,0,0,1,1
824167,20260720,MIA,676083,Janson Junk,1,12,3,3,0,2,6,6
824167,20260720,MIA,669199,Lake Bachar,0,3,1,0,0,1,1,1
824167,20260720,MIA,690978,Dax Fulton,0,9,4,2,0,0,1,1
824328,20260720,COL,607536,Kyle Freeland,1,18,4,2,0,2,4,4
824328,20260720,COL,622608,Antonio Senzatela,0,3,2,0,0,1,2,2
824328,20260720,COL,675848,Juan Mejia,0,3,1,0,0,0,0,0
824328,20260720,COL,680767,Victor Vodnik,0,3,0,0,0,0,1,1
824328,20260720,WAS,674841,Andrew Alvarez,1,13,2,3,0,0,3,3
824328,20260720,WAS,683000,Riley Cornelio,0,5,0,2,0,0,0,0
824328,20260720,WAS,640454,Matt Krook,0,3,1,0,0,0,0,0
824328,20260720,WAS,676680,Tom Cosgrove,0,6,0,0,0,0,0,0
825058,20260720,ARI,683352,Mitch Bratt,1,14,4,1,1,2,2,2
825058,20260720,ARI,686228,Juan Burgos,0,4,0,0,1,0,0,0
825058,20260720,ARI,656464,Kevin Ginkel,0,3,1,0,0,0,3,3
825058,20260720,ARI,642528,Jonathan Loáisiga,0,3,1,0,0,0,0,0
825058,20260720,ARI,805299,Brandyn Garcia,0,3,1,0,0,0,0,0
825058,20260720,ATH,605488,Jeffrey Springs,1,15,2,1,0,1,2,2
825058,20260720,ATH,665622,Luis Medina,0,6,2,0,0,0,0,0
825058,20260720,ATH,660761,José Suarez,0,3,0,0,0,0,0,0
825058,20260720,ATH,663687,Hogan Harris,0,3,3,1,0,0,0,0
823112,20260720,SEA,669923,George Kirby,1,18,6,1,0,0,0,0
823112,20260720,SEA,689546,Nick Davila,0,3,0,0,1,0,0,0
823112,20260720,SEA,677961,Cole Wilcox,0,3,0,1,0,0,0,0
823112,20260720,SEA,621074,Michael Rucker,0,3,3,0,0,0,0,0
823112,20260720,CIN,671096,Andrew Abbott,1,18,6,2,0,0,1,0
823112,20260720,CIN,572955,Pierce Johnson,0,1,0,0,0,0,4,4
823112,20260720,CIN,657571,Caleb Ferguson,0,2,1,1,0,1,2,2
823112,20260720,CIN,695534,Chase Petty,0,3,0,0,1,0,1,1
824006,20260720,ANA,667755,José Soriano,1,21,7,1,0,0,2,2
824006,20260720,ANA,696519,Samy Natera Jr.,0,3,2,0,0,0,0,0
824006,20260720,ANA,820862,José Fermin,0,3,2,1,0,0,0,0
824006,20260720,SLN,681517,Kyle Leahy,1,18,4,0,0,1,1,1
824006,20260720,SLN,592773,Ryne Stanek,0,3,1,1,0,0,0,0
824006,20260720,SLN,666277,George Soriano,0,3,1,0,0,0,0,0
824006,20260720,SLN,676617,Riley O'Brien,0,1,1,1,2,0,2,2
824409,20260721,CLE,800048,Parker Messick,1,17,6,0,0,1,2,1
824409,20260721,CLE,670059,Colin Holderman,0,1,0,1,0,0,0,0
824409,20260721,CLE,542888,Shawn Armstrong,0,2,1,0,0,0,0,0
824409,20260721,CLE,683769,Hunter Gaddis,0,4,1,0,0,0,0,0
824409,20260721,CLE,671922,Cade Smith,0,3,1,0,0,0,0,0
824409,20260721,MIN,696070,Kendry Rojas,1,7,2,2,0,0,2,2
824409,20260721,MIN,702474,Mike Paredes,0,9,0,1,1,0,2,2
824409,20260721,MIN,573124,Taylor Rogers,0,4,0,1,0,0,1,1
824409,20260721,MIN,681252,Jack Anderson,0,4,1,0,0,0,0,0
823437,20260721,PHI,554430,Zack Wheeler,1,21,9,0,0,1,2,2
823437,20260721,PHI,621237,José Alvarado,0,3,1,0,0,0,0,0
823437,20260721,PHI,680742,Jonathan Bowlan,0,3,1,0,0,0,0,0
823437,20260721,LAN,680736,Justin Wrobleski,1,19,7,1,0,0,1,1
823437,20260721,LAN,623465,Evan Phillips,0,3,2,0,0,0,0,0
823437,20260721,LAN,656945,Tanner Scott,0,5,2,0,0,0,0,0
822787,20260721,TOR,592332,Kevin Gausman,1,10,1,2,0,0,5,4
822787,20260721,TOR,689254,Mason Fluharty,0,2,0,0,0,0,0,0
822787,20260721,TOR,681751,Lazaro Estrada,0,6,3,1,0,1,3,3
822787,20260721,TOR,571578,Patrick Corbin,0,7,3,0,0,1,4,4
822787,20260721,TOR,664702,Myles Straw,0,2,0,0,0,0,0,0
822787,20260721,TBA,656876,Drew Rasmussen,1,15,5,1,0,0,2,2
822787,20260721,TBA,642121,Cole Sulser,0,6,0,0,0,0,0,0
822787,20260721,TBA,518886,Craig Kimbrel,0,3,0,0,0,0,0,0
822787,20260721,TBA,664076,Garrett Cleavinger,0,3,1,0,0,0,0,0
824895,20260721,ATL,625643,Reynaldo López,1,13,6,3,0,2,5,5
824895,20260721,ATL,702275,JR Ritchie,0,11,4,3,0,2,3,3
824895,20260721,ATL,641755,Tyler Kinley,0,3,1,0,0,0,0,0
824895,20260721,SDN,621111,Walker Buehler,1,17,3,5,0,0,2,2
824895,20260721,SDN,673513,Yuki Matsui,0,2,1,2,0,0,1,1
824895,20260721,SDN,699134,Bradgley Rodriguez,0,2,2,0,0,0,0,0
824895,20260721,SDN,670970,Adrian Morejon,0,3,0,0,0,0,0,0
824895,20260721,SDN,695243,Mason Miller,0,3,3,1,0,0,0,0
824085,20260721,KCA,679883,Luinder Avila,1,19,7,1,1,0,2,2
824085,20260721,KCA,621381,Matt Strahm,0,2,1,0,0,0,0,0
824085,20260721,KCA,670167,John Schreiber,0,3,0,1,0,0,0,0
824085,20260721,KCA,656638,Alex Lange,0,3,2,1,0,0,0,0
824085,20260721,SFN,641816,Tyler Mahle,1,15,4,1,1,1,3,3
824085,20260721,SFN,656529,Sam Hentges,0,1,1,0,1,0,0,0
824085,20260721,SFN,676775,Keaton Winn,0,2,0,0,0,0,0,0
824085,20260721,SFN,681916,Dylan Smith,0,3,2,1,0,0,0,0
824085,20260721,SFN,668873,Caleb Kilian,0,3,0,0,0,0,0,0
823760,20260721,MIL,687075,Brandon Sproat,1,14,4,4,0,1,2,2
823760,20260721,MIL,694477,Chad Patrick,0,1,1,0,0,0,1,1
823760,20260721,MIL,669060,Bryse Wilson,0,12,2,0,0,1,1,1
823760,20260721,NYN,804267,Zac Thornton,1,18,2,1,0,0,0,0
823760,20260721,NYN,596133,Luke Weaver,0,3,0,0,0,0,0,0
823760,20260721,NYN,548384,Brooks Raley,0,3,1,0,0,0,0,0
823760,20260721,NYN,642207,Devin Williams,0,3,0,0,0,0,0,0
824652,20260721,CHN,656849,David Peterson,1,20,4,1,0,0,0,0
824652,20260721,CHN,650644,Aaron Civale,0,7,2,2,0,1,2,2
824652,20260721,DET,664285,Framber Valdez,1,2,1,2,1,0,6,6
824652,20260721,DET,680744,Ty Madden,0,10,5,4,0,0,1,1
824652,20260721,DET,669724,Brenan Hanifee,0,6,1,1,0,1,2,2
824652,20260721,DET,656716,Zach McKinstry,0,3,0,3,0,0,2,2
824652,20260721,DET,668670,Jake Rogers,0,3,2,1,1,0,0,0
822871,20260721,TEX,677958,Kumar Rocker,1,18,6,2,0,0,0,0
822871,20260721,TEX,594835,Marco Gonzales,0,9,2,2,0,0,0,0
822871,20260721,CHA,702273,Noah Schultz,1,11,2,0,0,1,5,5
822871,20260721,CHA,670950,Trevor Richards,0,2,1,1,0,0,2,2
822871,20260721,CHA,805326,Tyler Schweitzer,0,8,1,0,0,1,3,3
822871,20260721,CHA,682668,Luisangel Acuña,0,3,0,0,0,0,0,0
824165,20260721,HOU,837227,Tatsuya Imai,1,18,8,3,0,0,1,1
824165,20260721,HOU,805123,AJ Blubaugh,0,3,3,0,0,1,2,2
824165,20260721,HOU,656986,Bennett Sousa,0,3,1,0,0,0,0,0
824165,20260721,HOU,623352,Josh Hader,0,3,1,0,0,0,0,0
824165,20260721,MIA,663969,Tyler Phillips,1,13,2,1,0,1,3,2
824165,20260721,MIA,676604,Tyler Zuber,0,2,1,0,0,1,2,2
824165,20260721,MIA,687473,Ryan Gusto,0,6,2,0,0,0,0,0
824165,20260721,MIA,694350,Zach Brzykcy,0,3,0,0,0,0,0,0
824329,20260721,COL,547179,Michael Lorenzen,1,11,5,1,0,2,6,6
824329,20260721,COL,657514,Brennan Bernardino,0,4,1,0,0,0,0,0
824329,20260721,COL,680767,Victor Vodnik,0,3,0,0,0,0,0,0
824329,20260721,COL,623474,Jimmy Herget,0,3,1,1,0,0,1,1
824329,20260721,COL,675848,Juan Mejia,0,3,1,0,0,0,0,0
824329,20260721,COL,605447,Jordan Romano,0,3,2,0,0,0,0,0
824329,20260721,WAS,687223,Carson Palmquist,1,5,2,1,1,0,4,4
824329,20260721,WAS,571945,Miles Mikolas,0,11,1,0,0,1,3,3
824329,20260721,WAS,687377,Orlando Ribalta,0,2,2,0,0,0,0,0
824329,20260721,WAS,640454,Matt Krook,0,3,1,1,0,0,0,0
824329,20260721,WAS,690925,Clayton Beeter,0,3,0,0,0,1,1,1
824005,20260721,ANA,700712,Walbert Ureña,1,18,5,1,0,0,1,1
824005,20260721,ANA,815083,Mitch Farris,0,4,2,0,0,0,0,0
824005,20260721,ANA,681217,Chase Silseth,0,2,1,0,0,0,0,0
824005,20260721,ANA,666171,Ryan Zeferjahn,0,3,3,0,1,0,0,0
824005,20260721,SLN,669461,Matthew Liberatore,1,16,7,2,0,1,5,5
824005,20260721,SLN,694335,Matt Svanson,0,2,0,0,0,0,0,0
824005,20260721,SLN,656240,Scott Blewett,0,6,2,2,0,0,0,0
825056,20260721,ARI,684442,Kohl Drake,1,15,5,2,1,0,1,1
825056,20260721,ARI,664199,Taylor Clarke,0,3,0,0,0,0,0,0
825056,20260721,ARI,666661,Juan Morillo,0,3,2,1,0,0,0,0
825056,20260721,ARI,657044,Ryan Thompson,0,3,0,0,0,1,1,1
825056,20260721,ARI,623149,Paul Sewald,0,3,2,0,0,1,2,2
825056,20260721,ARI,656464,Kevin Ginkel,0,3,0,0,0,0,1,0
825056,20260721,ATH,678022,Jack Perkins,1,15,4,1,0,1,3,3
825056,20260721,ATH,669620,Brady Basso,0,3,0,0,0,0,0,0
825056,20260721,ATH,664129,Geoff Hartlieb,0,1,0,2,0,0,1,1
825056,20260721,ATH,660761,José Suarez,0,2,2,0,0,0,0,0
825056,20260721,ATH,665660,Elvis Alvarado,0,3,1,2,0,0,0,0
825056,20260721,ATH,663687,Hogan Harris,0,3,0,0,0,0,0,0
825056,20260721,ATH,665622,Luis Medina,0,1,1,2,0,0,2,1
823114,20260721,SEA,622491,Luis Castillo,1,21,3,2,0,2,3,3
823114,20260721,SEA,678606,José A. Ferrer,0,3,0,1,0,0,0,0
823114,20260721,SEA,621074,Michael Rucker,0,3,1,0,0,1,1,1
823114,20260721,CIN,695505,Chase Burns,1,15,6,2,0,0,0,0
823114,20260721,CIN,594580,Sam Moll,0,1,1,1,0,0,0,0
823114,20260721,CIN,622088,Tejay Antone,0,4,0,1,0,1,1,1
823114,20260721,CIN,656271,Brock Burke,0,1,0,2,0,0,0,0
823114,20260721,CIN,670062,Julian Garcia,0,3,1,0,0,1,1,1
823114,20260721,CIN,641941,Emilio Pagán,0,3,1,0,0,0,0,0
823519,20260722,NYA,608331,Max Fried,1,15,7,1,0,0,0,0
823519,20260722,NYA,683409,Angel Chivilli,0,3,1,0,0,0,0,0
823519,20260722,NYA,621112,Paul Blackburn,0,6,3,1,0,0,0,0
823519,20260722,NYA,701542,Will Warren,0,2,1,1,0,0,0,0
823519,20260722,NYA,657612,Tim Hill,0,1,0,0,0,0,0,0
823519,20260722,PIT,696149,Bubba Chandler,1,19,5,1,0,0,0,0
823519,20260722,PIT,685126,Brandon Eisert,0,2,1,1,0,0,2,2
823519,20260722,PIT,670990,Yohan Ramírez,0,3,0,0,0,0,0,0
824735,20260722,BOS,687562,Jake Bennett,1,17,4,0,0,1,3,3
824735,20260722,BOS,686580,Justin Slaten,0,4,1,0,0,0,0,0
824735,20260722,BOS,676477,Garrett Whitlock,0,3,0,0,0,0,0,0
824735,20260722,BOS,547973,Aroldis Chapman,0,3,0,1,0,0,0,0
824735,20260722,BAL,665152,Dean Kremer,1,18,5,1,0,1,6,6
824735,20260722,BAL,689296,Anthony Nunez,0,6,1,0,0,0,0,0
823518,20260722,NYA,543037,Gerrit Cole,1,21,11,0,0,2,3,3
823518,20260722,NYA,687396,Brent Headrick,0,3,3,0,0,0,0,0
823518,20260722,NYA,670280,David Bednar,0,3,1,1,0,0,0,0
823518,20260722,NYA,518585,Fernando Cruz,0,1,0,2,0,0,2,1
823518,20260722,NYA,665645,Kervin Castro,0,2,2,0,0,0,0,0
823518,20260722,PIT,656605,Mitch Keller,1,15,6,2,1,0,0,0
823518,20260722,PIT,669387,Carmen Mlodzinski,0,8,3,2,0,1,3,3
823518,20260722,PIT,682254,Mason Montgomery,0,4,2,1,0,0,0,0
823518,20260722,PIT,642397,Gregory Soto,0,3,1,0,0,0,0,0
823519,20260722,NYA,608331,Max Fried,1,15,7,1,0,0,0,0
823519,20260722,NYA,683409,Angel Chivilli,0,3,1,0,0,0,0,0
823519,20260722,NYA,621112,Paul Blackburn,0,6,3,1,0,0,0,0
823519,20260722,NYA,701542,Will Warren,0,2,1,1,0,0,0,0
823519,20260722,NYA,657612,Tim Hill,0,1,0,0,0,0,0,0
823519,20260722,PIT,696149,Bubba Chandler,1,19,5,1,0,0,0,0
823519,20260722,PIT,685126,Brandon Eisert,0,2,1,1,0,0,2,2
823519,20260722,PIT,670990,Yohan Ramírez,0,3,0,0,0,0,0,0
824735,20260722,BOS,687562,Jake Bennett,1,17,4,0,0,1,3,3
824735,20260722,BOS,686580,Justin Slaten,0,4,1,0,0,0,0,0
824735,20260722,BOS,676477,Garrett Whitlock,0,3,0,0,0,0,0,0
824735,20260722,BOS,547973,Aroldis Chapman,0,3,0,1,0,0,0,0
824735,20260722,BAL,665152,Dean Kremer,1,18,5,1,0,1,6,6
824735,20260722,BAL,689296,Anthony Nunez,0,6,1,0,0,0,0,0
824732,20260722,BOS,700842,Eduardo Rivera,1,2,1,2,0,0,4,4
824732,20260722,BOS,678394,Brayan Bello,0,16,5,1,2,0,0,0
824732,20260722,BOS,663558,Jovani Morán,0,3,1,1,0,0,1,1
824732,20260722,BOS,670245,Ryan Watson,0,3,0,0,0,0,0,0
824732,20260722,BOS,687941,Alec Gamboa,0,3,1,0,0,0,0,0
824732,20260722,BAL,680694,Kyle Bradish,1,18,4,1,1,0,1,1
824732,20260722,BAL,666974,Yennier Cano,0,3,0,0,0,0,0,0
824732,20260722,BAL,552640,Andrew Kittredge,0,3,1,0,0,0,0,0
824732,20260722,BAL,669330,Tyler Wells,0,3,0,0,1,0,0,0
824083,20260722,KCA,607625,Seth Lugo,1,21,5,2,1,0,3,3
824083,20260722,KCA,663738,Daniel Lynch IV,0,3,0,0,0,0,0,0
824083,20260722,KCA,674444,Steven Cruz,0,3,1,0,0,1,1,1
824083,20260722,SFN,694738,Landen Roupp,1,18,7,0,0,1,2,2
824083,20260722,SFN,656529,Sam Hentges,0,1,0,0,0,0,2,2
824083,20260722,SFN,676775,Keaton Winn,0,2,0,1,0,0,1,1
824083,20260722,SFN,669062,Erik Miller,0,3,1,0,0,0,0,0
823761,20260722,MIL,701656,Logan Henderson,1,15,9,0,0,2,2,2
823761,20260722,MIL,676879,Aaron Ashby,0,6,4,1,0,0,0,0
823761,20260722,MIL,682842,Abner Uribe,0,3,2,0,0,0,0,0
823761,20260722,MIL,656730,Trevor Megill,0,3,0,1,0,0,1,1
823761,20260722,NYN,681035,Christian Scott,1,11,6,3,0,0,3,3
823761,20260722,NYN,672335,Cionel Pérez,0,2,1,0,0,0,0,0
823761,20260722,NYN,623211,Huascar Brazobán,0,4,0,0,0,0,1,1
823761,20260722,NYN,621345,A.J. Minter,0,3,1,1,0,0,0,0
823761,20260722,NYN,650960,Daniel Duarte,0,4,1,1,0,0,0,0
824327,20260722,COL,687312,Gabriel Hughes,1,15,5,1,0,0,1,1
824327,20260722,COL,657514,Brennan Bernardino,0,3,2,0,0,0,0,0
824327,20260722,COL,623474,Jimmy Herget,0,2,0,2,0,1,4,4
824327,20260722,COL,688642,Zach Agnos,0,7,1,0,1,0,3,2
824327,20260722,WAS,676917,Cade Cavalli,1,18,8,2,0,0,0,0
824327,20260722,WAS,678868,Eddy Yean,0,6,1,1,0,0,0,0
824327,20260722,WAS,668820,Max Kranick,0,3,1,1,0,0,0,0
825055,20260722,ARI,518876,Merrill Kelly,1,15,3,1,0,1,2,2
825055,20260722,ARI,672629,Gerardo Carrillo,0,6,1,1,0,0,1,1
825055,20260722,ARI,642528,Jonathan Loáisiga,0,3,1,0,0,0,0,0
825055,20260722,ARI,545121,Ildemaro Vargas,0,3,0,1,1,0,2,2
825055,20260722,ATH,695611,Gage Jump,1,14,5,4,0,3,6,6
825055,20260722,ATH,814305,Yunior Tur,0,2,1,3,0,2,8,8
825055,20260722,ATH,696522,Hayden Juenger,0,7,2,1,0,0,1,1
825055,20260722,ATH,666126,Carlos Cortes,0,1,0,0,0,0,0,0
823110,20260722,SEA,676106,Emerson Hancock,1,18,3,1,0,1,2,2
823110,20260722,SEA,660825,Eduard Bazardo,0,3,0,1,0,1,3,3
823110,20260722,SEA,677961,Cole Wilcox,0,6,2,0,0,0,0,0
823110,20260722,CIN,663903,Brady Singer,1,20,6,1,0,0,3,3
823110,20260722,CIN,656271,Brock Burke,0,4,0,0,0,0,0,0
823110,20260722,CIN,641941,Emilio Pagán,0,3,0,0,0,0,0,0
824004,20260722,ANA,672282,Reid Detmers,1,16,6,2,0,1,1,1
824004,20260722,ANA,820862,José Fermin,0,2,0,0,0,0,0,0
824004,20260722,ANA,696519,Samy Natera Jr.,0,3,2,0,0,0,0,0
824004,20260722,ANA,815083,Mitch Farris,0,3,0,0,0,0,0,0
824004,20260722,ANA,489446,Kirby Yates,0,3,2,1,0,0,0,0
824004,20260722,SLN,690928,Hunter Dobbins,1,18,5,0,1,0,0,0
824004,20260722,SLN,703725,Luis Gastelum,0,3,1,0,0,0,0,0
824004,20260722,SLN,666277,George Soriano,0,3,1,0,0,0,0,0
824004,20260722,SLN,676617,Riley O'Brien,0,3,3,2,0,0,0,0
824408,20260722,CLE,677944,Slade Cecconi,1,14,5,3,0,2,7,3
824408,20260722,CLE,681870,Erik Sabrowski,0,4,1,0,0,0,0,0
824408,20260722,CLE,680916,Franco Aleman,0,3,0,0,0,0,0,0
824408,20260722,CLE,670036,Matt Festa,0,2,1,1,1,0,3,1
824408,20260722,CLE,702021,Will Dion,0,4,2,0,0,0,0,0
824408,20260722,MIN,641927,Bailey Ober,1,12,2,1,0,0,4,4
824408,20260722,MIN,681892,Kody Funderburk,0,3,1,1,0,0,0,0
824408,20260722,MIN,701519,Travis Adams,0,6,0,0,0,0,0,0
824408,20260722,MIN,702193,Andrew Morris,0,3,1,1,0,1,1,1
824408,20260722,MIN,672782,Yoendrys Gómez,0,3,1,0,0,0,1,1
823438,20260722,PHI,605400,Aaron Nola,1,16,4,1,0,2,5,5
823438,20260722,PHI,686751,Seth Johnson,0,2,2,0,0,0,0,0
823438,20260722,PHI,641835,Tim Mayza,0,4,0,1,0,0,2,2
823438,20260722,PHI,689147,Orion Kerkering,0,2,1,2,0,0,2,2
823438,20260722,PHI,686934,Alex McFarlane,0,3,0,0,0,0,0,0
823438,20260722,LAN,641778,Eric Lauer,1,16,5,1,0,2,3,3
823438,20260722,LAN,592779,Brock Stewart,0,2,0,0,0,0,0,0
823438,20260722,LAN,676263,Jack Dreyer,0,3,1,0,0,0,0,0
823438,20260722,LAN,694361,Will Klein,0,3,1,2,0,0,1,1
823438,20260722,LAN,683618,Edgardo Henriquez,0,3,2,0,0,0,1,1
822784,20260722,TOR,680755,Braydon Fisher,1,4,1,2,0,0,1,1
822784,20260722,TOR,693686,Spencer Miles,0,11,4,0,0,0,0,0
822784,20260722,TOR,656546,Jeff Hoffman,0,2,1,0,1,0,3,0
822784,20260722,TOR,689254,Mason Fluharty,0,1,0,1,0,0,0,0
822784,20260722,TOR,643511,Tyler Rogers,0,3,2,0,0,0,0,0
822784,20260722,TOR,663893,Brendon Little,0,3,1,1,0,0,0,0
822784,20260722,TOR,686973,Louis Varland,0,3,0,0,0,0,0,0
822784,20260722,TBA,643377,Griffin Jax,1,18,5,1,0,0,1,1
822784,20260722,TBA,592155,Cam Booser,0,2,1,0,0,1,1,1
822784,20260722,TBA,687330,Kevin Kelly,0,4,1,0,0,0,0,0
822784,20260722,TBA,641329,Bryan Baker,0,3,1,0,0,0,0,0
824896,20260722,ATL,527048,Martín Pérez,1,12,3,4,0,0,0,0
824896,20260722,ATL,689266,Dylan Dodd,0,3,2,0,0,0,0,0
824896,20260722,ATL,800311,Didier Fuentes,0,6,2,1,0,1,1,1
824896,20260722,ATL,669276,Dylan Lee,0,3,1,0,0,0,0,0
824896,20260722,ATL,682989,Victor Mederos,0,1,0,1,0,0,4,4
824896,20260722,ATL,628452,Raisel Iglesias,0,2,2,0,0,1,1,1
824896,20260722,SDN,650633,Michael King,1,18,7,4,0,0,1,1
824896,20260722,SDN,670970,Adrian Morejon,0,3,2,0,0,0,0,0
824896,20260722,SDN,593974,Wandy Peralta,0,1,0,1,0,0,4,4
824896,20260722,SDN,681190,Randy Vásquez,0,2,1,0,0,0,2,2
822873,20260722,TEX,641302,Tyler Alexander,1,6,1,1,0,0,1,1
822873,20260722,TEX,615698,Cal Quantrill,0,9,1,3,0,0,2,2
822873,20260722,TEX,596001,Jakob Junis,0,3,1,0,0,0,1,1
822873,20260722,TEX,695239,Robby Ahlstrom,0,3,2,0,0,0,0,0
822873,20260722,TEX,682608,Peyton Gray,0,3,1,0,0,0,0,0
822873,20260722,TEX,656641,Jacob Latz,0,3,1,0,0,0,0,0
822873,20260722,CHA,641743,Anthony Kay,1,15,4,2,1,1,2,2
822873,20260722,CHA,663855,Jordan Hicks,0,3,1,0,0,0,0,0
822873,20260722,CHA,691799,Grant Taylor,0,6,5,0,0,0,0,0
822873,20260722,CHA,663542,Bryan Hudson,0,3,2,0,0,0,0,0
824650,20260722,CHN,607067,Colin Rea,1,15,5,1,0,2,4,4
824650,20260722,CHN,669020,Ryan Rolison,0,3,3,0,0,0,0,0
824650,20260722,CHN,668970,Gavin Hollowell,0,3,1,0,0,0,0,0
824650,20260722,CHN,573204,Caleb Thielbar,0,3,2,0,0,0,0,0
824650,20260722,CHN,621053,Tyler Ferguson,0,3,1,0,0,0,1,1
824650,20260722,DET,672456,Keider Montero,1,16,8,0,0,1,1,1
824650,20260722,DET,805427,Drew Sommers,0,2,0,0,0,0,0,0
824650,20260722,DET,623454,Drew Anderson,0,3,2,0,0,0,0,0
824650,20260722,DET,640448,Kyle Finnegan,0,3,1,0,1,0,0,0
824650,20260722,DET,445276,Kenley Jansen,0,3,1,1,0,0,0,0
824166,20260722,HOU,663567,Peter Lambert,1,18,3,2,0,0,2,2
824166,20260722,HOU,660853,Enyel De Los Santos,0,3,2,0,0,0,0,0
824166,20260722,HOU,595345,Steven Okert,0,3,0,0,0,0,0,0
824166,20260722,HOU,650556,Bryan Abreu,0,3,1,0,0,0,0,0
824166,20260722,MIA,645261,Sandy Alcantara,1,21,3,1,0,3,5,5
824166,20260722,MIA,676534,Calvin Faucher,0,3,2,0,0,0,0,0
824893,20260723,ATL,519242,Chris Sale,1,18,11,1,1,0,3,3
824893,20260723,ATL,689266,Dylan Dodd,0,3,1,0,0,0,0,0
824893,20260723,ATL,641755,Tyler Kinley,0,2,1,0,0,1,2,2
824893,20260723,ATL,664849,Danny Young,0,1,0,0,0,0,0,0
824893,20260723,ATL,628452,Raisel Iglesias,0,3,2,0,0,0,0,0
824893,20260723,SDN,606996,Kyle Hart,1,3,1,0,0,0,0,0
824893,20260723,SDN,656288,Griffin Canning,0,8,4,0,0,3,5,4
824893,20260723,SDN,673513,Yuki Matsui,0,4,1,0,0,0,0,0
824893,20260723,SDN,663362,Matt Waldron,0,6,0,0,0,1,1,1
824893,20260723,SDN,699134,Bradgley Rodriguez,0,3,2,0,0,0,0,0
824406,20260723,CLE,668909,Gavin Williams,1,21,11,0,0,0,0,0
824406,20260723,CLE,683769,Hunter Gaddis,0,1,1,2,0,0,1,1
824406,20260723,CLE,671922,Cade Smith,0,5,1,0,0,0,0,0
824406,20260723,CLE,670059,Colin Holderman,0,6,0,1,0,0,0,0
824406,20260723,CLE,681870,Erik Sabrowski,0,3,1,1,0,0,2,1
824406,20260723,MIN,671737,Taj Bradley,1,21,5,3,0,1,1,1
824406,20260723,MIN,702193,Andrew Morris,0,3,0,0,0,0,0,0
824406,20260723,MIN,672782,Yoendrys Gómez,0,3,2,2,0,0,0,0
824406,20260723,MIN,667297,Tommy Nance,0,3,1,0,0,0,0,0
824406,20260723,MIN,573124,Taylor Rogers,0,3,1,1,0,0,0,0
824406,20260723,MIN,681252,Jack Anderson,0,3,1,1,0,0,0,0
822785,20260723,TOR,669456,Shane Bieber,1,21,3,0,0,0,1,1
822785,20260723,TOR,643511,Tyler Rogers,0,3,1,0,0,0,0,0
822785,20260723,TOR,686973,Louis Varland,0,3,2,0,0,0,0,0
822785,20260723,TBA,668984,Casey Legumina,1,6,2,2,0,0,1,1
822785,20260723,TBA,693855,Ian Seymour,0,18,7,1,0,0,2,2
823042,20260723,SLN,700241,Michael McGreevy,1,19,3,3,0,1,4,4
823042,20260723,SLN,677865,Justin Bruihl,0,3,1,0,0,0,2,2
823042,20260723,SLN,694335,Matt Svanson,0,2,0,2,0,0,3,3
823042,20260723,SLN,700669,Gordon Graceffo,0,3,2,0,0,0,1,1
823042,20260723,ARI,694297,Brandon Pfaadt,1,18,1,2,0,0,2,2
823042,20260723,ARI,805299,Brandyn Garcia,0,3,1,0,0,0,0,0
823042,20260723,ARI,664199,Taylor Clarke,0,3,0,0,0,0,0,0
823042,20260723,ARI,657044,Ryan Thompson,0,3,0,0,0,0,4,4
824247,20260723,DET,675512,Troy Melton,1,15,5,4,0,1,2,2
824247,20260723,DET,663947,Tyler Holton,0,5,0,0,0,0,0,0
824247,20260723,DET,621097,Jacob Waguespack,0,1,0,0,0,0,0,0
824247,20260723,DET,623454,Drew Anderson,0,3,1,0,0,0,1,1
824247,20260723,DET,805427,Drew Sommers,0,1,1,1,0,0,0,0
824247,20260723,DET,640448,Kyle Finnegan,0,2,0,0,0,0,0,0
824247,20260723,KCA,677976,Randy Dobnak,1,15,3,1,0,0,0,0
824247,20260723,KCA,621381,Matt Strahm,0,3,1,1,0,0,0,0
824247,20260723,KCA,670167,John Schreiber,0,3,1,0,0,1,3,3
824247,20260723,KCA,674444,Steven Cruz,0,3,1,0,0,0,1,1
823759,20260724,MIL,675660,Shane Drohan,1,18,6,2,0,0,5,5
823759,20260724,MIL,681982,Grant Anderson,0,3,1,0,0,0,0,0
823759,20260724,MIL,684974,Craig Yoho,0,6,1,1,0,0,0,0
823759,20260724,COL,608372,Tomoyuki Sugano,1,16,5,1,0,2,2,2
823759,20260724,COL,680767,Victor Vodnik,0,5,1,0,0,0,0,0
823759,20260724,COL,622608,Antonio Senzatela,0,3,1,0,0,0,0,0
823759,20260724,COL,605447,Jordan Romano,0,3,1,0,0,0,0,0
824248,20260724,DET,669373,Tarik Skubal,1,22,12,2,0,0,1,1
824248,20260724,DET,669724,Brenan Hanifee,0,2,0,0,0,0,0,0
824248,20260724,DET,445276,Kenley Jansen,0,3,1,0,0,0,0,0
824248,20260724,KCA,694360,Beck Way,1,3,0,0,1,0,2,2
824248,20260724,KCA,702070,Noah Cameron,0,21,8,3,0,0,0,0
823352,20260724,PIT,683003,Jared Jones,1,18,5,1,0,1,1,1
823352,20260724,PIT,696062,Wilber Dotel,0,3,1,0,0,0,0,0
823352,20260724,PIT,682254,Mason Montgomery,0,3,3,0,0,0,0,0
823352,20260724,PIT,642397,Gregory Soto,0,3,0,0,0,0,0,0
823352,20260724,PIT,670990,Yohan Ramírez,0,3,2,2,0,0,2,1
823352,20260724,CHN,571510,Matthew Boyd,1,21,4,3,0,0,1,1
823352,20260724,CHN,657097,Jacob Webb,0,3,1,0,0,0,0,0
823352,20260724,CHN,573204,Caleb Thielbar,0,3,1,0,0,0,0,0
823352,20260724,CHN,668970,Gavin Hollowell,0,3,0,0,0,0,1,0
822707,20260724,WAS,687223,Carson Palmquist,1,4,1,3,0,0,2,2
822707,20260724,WAS,641793,Zack Littell,0,15,5,1,0,0,1,1
822707,20260724,WAS,676680,Tom Cosgrove,0,1,0,1,0,0,0,0
822707,20260724,WAS,687377,Orlando Ribalta,0,4,3,1,0,0,0,0
822707,20260724,WAS,668820,Max Kranick,0,3,0,0,0,0,0,0
822707,20260724,ARI,593958,Eduardo Rodriguez,1,18,4,3,0,1,2,2
822707,20260724,ARI,666661,Juan Morillo,0,3,1,0,0,0,0,0
822707,20260724,ARI,656464,Kevin Ginkel,0,3,1,0,0,0,0,0
822707,20260724,ARI,623149,Paul Sewald,0,3,1,0,0,0,0,0
823434,20260724,PHI,666200,Jesús Luzardo,1,21,9,1,1,1,1,1
823434,20260724,PHI,680742,Jonathan Bowlan,0,3,3,0,0,0,0,0
823434,20260724,PHI,621237,José Alvarado,0,3,0,0,1,0,0,0
823434,20260724,NYA,693645,Cam Schlittler,1,22,12,0,1,0,0,0
823434,20260724,NYA,687396,Brent Headrick,0,2,0,0,0,0,0,0
823434,20260724,NYA,670280,David Bednar,0,3,1,0,0,0,0,0
824812,20260724,BAL,669432,Trevor Rogers,1,21,6,0,0,0,2,2
824812,20260724,BAL,670329,Rico Garcia,0,3,2,0,0,1,1,1
824812,20260724,BAL,669330,Tyler Wells,0,3,2,0,0,0,0,0
824812,20260724,BAL,552640,Andrew Kittredge,0,2,2,0,0,1,4,0
824812,20260724,BAL,664991,Grant Wolfram,0,1,0,0,0,0,0,0
824812,20260724,ATL,656550,Grant Holmes,1,15,5,2,0,0,3,3
824812,20260724,ATL,664849,Danny Young,0,2,2,2,0,0,0,0
824812,20260724,ATL,641755,Tyler Kinley,0,1,0,0,0,0,0,0
824812,20260724,ATL,622694,Elieser Hernández,0,9,2,3,0,0,0,0
824812,20260724,ATL,669276,Dylan Lee,0,3,2,0,0,1,3,2
823601,20260724,NYN,640455,Sean Manaea,1,18,3,2,0,0,1,1
823601,20260724,NYN,548384,Brooks Raley,0,3,0,1,0,0,1,1
823601,20260724,NYN,621345,A.J. Minter,0,3,0,0,0,1,2,2
823601,20260724,NYN,672335,Cionel Pérez,0,3,2,0,0,0,0,0
823601,20260724,LAN,808963,Roki Sasaki,1,21,9,2,0,1,1,1
823601,20260724,LAN,623465,Evan Phillips,0,3,1,0,0,1,1,1
823601,20260724,LAN,656945,Tanner Scott,0,3,1,0,0,0,0,0
822952,20260724,TBA,663556,Shane McClanahan,1,15,3,2,0,0,1,1
822952,20260724,TBA,642121,Cole Sulser,0,3,2,0,0,0,0,0
822952,20260724,TBA,688297,Chris Roycroft,0,9,2,0,0,1,2,2
822952,20260724,CLE,676282,Joey Cantillo,1,11,4,1,0,1,5,5
822952,20260724,CLE,670036,Matt Festa,0,5,2,0,0,0,1,0
822952,20260724,CLE,680916,Franco Aleman,0,2,3,1,0,0,0,0
822952,20260724,CLE,682120,Tim Herrin,0,3,1,0,0,0,1,1
822952,20260724,CLE,542888,Shawn Armstrong,0,2,0,2,0,0,3,3
822952,20260724,CLE,683769,Hunter Gaddis,0,1,0,0,0,1,1,1
823843,20260724,MIA,687473,Ryan Gusto,1,10,4,1,0,0,1,1
823843,20260724,MIA,806188,Cade Gibson,0,3,0,2,0,0,1,1
823843,20260724,MIA,656848,Michael Petersen,0,2,0,1,0,0,0,0
823843,20260724,MIA,669199,Lake Bachar,0,5,1,1,1,0,0,0
823843,20260724,MIA,676604,Tyler Zuber,0,2,2,0,0,1,2,2
823843,20260724,MIA,667463,John King,0,2,0,2,0,0,0,0
823843,20260724,MIA,676534,Calvin Faucher,0,3,1,0,0,0,0,0
823843,20260724,SDN,608566,Germán Márquez,1,7,4,0,1,1,1,1
823843,20260724,SDN,606996,Kyle Hart,0,6,2,0,0,0,0,0
823843,20260724,SDN,593974,Wandy Peralta,0,5,1,0,0,1,1,1
823843,20260724,SDN,699134,Bradgley Rodriguez,0,2,1,0,0,0,0,0
823843,20260724,SDN,670970,Adrian Morejon,0,4,2,1,0,0,0,0
823843,20260724,SDN,695243,Mason Miller,0,3,1,0,0,0,0,0
824733,20260724,BOS,663776,Patrick Sandoval,1,14,3,2,0,0,0,0
824733,20260724,BOS,594027,Tyron Guerrero,0,4,1,0,0,0,0,0
824733,20260724,BOS,669711,Greg Weissert,0,3,1,0,1,1,3,3
824733,20260724,BOS,676477,Garrett Whitlock,0,3,1,0,0,0,1,1
824733,20260724,BOS,547973,Aroldis Chapman,0,3,2,1,0,0,0,0
824733,20260724,TOR,702056,Trey Yesavage,1,12,9,1,0,2,3,3
824733,20260724,TOR,689254,Mason Fluharty,0,3,2,0,0,0,0,0
824733,20260724,TOR,680755,Braydon Fisher,0,3,1,1,1,0,1,1
824733,20260724,TOR,656546,Jeff Hoffman,0,3,0,1,0,0,0,0
824733,20260724,TOR,669310,CJ Van Eyk,0,1,0,0,0,0,2,2
824733,20260724,TOR,671936,Adam Macko,0,2,1,1,0,0,0,0
824573,20260724,CHA,663436,Davis Martin,1,15,3,0,2,0,4,4
824573,20260724,CHA,663542,Bryan Hudson,0,2,1,1,0,1,4,4
824573,20260724,CHA,622554,Seranthony Domínguez,0,1,1,2,0,0,0,0
824573,20260724,CHA,670950,Trevor Richards,0,6,3,0,0,0,0,0
824573,20260724,CHA,669684,Chris Murphy,0,3,1,1,1,0,1,1
824573,20260724,HOU,681293,Spencer Arrighetti,1,3,0,2,2,0,3,3
824573,20260724,HOU,805123,AJ Blubaugh,0,6,2,1,0,0,0,0
824573,20260724,HOU,678906,Kai-Wei Teng,0,6,1,1,2,0,2,2
824573,20260724,HOU,656986,Bennett Sousa,0,3,1,0,0,0,0,0
824573,20260724,HOU,650556,Bryan Abreu,0,3,2,0,0,0,0,0
824573,20260724,HOU,595345,Steven Okert,0,3,0,0,0,0,0,0
824573,20260724,HOU,623352,Josh Hader,0,3,2,0,0,0,0,0
822872,20260724,TEX,669022,MacKenzie Gore,1,15,5,2,0,0,3,3
822872,20260724,TEX,682608,Peyton Gray,0,3,2,0,0,0,0,0
822872,20260724,TEX,596001,Jakob Junis,0,3,1,0,0,0,0,0
822872,20260724,TEX,641302,Tyler Alexander,0,2,0,0,0,0,0,0
822872,20260724,TEX,668390,Cole Winn,0,1,0,0,0,0,0,0
822872,20260724,TEX,656641,Jacob Latz,0,3,1,0,0,0,1,1
822872,20260724,SEA,682243,Bryce Miller,1,16,0,1,0,2,5,5
822872,20260724,SEA,660825,Eduard Bazardo,0,2,1,0,0,0,0,0
822872,20260724,SEA,621074,Michael Rucker,0,6,3,0,0,0,0,0
823680,20260724,MIN,805673,Zebby Matthews,1,18,1,3,0,0,2,2
823680,20260724,MIN,681892,Kody Funderburk,0,3,0,0,0,0,0,0
823680,20260724,MIN,701519,Travis Adams,0,3,2,0,0,0,0,0
823680,20260724,MIN,681252,Jack Anderson,0,3,2,0,0,0,0,0
823680,20260724,ATH,682052,Jacob Lopez,1,15,4,4,1,0,0,0
823680,20260724,ATH,664129,Geoff Hartlieb,0,1,1,3,0,0,0,0
823680,20260724,ATH,660761,José Suarez,0,5,0,0,0,0,0,0
823680,20260724,ATH,665660,Elvis Alvarado,0,3,0,0,0,0,0,0
823680,20260724,ATH,663687,Hogan Harris,0,3,1,0,1,0,0,0
823031,20260724,SLN,669160,Dustin May,1,18,8,1,1,0,1,1
823031,20260724,SLN,666277,George Soriano,0,3,1,0,0,1,2,2
823031,20260724,SLN,592773,Ryne Stanek,0,3,2,0,0,0,0,0
823031,20260724,SLN,703725,Luis Gastelum,0,3,0,2,0,0,1,1
823031,20260724,CIN,695076,Rhett Lowder,1,15,4,2,1,0,2,2
823031,20260724,CIN,657571,Caleb Ferguson,0,2,0,1,0,0,0,0
823031,20260724,CIN,670062,Julian Garcia,0,1,1,0,0,0,0,0
823031,20260724,CIN,656271,Brock Burke,0,3,1,0,0,0,0,0
823031,20260724,CIN,622088,Tejay Antone,0,3,1,0,0,0,0,0
823031,20260724,CIN,641941,Emilio Pagán,0,3,2,0,0,0,0,0
823196,20260724,SFN,657277,Logan Webb,1,18,4,2,0,0,4,4
823196,20260724,SFN,681916,Dylan Smith,0,3,3,1,0,0,0,0
823196,20260724,SFN,671345,Jason Foley,0,3,1,0,0,1,2,2
823196,20260724,SFN,669062,Erik Miller,0,3,1,2,0,0,0,0
823196,20260724,SFN,668873,Caleb Kilian,0,3,1,0,0,0,0,0
823196,20260724,ANA,680570,Grayson Rodriguez,1,12,3,2,0,2,5,5
823196,20260724,ANA,608718,Brent Suter,0,3,1,0,0,0,0,0
823196,20260724,ANA,820862,José Fermin,0,3,2,0,0,0,0,0
823196,20260724,ANA,489446,Kirby Yates,0,3,0,1,0,0,1,1
823196,20260724,ANA,696519,Samy Natera Jr.,0,3,1,0,0,0,0,0
823196,20260724,ANA,666171,Ryan Zeferjahn,0,3,1,1,0,0,0,0
823196,20260724,ANA,681217,Chase Silseth,0,1,0,1,0,0,1,0
824244,20260725,DET,663554,Casey Mize,1,18,3,0,0,0,1,1
824244,20260725,DET,640448,Kyle Finnegan,0,1,1,0,0,1,1,1
824244,20260725,DET,663947,Tyler Holton,0,3,0,0,0,0,0,0
824244,20260725,DET,621097,Jacob Waguespack,0,5,1,0,0,1,1,1
824244,20260725,KCA,608379,Michael Wacha,1,21,3,2,0,1,2,2
824244,20260725,KCA,663738,Daniel Lynch IV,0,3,0,0,0,0,0,0
824244,20260725,KCA,656638,Alex Lange,0,3,2,0,0,0,0,0
822704,20260725,WAS,656492,Foster Griffin,1,20,2,1,1,0,3,3
822704,20260725,WAS,678868,Eddy Yean,0,4,0,0,0,0,0,0
822704,20260725,WAS,690925,Clayton Beeter,0,3,0,0,0,0,0,0
822704,20260725,ARI,683352,Mitch Bratt,1,15,3,5,0,1,5,5
822704,20260725,ARI,672629,Gerardo Carrillo,0,6,2,2,0,0,0,0
822704,20260725,ARI,664199,Taylor Clarke,0,3,1,0,0,0,0,0
823197,20260725,SFN,592662,Robbie Ray,1,18,5,2,0,0,0,0
823197,20260725,SFN,663941,Tristan Beck,0,6,0,1,1,0,1,1
823197,20260725,SFN,676775,Keaton Winn,0,3,1,2,0,0,1,1
823197,20260725,ANA,696270,Ryan Johnson,1,10,4,1,1,1,8,8
823197,20260725,ANA,608718,Brent Suter,0,8,4,0,0,1,1,1
823197,20260725,ANA,489446,Kirby Yates,0,3,0,1,1,0,0,0
823197,20260725,ANA,623168,Tyler Heineman,0,3,0,0,0,0,0,0
824734,20260725,BOS,543243,Sonny Gray,1,15,3,0,0,1,5,5
824734,20260725,BOS,687941,Alec Gamboa,0,12,6,1,0,0,1,1
824734,20260725,TOR,656302,Dylan Cease,1,27,12,3,0,0,0,0
823841,20260725,MIA,691587,Eury Pérez,1,21,2,1,1,0,3,3
823841,20260725,MIA,690978,Dax Fulton,0,6,1,3,0,0,4,4
823841,20260725,SDN,681190,Randy Vásquez,1,8,0,2,1,0,1,1
823841,20260725,SDN,676664,JP Sears,0,10,3,1,0,0,0,0
823841,20260725,SDN,673513,Yuki Matsui,0,3,1,0,0,0,0,0
823841,20260725,SDN,663362,Matt Waldron,0,6,1,0,0,0,1,1
823435,20260725,PHI,641835,Tim Mayza,1,6,1,0,0,0,0,0
823435,20260725,PHI,662144,Brian Keller,0,9,3,0,0,1,1,1
823435,20260725,PHI,679775,Kyle Backhus,0,2,2,1,0,0,1,1
823435,20260725,PHI,686751,Seth Johnson,0,1,0,0,0,0,0,0
823435,20260725,PHI,621237,José Alvarado,0,3,1,0,0,1,1,1
823435,20260725,PHI,680742,Jonathan Bowlan,0,3,1,0,0,0,0,0
823435,20260725,PHI,661395,Jhoan Duran,0,3,3,0,0,0,0,0
823435,20260725,NYA,677960,Ryan Weathers,1,17,7,1,1,0,1,1
823435,20260725,NYA,683409,Angel Chivilli,0,1,0,0,0,0,0,0
823435,20260725,NYA,621112,Paul Blackburn,0,6,0,1,0,0,0,0
823435,20260725,NYA,670280,David Bednar,0,3,0,0,0,0,0,0
822948,20260725,TBA,607259,Nick Martinez,1,18,5,0,0,0,0,0
822948,20260725,TBA,642121,Cole Sulser,0,3,1,0,0,0,0,0
822948,20260725,TBA,664076,Garrett Cleavinger,0,3,2,1,0,0,0,0
822948,20260725,TBA,641329,Bryan Baker,0,3,0,0,0,0,0,0
822948,20260725,CLE,676440,Tanner Bibee,1,18,5,2,0,0,3,3
822948,20260725,CLE,702021,Will Dion,0,6,4,0,0,0,0,0
823355,20260725,PIT,694973,Paul Skenes,1,16,11,2,1,0,5,5
823355,20260725,PIT,676755,Isaac Mattson,0,1,1,1,0,0,3,3
823355,20260725,PIT,676760,Ron Marinaccio,0,4,1,1,1,1,2,2
823355,20260725,PIT,685126,Brandon Eisert,0,3,2,0,0,0,1,1
823355,20260725,PIT,682997,Tyler Callihan,0,3,1,0,0,0,0,0
823355,20260725,CHN,684007,Shota Imanaga,1,18,4,1,0,0,0,0
823355,20260725,CHN,665871,Javier Assad,0,9,3,0,1,0,0,0
824811,20260725,BAL,687064,Brandon Young,1,19,6,2,0,0,1,1
824811,20260725,BAL,664991,Grant Wolfram,0,2,1,0,0,0,0,0
824811,20260725,BAL,670329,Rico Garcia,0,3,1,0,0,1,1,1
824811,20260725,BAL,666974,Yennier Cano,0,3,1,0,0,0,0,0
824811,20260725,ATL,693821,Bryce Elder,1,15,8,4,0,1,2,1
824811,20260725,ATL,682989,Victor Mederos,0,6,3,0,0,0,0,0
824811,20260725,ATL,800311,Didier Fuentes,0,5,3,0,0,0,1,1
823679,20260725,MIN,696070,Kendry Rojas,1,12,5,1,0,0,0,0
823679,20260725,MIN,573124,Taylor Rogers,0,6,2,1,0,0,0,0
823679,20260725,MIN,667297,Tommy Nance,0,3,0,0,0,0,0,0
823679,20260725,MIN,702193,Andrew Morris,0,3,2,1,0,0,0,0
823679,20260725,MIN,672782,Yoendrys Gómez,0,3,1,0,0,0,0,0
823679,20260725,ATH,669620,Brady Basso,1,7,3,1,0,0,0,0
823679,20260725,ATH,686930,Mason Barnett,0,10,2,1,0,0,2,2
823679,20260725,ATH,660761,José Suarez,0,1,1,0,0,0,0,0
823679,20260725,ATH,696522,Hayden Juenger,0,3,0,0,0,0,0,0
823679,20260725,ATH,665622,Luis Medina,0,3,2,0,0,0,0,0
824571,20260725,CHA,680732,Sean Burke,1,18,10,1,1,0,3,2
824571,20260725,CHA,670950,Trevor Richards,0,6,2,0,0,0,1,1
824571,20260725,CHA,805326,Tyler Schweitzer,0,3,0,1,0,0,0,0
824571,20260725,HOU,686613,Hunter Brown,1,21,7,0,0,0,0,0
824571,20260725,HOU,650556,Bryan Abreu,0,2,1,1,0,0,0,0
824571,20260725,HOU,656986,Bennett Sousa,0,2,0,0,0,0,1,0
824571,20260725,HOU,623352,Josh Hader,0,2,2,0,0,0,0,0
823758,20260725,MIL,688107,Robert Gasser,1,18,4,0,0,0,2,2
823758,20260725,MIL,694477,Chad Patrick,0,3,1,0,0,0,0,0
823758,20260725,MIL,621121,Lance McCullers Jr.,0,5,1,4,0,0,3,0
823758,20260725,MIL,656730,Trevor Megill,0,1,1,0,0,0,0,0
823758,20260725,COL,663372,Ryan Feltner,1,15,4,1,0,1,5,5
823758,20260725,COL,675848,Juan Mejia,0,3,1,1,0,0,2,1
823758,20260725,COL,685299,Tanner Gordon,0,6,4,1,0,0,1,1
823600,20260725,NYN,690997,Nolan McLean,1,18,7,2,0,1,4,2
823600,20260725,NYN,650960,Daniel Duarte,0,6,2,0,1,0,0,0
823600,20260725,NYN,623211,Huascar Brazobán,0,3,0,0,0,0,0,0
823600,20260725,LAN,808967,Yoshinobu Yamamoto,1,18,5,3,0,0,1,1
823600,20260725,LAN,681911,Alex Vesia,0,3,1,1,0,0,0,0
823600,20260725,LAN,683618,Edgardo Henriquez,0,2,2,1,1,0,2,2
823600,20260725,LAN,656945,Tanner Scott,0,1,1,1,0,0,0,0
823600,20260725,LAN,592779,Brock Stewart,0,3,2,0,0,0,0,0
823027,20260725,SLN,669467,Andre Pallante,1,21,8,1,0,0,0,0
823027,20260725,SLN,700669,Gordon Graceffo,0,6,4,2,0,0,0,0
823027,20260725,CIN,668881,Hunter Greene,1,16,3,2,0,0,7,6
823027,20260725,CIN,594580,Sam Moll,0,2,1,0,0,0,0,0
823027,20260725,CIN,695534,Chase Petty,0,6,2,0,0,0,0,0
822869,20260725,TEX,543135,Nathan Eovaldi,1,21,8,1,0,0,1,1
822869,20260725,TEX,695239,Robby Ahlstrom,0,3,1,0,0,0,0,0
822869,20260725,TEX,687239,Ben Peoples,0,3,0,0,0,0,0,0
822869,20260725,SEA,693433,Bryan Woo,1,15,5,2,0,0,5,5
822869,20260725,SEA,677961,Cole Wilcox,0,5,2,1,0,0,1,1
822869,20260725,SEA,689546,Nick Davila,0,4,0,1,0,0,1,1
822950,20260726,TBA,656876,Drew Rasmussen,1,21,9,1,1,0,0,0
822950,20260726,TBA,664076,Garrett Cleavinger,0,3,1,0,0,0,0,0
822950,20260726,TBA,641329,Bryan Baker,0,3,1,1,0,0,0,0
822950,20260726,CLE,800048,Parker Messick,1,23,6,0,0,0,1,1
822950,20260726,CLE,670059,Colin Holderman,0,1,0,0,0,0,0,0
822706,20260726,WAS,571945,Miles Mikolas,1,12,1,1,1,2,3,3
822706,20260726,WAS,683000,Riley Cornelio,0,6,0,2,0,0,1,1
822706,20260726,WAS,668820,Max Kranick,0,3,1,0,0,0,0,0
822706,20260726,WAS,676680,Tom Cosgrove,0,3,0,0,0,0,1,1
822706,20260726,WAS,640454,Matt Krook,0,0,0,3,0,0,2,2
822706,20260726,WAS,690925,Clayton Beeter,0,3,0,1,0,0,0,0
822706,20260726,ARI,684442,Kohl Drake,1,12,1,2,0,2,4,4
822706,20260726,ARI,642528,Jonathan Loáisiga,0,3,1,0,0,1,2,2
822706,20260726,ARI,657044,Ryan Thompson,0,2,0,1,0,0,0,0
822706,20260726,ARI,805299,Brandyn Garcia,0,3,2,0,0,0,3,2
822706,20260726,ARI,656464,Kevin Ginkel,0,4,0,0,0,1,1,1
823354,20260726,PIT,677952,Braxton Ashcraft,1,18,5,2,0,0,4,4
823354,20260726,PIT,669387,Carmen Mlodzinski,0,6,2,0,0,0,1,1
823354,20260726,PIT,682254,Mason Montgomery,0,3,2,0,0,1,2,2
823354,20260726,CHN,592791,Jameson Taillon,1,12,3,2,0,3,7,7
823354,20260726,CHN,669020,Ryan Rolison,0,3,0,1,0,0,1,1
823354,20260726,CHN,650644,Aaron Civale,0,6,3,0,0,0,0,0
823354,20260726,CHN,663423,Trent Thornton,0,3,2,0,0,0,0,0
824730,20260726,BOS,624133,Ranger Suarez,1,12,6,0,0,0,0,0
824730,20260726,BOS,669711,Greg Weissert,0,3,1,0,0,0,0,0
824730,20260726,BOS,594027,Tyron Guerrero,0,3,0,1,0,0,0,0
824730,20260726,BOS,686580,Justin Slaten,0,3,1,0,0,0,0,0
824730,20260726,BOS,670245,Ryan Watson,0,6,1,0,0,0,1,1
824730,20260726,TOR,592332,Kevin Gausman,1,18,6,1,0,0,3,3
824730,20260726,TOR,680755,Braydon Fisher,0,1,0,1,0,0,2,2
824730,20260726,TOR,663893,Brendon Little,0,2,1,0,0,0,1,1
824730,20260726,TOR,671936,Adam Macko,0,3,0,0,0,0,0,0
824810,20260726,BAL,669358,Shane Baz,1,13,2,2,0,0,2,1
824810,20260726,BAL,677020,Josh Walker,0,5,0,0,0,0,0,0
824810,20260726,BAL,689296,Anthony Nunez,0,3,2,2,0,0,0,0
824810,20260726,BAL,544150,Albert Suárez,0,6,2,2,0,0,0,0
824810,20260726,BAL,669330,Tyler Wells,0,3,0,1,0,0,0,0
824810,20260726,BAL,552640,Andrew Kittredge,0,3,0,2,0,0,1,0
824810,20260726,ATL,625643,Reynaldo López,1,17,6,1,0,0,0,0
824810,20260726,ATL,689266,Dylan Dodd,0,4,0,0,0,0,0,0
824810,20260726,ATL,669276,Dylan Lee,0,3,1,0,0,1,1,1
824810,20260726,ATL,628452,Raisel Iglesias,0,3,1,1,0,0,1,0
824810,20260726,ATL,664849,Danny Young,0,2,0,2,0,0,0,0
824810,20260726,ATL,641755,Tyler Kinley,0,4,1,2,0,0,0,0
824246,20260726,DET,664285,Framber Valdez,1,15,4,3,1,1,3,2
824246,20260726,DET,680744,Ty Madden,0,5,1,1,0,0,0,0
824246,20260726,DET,805427,Drew Sommers,0,4,2,0,0,1,2,2
824246,20260726,DET,669724,Brenan Hanifee,0,3,1,1,0,0,0,0
824246,20260726,KCA,679883,Luinder Avila,1,13,2,4,0,0,3,2
824246,20260726,KCA,621381,Matt Strahm,0,2,1,0,0,0,1,0
824246,20260726,KCA,668674,Lucas Erceg,0,3,0,0,0,0,0,0
824246,20260726,KCA,663878,Nate Pearson,0,3,0,1,0,0,0,0
824246,20260726,KCA,670167,John Schreiber,0,3,0,1,0,0,0,0
824246,20260726,KCA,674444,Steven Cruz,0,3,2,1,0,0,0,0
823599,20260726,NYN,642547,Freddy Peralta,1,12,3,2,0,0,3,2
823599,20260726,NYN,672335,Cionel Pérez,0,6,3,0,0,0,0,0
823599,20260726,NYN,548384,Brooks Raley,0,3,1,0,0,0,0,0
823599,20260726,NYN,596133,Luke Weaver,0,3,0,0,1,0,0,0
823599,20260726,NYN,642207,Devin Williams,0,3,3,0,0,0,0,0
823599,20260726,LAN,686218,Emmet Sheehan,1,15,5,2,1,0,1,1
823599,20260726,LAN,676263,Jack Dreyer,0,1,0,2,0,0,2,2
823599,20260726,LAN,623465,Evan Phillips,0,2,1,0,0,1,1,1
823599,20260726,LAN,694361,Will Klein,0,3,1,2,0,1,4,4
823599,20260726,LAN,656212,Charlie Barnes,0,3,2,1,0,0,0,0
823840,20260726,MIA,676083,Janson Junk,1,14,6,0,0,0,1,1
823840,20260726,MIA,656848,Michael Petersen,0,1,0,0,0,0,0,0
823840,20260726,MIA,806188,Cade Gibson,0,3,1,0,0,0,0,0
823840,20260726,MIA,676604,Tyler Zuber,0,3,0,0,0,0,0,0
823840,20260726,MIA,669199,Lake Bachar,0,3,0,0,0,2,4,4
823840,20260726,MIA,664126,Pete Fairbanks,0,3,1,0,0,0,0,0
823840,20260726,SDN,621111,Walker Buehler,1,16,7,2,0,1,3,2
823840,20260726,SDN,673513,Yuki Matsui,0,2,2,1,0,0,0,0
823840,20260726,SDN,593974,Wandy Peralta,0,3,0,0,0,0,0,0
823840,20260726,SDN,670970,Adrian Morejon,0,3,0,0,1,0,0,0
823840,20260726,SDN,695243,Mason Miller,0,3,1,0,0,0,0,0
823678,20260726,MIN,687570,Connor Prielipp,1,17,5,1,0,0,1,1
823678,20260726,MIN,663485,Cole Sands,0,1,0,1,1,1,5,5
823678,20260726,MIN,667297,Tommy Nance,0,3,0,1,0,0,0,0
823678,20260726,MIN,681892,Kody Funderburk,0,3,1,0,0,0,0,0
823678,20260726,MIN,701519,Travis Adams,0,3,0,0,0,0,2,2
823678,20260726,ATH,605488,Jeffrey Springs,1,4,0,1,0,0,5,4
823678,20260726,ATH,806960,Luis Morales,0,14,5,1,0,0,3,2
823678,20260726,ATH,664129,Geoff Hartlieb,0,6,1,0,0,0,3,3
824572,20260726,CHA,607200,Erick Fedde,1,13,2,1,0,3,3,3
824572,20260726,CHA,663855,Jordan Hicks,0,3,0,1,0,0,0,0
824572,20260726,CHA,656794,Sean Newcomb,0,2,0,1,1,0,0,0
824572,20260726,CHA,691799,Grant Taylor,0,3,2,1,0,0,0,0
824572,20260726,CHA,669684,Chris Murphy,0,3,2,0,0,0,0,0
824572,20260726,CHA,622554,Seranthony Domínguez,0,3,1,0,0,0,0,0
824572,20260726,HOU,669854,Ronel Blanco,1,16,4,3,0,2,5,5
824572,20260726,HOU,660853,Enyel De Los Santos,0,3,1,0,0,1,2,2
824572,20260726,HOU,687911,Bryan King,0,2,1,0,1,0,2,2
824572,20260726,HOU,699044,Miguel Ullola,0,3,0,1,0,2,3,3
823755,20260726,MIL,694819,Jacob Misiorowski,1,15,12,0,1,1,1,1
823755,20260726,MIL,694477,Chad Patrick,0,2,0,0,0,0,0,0
823755,20260726,MIL,676879,Aaron Ashby,0,1,0,0,0,0,0,0
823755,20260726,MIL,681982,Grant Anderson,0,3,1,0,0,1,1,1
823755,20260726,MIL,684974,Craig Yoho,0,3,0,0,0,0,0,0
823755,20260726,MIL,669060,Bryse Wilson,0,3,2,0,0,0,0,0
823755,20260726,COL,607536,Kyle Freeland,1,16,2,1,0,1,5,5
823755,20260726,COL,623474,Jimmy Herget,0,2,1,2,0,0,3,3
823755,20260726,COL,680767,Victor Vodnik,0,3,0,0,0,0,2,2
823755,20260726,COL,664954,Brett Sullivan,0,3,0,0,0,0,1,1
823028,20260726,SLN,681517,Kyle Leahy,1,18,9,1,0,2,2,2
823028,20260726,SLN,703725,Luis Gastelum,0,3,1,1,0,0,0,0
823028,20260726,SLN,592773,Ryne Stanek,0,3,0,0,0,0,0,0
823028,20260726,SLN,666277,George Soriano,0,3,2,0,0,0,0,0
823028,20260726,SLN,694335,Matt Svanson,0,1,0,0,0,0,3,2
823028,20260726,SLN,677865,Justin Bruihl,0,2,1,1,0,0,0,0
823028,20260726,CIN,671096,Andrew Abbott,1,18,4,4,0,1,2,2
823028,20260726,CIN,572955,Pierce Johnson,0,3,0,1,0,0,0,0
823028,20260726,CIN,622088,Tejay Antone,0,2,1,0,0,0,0,0
823028,20260726,CIN,656271,Brock Burke,0,4,2,0,0,0,0,0
823028,20260726,CIN,670062,Julian Garcia,0,3,1,0,0,0,1,0
822870,20260726,TEX,594798,Jacob deGrom,1,15,4,0,0,0,1,1
822870,20260726,TEX,695239,Robby Ahlstrom,0,3,2,0,0,0,0,0
822870,20260726,TEX,641302,Tyler Alexander,0,1,0,0,0,0,2,2
822870,20260726,TEX,668390,Cole Winn,0,2,1,0,0,2,2,2
822870,20260726,TEX,687239,Ben Peoples,0,3,0,0,1,0,0,0
822870,20260726,TEX,682608,Peyton Gray,0,3,0,0,1,0,1,1
822870,20260726,SEA,669302,Logan Gilbert,1,17,4,2,0,0,3,3
822870,20260726,SEA,642100,Gabe Speier,0,4,3,0,0,0,0,0
822870,20260726,SEA,660825,Eduard Bazardo,0,3,2,0,0,1,1,1
822870,20260726,SEA,662253,Andrés Muñoz,0,3,3,0,0,0,0,0
823194,20260726,SFN,687931,Carson Whisenhunt,1,15,7,2,0,2,4,4
823194,20260726,SFN,605288,Adrian Houser,0,12,2,1,0,0,0,0
823194,20260726,ANA,667755,José Soriano,1,15,5,3,0,0,1,0
823194,20260726,ANA,696519,Samy Natera Jr.,0,3,1,1,0,0,0,0
823194,20260726,ANA,681217,Chase Silseth,0,3,1,0,0,0,0,0
823194,20260726,ANA,666171,Ryan Zeferjahn,0,3,2,0,0,0,0,0
823194,20260726,ANA,696147,Sam Bachman,0,1,0,2,0,0,2,2
823194,20260726,ANA,815083,Mitch Farris,0,2,1,0,0,0,0,0
823433,20260726,PHI,650911,Cristopher Sánchez,1,18,6,3,0,0,3,3
823433,20260726,PHI,641835,Tim Mayza,0,3,2,0,0,1,1,1
823433,20260726,PHI,663767,Chase Shugart,0,6,5,1,0,0,0,0
823433,20260726,NYA,701542,Will Warren,1,9,5,2,0,1,6,6
823433,20260726,NYA,657612,Tim Hill,0,3,0,1,1,0,0,0
823433,20260726,NYA,666808,Camilo Doval,0,3,3,0,0,0,0,0
823433,20260726,NYA,642232,Ryan Yarbrough,0,9,2,2,1,0,5,5
822868,20260727,TEX,677958,Kumar Rocker,1,20,7,2,0,1,2,2
822868,20260727,TEX,695239,Robby Ahlstrom,0,1,0,0,0,0,0,0
822868,20260727,TEX,596001,Jakob Junis,0,3,0,1,0,0,0,0
822868,20260727,TEX,656641,Jacob Latz,0,3,2,0,0,0,1,1
822868,20260727,SEA,669923,George Kirby,1,12,3,0,1,4,7,7
822868,20260727,SEA,678606,José A. Ferrer,0,3,1,0,0,0,0,0
822868,20260727,SEA,621074,Michael Rucker,0,3,2,0,0,0,0,0
822868,20260727,SEA,677961,Cole Wilcox,0,3,1,0,0,0,0,0
822868,20260727,SEA,695380,Alex Hoppe,0,3,3,1,0,0,0,0
824245,20260727,DET,672456,Keider Montero,1,13,1,1,1,1,6,4
824245,20260727,DET,669724,Brenan Hanifee,0,2,0,0,0,1,1,1
824245,20260727,DET,663947,Tyler Holton,0,1,0,1,0,1,1,1
824245,20260727,DET,623454,Drew Anderson,0,5,0,0,0,0,0,0
824245,20260727,DET,621097,Jacob Waguespack,0,6,2,2,0,0,0,0
824245,20260727,BAL,680694,Kyle Bradish,1,14,4,1,0,0,5,5
824245,20260727,BAL,666974,Yennier Cano,0,3,1,0,0,0,0,0
824245,20260727,BAL,664991,Grant Wolfram,0,4,2,0,0,0,0,0
824245,20260727,BAL,552640,Andrew Kittredge,0,3,1,0,0,0,0,0
824245,20260727,BAL,670329,Rico Garcia,0,3,2,0,0,0,0,0
823353,20260727,PIT,656605,Mitch Keller,1,16,4,1,0,0,2,2
823353,20260727,PIT,670990,Yohan Ramírez,0,5,1,0,0,0,0,0
823353,20260727,PIT,676760,Ron Marinaccio,0,3,0,0,0,0,0,0
823353,20260727,PIT,642397,Gregory Soto,0,3,2,0,0,0,0,0
823353,20260727,PIT,682254,Mason Montgomery,0,3,1,1,0,0,0,0
823353,20260727,ARI,518876,Merrill Kelly,1,17,6,1,1,0,1,0
823353,20260727,ARI,666661,Juan Morillo,0,4,2,0,0,0,0,0
823353,20260727,ARI,642528,Jonathan Loáisiga,0,3,1,0,0,0,1,1
823353,20260727,ARI,664199,Taylor Clarke,0,4,0,0,0,0,1,0
823839,20260727,MIA,663969,Tyler Phillips,1,15,5,2,1,1,2,2
823839,20260727,MIA,806188,Cade Gibson,0,1,0,1,0,0,3,3
823839,20260727,MIA,676604,Tyler Zuber,0,2,1,0,0,0,1,0
823839,20260727,MIA,667463,John King,0,6,1,0,0,0,1,1
823839,20260727,MIA,676534,Calvin Faucher,0,3,2,1,0,0,0,0
823839,20260727,PHI,554430,Zack Wheeler,1,9,6,1,0,2,5,5
823839,20260727,PHI,679775,Kyle Backhus,0,6,1,1,0,0,0,0
823839,20260727,PHI,621237,José Alvarado,0,3,1,0,0,0,0,0
823839,20260727,PHI,680742,Jonathan Bowlan,0,3,1,0,0,0,0,0
823839,20260727,PHI,689147,Orion Kerkering,0,3,0,0,0,0,0,0
823839,20260727,PHI,661395,Jhoan Duran,0,1,0,0,1,0,3,3
822705,20260727,WAS,678868,Eddy Yean,1,7,0,0,0,1,2,2
822705,20260727,WAS,674841,Andrew Alvarez,0,13,3,3,0,0,1,1
822705,20260727,WAS,687606,Paxton Schultz,0,3,0,1,0,0,0,0
822705,20260727,WAS,687223,Carson Palmquist,0,4,0,0,0,0,0,0
822705,20260727,TOR,453286,Max Scherzer,1,8,4,3,0,0,1,1
822705,20260727,TOR,689254,Mason Fluharty,0,4,1,0,0,0,0,0
822705,20260727,TOR,671936,Adam Macko,0,2,1,0,0,1,1,1
822705,20260727,TOR,693686,Spencer Miles,0,4,1,0,0,0,0,0
822705,20260727,TOR,643511,Tyler Rogers,0,3,1,0,0,0,0,0
822705,20260727,TOR,656546,Jeff Hoffman,0,3,3,0,0,0,0,0
822705,20260727,TOR,686973,Louis Varland,0,3,2,1,0,0,0,0
823597,20260727,NYN,804267,Zac Thornton,1,19,5,1,0,1,3,3
823597,20260727,NYN,623211,Huascar Brazobán,0,2,1,0,0,0,0,0
823597,20260727,NYN,650960,Daniel Duarte,0,6,3,0,0,0,0,0
823597,20260727,ATL,527048,Martín Pérez,1,15,4,1,0,1,3,3
823597,20260727,ATL,671162,Connor Thomas,0,8,2,5,0,3,11,11
823597,20260727,ATL,622761,Jorge Mateo,0,1,1,0,0,0,0,0
824570,20260727,CHA,702273,Noah Schultz,1,10,5,2,0,0,3,3
824570,20260727,CHA,669684,Chris Murphy,0,2,0,1,0,0,1,1
824570,20260727,CHA,670950,Trevor Richards,0,6,4,0,0,0,0,0
824570,20260727,CHA,663542,Bryan Hudson,0,3,1,0,0,0,1,1
824570,20260727,CHA,656794,Sean Newcomb,0,3,0,0,0,1,4,4
824570,20260727,CHA,622554,Seranthony Domínguez,0,3,0,0,0,0,0,0
824570,20260727,NYA,608331,Max Fried,1,9,4,2,0,0,3,3
824570,20260727,NYA,683409,Angel Chivilli,0,3,1,0,0,0,0,0
824570,20260727,NYA,657612,Tim Hill,0,1,0,0,0,0,1,1
824570,20260727,NYA,518585,Fernando Cruz,0,4,0,1,0,0,0,0
824570,20260727,NYA,687396,Brent Headrick,0,4,1,0,0,0,0,0
824570,20260727,NYA,621112,Paul Blackburn,0,3,1,0,0,0,0,0
824570,20260727,NYA,666808,Camilo Doval,0,2,1,1,0,0,1,0
824570,20260727,NYA,670280,David Bednar,0,1,1,0,0,0,0,0
823025,20260727,SLN,669461,Matthew Liberatore,1,11,5,2,0,1,3,3
823025,20260727,SLN,690928,Hunter Dobbins,0,16,4,1,0,1,4,4
823025,20260727,CHN,656849,David Peterson,1,17,3,2,0,1,2,2
823025,20260727,CHN,668970,Gavin Hollowell,0,1,0,0,0,0,1,1
823025,20260727,CHN,669020,Ryan Rolison,0,2,2,1,0,0,0,0
823025,20260727,CHN,663423,Trent Thornton,0,4,0,0,0,0,0,0
823025,20260727,CHN,657097,Jacob Webb,0,3,1,0,0,0,0,0
824001,20260727,ANA,700712,Walbert Ureña,1,18,5,2,1,1,1,1
824001,20260727,ANA,681217,Chase Silseth,0,3,1,1,0,0,0,0
824001,20260727,ANA,666171,Ryan Zeferjahn,0,3,2,0,0,0,1,1
824001,20260727,ANA,820862,José Fermin,0,1,0,0,1,0,3,1
824001,20260727,ANA,696147,Sam Bachman,0,2,1,2,1,0,1,0
824001,20260727,HOU,837227,Tatsuya Imai,1,2,1,4,0,0,2,2
824001,20260727,HOU,805123,AJ Blubaugh,0,7,1,0,1,1,2,1
824001,20260727,HOU,664299,Cristian Javier,0,15,7,0,0,0,0,0
824001,20260727,HOU,623352,Josh Hader,0,3,0,2,0,0,0,0
824977,20260727,ATH,678022,Jack Perkins,1,17,4,3,1,0,2,2
824977,20260727,ATH,660761,José Suarez,0,1,0,1,0,1,2,2
824977,20260727,ATH,665660,Elvis Alvarado,0,3,1,0,0,0,0,0
824977,20260727,ATH,696522,Hayden Juenger,0,3,0,0,1,0,0,0
824977,20260727,ATH,663687,Hogan Harris,0,3,1,0,0,0,0,0
824977,20260727,BOS,801139,Payton Tolle,1,16,7,1,0,2,2,2
824977,20260727,BOS,686580,Justin Slaten,0,2,0,0,0,0,0,0
824977,20260727,BOS,663558,Jovani Morán,0,3,2,0,0,0,0,0
824977,20260727,BOS,676477,Garrett Whitlock,0,3,1,0,0,0,0,0
824977,20260727,BOS,547973,Aroldis Chapman,0,3,3,0,0,0,0,0
823195,20260727,SFN,641816,Tyler Mahle,1,18,3,2,0,0,0,0
823195,20260727,SFN,656529,Sam Hentges,0,3,1,0,0,0,0,0
823195,20260727,SFN,681916,Dylan Smith,0,3,1,0,0,0,0,0
823195,20260727,SFN,669062,Erik Miller,0,3,2,0,0,0,0,0
823195,20260727,MIL,687075,Brandon Sproat,1,18,5,3,0,1,3,3
823195,20260727,MIL,668831,Garrett Stallings,0,6,1,1,0,0,0,0
